{
 "matches": [
  {
   "vulnerability": {
    "id": "CVE-2023-37920",
    "dataSource": "https://nvd.nist.gov/vuln/detail/CVE-2023-37920",
    "namespace": "nvd:cpe",
    "severity": "Critical",
    "urls": [
     "https://github.com/certifi/python-certifi/commit/8fb96ed81f71e7097ed11bc4d9b19afd7ea5c909",
     "https://github.com/certifi/python-certifi/security/advisories/GHSA-xqr8-7jwr-rhp7",
     "https://groups.google.com/a/mozilla.org/g/dev-security-policy/c/C-HrP1SEq1A",
     "https://lists.fedoraproject.org/archives/list/package-announce@lists.fedoraproject.org/message/5EX6NG7WUFNUKGFHLM35KHHU3GAKXRTG/"
    ],
    "description": "Certifi is a curated collection of Root Certificates for validating the trustworthiness of SSL certificates while verifying the identity of TLS hosts. Certifi prior to version 2023.07.22 recognizes \"e-Tugra\" root certificates. e-Tugra's root certificates were subject to an investigation prompted by reporting of security issues in their systems. Certifi 2023.07.22 removes root certificates from \"e-Tugra\" from the root store.",
    "cvss": [
     {
      "source": "nvd@nist.gov",
      "type": "Primary",
      "version": "3.1",
      "vector": "CVSS:3.1/AV:N/AC:L/PR:N/UI:N/S:U/C:H/I:H/A:H",
      "metrics": {
       "baseScore": 9.8,
       "exploitabilityScore": 3.9,
       "impactScore": 5.9
      },
      "vendorMetadata": {}
     },
     {
      "source": "security-advisories@github.com",
      "type": "Secondary",
      "version": "3.1",
      "vector": "CVSS:3.1/AV:N/AC:L/PR:N/UI:N/S:U/C:N/I:H/A:N",
      "metrics": {
       "baseScore": 7.5,
       "exploitabilityScore": 3.9,
       "impactScore": 3.6
      },
      "vendorMetadata": {}
     }
    ],
    "fix": {
     "versions": [
      "2023.7.22"
     ],
     "state": "fixed"
    },
    "advisories": []
   },
   "relatedVulnerabilities": [
    {
     "id": "GHSA-xqr8-7jwr-rhp7",
     "dataSource": "https://github.com/advisories/GHSA-xqr8-7jwr-rhp7",
     "namespace": "github:language:python",
     "severity": "High",
     "urls": [
      "https://github.com/advisories/GHSA-xqr8-7jwr-rhp7"
     ],
     "description": "Removal of e-Tugra root certificate",
     "cvss": [
      {
       "version": "3.1",
       "vector": "CVSS:3.1/AV:N/AC:L/PR:N/UI:N/S:U/C:N/I:H/A:N",
       "metrics": {
        "baseScore": 7.5,
        "exploitabilityScore": 3.9,
        "impactScore": 3.6
       },
       "vendorMetadata": {
        "base_severity": "High",
        "status": "N/A"
       }
      }
     ]
    }
   ],
   "matchDetails": [
    {
     "type": "exact-direct-match",
     "matcher": "python-matcher",
     "searchedBy": {
      "language": "python",
      "namespace": "github:language:python",
      "package": {
       "name": "certifi",
       "version": "2018.4.16"
      }
     },
     "found": {
      "versionConstraint": ">=2015.4.28,<2023.7.22 (python)",
      "vulnerabilityID": "GHSA-xqr8-7jwr-rhp7"
     }
    }
   ],
   "artifact": {
    "id": "58b61ff1e85d0cd6",
    "name": "certifi",
    "version": "2018.4.16",
    "type": "python",
    "locations": [
     {
      "path": "/Pipfile.lock"
     }
    ],
    "language": "python",
    "licenses": [],
    "cpes": [
     "cpe:2.3:a:python-certifi:python-certifi:2018.4.16:*:*:*:*:*:*:*",
     "cpe:2.3:a:python-certifi:python_certifi:2018.4.16:*:*:*:*:*:*:*",
     "cpe:2.3:a:python_certifi:python-certifi:2018.4.16:*:*:*:*:*:*:*",
     "cpe:2.3:a:python_certifi:python_certifi:2018.4.16:*:*:*:*:*:*:*",
     "cpe:2.3:a:certifi:python-certifi:2018.4.16:*:*:*:*:*:*:*",
     "cpe:2.3:a:certifi:python_certifi:2018.4.16:*:*:*:*:*:*:*",
     "cpe:2.3:a:python-certifi:certifi:2018.4.16:*:*:*:*:*:*:*",
     "cpe:2.3:a:python_certifi:certifi:2018.4.16:*:*:*:*:*:*:*",
     "cpe:2.3:a:python:python-certifi:2018.4.16:*:*:*:*:*:*:*",
     "cpe:2.3:a:python:python_certifi:2018.4.16:*:*:*:*:*:*:*",
     "cpe:2.3:a:certifi:certifi:2018.4.16:*:*:*:*:*:*:*",
     "cpe:2.3:a:python:certifi:2018.4.16:*:*:*:*:*:*:*"
    ],
    "purl": "pkg:pypi/certifi@2018.4.16",
    "upstreams": []
   }
  },
  {
   "vulnerability": {
    "id": "CVE-2022-23491",
    "dataSource": "https://nvd.nist.gov/vuln/detail/CVE-2022-23491",
    "namespace": "nvd:cpe",
    "severity": "High",
    "urls": [
     "https://github.com/certifi/python-certifi/security/advisories/GHSA-43fp-rhv2-5gv8",
     "https://groups.google.com/a/mozilla.org/g/dev-security-policy/c/oxX69KFvsm4/m/yLohoVqtCgAJ"
    ],
    "description": "Certifi is a curated collection of Root Certificates for validating the trustworthiness of SSL certificates while verifying the identity of TLS hosts. Certifi 2022.12.07 removes root certificates from \"TrustCor\" from the root store. These are in the process of being removed from Mozilla's trust store. TrustCor's root certificates are being removed pursuant to an investigation prompted by media reporting that TrustCor's ownership also operated a business that produced spyware. Conclusions of Mozilla's investigation can be found in the linked google group discussion.",
    "cvss": [
     {
      "source": "nvd@nist.gov",
      "type": "Primary",
      "version": "3.1",
      "vector": "CVSS:3.1/AV:N/AC:L/PR:N/UI:N/S:U/C:N/I:H/A:N",
      "metrics": {
       "baseScore": 7.5,
       "exploitabilityScore": 3.9,
       "impactScore": 3.6
      },
      "vendorMetadata": {}
     },
     {
      "source": "security-advisories@github.com",
      "type": "Secondary",
      "version": "3.1",
      "vector": "CVSS:3.1/AV:N/AC:L/PR:H/UI:N/S:C/C:N/I:H/A:N",
      "metrics": {
       "baseScore": 6.8,
       "exploitabilityScore": 2.3,
       "impactScore": 4
      },
      "vendorMetadata": {}
     }
    ],
    "fix": {
     "versions": [
      "2022.12.07"
     ],
     "state": "fixed"
    },
    "advisories": []
   },
   "relatedVulnerabilities": [
    {
     "id": "GHSA-43fp-rhv2-5gv8",
     "dataSource": "https://github.com/advisories/GHSA-43fp-rhv2-5gv8",
     "namespace": "github:language:python",
     "severity": "Medium",
     "urls": [
      "https://github.com/advisories/GHSA-43fp-rhv2-5gv8"
     ],
     "description": "Certifi removing TrustCor root certificate",
     "cvss": [
      {
       "version": "3.1",
       "vector": "CVSS:3.1/AV:N/AC:L/PR:H/UI:N/S:C/C:N/I:H/A:N",
       "metrics": {
        "baseScore": 6.8,
        "exploitabilityScore": 2.3,
        "impactScore": 4
       },
       "vendorMetadata": {
        "base_severity": "Medium",
        "status": "N/A"
       }
      }
     ]
    }
   ],
   "matchDetails": [
    {
     "type": "exact-direct-match",
     "matcher": "python-matcher",
     "searchedBy": {
      "language": "python",
      "namespace": "github:language:python",
      "package": {
       "name": "certifi",
       "version": "2018.4.16"
      }
     },
     "found": {
      "versionConstraint": ">=2017.11.05,<2022.12.07 (python)",
      "vulnerabilityID": "GHSA-43fp-rhv2-5gv8"
     }
    }
   ],
   "artifact": {
    "id": "58b61ff1e85d0cd6",
    "name": "certifi",
    "version": "2018.4.16",
    "type": "python",
    "locations": [
     {
      "path": "/Pipfile.lock"
     }
    ],
    "language": "python",
    "licenses": [],
    "cpes": [
     "cpe:2.3:a:python-certifi:python-certifi:2018.4.16:*:*:*:*:*:*:*",
     "cpe:2.3:a:python-certifi:python_certifi:2018.4.16:*:*:*:*:*:*:*",
     "cpe:2.3:a:python_certifi:python-certifi:2018.4.16:*:*:*:*:*:*:*",
     "cpe:2.3:a:python_certifi:python_certifi:2018.4.16:*:*:*:*:*:*:*",
     "cpe:2.3:a:certifi:python-certifi:2018.4.16:*:*:*:*:*:*:*",
     "cpe:2.3:a:certifi:python_certifi:2018.4.16:*:*:*:*:*:*:*",
     "cpe:2.3:a:python-certifi:certifi:2018.4.16:*:*:*:*:*:*:*",
     "cpe:2.3:a:python_certifi:certifi:2018.4.16:*:*:*:*:*:*:*",
     "cpe:2.3:a:python:python-certifi:2018.4.16:*:*:*:*:*:*:*",
     "cpe:2.3:a:python:python_certifi:2018.4.16:*:*:*:*:*:*:*",
     "cpe:2.3:a:certifi:certifi:2018.4.16:*:*:*:*:*:*:*",
     "cpe:2.3:a:python:certifi:2018.4.16:*:*:*:*:*:*:*"
    ],
    "purl": "pkg:pypi/certifi@2018.4.16",
    "upstreams": []
   }
  },
  {
   "vulnerability": {
    "id": "CVE-2024-3651",
    "dataSource": "https://nvd.nist.gov/vuln/detail/CVE-2024-3651",
    "namespace": "nvd:cpe",
    "severity": "High",
    "urls": [
     "https://github.com/kjd/idna/commit/1d365e17e10d72d0b7876316fc7b9ca0eebdd38d",
     "https://huntr.com/bounties/93d78d07-d791-4b39-a845-cbfabc44aadb"
    ],
    "description": "A vulnerability was identified in the kjd/idna library, specifically within the `idna.encode()` function, affecting version 3.6. The issue arises from the function's handling of crafted input strings, which can lead to quadratic complexity and consequently, a denial of service condition. This vulnerability is triggered by a crafted input that causes the `idna.encode()` function to process the input with considerable computational load, significantly increasing the processing time in a quadratic manner relative to the input size.",
    "cvss": [
     {
      "source": "security@huntr.dev",
      "type": "Secondary",
      "version": "3.0",
      "vector": "CVSS:3.0/AV:L/AC:L/PR:N/UI:N/S:U/C:N/I:N/A:H",
      "metrics": {
       "baseScore": 6.2,
       "exploitabilityScore": 2.5,
       "impactScore": 3.6
      },
      "vendorMetadata": {}
     },
     {
      "source": "nvd@nist.gov",
      "type": "Primary",
      "version": "3.1",
      "vector": "CVSS:3.1/AV:N/AC:L/PR:N/UI:N/S:U/C:N/I:N/A:H",
      "metrics": {
       "baseScore": 7.5,
       "exploitabilityScore": 3.9,
       "impactScore": 3.6
      },
      "vendorMetadata": {}
     }
    ],
    "fix": {
     "versions": [
      "3.7"
     ],
     "state": "fixed"
    },
    "advisories": []
   },
   "relatedVulnerabilities": [
    {
     "id": "GHSA-jjg7-2v4v-x38h",
     "dataSource": "https://github.com/advisories/GHSA-jjg7-2v4v-x38h",
     "namespace": "github:language:python",
     "severity": "Medium",
     "urls": [
      "https://github.com/advisories/GHSA-jjg7-2v4v-x38h"
     ],
     "description": "Internationalized Domain Names in Applications (IDNA) vulnerable to denial of service from specially crafted inputs to idna.encode",
     "cvss": [
      {
       "version": "3.1",
       "vector": "CVSS:3.1/AV:L/AC:L/PR:N/UI:N/S:U/C:N/I:N/A:H",
       "metrics": {
        "baseScore": 6.2,
        "exploitabilityScore": 2.5,
        "impactScore": 3.6
       },
       "vendorMetadata": {
        "base_severity": "Medium",
        "status": "N/A"
       }
      }
     ]
    }
   ],
   "matchDetails": [
    {
     "type": "exact-direct-match",
     "matcher": "python-matcher",
     "searchedBy": {
      "language": "python",
      "namespace": "github:language:python",
      "package": {
       "name": "idna",
       "version": "2.6"
      }
     },
     "found": {
      "versionConstraint": "<3.7 (python)",
      "vulnerabilityID": "GHSA-jjg7-2v4v-x38h"
     }
    }
   ],
   "artifact": {
    "id": "9f94b7d54e84c97a",
    "name": "idna",
    "version": "2.6",
    "type": "python",
    "locations": [
     {
      "path": "/Pipfile.lock"
     }
    ],
    "language": "python",
    "licenses": [],
    "cpes": [
     "cpe:2.3:a:python-idna:python-idna:2.6:*:*:*:*:*:*:*",
     "cpe:2.3:a:python-idna:python_idna:2.6:*:*:*:*:*:*:*",
     "cpe:2.3:a:python_idna:python-idna:2.6:*:*:*:*:*:*:*",
     "cpe:2.3:a:python_idna:python_idna:2.6:*:*:*:*:*:*:*",
     "cpe:2.3:a:python:python-idna:2.6:*:*:*:*:*:*:*",
     "cpe:2.3:a:python:python_idna:2.6:*:*:*:*:*:*:*",
     "cpe:2.3:a:idna:python-idna:2.6:*:*:*:*:*:*:*",
     "cpe:2.3:a:idna:python_idna:2.6:*:*:*:*:*:*:*",
     "cpe:2.3:a:python-idna:idna:2.6:*:*:*:*:*:*:*",
     "cpe:2.3:a:python_idna:idna:2.6:*:*:*:*:*:*:*",
     "cpe:2.3:a:python:idna:2.6:*:*:*:*:*:*:*",
     "cpe:2.3:a:idna:idna:2.6:*:*:*:*:*:*:*"
    ],
    "purl": "pkg:pypi/idna@2.6",
    "upstreams": []
   }
  },
  {
   "vulnerability": {
    "id": "CVE-2018-20060",
    "dataSource": "https://nvd.nist.gov/vuln/detail/CVE-2018-20060",
    "namespace": "nvd:cpe",
    "severity": "Critical",
    "urls": [
     "http://lists.opensuse.org/opensuse-security-announce/2019-09/msg00039.html",
     "https://access.redhat.com/errata/RHSA-2019:2272",
     "https://bugzilla.redhat.com/show_bug.cgi?id=1649153",
     "https://github.com/urllib3/urllib3/blob/master/CHANGES.rst",
     "https://github.com/urllib3/urllib3/issues/1316",
     "https://github.com/urllib3/urllib3/pull/1346",
     "https://lists.debian.org/debian-lts-announce/2021/06/msg00015.html",
     "https://lists.fedoraproject.org/archives/list/package-announce%40lists.fedoraproject.org/message/5SJERZEJDSUYQP7BNBXMBHRHGY26HRZD/",
     "https://lists.fedoraproject.org/archives/list/package-announce%40lists.fedoraproject.org/message/BXLAXHM3Z6DUCXZ7ZXZ2EAYJXWDCZFCT/",
     "https://lists.fedoraproject.org/archives/list/package-announce%40lists.fedoraproject.org/message/XWP36YW3KSVLXDBY3QJKDYEPCIMN3VQZ/",
     "https://usn.ubuntu.com/3990-1/"
    ],
    "description": "urllib3 before version 1.23 does not remove the Authorization HTTP header when following a cross-origin redirect (i.e., a redirect that differs in host, port, or scheme). This can allow for credentials in the Authorization header to be exposed to unintended hosts or transmitted in cleartext.",
    "cvss": [
     {
      "source": "nvd@nist.gov",
      "type": "Primary",
      "version": "2.0",
      "vector": "AV:N/AC:L/Au:N/C:P/I:N/A:N",
      "metrics": {
       "baseScore": 5,
       "exploitabilityScore": 10,
       "impactScore": 2.9
      },
      "vendorMetadata": {}
     },
     {
      "source": "nvd@nist.gov",
      "type": "Primary",
      "version": "3.0",
      "vector": "CVSS:3.0/AV:N/AC:L/PR:N/UI:N/S:U/C:H/I:H/A:H",
      "metrics": {
       "baseScore": 9.8,
       "exploitabilityScore": 3.9,
       "impactScore": 5.9
      },
      "vendorMetadata": {}
     }
    ],
    "fix": {
     "versions": [
      "1.23"
     ],
     "state": "fixed"
    },
    "advisories": []
   },
   "relatedVulnerabilities": [
    {
     "id": "GHSA-www2-v7xj-xrc6",
     "dataSource": "https://github.com/advisories/GHSA-www2-v7xj-xrc6",
     "namespace": "github:language:python",
     "severity": "Critical",
     "urls": [
      "https://github.com/advisories/GHSA-www2-v7xj-xrc6"
     ],
     "description": "Exposure of Sensitive Information to an Unauthorized Actor in urllib3",
     "cvss": [
      {
       "version": "3.0",
       "vector": "CVSS:3.0/AV:N/AC:L/PR:N/UI:N/S:U/C:H/I:H/A:H",
       "metrics": {
        "baseScore": 9.8,
        "exploitabilityScore": 3.9,
        "impactScore": 5.9
       },
       "vendorMetadata": {
        "base_severity": "Critical",
        "status": "N/A"
       }
      }
     ]
    }
   ],
   "matchDetails": [
    {
     "type": "exact-direct-match",
     "matcher": "python-matcher",
     "searchedBy": {
      "language": "python",
      "namespace": "github:language:python",
      "package": {
       "name": "urllib3",
       "version": "1.22"
      }
     },
     "found": {
      "versionConstraint": "<1.23 (python)",
      "vulnerabilityID": "GHSA-www2-v7xj-xrc6"
     }
    }
   ],
   "artifact": {
    "id": "078762402b4197a3",
    "name": "urllib3",
    "version": "1.22",
    "type": "python",
    "locations": [
     {
      "path": "/Pipfile.lock"
     }
    ],
    "language": "python",
    "licenses": [],
    "cpes": [
     "cpe:2.3:a:python:urllib3:1.22:*:*:*:*:*:*:*"
    ],
    "purl": "pkg:pypi/urllib3@1.22",
    "upstreams": []
   }
  },
  {
   "vulnerability": {
    "id": "CVE-2023-43804",
    "dataSource": "https://nvd.nist.gov/vuln/detail/CVE-2023-43804",
    "namespace": "nvd:cpe",
    "severity": "High",
    "urls": [
     "https://github.com/urllib3/urllib3/commit/01220354d389cd05474713f8c982d05c9b17aafb",
     "https://github.com/urllib3/urllib3/commit/644124ecd0b6e417c527191f866daa05a5a2056d",
     "https://github.com/urllib3/urllib3/security/advisories/GHSA-v845-jxx5-vc9f",
     "https://lists.debian.org/debian-lts-announce/2023/10/msg00012.html",
     "https://lists.fedoraproject.org/archives/list/package-announce@lists.fedoraproject.org/message/5F5CUBAN5XMEBVBZPHFITBLMJV5FIJJ5/",
     "https://lists.fedoraproject.org/archives/list/package-announce@lists.fedoraproject.org/message/I3PR7C6RJ6JUBQKIJ644DMIJSUP36VDY/",
     "https://lists.fedoraproject.org/archives/list/package-announce@lists.fedoraproject.org/message/NDAGZXYJ7H2G3SB47M453VQVNAWKAEJJ/"
    ],
    "description": "urllib3 is a user-friendly HTTP client library for Python. urllib3 doesn't treat the `Cookie` HTTP header special or provide any helpers for managing cookies over HTTP, that is the responsibility of the user. However, it is possible for a user to specify a `Cookie` header and unknowingly leak information via HTTP redirects to a different origin if that user doesn't disable redirects explicitly. This issue has been patched in urllib3 version 1.26.17 or 2.0.5.",
    "cvss": [
     {
      "source": "nvd@nist.gov",
      "type": "Primary",
      "version": "3.1",
      "vector": "CVSS:3.1/AV:N/AC:L/PR:L/UI:N/S:U/C:H/I:H/A:N",
      "metrics": {
       "baseScore": 8.1,
       "exploitabilityScore": 2.8,
       "impactScore": 5.2
      },
      "vendorMetadata": {}
     },
     {
      "source": "security-advisories@github.com",
      "type": "Secondary",
      "version": "3.1",
      "vector": "CVSS:3.1/AV:N/AC:H/PR:H/UI:N/S:U/C:H/I:H/A:N",
      "metrics": {
       "baseScore": 5.9,
       "exploitabilityScore": 0.7,
       "impactScore": 5.2
      },
      "vendorMetadata": {}
     }
    ],
    "fix": {
     "versions": [
      "1.26.17"
     ],
     "state": "fixed"
    },
    "advisories": []
   },
   "relatedVulnerabilities": [
    {
     "id": "GHSA-v845-jxx5-vc9f",
     "dataSource": "https://github.com/advisories/GHSA-v845-jxx5-vc9f",
     "namespace": "github:language:python",
     "severity": "Medium",
     "urls": [
      "https://github.com/advisories/GHSA-v845-jxx5-vc9f"
     ],
     "description": "`Cookie` HTTP header isn't stripped on cross-origin redirects",
     "cvss": [
      {
       "version": "3.1",
       "vector": "CVSS:3.1/AV:N/AC:H/PR:H/UI:N/S:U/C:H/I:H/A:N",
       "metrics": {
        "baseScore": 5.9,
        "exploitabilityScore": 0.7,
        "impactScore": 5.2
       },
       "vendorMetadata": {
        "base_severity": "Medium",
        "status": "N/A"
       }
      }
     ]
    }
   ],
   "matchDetails": [
    {
     "type": "exact-direct-match",
     "matcher": "python-matcher",
     "searchedBy": {
      "language": "python",
      "namespace": "github:language:python",
      "package": {
       "name": "urllib3",
       "version": "1.22"
      }
     },
     "found": {
      "versionConstraint": "<1.26.17 (python)",
      "vulnerabilityID": "GHSA-v845-jxx5-vc9f"
     }
    }
   ],
   "artifact": {
    "id": "078762402b4197a3",
    "name": "urllib3",
    "version": "1.22",
    "type": "python",
    "locations": [
     {
      "path": "/Pipfile.lock"
     }
    ],
    "language": "python",
    "licenses": [],
    "cpes": [
     "cpe:2.3:a:python:urllib3:1.22:*:*:*:*:*:*:*"
    ],
    "purl": "pkg:pypi/urllib3@1.22",
    "upstreams": []
   }
  },
  {
   "vulnerability": {
    "id": "CVE-2019-11324",
    "dataSource": "https://nvd.nist.gov/vuln/detail/CVE-2019-11324",
    "namespace": "nvd:cpe",
    "severity": "High",
    "urls": [
     "http://lists.opensuse.org/opensuse-security-announce/2019-09/msg00039.html",
     "http://lists.opensuse.org/opensuse-security-announce/2019-09/msg00041.html",
     "http://www.openwall.com/lists/oss-security/2019/04/19/1",
     "https://access.redhat.com/errata/RHSA-2019:3335",
     "https://access.redhat.com/errata/RHSA-2019:3590",
     "https://github.com/urllib3/urllib3/compare/a6ec68a...1efadf4",
     "https://lists.debian.org/debian-lts-announce/2021/06/msg00015.html",
     "https://lists.debian.org/debian-lts-announce/2023/10/msg00012.html",
     "https://lists.fedoraproject.org/archives/list/package-announce%40lists.fedoraproject.org/message/NKGPJLVLVYCL4L4B4G5TIOTVK4BKPG72/",
     "https://lists.fedoraproject.org/archives/list/package-announce%40lists.fedoraproject.org/message/XOSA2NT4DUQDBEIWE6O7KKD24XND7TE2/",
     "https://usn.ubuntu.com/3990-1/"
    ],
    "description": "The urllib3 library before 1.24.2 for Python mishandles certain cases where the desired set of CA certificates is different from the OS store of CA certificates, which results in SSL connections succeeding in situations where a verification failure is the correct outcome. This is related to use of the ssl_context, ca_certs, or ca_certs_dir argument.",
    "cvss": [
     {
      "source": "nvd@nist.gov",
      "type": "Primary",
      "version": "2.0",
      "vector": "AV:N/AC:L/Au:N/C:N/I:P/A:N",
      "metrics": {
       "baseScore": 5,
       "exploitabilityScore": 10,
       "impactScore": 2.9
      },
      "vendorMetadata": {}
     },
     {
      "source": "nvd@nist.gov",
      "type": "Primary",
      "version": "3.0",
      "vector": "CVSS:3.0/AV:N/AC:L/PR:N/UI:N/S:U/C:N/I:H/A:N",
      "metrics": {
       "baseScore": 7.5,
       "exploitabilityScore": 3.9,
       "impactScore": 3.6
      },
      "vendorMetadata": {}
     }
    ],
    "fix": {
     "versions": [
      "1.24.2"
     ],
     "state": "fixed"
    },
    "advisories": []
   },
   "relatedVulnerabilities": [
    {
     "id": "GHSA-mh33-7rrq-662w",
     "dataSource": "https://github.com/advisories/GHSA-mh33-7rrq-662w",
     "namespace": "github:language:python",
     "severity": "High",
     "urls": [
      "https://github.com/advisories/GHSA-mh33-7rrq-662w"
     ],
     "description": "Improper Certificate Validation in urllib3",
     "cvss": [
      {
       "version": "3.0",
       "vector": "CVSS:3.0/AV:N/AC:L/PR:N/UI:N/S:U/C:N/I:H/A:N",
       "metrics": {
        "baseScore": 7.5,
        "exploitabilityScore": 3.9,
        "impactScore": 3.6
       },
       "vendorMetadata": {
        "base_severity": "High",
        "status": "N/A"
       }
      }
     ]
    }
   ],
   "matchDetails": [
    {
     "type": "exact-direct-match",
     "matcher": "python-matcher",
     "searchedBy": {
      "language": "python",
      "namespace": "github:language:python",
      "package": {
       "name": "urllib3",
       "version": "1.22"
      }
     },
     "found": {
      "versionConstraint": "<1.24.2 (python)",
      "vulnerabilityID": "GHSA-mh33-7rrq-662w"
     }
    }
   ],
   "artifact": {
    "id": "078762402b4197a3",
    "name": "urllib3",
    "version": "1.22",
    "type": "python",
    "locations": [
     {
      "path": "/Pipfile.lock"
     }
    ],
    "language": "python",
    "licenses": [],
    "cpes": [
     "cpe:2.3:a:python:urllib3:1.22:*:*:*:*:*:*:*"
    ],
    "purl": "pkg:pypi/urllib3@1.22",
    "upstreams": []
   }
  },
  {
   "vulnerability": {
    "id": "CVE-2024-37891",
    "dataSource": "https://nvd.nist.gov/vuln/detail/CVE-2024-37891",
    "namespace": "nvd:cpe",
    "severity": "Medium",
    "urls": [
     "https://github.com/urllib3/urllib3/commit/accff72ecc2f6cf5a76d9570198a93ac7c90270e",
     "https://github.com/urllib3/urllib3/security/advisories/GHSA-34jh-p97f-mpxf"
    ],
    "description": " urllib3 is a user-friendly HTTP client library for Python. When using urllib3's proxy support with `ProxyManager`, the `Proxy-Authorization` header is only sent to the configured proxy, as expected. However, when sending HTTP requests *without* using urllib3's proxy support, it's possible to accidentally configure the `Proxy-Authorization` header even though it won't have any effect as the request is not using a forwarding proxy or a tunneling proxy. In those cases, urllib3 doesn't treat the `Proxy-Authorization` HTTP header as one carrying authentication material and thus doesn't strip the header on cross-origin redirects. Because this is a highly unlikely scenario, we believe the severity of this vulnerability is low for almost all users. Out of an abundance of caution urllib3 will automatically strip the `Proxy-Authorization` header during cross-origin redirects to avoid the small chance that users are doing this on accident. Users should use urllib3's proxy support or disable automatic redirects to achieve safe processing of the `Proxy-Authorization` header, but we still decided to strip the header by default in order to further protect users who aren't using the correct approach. We believe the number of usages affected by this advisory is low. It requires all of the following to be true to be exploited: 1. Setting the `Proxy-Authorization` header without using urllib3's built-in proxy support. 2. Not disabling HTTP redirects. 3. Either not using an HTTPS origin server or for the proxy or target origin to redirect to a malicious origin. Users are advised to update to either version 1.26.19 or version 2.2.2. Users unable to upgrade may use the `Proxy-Authorization` header with urllib3's `ProxyManager`, disable HTTP redirects using `redirects=False` when sending requests, or not user the `Proxy-Authorization` header as mitigations.",
    "cvss": [
     {
      "source": "security-advisories@github.com",
      "type": "Secondary",
      "version": "3.1",
      "vector": "CVSS:3.1/AV:N/AC:H/PR:H/UI:N/S:U/C:H/I:N/A:N",
      "metrics": {
       "baseScore": 4.4,
       "exploitabilityScore": 0.7,
       "impactScore": 3.6
      },
      "vendorMetadata": {}
     }
    ],
    "fix": {
     "versions": [
      "1.26.19"
     ],
     "state": "fixed"
    },
    "advisories": []
   },
   "relatedVulnerabilities": [
    {
     "id": "GHSA-34jh-p97f-mpxf",
     "dataSource": "https://github.com/advisories/GHSA-34jh-p97f-mpxf",
     "namespace": "github:language:python",
     "severity": "Medium",
     "urls": [
      "https://github.com/advisories/GHSA-34jh-p97f-mpxf"
     ],
     "description": "urllib3's Proxy-Authorization request header isn't stripped during cross-origin redirects ",
     "cvss": [
      {
       "version": "3.1",
       "vector": "CVSS:3.1/AV:N/AC:H/PR:H/UI:N/S:U/C:H/I:N/A:N",
       "metrics": {
        "baseScore": 4.4,
        "exploitabilityScore": 0.7,
        "impactScore": 3.6
       },
       "vendorMetadata": {
        "base_severity": "Medium",
        "status": "N/A"
       }
      }
     ]
    }
   ],
   "matchDetails": [
    {
     "type": "exact-direct-match",
     "matcher": "python-matcher",
     "searchedBy": {
      "language": "python",
      "namespace": "github:language:python",
      "package": {
       "name": "urllib3",
       "version": "1.22"
      }
     },
     "found": {
      "versionConstraint": "<1.26.19 (python)",
      "vulnerabilityID": "GHSA-34jh-p97f-mpxf"
     }
    }
   ],
   "artifact": {
    "id": "078762402b4197a3",
    "name": "urllib3",
    "version": "1.22",
    "type": "python",
    "locations": [
     {
      "path": "/Pipfile.lock"
     }
    ],
    "language": "python",
    "licenses": [],
    "cpes": [
     "cpe:2.3:a:python:urllib3:1.22:*:*:*:*:*:*:*"
    ],
    "purl": "pkg:pypi/urllib3@1.22",
    "upstreams": []
   }
  },
  {
   "vulnerability": {
    "id": "CVE-2023-45803",
    "dataSource": "https://nvd.nist.gov/vuln/detail/CVE-2023-45803",
    "namespace": "nvd:cpe",
    "severity": "Medium",
    "urls": [
     "https://github.com/urllib3/urllib3/commit/4e98d57809dacab1cbe625fddeec1a290c478ea9",
     "https://github.com/urllib3/urllib3/security/advisories/GHSA-g4mx-q9vg-27p4",
     "https://lists.fedoraproject.org/archives/list/package-announce@lists.fedoraproject.org/message/4R2Y5XK3WALSR3FNAGN7JBYV2B343ZKB/",
     "https://lists.fedoraproject.org/archives/list/package-announce@lists.fedoraproject.org/message/5F5CUBAN5XMEBVBZPHFITBLMJV5FIJJ5/",
     "https://lists.fedoraproject.org/archives/list/package-announce@lists.fedoraproject.org/message/PPDPLM6UUMN55ESPQWJFLLIZY4ZKCNRX/",
     "https://www.rfc-editor.org/rfc/rfc9110.html#name-get"
    ],
    "description": "urllib3 is a user-friendly HTTP client library for Python. urllib3 previously wouldn't remove the HTTP request body when an HTTP redirect response using status 301, 302, or 303 after the request had its method changed from one that could accept a request body (like `POST`) to `GET` as is required by HTTP RFCs. Although this behavior is not specified in the section for redirects, it can be inferred by piecing together information from different sections and we have observed the behavior in other major HTTP client implementations like curl and web browsers. Because the vulnerability requires a previously trusted service to become compromised in order to have an impact on confidentiality we believe the exploitability of this vulnerability is low. Additionally, many users aren't putting sensitive data in HTTP request bodies, if this is the case then this vulnerability isn't exploitable. Both of the following conditions must be true to be affected by this vulnerability: 1. Using urllib3 and submitting sensitive information in the HTTP request body (such as form data or JSON) and 2. The origin service is compromised and starts redirecting using 301, 302, or 303 to a malicious peer or the redirected-to service becomes compromised. This issue has been addressed in versions 1.26.18 and 2.0.7 and users are advised to update to resolve this issue. Users unable to update should disable redirects for services that aren't expecting to respond with redirects with `redirects=False` and disable automatic redirects with `redirects=False` and handle 301, 302, and 303 redirects manually by stripping the HTTP request body.\n",
    "cvss": [
     {
      "source": "nvd@nist.gov",
      "type": "Primary",
      "version": "3.1",
      "vector": "CVSS:3.1/AV:A/AC:H/PR:H/UI:N/S:U/C:H/I:N/A:N",
      "metrics": {
       "baseScore": 4.2,
       "exploitabilityScore": 0.5,
       "impactScore": 3.6
      },
      "vendorMetadata": {}
     },
     {
      "source": "security-advisories@github.com",
      "type": "Secondary",
      "version": "3.1",
      "vector": "CVSS:3.1/AV:A/AC:H/PR:H/UI:N/S:U/C:H/I:N/A:N",
      "metrics": {
       "baseScore": 4.2,
       "exploitabilityScore": 0.5,
       "impactScore": 3.6
      },
      "vendorMetadata": {}
     }
    ],
    "fix": {
     "versions": [
      "1.26.18"
     ],
     "state": "fixed"
    },
    "advisories": []
   },
   "relatedVulnerabilities": [
    {
     "id": "GHSA-g4mx-q9vg-27p4",
     "dataSource": "https://github.com/advisories/GHSA-g4mx-q9vg-27p4",
     "namespace": "github:language:python",
     "severity": "Medium",
     "urls": [
      "https://github.com/advisories/GHSA-g4mx-q9vg-27p4"
     ],
     "description": "urllib3's request body not stripped after redirect from 303 status changes request method to GET",
     "cvss": [
      {
       "version": "3.1",
       "vector": "CVSS:3.1/AV:A/AC:H/PR:H/UI:N/S:U/C:H/I:N/A:N",
       "metrics": {
        "baseScore": 4.2,
        "exploitabilityScore": 0.5,
        "impactScore": 3.6
       },
       "vendorMetadata": {
        "base_severity": "Medium",
        "status": "N/A"
       }
      }
     ]
    }
   ],
   "matchDetails": [
    {
     "type": "exact-direct-match",
     "matcher": "python-matcher",
     "searchedBy": {
      "language": "python",
      "namespace": "github:language:python",
      "package": {
       "name": "urllib3",
       "version": "1.22"
      }
     },
     "found": {
      "versionConstraint": ">=0,<1.26.18 (python)",
      "vulnerabilityID": "GHSA-g4mx-q9vg-27p4"
     }
    }
   ],
   "artifact": {
    "id": "078762402b4197a3",
    "name": "urllib3",
    "version": "1.22",
    "type": "python",
    "locations": [
     {
      "path": "/Pipfile.lock"
     }
    ],
    "language": "python",
    "licenses": [],
    "cpes": [
     "cpe:2.3:a:python:urllib3:1.22:*:*:*:*:*:*:*"
    ],
    "purl": "pkg:pypi/urllib3@1.22",
    "upstreams": []
   }
  },
  {
   "vulnerability": {
    "id": "CVE-2020-26137",
    "dataSource": "https://nvd.nist.gov/vuln/detail/CVE-2020-26137",
    "namespace": "nvd:cpe",
    "severity": "Medium",
    "urls": [
     "https://bugs.python.org/issue39603",
     "https://github.com/urllib3/urllib3/commit/1dd69c5c5982fae7c87a620d487c2ebf7a6b436b",
     "https://github.com/urllib3/urllib3/pull/1800",
     "https://lists.debian.org/debian-lts-announce/2021/06/msg00015.html",
     "https://lists.debian.org/debian-lts-announce/2023/10/msg00012.html",
     "https://usn.ubuntu.com/4570-1/",
     "https://www.oracle.com/security-alerts/cpujul2022.html",
     "https://www.oracle.com/security-alerts/cpuoct2021.html"
    ],
    "description": "urllib3 before 1.25.9 allows CRLF injection if the attacker controls the HTTP request method, as demonstrated by inserting CR and LF control characters in the first argument of putrequest(). NOTE: this is similar to CVE-2020-26116.",
    "cvss": [
     {
      "source": "nvd@nist.gov",
      "type": "Primary",
      "version": "2.0",
      "vector": "AV:N/AC:L/Au:N/C:P/I:P/A:N",
      "metrics": {
       "baseScore": 6.4,
       "exploitabilityScore": 10,
       "impactScore": 4.9
      },
      "vendorMetadata": {}
     },
     {
      "source": "nvd@nist.gov",
      "type": "Primary",
      "version": "3.1",
      "vector": "CVSS:3.1/AV:N/AC:L/PR:N/UI:N/S:U/C:L/I:L/A:N",
      "metrics": {
       "baseScore": 6.5,
       "exploitabilityScore": 3.9,
       "impactScore": 2.5
      },
      "vendorMetadata": {}
     }
    ],
    "fix": {
     "versions": [
      "1.25.9"
     ],
     "state": "fixed"
    },
    "advisories": []
   },
   "relatedVulnerabilities": [
    {
     "id": "GHSA-wqvq-5m8c-6g24",
     "dataSource": "https://github.com/advisories/GHSA-wqvq-5m8c-6g24",
     "namespace": "github:language:python",
     "severity": "Medium",
     "urls": [
      "https://github.com/advisories/GHSA-wqvq-5m8c-6g24"
     ],
     "description": "CRLF injection in urllib3",
     "cvss": [
      {
       "version": "3.1",
       "vector": "CVSS:3.1/AV:N/AC:L/PR:N/UI:N/S:U/C:L/I:L/A:N",
       "metrics": {
        "baseScore": 6.5,
        "exploitabilityScore": 3.9,
        "impactScore": 2.5
       },
       "vendorMetadata": {
        "base_severity": "Medium",
        "status": "N/A"
       }
      }
     ]
    }
   ],
   "matchDetails": [
    {
     "type": "exact-direct-match",
     "matcher": "python-matcher",
     "searchedBy": {
      "language": "python",
      "namespace": "github:language:python",
      "package": {
       "name": "urllib3",
       "version": "1.22"
      }
     },
     "found": {
      "versionConstraint": "<1.25.9 (python)",
      "vulnerabilityID": "GHSA-wqvq-5m8c-6g24"
     }
    }
   ],
   "artifact": {
    "id": "078762402b4197a3",
    "name": "urllib3",
    "version": "1.22",
    "type": "python",
    "locations": [
     {
      "path": "/Pipfile.lock"
     }
    ],
    "language": "python",
    "licenses": [],
    "cpes": [
     "cpe:2.3:a:python:urllib3:1.22:*:*:*:*:*:*:*"
    ],
    "purl": "pkg:pypi/urllib3@1.22",
    "upstreams": []
   }
  },
  {
   "vulnerability": {
    "id": "CVE-2019-11236",
    "dataSource": "https://nvd.nist.gov/vuln/detail/CVE-2019-11236",
    "namespace": "nvd:cpe",
    "severity": "Medium",
    "urls": [
     "http://lists.opensuse.org/opensuse-security-announce/2019-09/msg00039.html",
     "http://lists.opensuse.org/opensuse-security-announce/2019-09/msg00041.html",
     "https://access.redhat.com/errata/RHSA-2019:2272",
     "https://access.redhat.com/errata/RHSA-2019:3335",
     "https://access.redhat.com/errata/RHSA-2019:3590",
     "https://github.com/urllib3/urllib3/issues/1553",
     "https://lists.debian.org/debian-lts-announce/2019/06/msg00016.html",
     "https://lists.debian.org/debian-lts-announce/2021/06/msg00015.html",
     "https://lists.debian.org/debian-lts-announce/2023/10/msg00012.html",
     "https://lists.fedoraproject.org/archives/list/package-announce%40lists.fedoraproject.org/message/NKGPJLVLVYCL4L4B4G5TIOTVK4BKPG72/",
     "https://lists.fedoraproject.org/archives/list/package-announce%40lists.fedoraproject.org/message/R62XGEYPUTXMRHGX5I37EBCGQ5COHGKR/",
     "https://lists.fedoraproject.org/archives/list/package-announce%40lists.fedoraproject.org/message/TBI45HO533KYHNB5YRO43TBYKA3E3VRL/",
     "https://lists.fedoraproject.org/archives/list/package-announce%40lists.fedoraproject.org/message/XOSA2NT4DUQDBEIWE6O7KKD24XND7TE2/",
     "https://usn.ubuntu.com/3990-1/",
     "https://usn.ubuntu.com/3990-2/"
    ],
    "description": "In the urllib3 library through 1.24.1 for Python, CRLF injection is possible if the attacker controls the request parameter.",
    "cvss": [
     {
      "source": "nvd@nist.gov",
      "type": "Primary",
      "version": "2.0",
      "vector": "AV:N/AC:M/Au:N/C:N/I:P/A:N",
      "metrics": {
       "baseScore": 4.3,
       "exploitabilityScore": 8.6,
       "impactScore": 2.9
      },
      "vendorMetadata": {}
     },
     {
      "source": "nvd@nist.gov",
      "type": "Primary",
      "version": "3.0",
      "vector": "CVSS:3.0/AV:N/AC:L/PR:N/UI:R/S:C/C:L/I:L/A:N",
      "metrics": {
       "baseScore": 6.1,
       "exploitabilityScore": 2.8,
       "impactScore": 2.7
      },
      "vendorMetadata": {}
     }
    ],
    "fix": {
     "versions": [
      "1.24.3"
     ],
     "state": "fixed"
    },
    "advisories": []
   },
   "relatedVulnerabilities": [
    {
     "id": "GHSA-r64q-w8jr-g9qp",
     "dataSource": "https://github.com/advisories/GHSA-r64q-w8jr-g9qp",
     "namespace": "github:language:python",
     "severity": "Medium",
     "urls": [
      "https://github.com/advisories/GHSA-r64q-w8jr-g9qp"
     ],
     "description": "Improper Neutralization of CRLF Sequences in urllib3 library for Python",
     "cvss": [
      {
       "version": "3.0",
       "vector": "CVSS:3.0/AV:N/AC:L/PR:N/UI:R/S:C/C:L/I:L/A:N",
       "metrics": {
        "baseScore": 6.1,
        "exploitabilityScore": 2.8,
        "impactScore": 2.7
       },
       "vendorMetadata": {
        "base_severity": "Medium",
        "status": "N/A"
       }
      }
     ]
    }
   ],
   "matchDetails": [
    {
     "type": "exact-direct-match",
     "matcher": "python-matcher",
     "searchedBy": {
      "language": "python",
      "namespace": "github:language:python",
      "package": {
       "name": "urllib3",
       "version": "1.22"
      }
     },
     "found": {
      "versionConstraint": "<=1.24.2 (python)",
      "vulnerabilityID": "GHSA-r64q-w8jr-g9qp"
     }
    }
   ],
   "artifact": {
    "id": "078762402b4197a3",
    "name": "urllib3",
    "version": "1.22",
    "type": "python",
    "locations": [
     {
      "path": "/Pipfile.lock"
     }
    ],
    "language": "python",
    "licenses": [],
    "cpes": [
     "cpe:2.3:a:python:urllib3:1.22:*:*:*:*:*:*:*"
    ],
    "purl": "pkg:pypi/urllib3@1.22",
    "upstreams": []
   }
  },
  {
   "vulnerability": {
    "id": "CVE-2018-25091",
    "dataSource": "https://nvd.nist.gov/vuln/detail/CVE-2018-25091",
    "namespace": "nvd:cpe",
    "severity": "Medium",
    "urls": [
     "https://github.com/urllib3/urllib3/commit/adb358f8e06865406d1f05e581a16cbea2136fbc",
     "https://github.com/urllib3/urllib3/compare/1.24.1...1.24.2",
     "https://github.com/urllib3/urllib3/issues/1510"
    ],
    "description": "urllib3 before 1.24.2 does not remove the authorization HTTP header when following a cross-origin redirect (i.e., a redirect that differs in host, port, or scheme). This can allow for credentials in the authorization header to be exposed to unintended hosts or transmitted in cleartext. NOTE: this issue exists because of an incomplete fix for CVE-2018-20060 (which was case-sensitive).",
    "cvss": [
     {
      "source": "nvd@nist.gov",
      "type": "Primary",
      "version": "3.1",
      "vector": "CVSS:3.1/AV:N/AC:L/PR:N/UI:R/S:C/C:L/I:L/A:N",
      "metrics": {
       "baseScore": 6.1,
       "exploitabilityScore": 2.8,
       "impactScore": 2.7
      },
      "vendorMetadata": {}
     }
    ],
    "fix": {
     "versions": [
      "1.24.2"
     ],
     "state": "fixed"
    },
    "advisories": []
   },
   "relatedVulnerabilities": [
    {
     "id": "GHSA-gwvm-45gx-3cf8",
     "dataSource": "https://github.com/advisories/GHSA-gwvm-45gx-3cf8",
     "namespace": "github:language:python",
     "severity": "Medium",
     "urls": [
      "https://github.com/advisories/GHSA-gwvm-45gx-3cf8"
     ],
     "description": "Authorization Header forwarded on redirect",
     "cvss": [
      {
       "version": "3.1",
       "vector": "CVSS:3.1/AV:N/AC:L/PR:N/UI:R/S:C/C:L/I:L/A:N",
       "metrics": {
        "baseScore": 6.1,
        "exploitabilityScore": 2.8,
        "impactScore": 2.7
       },
       "vendorMetadata": {
        "base_severity": "Medium",
        "status": "N/A"
       }
      }
     ]
    }
   ],
   "matchDetails": [
    {
     "type": "exact-direct-match",
     "matcher": "python-matcher",
     "searchedBy": {
      "language": "python",
      "namespace": "github:language:python",
      "package": {
       "name": "urllib3",
       "version": "1.22"
      }
     },
     "found": {
      "versionConstraint": "<1.24.2 (python)",
      "vulnerabilityID": "GHSA-gwvm-45gx-3cf8"
     }
    }
   ],
   "artifact": {
    "id": "078762402b4197a3",
    "name": "urllib3",
    "version": "1.22",
    "type": "python",
    "locations": [
     {
      "path": "/Pipfile.lock"
     }
    ],
    "language": "python",
    "licenses": [],
    "cpes": [
     "cpe:2.3:a:python:urllib3:1.22:*:*:*:*:*:*:*"
    ],
    "purl": "pkg:pypi/urllib3@1.22",
    "upstreams": []
   }
  }
 ],
 "source": {
  "type": "directory",
  "target": "upstream-repository"
 },
 "distro": {
  "name": "",
  "version": "",
  "idLike": null
 },
 "descriptor": {
  "name": "grype",
  "version": "0.74.4",
  "configuration": {
   "output": [
    "json"
   ],
   "file": "",
   "distro": "",
   "add-cpes-if-none": true,
   "output-template-file": "",
   "check-for-app-update": false,
   "only-fixed": false,
   "only-notfixed": false,
   "ignore-wontfix": "",
   "platform": "",
   "search": {
    "scope": "squashed",
    "unindexed-archives": false,
    "indexed-archives": true
   },
   "ignore": null,
   "exclude": [],
   "db": {
    "cache-dir": "/home/runner/.cache/grype/db",
    "update-url": "https://toolbox-data.anchore.io/grype/databases/listing.json",
    "ca-cert": "",
    "auto-update": true,
    "validate-by-hash-on-start": false,
    "validate-age": true,
    "max-allowed-built-age": 432000000000000
   },
   "externalSources": {
    "enable": false,
    "maven": {
     "searchUpstreamBySha1": true,
     "baseUrl": "https://search.maven.org/solrsearch/select"
    }
   },
   "match": {
    "java": {
     "using-cpes": false
    },
    "dotnet": {
     "using-cpes": false
    },
    "golang": {
     "using-cpes": false,
     "always-use-cpe-for-stdlib": true
    },
    "javascript": {
     "using-cpes": false
    },
    "python": {
     "using-cpes": false
    },
    "ruby": {
     "using-cpes": false
    },
    "rust": {
     "using-cpes": false
    },
    "stock": {
     "using-cpes": true
    }
   },
   "fail-on-severity": "critical",
   "registry": {
    "insecure-skip-tls-verify": false,
    "insecure-use-http": false,
    "auth": null,
    "ca-cert": ""
   },
   "show-suppressed": false,
   "by-cve": true,
   "name": "",
   "default-image-pull-source": "",
   "vex-documents": [],
   "vex-add": []
  },
  "db": {
   "built": "2024-08-13T01:31:28Z",
   "schemaVersion": 5,
   "location": "/home/runner/.cache/grype/db/5",
   "checksum": "sha256:9365a11ea68d94b343dcca5e2157b428852c44b68b2f42a72120385d9d984def",
   "error": null
  },
  "timestamp": "2024-08-14T19:46:55.036815504Z"
 }
}
