{"version": "15.0.6","schema": "https://gitlab.com/gitlab-org/security-products/security-report-schemas/-/raw/v15.0.6/dist/dependency-scanning-report-format.json?ref_type=tags", "scan": {"scanner": {"id": "org.owasp.dependency-check","name": "Dependency-Check Core","version": "10.0.3","vendor": {"name": "OWASP"},"url": "https://github.com/jeremylong/DependencyCheck/"},"analyzer": {"id": "org.owasp.dependency-check","name": "Dependency-Check Core","version": "10.0.3","vendor": {"name": "OWASP"},"url": "https://github.com/jeremylong/DependencyCheck/"},"end_time": "2024-08-10T20:35:02","start_time": "2024-08-10T20:35:02","status":  "success"  ,"type": "dependency_scanning"},"vulnerabilities": [{"id": "CVE-2023-6481","identifiers": [{"type": "NVD", "name": "CVE-2023-6481", "value": "aadf8d4063ddafa1e971c03fca75a4b7af766445", "url": "https://web.nvd.nist.gov/view/vuln/detail?vulnId=CVE-2023-6481"}],"location": {"file": "D:\\a\\H6060-Java-Logback\\H6060-Java-Logback\\upstream-repository\\target\\logback-access\\target\\logback-access-1.3.13.jar","dependency": {"package": {"name": "ch.qos.logback:logback-access"},"version": "1.3.13"}},"name": "CVE-2023-6481","description": "A serialization vulnerability in logback receiver component part of \nlogback version 1.4.13,\u00A01.3.13 and\u00A01.2.12 allows an attacker to mount a Denial-Of-Service \nattack by sending poisoned data.\n\n","severity": "High","links": [{"name": "RELEASE_NOTES","url": "https:\/\/logback.qos.ch\/news.html#1.3.12"},{"name": "RELEASE_NOTES","url": "https:\/\/logback.qos.ch\/news.html#1.3.14"}]},{"id": "CVE-2023-6481","identifiers": [{"type": "NVD", "name": "CVE-2023-6481", "value": "19405e73aa3d8fc113bd21746aea41807c3acb15", "url": "https://web.nvd.nist.gov/view/vuln/detail?vulnId=CVE-2023-6481"}],"location": {"file": "D:\\a\\H6060-Java-Logback\\H6060-Java-Logback\\upstream-repository\\target\\logback-classic\\target\\logback-classic-1.3.13.jar","dependency": {"package": {"name": "ch.qos.logback:logback-classic"},"version": "1.3.13"}},"name": "CVE-2023-6481","description": "A serialization vulnerability in logback receiver component part of \nlogback version 1.4.13,\u00A01.3.13 and\u00A01.2.12 allows an attacker to mount a Denial-Of-Service \nattack by sending poisoned data.\n\n","severity": "High","links": [{"name": "[CVE-2023-6481] CWE-noinfo","url": "https:\/\/ossindex.sonatype.org\/vulnerability\/CVE-2023-6481?component-type=maven&component-name=ch.qos.logback%2Flogback-core&utm_source=dependency-check&utm_medium=integration&utm_content=10.0.3"},{"name": "http:\/\/web.nvd.nist.gov\/view\/vuln\/detail?vulnId=CVE-2023-6481","url": "http:\/\/web.nvd.nist.gov\/view\/vuln\/detail?vulnId=CVE-2023-6481"},{"name": "https:\/\/logback.qos.ch\/news.html#1.3.12","url": "https:\/\/logback.qos.ch\/news.html#1.3.12"},{"name": "RELEASE_NOTES","url": "https:\/\/logback.qos.ch\/news.html#1.3.12"},{"name": "RELEASE_NOTES","url": "https:\/\/logback.qos.ch\/news.html#1.3.14"}]},{"id": "CVE-2023-6481","identifiers": [{"type": "NVD", "name": "CVE-2023-6481", "value": "19a40dea30856065dbce0d2552d04087dfe254a3", "url": "https://web.nvd.nist.gov/view/vuln/detail?vulnId=CVE-2023-6481"}],"location": {"file": "D:\\a\\H6060-Java-Logback\\H6060-Java-Logback\\upstream-repository\\target\\logback-classic-blackbox\\target\\logback-classic-blackbox-1.3.13.jar","dependency": {"package": {"name": "ch.qos.logback:logback-classic-blackbox"},"version": "1.3.13"}},"name": "CVE-2023-6481","description": "A serialization vulnerability in logback receiver component part of \nlogback version 1.4.13,\u00A01.3.13 and\u00A01.2.12 allows an attacker to mount a Denial-Of-Service \nattack by sending poisoned data.\n\n","severity": "High","links": [{"name": "RELEASE_NOTES","url": "https:\/\/logback.qos.ch\/news.html#1.3.12"},{"name": "RELEASE_NOTES","url": "https:\/\/logback.qos.ch\/news.html#1.3.14"}]},{"id": "CVE-2023-6481","identifiers": [{"type": "NVD", "name": "CVE-2023-6481", "value": "a9a891fefad4ddea3e4c1dd82edcaa76fb756fad", "url": "https://web.nvd.nist.gov/view/vuln/detail?vulnId=CVE-2023-6481"}],"location": {"file": "D:\\a\\H6060-Java-Logback\\H6060-Java-Logback\\upstream-repository\\target\\logback-core\\target\\logback-core-1.3.13.jar","dependency": {"package": {"name": "ch.qos.logback:logback-core"},"version": "1.3.13"}},"name": "CVE-2023-6481","description": "A serialization vulnerability in logback receiver component part of \nlogback version 1.4.13,\u00A01.3.13 and\u00A01.2.12 allows an attacker to mount a Denial-Of-Service \nattack by sending poisoned data.\n\n","severity": "High","links": [{"name": "[CVE-2023-6481] CWE-noinfo","url": "https:\/\/ossindex.sonatype.org\/vulnerability\/CVE-2023-6481?component-type=maven&component-name=ch.qos.logback%2Flogback-core&utm_source=dependency-check&utm_medium=integration&utm_content=10.0.3"},{"name": "http:\/\/web.nvd.nist.gov\/view\/vuln\/detail?vulnId=CVE-2023-6481","url": "http:\/\/web.nvd.nist.gov\/view\/vuln\/detail?vulnId=CVE-2023-6481"},{"name": "https:\/\/logback.qos.ch\/news.html#1.3.12","url": "https:\/\/logback.qos.ch\/news.html#1.3.12"},{"name": "RELEASE_NOTES","url": "https:\/\/logback.qos.ch\/news.html#1.3.12"},{"name": "RELEASE_NOTES","url": "https:\/\/logback.qos.ch\/news.html#1.3.14"}]},{"id": "CVE-2023-6481","identifiers": [{"type": "NVD", "name": "CVE-2023-6481", "value": "f1517ff5c50cba58c97d3fc25b87a8010465b072", "url": "https://web.nvd.nist.gov/view/vuln/detail?vulnId=CVE-2023-6481"}],"location": {"file": "D:\\a\\H6060-Java-Logback\\H6060-Java-Logback\\upstream-repository\\target\\logback-core-blackbox\\target\\logback-core-blackbox-1.3.13.jar","dependency": {"package": {"name": "ch.qos.logback:logback-core-blackbox"},"version": "1.3.13"}},"name": "CVE-2023-6481","description": "A serialization vulnerability in logback receiver component part of \nlogback version 1.4.13,\u00A01.3.13 and\u00A01.2.12 allows an attacker to mount a Denial-Of-Service \nattack by sending poisoned data.\n\n","severity": "High","links": [{"name": "[CVE-2023-6481] CWE-noinfo","url": "https:\/\/ossindex.sonatype.org\/vulnerability\/CVE-2023-6481?component-type=maven&component-name=ch.qos.logback%2Flogback-core&utm_source=dependency-check&utm_medium=integration&utm_content=10.0.3"},{"name": "http:\/\/web.nvd.nist.gov\/view\/vuln\/detail?vulnId=CVE-2023-6481","url": "http:\/\/web.nvd.nist.gov\/view\/vuln\/detail?vulnId=CVE-2023-6481"},{"name": "https:\/\/logback.qos.ch\/news.html#1.3.12","url": "https:\/\/logback.qos.ch\/news.html#1.3.12"},{"name": "RELEASE_NOTES","url": "https:\/\/logback.qos.ch\/news.html#1.3.12"},{"name": "RELEASE_NOTES","url": "https:\/\/logback.qos.ch\/news.html#1.3.14"}]},{"id": "CVE-2023-6481","identifiers": [{"type": "NVD", "name": "CVE-2023-6481", "value": "d52b5076060a1550fa1eb5d8888ee0f5aa338ebd", "url": "https://web.nvd.nist.gov/view/vuln/detail?vulnId=CVE-2023-6481"}],"location": {"file": "D:\\a\\H6060-Java-Logback\\H6060-Java-Logback\\upstream-repository\\target\\logback-examples\\target\\logback-examples-1.3.13.jar","dependency": {"package": {"name": "ch.qos.logback:logback-examples"},"version": "1.3.13"}},"name": "CVE-2023-6481","description": "A serialization vulnerability in logback receiver component part of \nlogback version 1.4.13,\u00A01.3.13 and\u00A01.2.12 allows an attacker to mount a Denial-Of-Service \nattack by sending poisoned data.\n\n","severity": "High","links": [{"name": "[CVE-2023-6481] CWE-noinfo","url": "https:\/\/ossindex.sonatype.org\/vulnerability\/CVE-2023-6481?component-type=maven&component-name=ch.qos.logback%2Flogback-core&utm_source=dependency-check&utm_medium=integration&utm_content=10.0.3"},{"name": "http:\/\/web.nvd.nist.gov\/view\/vuln\/detail?vulnId=CVE-2023-6481","url": "http:\/\/web.nvd.nist.gov\/view\/vuln\/detail?vulnId=CVE-2023-6481"},{"name": "https:\/\/logback.qos.ch\/news.html#1.3.12","url": "https:\/\/logback.qos.ch\/news.html#1.3.12"},{"name": "RELEASE_NOTES","url": "https:\/\/logback.qos.ch\/news.html#1.3.12"},{"name": "RELEASE_NOTES","url": "https:\/\/logback.qos.ch\/news.html#1.3.14"}]}],"dependency_files": [{"path": "pom.xml","package_manager": "maven","dependencies": [{"package": {"name": "ch.qos.logback:logback-access"},"version": "1.3.13"},{"package": {"name": "ch.qos.logback:logback-classic"},"version": "1.3.13"},{"package": {"name": "ch.qos.logback:logback-classic-blackbox"},"version": "1.3.13"},{"package": {"name": "ch.qos.logback:logback-core"},"version": "1.3.13"},{"package": {"name": "ch.qos.logback:logback-core-blackbox"},"version": "1.3.13"},{"package": {"name": "ch.qos.logback:logback-examples"},"version": "1.3.13"}]}],"remediations": [] }