{
  "reportSchema" : "1.1",
  "scanInfo" : {
    "engineVersion" : "10.0.3",
    "dataSource" : [ {
      "name" : "NVD API Last Checked",
      "timestamp" : "2024-08-10T20:34:48Z"
    }, {
      "name" : "NVD API Last Modified",
      "timestamp" : "2024-08-10T16:35:04Z"
    } ]
  },
  "projectInfo" : {
    "name" : "H6060-Java-Logback",
    "reportDate" : "2024-08-10T20:35:02.924Z",
    "credits" : {
      "NVD" : "This product uses the NVD API but is not endorsed or certified by the NVD. This report contains data retrieved from the National Vulnerability Database: https://nvd.nist.gov",
      "CISA" : "This report may contain data retrieved from the CISA Known Exploited Vulnerability Catalog: https://www.cisa.gov/known-exploited-vulnerabilities-catalog",
      "NPM" : "This report may contain data retrieved from the Github Advisory Database (via NPM Audit API): https://github.com/advisories/",
      "RETIREJS" : "This report may contain data retrieved from the RetireJS community: https://retirejs.github.io/retire.js/",
      "OSSINDEX" : "This report may contain data retrieved from the Sonatype OSS Index: https://ossindex.sonatype.org"
    }
  },
  "dependencies" : [ {
    "isVirtual" : false,
    "fileName" : "logback-access-1.3.13-sources.jar",
    "filePath" : "D:\\a\\H6060-Java-Logback\\H6060-Java-Logback\\upstream-repository\\target\\logback-access\\target\\logback-access-1.3.13-sources.jar",
    "md5" : "e9ef4684bcdcf30407bc5cf1b70e3ed4",
    "sha1" : "1ae7ad503572ca93b66ea522fb7138d6b5e0dc86",
    "sha256" : "3f2353a43ffff8b1f21168da10b7db0806e9b7c13dbaece54621405eeacb32ec",
    "evidenceCollected" : {
      "vendorEvidence" : [ {
        "type" : "vendor",
        "confidence" : "HIGH",
        "source" : "file",
        "name" : "name",
        "value" : "logback-access"
      } ],
      "productEvidence" : [ {
        "type" : "product",
        "confidence" : "HIGH",
        "source" : "file",
        "name" : "name",
        "value" : "logback-access"
      } ],
      "versionEvidence" : [ {
        "type" : "version",
        "confidence" : "MEDIUM",
        "source" : "file",
        "name" : "name",
        "value" : "logback-access"
      }, {
        "type" : "version",
        "confidence" : "HIGH",
        "source" : "file",
        "name" : "version",
        "value" : "1.3.13"
      } ]
    }
  }, {
    "isVirtual" : false,
    "fileName" : "logback-access-1.3.13-test-sources.jar",
    "filePath" : "D:\\a\\H6060-Java-Logback\\H6060-Java-Logback\\upstream-repository\\target\\logback-access\\target\\logback-access-1.3.13-test-sources.jar",
    "md5" : "93b96065b152e16dd0a66efe2698950f",
    "sha1" : "a407c71763b4b9996e5fbc221bea743bbab78415",
    "sha256" : "ed2cee367038640edbdbfefa2eed543e0f0edbacd363394308f38e70fca4df5d",
    "evidenceCollected" : {
      "vendorEvidence" : [ {
        "type" : "vendor",
        "confidence" : "HIGH",
        "source" : "file",
        "name" : "name",
        "value" : "logback-access"
      } ],
      "productEvidence" : [ {
        "type" : "product",
        "confidence" : "HIGH",
        "source" : "file",
        "name" : "name",
        "value" : "logback-access"
      } ],
      "versionEvidence" : [ {
        "type" : "version",
        "confidence" : "MEDIUM",
        "source" : "file",
        "name" : "name",
        "value" : "logback-access"
      }, {
        "type" : "version",
        "confidence" : "HIGH",
        "source" : "file",
        "name" : "version",
        "value" : "1.3.13"
      } ]
    }
  }, {
    "isVirtual" : false,
    "fileName" : "logback-access-1.3.13.jar",
    "filePath" : "D:\\a\\H6060-Java-Logback\\H6060-Java-Logback\\upstream-repository\\target\\logback-access\\target\\logback-access-1.3.13.jar",
    "md5" : "ea267eaf96d502105e54e17fba8728ca",
    "sha1" : "aadf8d4063ddafa1e971c03fca75a4b7af766445",
    "sha256" : "84859e5f3e95e0129adde2733d6ea63d64a0c24ac9fd117adfd284d545148c45",
    "description" : "logback-access module",
    "license" : "http://www.eclipse.org/legal/epl-v10.html, http://www.gnu.org/licenses/old-licenses/lgpl-2.1.html",
    "evidenceCollected" : {
      "vendorEvidence" : [ {
        "type" : "vendor",
        "confidence" : "HIGH",
        "source" : "file",
        "name" : "name",
        "value" : "logback-access"
      }, {
        "type" : "vendor",
        "confidence" : "HIGHEST",
        "source" : "jar",
        "name" : "package name",
        "value" : "access"
      }, {
        "type" : "vendor",
        "confidence" : "HIGHEST",
        "source" : "jar",
        "name" : "package name",
        "value" : "ch"
      }, {
        "type" : "vendor",
        "confidence" : "HIGHEST",
        "source" : "jar",
        "name" : "package name",
        "value" : "logback"
      }, {
        "type" : "vendor",
        "confidence" : "HIGHEST",
        "source" : "jar",
        "name" : "package name",
        "value" : "qos"
      }, {
        "type" : "vendor",
        "confidence" : "LOW",
        "source" : "Manifest",
        "name" : "build-jdk-spec",
        "value" : "17"
      }, {
        "type" : "vendor",
        "confidence" : "LOW",
        "source" : "Manifest",
        "name" : "bundle-docurl",
        "value" : "http://www.qos.ch"
      }, {
        "type" : "vendor",
        "confidence" : "MEDIUM",
        "source" : "Manifest",
        "name" : "bundle-symbolicname",
        "value" : "ch.qos.logback.access"
      }, {
        "type" : "vendor",
        "confidence" : "HIGH",
        "source" : "Manifest",
        "name" : "Implementation-Vendor",
        "value" : "QOS.ch"
      }, {
        "type" : "vendor",
        "confidence" : "LOW",
        "source" : "Manifest",
        "name" : "specification-vendor",
        "value" : "QOS.ch"
      }, {
        "type" : "vendor",
        "confidence" : "LOW",
        "source" : "pom",
        "name" : "artifactid",
        "value" : "logback-access"
      }, {
        "type" : "vendor",
        "confidence" : "HIGHEST",
        "source" : "pom",
        "name" : "groupid",
        "value" : "ch.qos.logback"
      }, {
        "type" : "vendor",
        "confidence" : "HIGH",
        "source" : "pom",
        "name" : "name",
        "value" : "Logback Access Module"
      }, {
        "type" : "vendor",
        "confidence" : "LOW",
        "source" : "pom",
        "name" : "parent-artifactid",
        "value" : "logback-parent"
      } ],
      "productEvidence" : [ {
        "type" : "product",
        "confidence" : "HIGH",
        "source" : "file",
        "name" : "name",
        "value" : "logback-access"
      }, {
        "type" : "product",
        "confidence" : "HIGHEST",
        "source" : "jar",
        "name" : "package name",
        "value" : "access"
      }, {
        "type" : "product",
        "confidence" : "HIGHEST",
        "source" : "jar",
        "name" : "package name",
        "value" : "ch"
      }, {
        "type" : "product",
        "confidence" : "HIGHEST",
        "source" : "jar",
        "name" : "package name",
        "value" : "logback"
      }, {
        "type" : "product",
        "confidence" : "HIGHEST",
        "source" : "jar",
        "name" : "package name",
        "value" : "qos"
      }, {
        "type" : "product",
        "confidence" : "LOW",
        "source" : "Manifest",
        "name" : "build-jdk-spec",
        "value" : "17"
      }, {
        "type" : "product",
        "confidence" : "LOW",
        "source" : "Manifest",
        "name" : "bundle-docurl",
        "value" : "http://www.qos.ch"
      }, {
        "type" : "product",
        "confidence" : "MEDIUM",
        "source" : "Manifest",
        "name" : "Bundle-Name",
        "value" : "Logback Access Module"
      }, {
        "type" : "product",
        "confidence" : "MEDIUM",
        "source" : "Manifest",
        "name" : "bundle-symbolicname",
        "value" : "ch.qos.logback.access"
      }, {
        "type" : "product",
        "confidence" : "HIGH",
        "source" : "Manifest",
        "name" : "Implementation-Title",
        "value" : "Logback Access Module"
      }, {
        "type" : "product",
        "confidence" : "MEDIUM",
        "source" : "Manifest",
        "name" : "specification-title",
        "value" : "Logback Access Module"
      }, {
        "type" : "product",
        "confidence" : "HIGHEST",
        "source" : "pom",
        "name" : "artifactid",
        "value" : "logback-access"
      }, {
        "type" : "product",
        "confidence" : "HIGHEST",
        "source" : "pom",
        "name" : "groupid",
        "value" : "ch.qos.logback"
      }, {
        "type" : "product",
        "confidence" : "HIGH",
        "source" : "pom",
        "name" : "name",
        "value" : "Logback Access Module"
      }, {
        "type" : "product",
        "confidence" : "MEDIUM",
        "source" : "pom",
        "name" : "parent-artifactid",
        "value" : "logback-parent"
      } ],
      "versionEvidence" : [ {
        "type" : "version",
        "confidence" : "HIGH",
        "source" : "file",
        "name" : "version",
        "value" : "1.3.13"
      }, {
        "type" : "version",
        "confidence" : "HIGH",
        "source" : "Manifest",
        "name" : "Bundle-Version",
        "value" : "1.3.13"
      }, {
        "type" : "version",
        "confidence" : "HIGH",
        "source" : "Manifest",
        "name" : "Implementation-Version",
        "value" : "1.3.13"
      }, {
        "type" : "version",
        "confidence" : "HIGHEST",
        "source" : "pom",
        "name" : "version",
        "value" : "1.3.13"
      } ]
    },
    "packages" : [ {
      "id" : "pkg:maven/ch.qos.logback/logback-access@1.3.13",
      "confidence" : "HIGH",
      "url" : "https://ossindex.sonatype.org/component/pkg:maven/ch.qos.logback/logback-access@1.3.13?utm_source=dependency-check&utm_medium=integration&utm_content=10.0.3"
    } ],
    "vulnerabilityIds" : [ {
      "id" : "cpe:2.3:a:qos:logback:1.3.13:*:*:*:*:*:*:*",
      "confidence" : "HIGHEST",
      "url" : "https://nvd.nist.gov/vuln/search/results?form_type=Advanced&results_type=overview&search_type=all&cpe_vendor=cpe%3A%2F%3Aqos&cpe_product=cpe%3A%2F%3Aqos%3Alogback&cpe_version=cpe%3A%2F%3Aqos%3Alogback%3A1.3.13"
    } ],
    "vulnerabilities" : [ {
      "source" : "NVD",
      "name" : "CVE-2023-6481",
      "severity" : "HIGH",
      "cvssv3" : {
        "baseScore" : 7.5,
        "attackVector" : "NETWORK",
        "attackComplexity" : "LOW",
        "privilegesRequired" : "NONE",
        "userInteraction" : "NONE",
        "scope" : "UNCHANGED",
        "confidentialityImpact" : "NONE",
        "integrityImpact" : "NONE",
        "availabilityImpact" : "HIGH",
        "baseSeverity" : "HIGH",
        "exploitabilityScore" : "3.9",
        "impactScore" : "3.6",
        "version" : "3.1"
      },
      "cwes" : [ "NVD-CWE-noinfo" ],
      "description" : "A serialization vulnerability in logback receiver component part of \nlogback version 1.4.13, 1.3.13 and 1.2.12 allows an attacker to mount a Denial-Of-Service \nattack by sending poisoned data.\n\n",
      "notes" : "",
      "references" : [ {
        "source" : "vulnerability@ncsc.ch",
        "url" : "https://logback.qos.ch/news.html#1.3.14",
        "name" : "RELEASE_NOTES"
      }, {
        "source" : "vulnerability@ncsc.ch",
        "url" : "https://logback.qos.ch/news.html#1.3.12",
        "name" : "RELEASE_NOTES"
      } ],
      "vulnerableSoftware" : [ {
        "software" : {
          "id" : "cpe:2.3:a:qos:logback:1.2.12:*:*:*:*:*:*:*"
        }
      }, {
        "software" : {
          "id" : "cpe:2.3:a:qos:logback:1.3.13:*:*:*:*:*:*:*",
          "vulnerabilityIdMatched" : "true"
        }
      }, {
        "software" : {
          "id" : "cpe:2.3:a:qos:logback:1.4.13:*:*:*:*:*:*:*"
        }
      } ]
    } ]
  }, {
    "isVirtual" : false,
    "fileName" : "logback-classic-1.3.13-sources.jar",
    "filePath" : "D:\\a\\H6060-Java-Logback\\H6060-Java-Logback\\upstream-repository\\target\\logback-classic\\target\\logback-classic-1.3.13-sources.jar",
    "md5" : "17aa4569fac9c01da5fadd3a2fb62a62",
    "sha1" : "ab4681065d4f2fa8a54787e31aa545a148ad8f93",
    "sha256" : "6ee0fc9413137cea2038b2a903b0c1b45e3c7ecdbdc8d3d9d5881c355f300b89",
    "evidenceCollected" : {
      "vendorEvidence" : [ {
        "type" : "vendor",
        "confidence" : "HIGH",
        "source" : "file",
        "name" : "name",
        "value" : "logback-classic"
      } ],
      "productEvidence" : [ {
        "type" : "product",
        "confidence" : "HIGH",
        "source" : "file",
        "name" : "name",
        "value" : "logback-classic"
      } ],
      "versionEvidence" : [ {
        "type" : "version",
        "confidence" : "MEDIUM",
        "source" : "file",
        "name" : "name",
        "value" : "logback-classic"
      }, {
        "type" : "version",
        "confidence" : "HIGH",
        "source" : "file",
        "name" : "version",
        "value" : "1.3.13"
      } ]
    }
  }, {
    "isVirtual" : false,
    "fileName" : "logback-classic-1.3.13-test-sources.jar",
    "filePath" : "D:\\a\\H6060-Java-Logback\\H6060-Java-Logback\\upstream-repository\\target\\logback-classic\\target\\logback-classic-1.3.13-test-sources.jar",
    "md5" : "b35cece11e60b2df974547fc1316b64d",
    "sha1" : "49ead5ac53bccd0b7a4d14609f287e36069fe1ab",
    "sha256" : "5a6d4353e2cacf4cf91669ae111b02d024aea2373ec7d5f26ad27f19fb17dc79",
    "evidenceCollected" : {
      "vendorEvidence" : [ {
        "type" : "vendor",
        "confidence" : "HIGH",
        "source" : "file",
        "name" : "name",
        "value" : "logback-classic"
      } ],
      "productEvidence" : [ {
        "type" : "product",
        "confidence" : "HIGH",
        "source" : "file",
        "name" : "name",
        "value" : "logback-classic"
      } ],
      "versionEvidence" : [ {
        "type" : "version",
        "confidence" : "MEDIUM",
        "source" : "file",
        "name" : "name",
        "value" : "logback-classic"
      }, {
        "type" : "version",
        "confidence" : "HIGH",
        "source" : "file",
        "name" : "version",
        "value" : "1.3.13"
      } ]
    }
  }, {
    "isVirtual" : false,
    "fileName" : "logback-classic-1.3.13.jar",
    "filePath" : "D:\\a\\H6060-Java-Logback\\H6060-Java-Logback\\upstream-repository\\target\\logback-classic\\target\\logback-classic-1.3.13.jar",
    "md5" : "e010a700e953277cb74d6061c4b776bd",
    "sha1" : "19405e73aa3d8fc113bd21746aea41807c3acb15",
    "sha256" : "fbd8d4eaff2bdf5b266eadaf3463ad93de6137b775fd8ac4da1e6e37ad41c839",
    "description" : "logback-classic module",
    "license" : "http://www.eclipse.org/legal/epl-v10.html, http://www.gnu.org/licenses/old-licenses/lgpl-2.1.html",
    "evidenceCollected" : {
      "vendorEvidence" : [ {
        "type" : "vendor",
        "confidence" : "HIGH",
        "source" : "file",
        "name" : "name",
        "value" : "logback-classic"
      }, {
        "type" : "vendor",
        "confidence" : "HIGHEST",
        "source" : "jar",
        "name" : "package name",
        "value" : "ch"
      }, {
        "type" : "vendor",
        "confidence" : "HIGHEST",
        "source" : "jar",
        "name" : "package name",
        "value" : "classic"
      }, {
        "type" : "vendor",
        "confidence" : "HIGHEST",
        "source" : "jar",
        "name" : "package name",
        "value" : "logback"
      }, {
        "type" : "vendor",
        "confidence" : "HIGHEST",
        "source" : "jar",
        "name" : "package name",
        "value" : "qos"
      }, {
        "type" : "vendor",
        "confidence" : "LOW",
        "source" : "Manifest",
        "name" : "build-jdk-spec",
        "value" : "17"
      }, {
        "type" : "vendor",
        "confidence" : "LOW",
        "source" : "Manifest",
        "name" : "bundle-docurl",
        "value" : "http://www.qos.ch"
      }, {
        "type" : "vendor",
        "confidence" : "MEDIUM",
        "source" : "Manifest",
        "name" : "bundle-symbolicname",
        "value" : "ch.qos.logback.classic"
      }, {
        "type" : "vendor",
        "confidence" : "HIGH",
        "source" : "Manifest",
        "name" : "Implementation-Vendor",
        "value" : "QOS.ch"
      }, {
        "type" : "vendor",
        "confidence" : "LOW",
        "source" : "Manifest",
        "name" : "multi-release",
        "value" : "true"
      }, {
        "type" : "vendor",
        "confidence" : "LOW",
        "source" : "Manifest",
        "name" : "provide-capability",
        "value" : "osgi.service;objectClass:List=\"jakarta.servlet.ServletContainerInitializer\";effective:=active,osgi.service;objectClass:List=\"org.slf4j.spi.SLF4JServiceProvider\";effective:=active,osgi.serviceloader;osgi.serviceloader=\"jakarta.servlet.ServletContainerInitializer\";register:=\"ch.qos.logback.classic.servlet.LogbackServletContainerInitializer\",osgi.serviceloader;osgi.serviceloader=\"org.slf4j.spi.SLF4JServiceProvider\";register:=\"ch.qos.logback.classic.spi.LogbackServiceProvider\""
      }, {
        "type" : "vendor",
        "confidence" : "LOW",
        "source" : "Manifest",
        "name" : "specification-vendor",
        "value" : "QOS.ch"
      }, {
        "type" : "vendor",
        "confidence" : "LOW",
        "source" : "pom",
        "name" : "artifactid",
        "value" : "logback-classic"
      }, {
        "type" : "vendor",
        "confidence" : "HIGHEST",
        "source" : "pom",
        "name" : "groupid",
        "value" : "ch.qos.logback"
      }, {
        "type" : "vendor",
        "confidence" : "HIGH",
        "source" : "pom",
        "name" : "name",
        "value" : "Logback Classic Module"
      }, {
        "type" : "vendor",
        "confidence" : "LOW",
        "source" : "pom",
        "name" : "parent-artifactid",
        "value" : "logback-parent"
      } ],
      "productEvidence" : [ {
        "type" : "product",
        "confidence" : "HIGH",
        "source" : "file",
        "name" : "name",
        "value" : "logback-classic"
      }, {
        "type" : "product",
        "confidence" : "HIGHEST",
        "source" : "jar",
        "name" : "package name",
        "value" : "ch"
      }, {
        "type" : "product",
        "confidence" : "HIGHEST",
        "source" : "jar",
        "name" : "package name",
        "value" : "classic"
      }, {
        "type" : "product",
        "confidence" : "HIGHEST",
        "source" : "jar",
        "name" : "package name",
        "value" : "logback"
      }, {
        "type" : "product",
        "confidence" : "HIGHEST",
        "source" : "jar",
        "name" : "package name",
        "value" : "qos"
      }, {
        "type" : "product",
        "confidence" : "LOW",
        "source" : "Manifest",
        "name" : "build-jdk-spec",
        "value" : "17"
      }, {
        "type" : "product",
        "confidence" : "LOW",
        "source" : "Manifest",
        "name" : "bundle-docurl",
        "value" : "http://www.qos.ch"
      }, {
        "type" : "product",
        "confidence" : "MEDIUM",
        "source" : "Manifest",
        "name" : "Bundle-Name",
        "value" : "Logback Classic Module"
      }, {
        "type" : "product",
        "confidence" : "MEDIUM",
        "source" : "Manifest",
        "name" : "bundle-symbolicname",
        "value" : "ch.qos.logback.classic"
      }, {
        "type" : "product",
        "confidence" : "HIGH",
        "source" : "Manifest",
        "name" : "Implementation-Title",
        "value" : "Logback Classic Module"
      }, {
        "type" : "product",
        "confidence" : "LOW",
        "source" : "Manifest",
        "name" : "multi-release",
        "value" : "true"
      }, {
        "type" : "product",
        "confidence" : "LOW",
        "source" : "Manifest",
        "name" : "provide-capability",
        "value" : "osgi.service;objectClass:List=\"jakarta.servlet.ServletContainerInitializer\";effective:=active,osgi.service;objectClass:List=\"org.slf4j.spi.SLF4JServiceProvider\";effective:=active,osgi.serviceloader;osgi.serviceloader=\"jakarta.servlet.ServletContainerInitializer\";register:=\"ch.qos.logback.classic.servlet.LogbackServletContainerInitializer\",osgi.serviceloader;osgi.serviceloader=\"org.slf4j.spi.SLF4JServiceProvider\";register:=\"ch.qos.logback.classic.spi.LogbackServiceProvider\""
      }, {
        "type" : "product",
        "confidence" : "MEDIUM",
        "source" : "Manifest",
        "name" : "specification-title",
        "value" : "Logback Classic Module"
      }, {
        "type" : "product",
        "confidence" : "HIGHEST",
        "source" : "pom",
        "name" : "artifactid",
        "value" : "logback-classic"
      }, {
        "type" : "product",
        "confidence" : "HIGHEST",
        "source" : "pom",
        "name" : "groupid",
        "value" : "ch.qos.logback"
      }, {
        "type" : "product",
        "confidence" : "HIGH",
        "source" : "pom",
        "name" : "name",
        "value" : "Logback Classic Module"
      }, {
        "type" : "product",
        "confidence" : "MEDIUM",
        "source" : "pom",
        "name" : "parent-artifactid",
        "value" : "logback-parent"
      } ],
      "versionEvidence" : [ {
        "type" : "version",
        "confidence" : "HIGH",
        "source" : "file",
        "name" : "version",
        "value" : "1.3.13"
      }, {
        "type" : "version",
        "confidence" : "HIGH",
        "source" : "Manifest",
        "name" : "Bundle-Version",
        "value" : "1.3.13"
      }, {
        "type" : "version",
        "confidence" : "HIGH",
        "source" : "Manifest",
        "name" : "Implementation-Version",
        "value" : "1.3.13"
      }, {
        "type" : "version",
        "confidence" : "HIGHEST",
        "source" : "pom",
        "name" : "version",
        "value" : "1.3.13"
      } ]
    },
    "packages" : [ {
      "id" : "pkg:maven/ch.qos.logback/logback-classic@1.3.13",
      "confidence" : "HIGH",
      "url" : "https://ossindex.sonatype.org/component/pkg:maven/ch.qos.logback/logback-classic@1.3.13?utm_source=dependency-check&utm_medium=integration&utm_content=10.0.3"
    } ],
    "vulnerabilityIds" : [ {
      "id" : "cpe:2.3:a:qos:logback:1.3.13:*:*:*:*:*:*:*",
      "confidence" : "HIGHEST",
      "url" : "https://nvd.nist.gov/vuln/search/results?form_type=Advanced&results_type=overview&search_type=all&cpe_vendor=cpe%3A%2F%3Aqos&cpe_product=cpe%3A%2F%3Aqos%3Alogback&cpe_version=cpe%3A%2F%3Aqos%3Alogback%3A1.3.13"
    } ],
    "vulnerabilities" : [ {
      "source" : "NVD",
      "name" : "CVE-2023-6481",
      "severity" : "HIGH",
      "cvssv3" : {
        "baseScore" : 7.5,
        "attackVector" : "NETWORK",
        "attackComplexity" : "LOW",
        "privilegesRequired" : "NONE",
        "userInteraction" : "NONE",
        "scope" : "UNCHANGED",
        "confidentialityImpact" : "NONE",
        "integrityImpact" : "NONE",
        "availabilityImpact" : "HIGH",
        "baseSeverity" : "HIGH",
        "exploitabilityScore" : "3.9",
        "impactScore" : "3.6",
        "version" : "3.1"
      },
      "cwes" : [ "NVD-CWE-noinfo" ],
      "description" : "A serialization vulnerability in logback receiver component part of \nlogback version 1.4.13, 1.3.13 and 1.2.12 allows an attacker to mount a Denial-Of-Service \nattack by sending poisoned data.\n\n",
      "notes" : "",
      "references" : [ {
        "source" : "vulnerability@ncsc.ch",
        "url" : "https://logback.qos.ch/news.html#1.3.14",
        "name" : "RELEASE_NOTES"
      }, {
        "source" : "OSSINDEX",
        "url" : "https://ossindex.sonatype.org/vulnerability/CVE-2023-6481?component-type=maven&component-name=ch.qos.logback%2Flogback-core&utm_source=dependency-check&utm_medium=integration&utm_content=10.0.3",
        "name" : "[CVE-2023-6481] CWE-noinfo"
      }, {
        "source" : "OSSIndex",
        "url" : "https://logback.qos.ch/news.html#1.3.12",
        "name" : "https://logback.qos.ch/news.html#1.3.12"
      }, {
        "source" : "vulnerability@ncsc.ch",
        "url" : "https://logback.qos.ch/news.html#1.3.12",
        "name" : "RELEASE_NOTES"
      }, {
        "source" : "OSSIndex",
        "url" : "http://web.nvd.nist.gov/view/vuln/detail?vulnId=CVE-2023-6481",
        "name" : "http://web.nvd.nist.gov/view/vuln/detail?vulnId=CVE-2023-6481"
      } ],
      "vulnerableSoftware" : [ {
        "software" : {
          "id" : "cpe:2.3:a:qos:logback:1.2.12:*:*:*:*:*:*:*"
        }
      }, {
        "software" : {
          "id" : "cpe:2.3:a:qos:logback:1.3.13:*:*:*:*:*:*:*",
          "vulnerabilityIdMatched" : "true"
        }
      }, {
        "software" : {
          "id" : "cpe:2.3:a:qos:logback:1.4.13:*:*:*:*:*:*:*"
        }
      } ]
    } ]
  }, {
    "isVirtual" : false,
    "fileName" : "logback-classic-blackbox-1.3.13-test-sources.jar",
    "filePath" : "D:\\a\\H6060-Java-Logback\\H6060-Java-Logback\\upstream-repository\\target\\logback-classic-blackbox\\target\\logback-classic-blackbox-1.3.13-test-sources.jar",
    "md5" : "f26d777c16ae2d2a8c4c0212a6ad49cf",
    "sha1" : "7a82f9f5cab805812463f95ebec5bfa3e40f03b3",
    "sha256" : "b18ae5d6e236c2269e316a7520413d509dd66f9d4cec0fe24611a84a6496d8ab",
    "evidenceCollected" : {
      "vendorEvidence" : [ {
        "type" : "vendor",
        "confidence" : "HIGH",
        "source" : "file",
        "name" : "name",
        "value" : "logback-classic-blackbox"
      } ],
      "productEvidence" : [ {
        "type" : "product",
        "confidence" : "HIGH",
        "source" : "file",
        "name" : "name",
        "value" : "logback-classic-blackbox"
      } ],
      "versionEvidence" : [ {
        "type" : "version",
        "confidence" : "MEDIUM",
        "source" : "file",
        "name" : "name",
        "value" : "logback-classic-blackbox"
      }, {
        "type" : "version",
        "confidence" : "HIGH",
        "source" : "file",
        "name" : "version",
        "value" : "1.3.13"
      } ]
    }
  }, {
    "isVirtual" : false,
    "fileName" : "logback-classic-blackbox-1.3.13.jar",
    "filePath" : "D:\\a\\H6060-Java-Logback\\H6060-Java-Logback\\upstream-repository\\target\\logback-classic-blackbox\\target\\logback-classic-blackbox-1.3.13.jar",
    "md5" : "ba006170b08828610e27eeda2befca98",
    "sha1" : "19a40dea30856065dbce0d2552d04087dfe254a3",
    "sha256" : "20df1d488b4c33b55f10dd4ae2825ede0ee2d140b4e65dc948e9861fce5cc99d",
    "description" : "Logback Classic Blackbox Testing Module",
    "evidenceCollected" : {
      "vendorEvidence" : [ {
        "type" : "vendor",
        "confidence" : "HIGH",
        "source" : "file",
        "name" : "name",
        "value" : "logback-classic-blackbox"
      }, {
        "type" : "vendor",
        "confidence" : "LOW",
        "source" : "Manifest",
        "name" : "build-jdk-spec",
        "value" : "17"
      }, {
        "type" : "vendor",
        "confidence" : "HIGH",
        "source" : "Manifest",
        "name" : "Implementation-Vendor",
        "value" : "QOS.ch"
      }, {
        "type" : "vendor",
        "confidence" : "LOW",
        "source" : "Manifest",
        "name" : "specification-vendor",
        "value" : "QOS.ch"
      }, {
        "type" : "vendor",
        "confidence" : "LOW",
        "source" : "pom",
        "name" : "artifactid",
        "value" : "logback-classic-blackbox"
      }, {
        "type" : "vendor",
        "confidence" : "HIGHEST",
        "source" : "pom",
        "name" : "groupid",
        "value" : "ch.qos.logback"
      }, {
        "type" : "vendor",
        "confidence" : "HIGH",
        "source" : "pom",
        "name" : "name",
        "value" : "Logback Classic Blackbox Testing"
      }, {
        "type" : "vendor",
        "confidence" : "LOW",
        "source" : "pom",
        "name" : "parent-artifactid",
        "value" : "logback-parent"
      } ],
      "productEvidence" : [ {
        "type" : "product",
        "confidence" : "HIGH",
        "source" : "file",
        "name" : "name",
        "value" : "logback-classic-blackbox"
      }, {
        "type" : "product",
        "confidence" : "LOW",
        "source" : "Manifest",
        "name" : "build-jdk-spec",
        "value" : "17"
      }, {
        "type" : "product",
        "confidence" : "HIGH",
        "source" : "Manifest",
        "name" : "Implementation-Title",
        "value" : "Logback Classic Blackbox Testing"
      }, {
        "type" : "product",
        "confidence" : "MEDIUM",
        "source" : "Manifest",
        "name" : "specification-title",
        "value" : "Logback Classic Blackbox Testing"
      }, {
        "type" : "product",
        "confidence" : "HIGHEST",
        "source" : "pom",
        "name" : "artifactid",
        "value" : "logback-classic-blackbox"
      }, {
        "type" : "product",
        "confidence" : "HIGHEST",
        "source" : "pom",
        "name" : "groupid",
        "value" : "ch.qos.logback"
      }, {
        "type" : "product",
        "confidence" : "HIGH",
        "source" : "pom",
        "name" : "name",
        "value" : "Logback Classic Blackbox Testing"
      }, {
        "type" : "product",
        "confidence" : "MEDIUM",
        "source" : "pom",
        "name" : "parent-artifactid",
        "value" : "logback-parent"
      } ],
      "versionEvidence" : [ {
        "type" : "version",
        "confidence" : "HIGH",
        "source" : "file",
        "name" : "version",
        "value" : "1.3.13"
      }, {
        "type" : "version",
        "confidence" : "HIGH",
        "source" : "Manifest",
        "name" : "Implementation-Version",
        "value" : "1.3.13"
      }, {
        "type" : "version",
        "confidence" : "HIGHEST",
        "source" : "pom",
        "name" : "version",
        "value" : "1.3.13"
      } ]
    },
    "packages" : [ {
      "id" : "pkg:maven/ch.qos.logback/logback-classic-blackbox@1.3.13",
      "confidence" : "HIGH",
      "url" : "https://ossindex.sonatype.org/component/pkg:maven/ch.qos.logback/logback-classic-blackbox@1.3.13?utm_source=dependency-check&utm_medium=integration&utm_content=10.0.3"
    } ],
    "vulnerabilityIds" : [ {
      "id" : "cpe:2.3:a:qos:logback:1.3.13:*:*:*:*:*:*:*",
      "confidence" : "HIGHEST",
      "url" : "https://nvd.nist.gov/vuln/search/results?form_type=Advanced&results_type=overview&search_type=all&cpe_vendor=cpe%3A%2F%3Aqos&cpe_product=cpe%3A%2F%3Aqos%3Alogback&cpe_version=cpe%3A%2F%3Aqos%3Alogback%3A1.3.13"
    } ],
    "vulnerabilities" : [ {
      "source" : "NVD",
      "name" : "CVE-2023-6481",
      "severity" : "HIGH",
      "cvssv3" : {
        "baseScore" : 7.5,
        "attackVector" : "NETWORK",
        "attackComplexity" : "LOW",
        "privilegesRequired" : "NONE",
        "userInteraction" : "NONE",
        "scope" : "UNCHANGED",
        "confidentialityImpact" : "NONE",
        "integrityImpact" : "NONE",
        "availabilityImpact" : "HIGH",
        "baseSeverity" : "HIGH",
        "exploitabilityScore" : "3.9",
        "impactScore" : "3.6",
        "version" : "3.1"
      },
      "cwes" : [ "NVD-CWE-noinfo" ],
      "description" : "A serialization vulnerability in logback receiver component part of \nlogback version 1.4.13, 1.3.13 and 1.2.12 allows an attacker to mount a Denial-Of-Service \nattack by sending poisoned data.\n\n",
      "notes" : "",
      "references" : [ {
        "source" : "vulnerability@ncsc.ch",
        "url" : "https://logback.qos.ch/news.html#1.3.14",
        "name" : "RELEASE_NOTES"
      }, {
        "source" : "vulnerability@ncsc.ch",
        "url" : "https://logback.qos.ch/news.html#1.3.12",
        "name" : "RELEASE_NOTES"
      } ],
      "vulnerableSoftware" : [ {
        "software" : {
          "id" : "cpe:2.3:a:qos:logback:1.2.12:*:*:*:*:*:*:*"
        }
      }, {
        "software" : {
          "id" : "cpe:2.3:a:qos:logback:1.3.13:*:*:*:*:*:*:*",
          "vulnerabilityIdMatched" : "true"
        }
      }, {
        "software" : {
          "id" : "cpe:2.3:a:qos:logback:1.4.13:*:*:*:*:*:*:*"
        }
      } ]
    } ]
  }, {
    "isVirtual" : false,
    "fileName" : "logback-core-1.3.13-sources.jar",
    "filePath" : "D:\\a\\H6060-Java-Logback\\H6060-Java-Logback\\upstream-repository\\target\\logback-core\\target\\logback-core-1.3.13-sources.jar",
    "md5" : "9134bc74c3196f08192ddad1aacea8f9",
    "sha1" : "5783aeaccc37992ed6950d196b5cd7d04270b98c",
    "sha256" : "539e2f0dca46839499b649dd25a8e857309428bd5836e1c710fb78c618e5c528",
    "evidenceCollected" : {
      "vendorEvidence" : [ {
        "type" : "vendor",
        "confidence" : "HIGH",
        "source" : "file",
        "name" : "name",
        "value" : "logback-core"
      } ],
      "productEvidence" : [ {
        "type" : "product",
        "confidence" : "HIGH",
        "source" : "file",
        "name" : "name",
        "value" : "logback-core"
      } ],
      "versionEvidence" : [ {
        "type" : "version",
        "confidence" : "MEDIUM",
        "source" : "file",
        "name" : "name",
        "value" : "logback-core"
      }, {
        "type" : "version",
        "confidence" : "HIGH",
        "source" : "file",
        "name" : "version",
        "value" : "1.3.13"
      } ]
    }
  }, {
    "isVirtual" : false,
    "fileName" : "logback-core-1.3.13-test-sources.jar",
    "filePath" : "D:\\a\\H6060-Java-Logback\\H6060-Java-Logback\\upstream-repository\\target\\logback-core\\target\\logback-core-1.3.13-test-sources.jar",
    "md5" : "35b6c58a408fe31de5f8a41666d0584c",
    "sha1" : "d770a7d177282f0bf009d7b31626c4ac38ab1512",
    "sha256" : "ccef1a6ea7d3da5eb0de7c3812b4c89101ecc052ed689c055c3f7325093e78c1",
    "evidenceCollected" : {
      "vendorEvidence" : [ {
        "type" : "vendor",
        "confidence" : "HIGH",
        "source" : "file",
        "name" : "name",
        "value" : "logback-core"
      } ],
      "productEvidence" : [ {
        "type" : "product",
        "confidence" : "HIGH",
        "source" : "file",
        "name" : "name",
        "value" : "logback-core"
      } ],
      "versionEvidence" : [ {
        "type" : "version",
        "confidence" : "MEDIUM",
        "source" : "file",
        "name" : "name",
        "value" : "logback-core"
      }, {
        "type" : "version",
        "confidence" : "HIGH",
        "source" : "file",
        "name" : "version",
        "value" : "1.3.13"
      } ]
    }
  }, {
    "isVirtual" : false,
    "fileName" : "logback-core-1.3.13.jar",
    "filePath" : "D:\\a\\H6060-Java-Logback\\H6060-Java-Logback\\upstream-repository\\target\\logback-core\\target\\logback-core-1.3.13.jar",
    "md5" : "224c2dffaded3280913a83feafb91d00",
    "sha1" : "a9a891fefad4ddea3e4c1dd82edcaa76fb756fad",
    "sha256" : "6c3f2c4ac36e845e903738a236c1dfa2615d86798e23d7780f7d5959e65984d6",
    "description" : "logback-core module",
    "license" : "http://www.eclipse.org/legal/epl-v10.html, http://www.gnu.org/licenses/old-licenses/lgpl-2.1.html",
    "evidenceCollected" : {
      "vendorEvidence" : [ {
        "type" : "vendor",
        "confidence" : "HIGH",
        "source" : "file",
        "name" : "name",
        "value" : "logback-core"
      }, {
        "type" : "vendor",
        "confidence" : "HIGHEST",
        "source" : "jar",
        "name" : "package name",
        "value" : "ch"
      }, {
        "type" : "vendor",
        "confidence" : "HIGHEST",
        "source" : "jar",
        "name" : "package name",
        "value" : "core"
      }, {
        "type" : "vendor",
        "confidence" : "HIGHEST",
        "source" : "jar",
        "name" : "package name",
        "value" : "logback"
      }, {
        "type" : "vendor",
        "confidence" : "HIGHEST",
        "source" : "jar",
        "name" : "package name",
        "value" : "qos"
      }, {
        "type" : "vendor",
        "confidence" : "LOW",
        "source" : "Manifest",
        "name" : "build-jdk-spec",
        "value" : "17"
      }, {
        "type" : "vendor",
        "confidence" : "LOW",
        "source" : "Manifest",
        "name" : "bundle-docurl",
        "value" : "http://www.qos.ch"
      }, {
        "type" : "vendor",
        "confidence" : "MEDIUM",
        "source" : "Manifest",
        "name" : "bundle-symbolicname",
        "value" : "ch.qos.logback.core"
      }, {
        "type" : "vendor",
        "confidence" : "HIGH",
        "source" : "Manifest",
        "name" : "Implementation-Vendor",
        "value" : "QOS.ch"
      }, {
        "type" : "vendor",
        "confidence" : "LOW",
        "source" : "Manifest",
        "name" : "multi-release",
        "value" : "true"
      }, {
        "type" : "vendor",
        "confidence" : "LOW",
        "source" : "Manifest",
        "name" : "specification-vendor",
        "value" : "QOS.ch"
      }, {
        "type" : "vendor",
        "confidence" : "LOW",
        "source" : "pom",
        "name" : "artifactid",
        "value" : "logback-core"
      }, {
        "type" : "vendor",
        "confidence" : "HIGHEST",
        "source" : "pom",
        "name" : "groupid",
        "value" : "ch.qos.logback"
      }, {
        "type" : "vendor",
        "confidence" : "HIGH",
        "source" : "pom",
        "name" : "name",
        "value" : "Logback Core Module"
      }, {
        "type" : "vendor",
        "confidence" : "LOW",
        "source" : "pom",
        "name" : "parent-artifactid",
        "value" : "logback-parent"
      } ],
      "productEvidence" : [ {
        "type" : "product",
        "confidence" : "HIGH",
        "source" : "file",
        "name" : "name",
        "value" : "logback-core"
      }, {
        "type" : "product",
        "confidence" : "HIGHEST",
        "source" : "jar",
        "name" : "package name",
        "value" : "ch"
      }, {
        "type" : "product",
        "confidence" : "HIGHEST",
        "source" : "jar",
        "name" : "package name",
        "value" : "core"
      }, {
        "type" : "product",
        "confidence" : "HIGHEST",
        "source" : "jar",
        "name" : "package name",
        "value" : "logback"
      }, {
        "type" : "product",
        "confidence" : "HIGHEST",
        "source" : "jar",
        "name" : "package name",
        "value" : "qos"
      }, {
        "type" : "product",
        "confidence" : "LOW",
        "source" : "Manifest",
        "name" : "build-jdk-spec",
        "value" : "17"
      }, {
        "type" : "product",
        "confidence" : "LOW",
        "source" : "Manifest",
        "name" : "bundle-docurl",
        "value" : "http://www.qos.ch"
      }, {
        "type" : "product",
        "confidence" : "MEDIUM",
        "source" : "Manifest",
        "name" : "Bundle-Name",
        "value" : "Logback Core Module"
      }, {
        "type" : "product",
        "confidence" : "MEDIUM",
        "source" : "Manifest",
        "name" : "bundle-symbolicname",
        "value" : "ch.qos.logback.core"
      }, {
        "type" : "product",
        "confidence" : "HIGH",
        "source" : "Manifest",
        "name" : "Implementation-Title",
        "value" : "Logback Core Module"
      }, {
        "type" : "product",
        "confidence" : "LOW",
        "source" : "Manifest",
        "name" : "multi-release",
        "value" : "true"
      }, {
        "type" : "product",
        "confidence" : "MEDIUM",
        "source" : "Manifest",
        "name" : "specification-title",
        "value" : "Logback Core Module"
      }, {
        "type" : "product",
        "confidence" : "HIGHEST",
        "source" : "pom",
        "name" : "artifactid",
        "value" : "logback-core"
      }, {
        "type" : "product",
        "confidence" : "HIGHEST",
        "source" : "pom",
        "name" : "groupid",
        "value" : "ch.qos.logback"
      }, {
        "type" : "product",
        "confidence" : "HIGH",
        "source" : "pom",
        "name" : "name",
        "value" : "Logback Core Module"
      }, {
        "type" : "product",
        "confidence" : "MEDIUM",
        "source" : "pom",
        "name" : "parent-artifactid",
        "value" : "logback-parent"
      } ],
      "versionEvidence" : [ {
        "type" : "version",
        "confidence" : "HIGH",
        "source" : "file",
        "name" : "version",
        "value" : "1.3.13"
      }, {
        "type" : "version",
        "confidence" : "HIGH",
        "source" : "Manifest",
        "name" : "Bundle-Version",
        "value" : "1.3.13"
      }, {
        "type" : "version",
        "confidence" : "HIGH",
        "source" : "Manifest",
        "name" : "Implementation-Version",
        "value" : "1.3.13"
      }, {
        "type" : "version",
        "confidence" : "HIGHEST",
        "source" : "pom",
        "name" : "version",
        "value" : "1.3.13"
      } ]
    },
    "packages" : [ {
      "id" : "pkg:maven/ch.qos.logback/logback-core@1.3.13",
      "confidence" : "HIGH",
      "url" : "https://ossindex.sonatype.org/component/pkg:maven/ch.qos.logback/logback-core@1.3.13?utm_source=dependency-check&utm_medium=integration&utm_content=10.0.3"
    } ],
    "vulnerabilityIds" : [ {
      "id" : "cpe:2.3:a:qos:logback:1.3.13:*:*:*:*:*:*:*",
      "confidence" : "HIGHEST",
      "url" : "https://nvd.nist.gov/vuln/search/results?form_type=Advanced&results_type=overview&search_type=all&cpe_vendor=cpe%3A%2F%3Aqos&cpe_product=cpe%3A%2F%3Aqos%3Alogback&cpe_version=cpe%3A%2F%3Aqos%3Alogback%3A1.3.13"
    } ],
    "vulnerabilities" : [ {
      "source" : "NVD",
      "name" : "CVE-2023-6481",
      "severity" : "HIGH",
      "cvssv3" : {
        "baseScore" : 7.5,
        "attackVector" : "NETWORK",
        "attackComplexity" : "LOW",
        "privilegesRequired" : "NONE",
        "userInteraction" : "NONE",
        "scope" : "UNCHANGED",
        "confidentialityImpact" : "NONE",
        "integrityImpact" : "NONE",
        "availabilityImpact" : "HIGH",
        "baseSeverity" : "HIGH",
        "exploitabilityScore" : "3.9",
        "impactScore" : "3.6",
        "version" : "3.1"
      },
      "cwes" : [ "NVD-CWE-noinfo" ],
      "description" : "A serialization vulnerability in logback receiver component part of \nlogback version 1.4.13, 1.3.13 and 1.2.12 allows an attacker to mount a Denial-Of-Service \nattack by sending poisoned data.\n\n",
      "notes" : "",
      "references" : [ {
        "source" : "vulnerability@ncsc.ch",
        "url" : "https://logback.qos.ch/news.html#1.3.14",
        "name" : "RELEASE_NOTES"
      }, {
        "source" : "OSSINDEX",
        "url" : "https://ossindex.sonatype.org/vulnerability/CVE-2023-6481?component-type=maven&component-name=ch.qos.logback%2Flogback-core&utm_source=dependency-check&utm_medium=integration&utm_content=10.0.3",
        "name" : "[CVE-2023-6481] CWE-noinfo"
      }, {
        "source" : "OSSIndex",
        "url" : "https://logback.qos.ch/news.html#1.3.12",
        "name" : "https://logback.qos.ch/news.html#1.3.12"
      }, {
        "source" : "vulnerability@ncsc.ch",
        "url" : "https://logback.qos.ch/news.html#1.3.12",
        "name" : "RELEASE_NOTES"
      }, {
        "source" : "OSSIndex",
        "url" : "http://web.nvd.nist.gov/view/vuln/detail?vulnId=CVE-2023-6481",
        "name" : "http://web.nvd.nist.gov/view/vuln/detail?vulnId=CVE-2023-6481"
      } ],
      "vulnerableSoftware" : [ {
        "software" : {
          "id" : "cpe:2.3:a:qos:logback:1.2.12:*:*:*:*:*:*:*"
        }
      }, {
        "software" : {
          "id" : "cpe:2.3:a:qos:logback:1.3.13:*:*:*:*:*:*:*",
          "vulnerabilityIdMatched" : "true"
        }
      }, {
        "software" : {
          "id" : "cpe:2.3:a:qos:logback:1.4.13:*:*:*:*:*:*:*"
        }
      } ]
    } ]
  }, {
    "isVirtual" : false,
    "fileName" : "logback-core-blackbox-1.3.13-test-sources.jar",
    "filePath" : "D:\\a\\H6060-Java-Logback\\H6060-Java-Logback\\upstream-repository\\target\\logback-core-blackbox\\target\\logback-core-blackbox-1.3.13-test-sources.jar",
    "md5" : "3e1fdc10735d1d6cc84722335d02ef80",
    "sha1" : "28d69ae0941e9523d590f69cbfa6e98a2ea70577",
    "sha256" : "624ad35911ca5d84fe9e2bef71bb9f7ff62a4cf375a6eb3c2d485859adfeee8e",
    "evidenceCollected" : {
      "vendorEvidence" : [ {
        "type" : "vendor",
        "confidence" : "HIGH",
        "source" : "file",
        "name" : "name",
        "value" : "logback-core-blackbox"
      } ],
      "productEvidence" : [ {
        "type" : "product",
        "confidence" : "HIGH",
        "source" : "file",
        "name" : "name",
        "value" : "logback-core-blackbox"
      } ],
      "versionEvidence" : [ {
        "type" : "version",
        "confidence" : "MEDIUM",
        "source" : "file",
        "name" : "name",
        "value" : "logback-core-blackbox"
      }, {
        "type" : "version",
        "confidence" : "HIGH",
        "source" : "file",
        "name" : "version",
        "value" : "1.3.13"
      } ]
    }
  }, {
    "isVirtual" : false,
    "fileName" : "logback-core-blackbox-1.3.13.jar",
    "filePath" : "D:\\a\\H6060-Java-Logback\\H6060-Java-Logback\\upstream-repository\\target\\logback-core-blackbox\\target\\logback-core-blackbox-1.3.13.jar",
    "md5" : "f1bc68a663e2ab63fb983558341c0534",
    "sha1" : "f1517ff5c50cba58c97d3fc25b87a8010465b072",
    "sha256" : "ab5682304b1294ae70bc2b8b06f89f928767f9c5af5c62e8dde393f1f1d5a6b8",
    "description" : "Logback Core Blackbox Testing Module",
    "evidenceCollected" : {
      "vendorEvidence" : [ {
        "type" : "vendor",
        "confidence" : "HIGH",
        "source" : "file",
        "name" : "name",
        "value" : "logback-core-blackbox"
      }, {
        "type" : "vendor",
        "confidence" : "LOW",
        "source" : "Manifest",
        "name" : "build-jdk-spec",
        "value" : "17"
      }, {
        "type" : "vendor",
        "confidence" : "HIGH",
        "source" : "Manifest",
        "name" : "Implementation-Vendor",
        "value" : "QOS.ch"
      }, {
        "type" : "vendor",
        "confidence" : "LOW",
        "source" : "Manifest",
        "name" : "specification-vendor",
        "value" : "QOS.ch"
      }, {
        "type" : "vendor",
        "confidence" : "LOW",
        "source" : "pom",
        "name" : "artifactid",
        "value" : "logback-core-blackbox"
      }, {
        "type" : "vendor",
        "confidence" : "HIGHEST",
        "source" : "pom",
        "name" : "groupid",
        "value" : "ch.qos.logback"
      }, {
        "type" : "vendor",
        "confidence" : "HIGH",
        "source" : "pom",
        "name" : "name",
        "value" : "Logback Core Blackbox Testing"
      }, {
        "type" : "vendor",
        "confidence" : "LOW",
        "source" : "pom",
        "name" : "parent-artifactid",
        "value" : "logback-parent"
      } ],
      "productEvidence" : [ {
        "type" : "product",
        "confidence" : "HIGH",
        "source" : "file",
        "name" : "name",
        "value" : "logback-core-blackbox"
      }, {
        "type" : "product",
        "confidence" : "LOW",
        "source" : "Manifest",
        "name" : "build-jdk-spec",
        "value" : "17"
      }, {
        "type" : "product",
        "confidence" : "HIGH",
        "source" : "Manifest",
        "name" : "Implementation-Title",
        "value" : "Logback Core Blackbox Testing"
      }, {
        "type" : "product",
        "confidence" : "MEDIUM",
        "source" : "Manifest",
        "name" : "specification-title",
        "value" : "Logback Core Blackbox Testing"
      }, {
        "type" : "product",
        "confidence" : "HIGHEST",
        "source" : "pom",
        "name" : "artifactid",
        "value" : "logback-core-blackbox"
      }, {
        "type" : "product",
        "confidence" : "HIGHEST",
        "source" : "pom",
        "name" : "groupid",
        "value" : "ch.qos.logback"
      }, {
        "type" : "product",
        "confidence" : "HIGH",
        "source" : "pom",
        "name" : "name",
        "value" : "Logback Core Blackbox Testing"
      }, {
        "type" : "product",
        "confidence" : "MEDIUM",
        "source" : "pom",
        "name" : "parent-artifactid",
        "value" : "logback-parent"
      } ],
      "versionEvidence" : [ {
        "type" : "version",
        "confidence" : "HIGH",
        "source" : "file",
        "name" : "version",
        "value" : "1.3.13"
      }, {
        "type" : "version",
        "confidence" : "HIGH",
        "source" : "Manifest",
        "name" : "Implementation-Version",
        "value" : "1.3.13"
      }, {
        "type" : "version",
        "confidence" : "HIGHEST",
        "source" : "pom",
        "name" : "version",
        "value" : "1.3.13"
      } ]
    },
    "packages" : [ {
      "id" : "pkg:maven/ch.qos.logback/logback-core-blackbox@1.3.13",
      "confidence" : "HIGH",
      "url" : "https://ossindex.sonatype.org/component/pkg:maven/ch.qos.logback/logback-core-blackbox@1.3.13?utm_source=dependency-check&utm_medium=integration&utm_content=10.0.3"
    } ],
    "vulnerabilityIds" : [ {
      "id" : "cpe:2.3:a:qos:logback:1.3.13:*:*:*:*:*:*:*",
      "confidence" : "HIGHEST",
      "url" : "https://nvd.nist.gov/vuln/search/results?form_type=Advanced&results_type=overview&search_type=all&cpe_vendor=cpe%3A%2F%3Aqos&cpe_product=cpe%3A%2F%3Aqos%3Alogback&cpe_version=cpe%3A%2F%3Aqos%3Alogback%3A1.3.13"
    } ],
    "vulnerabilities" : [ {
      "source" : "NVD",
      "name" : "CVE-2023-6481",
      "severity" : "HIGH",
      "cvssv3" : {
        "baseScore" : 7.5,
        "attackVector" : "NETWORK",
        "attackComplexity" : "LOW",
        "privilegesRequired" : "NONE",
        "userInteraction" : "NONE",
        "scope" : "UNCHANGED",
        "confidentialityImpact" : "NONE",
        "integrityImpact" : "NONE",
        "availabilityImpact" : "HIGH",
        "baseSeverity" : "HIGH",
        "exploitabilityScore" : "3.9",
        "impactScore" : "3.6",
        "version" : "3.1"
      },
      "cwes" : [ "NVD-CWE-noinfo" ],
      "description" : "A serialization vulnerability in logback receiver component part of \nlogback version 1.4.13, 1.3.13 and 1.2.12 allows an attacker to mount a Denial-Of-Service \nattack by sending poisoned data.\n\n",
      "notes" : "",
      "references" : [ {
        "source" : "vulnerability@ncsc.ch",
        "url" : "https://logback.qos.ch/news.html#1.3.14",
        "name" : "RELEASE_NOTES"
      }, {
        "source" : "OSSINDEX",
        "url" : "https://ossindex.sonatype.org/vulnerability/CVE-2023-6481?component-type=maven&component-name=ch.qos.logback%2Flogback-core&utm_source=dependency-check&utm_medium=integration&utm_content=10.0.3",
        "name" : "[CVE-2023-6481] CWE-noinfo"
      }, {
        "source" : "OSSIndex",
        "url" : "https://logback.qos.ch/news.html#1.3.12",
        "name" : "https://logback.qos.ch/news.html#1.3.12"
      }, {
        "source" : "vulnerability@ncsc.ch",
        "url" : "https://logback.qos.ch/news.html#1.3.12",
        "name" : "RELEASE_NOTES"
      }, {
        "source" : "OSSIndex",
        "url" : "http://web.nvd.nist.gov/view/vuln/detail?vulnId=CVE-2023-6481",
        "name" : "http://web.nvd.nist.gov/view/vuln/detail?vulnId=CVE-2023-6481"
      } ],
      "vulnerableSoftware" : [ {
        "software" : {
          "id" : "cpe:2.3:a:qos:logback:1.2.12:*:*:*:*:*:*:*"
        }
      }, {
        "software" : {
          "id" : "cpe:2.3:a:qos:logback:1.3.13:*:*:*:*:*:*:*",
          "vulnerabilityIdMatched" : "true"
        }
      }, {
        "software" : {
          "id" : "cpe:2.3:a:qos:logback:1.4.13:*:*:*:*:*:*:*"
        }
      } ]
    } ]
  }, {
    "isVirtual" : false,
    "fileName" : "logback-examples-1.3.13-sources.jar",
    "filePath" : "D:\\a\\H6060-Java-Logback\\H6060-Java-Logback\\upstream-repository\\target\\logback-examples\\target\\logback-examples-1.3.13-sources.jar",
    "md5" : "a6f37fdc72bc643a81fde4db49c07883",
    "sha1" : "5855b83ad341fea3e05a06b902ee40ff7389eaf3",
    "sha256" : "b1f24dce3444640814884b5aeb7d2dbd447d1d3e59eda3b1bbc356d14fbd552f",
    "evidenceCollected" : {
      "vendorEvidence" : [ {
        "type" : "vendor",
        "confidence" : "HIGH",
        "source" : "file",
        "name" : "name",
        "value" : "logback-examples"
      } ],
      "productEvidence" : [ {
        "type" : "product",
        "confidence" : "HIGH",
        "source" : "file",
        "name" : "name",
        "value" : "logback-examples"
      } ],
      "versionEvidence" : [ {
        "type" : "version",
        "confidence" : "MEDIUM",
        "source" : "file",
        "name" : "name",
        "value" : "logback-examples"
      }, {
        "type" : "version",
        "confidence" : "HIGH",
        "source" : "file",
        "name" : "version",
        "value" : "1.3.13"
      } ]
    }
  }, {
    "isVirtual" : false,
    "fileName" : "logback-examples-1.3.13.jar",
    "filePath" : "D:\\a\\H6060-Java-Logback\\H6060-Java-Logback\\upstream-repository\\target\\logback-examples\\target\\logback-examples-1.3.13.jar",
    "md5" : "4c45e308b9529aecdd69adc3dd623808",
    "sha1" : "d52b5076060a1550fa1eb5d8888ee0f5aa338ebd",
    "sha256" : "0ef20ac688d90c9345d50f287a066d80159ff2d307a39238ac005d1ae185418f",
    "description" : "logback-examples module",
    "evidenceCollected" : {
      "vendorEvidence" : [ {
        "type" : "vendor",
        "confidence" : "HIGH",
        "source" : "file",
        "name" : "name",
        "value" : "logback-examples"
      }, {
        "type" : "vendor",
        "confidence" : "LOW",
        "source" : "Manifest",
        "name" : "build-jdk-spec",
        "value" : "17"
      }, {
        "type" : "vendor",
        "confidence" : "HIGH",
        "source" : "Manifest",
        "name" : "Implementation-Vendor",
        "value" : "QOS.ch"
      }, {
        "type" : "vendor",
        "confidence" : "LOW",
        "source" : "Manifest",
        "name" : "specification-vendor",
        "value" : "QOS.ch"
      }, {
        "type" : "vendor",
        "confidence" : "LOW",
        "source" : "pom",
        "name" : "artifactid",
        "value" : "logback-examples"
      }, {
        "type" : "vendor",
        "confidence" : "HIGHEST",
        "source" : "pom",
        "name" : "groupid",
        "value" : "ch.qos.logback"
      }, {
        "type" : "vendor",
        "confidence" : "HIGH",
        "source" : "pom",
        "name" : "name",
        "value" : "Logback Examples Module"
      }, {
        "type" : "vendor",
        "confidence" : "LOW",
        "source" : "pom",
        "name" : "parent-artifactid",
        "value" : "logback-parent"
      } ],
      "productEvidence" : [ {
        "type" : "product",
        "confidence" : "HIGH",
        "source" : "file",
        "name" : "name",
        "value" : "logback-examples"
      }, {
        "type" : "product",
        "confidence" : "LOW",
        "source" : "Manifest",
        "name" : "build-jdk-spec",
        "value" : "17"
      }, {
        "type" : "product",
        "confidence" : "HIGH",
        "source" : "Manifest",
        "name" : "Implementation-Title",
        "value" : "Logback Examples Module"
      }, {
        "type" : "product",
        "confidence" : "MEDIUM",
        "source" : "Manifest",
        "name" : "specification-title",
        "value" : "Logback Examples Module"
      }, {
        "type" : "product",
        "confidence" : "HIGHEST",
        "source" : "pom",
        "name" : "artifactid",
        "value" : "logback-examples"
      }, {
        "type" : "product",
        "confidence" : "HIGHEST",
        "source" : "pom",
        "name" : "groupid",
        "value" : "ch.qos.logback"
      }, {
        "type" : "product",
        "confidence" : "HIGH",
        "source" : "pom",
        "name" : "name",
        "value" : "Logback Examples Module"
      }, {
        "type" : "product",
        "confidence" : "MEDIUM",
        "source" : "pom",
        "name" : "parent-artifactid",
        "value" : "logback-parent"
      } ],
      "versionEvidence" : [ {
        "type" : "version",
        "confidence" : "HIGH",
        "source" : "file",
        "name" : "version",
        "value" : "1.3.13"
      }, {
        "type" : "version",
        "confidence" : "HIGH",
        "source" : "Manifest",
        "name" : "Implementation-Version",
        "value" : "1.3.13"
      }, {
        "type" : "version",
        "confidence" : "HIGHEST",
        "source" : "pom",
        "name" : "version",
        "value" : "1.3.13"
      } ]
    },
    "packages" : [ {
      "id" : "pkg:maven/ch.qos.logback/logback-examples@1.3.13",
      "confidence" : "HIGH",
      "url" : "https://ossindex.sonatype.org/component/pkg:maven/ch.qos.logback/logback-examples@1.3.13?utm_source=dependency-check&utm_medium=integration&utm_content=10.0.3"
    } ],
    "vulnerabilityIds" : [ {
      "id" : "cpe:2.3:a:qos:logback:1.3.13:*:*:*:*:*:*:*",
      "confidence" : "HIGHEST",
      "url" : "https://nvd.nist.gov/vuln/search/results?form_type=Advanced&results_type=overview&search_type=all&cpe_vendor=cpe%3A%2F%3Aqos&cpe_product=cpe%3A%2F%3Aqos%3Alogback&cpe_version=cpe%3A%2F%3Aqos%3Alogback%3A1.3.13"
    } ],
    "vulnerabilities" : [ {
      "source" : "NVD",
      "name" : "CVE-2023-6481",
      "severity" : "HIGH",
      "cvssv3" : {
        "baseScore" : 7.5,
        "attackVector" : "NETWORK",
        "attackComplexity" : "LOW",
        "privilegesRequired" : "NONE",
        "userInteraction" : "NONE",
        "scope" : "UNCHANGED",
        "confidentialityImpact" : "NONE",
        "integrityImpact" : "NONE",
        "availabilityImpact" : "HIGH",
        "baseSeverity" : "HIGH",
        "exploitabilityScore" : "3.9",
        "impactScore" : "3.6",
        "version" : "3.1"
      },
      "cwes" : [ "NVD-CWE-noinfo" ],
      "description" : "A serialization vulnerability in logback receiver component part of \nlogback version 1.4.13, 1.3.13 and 1.2.12 allows an attacker to mount a Denial-Of-Service \nattack by sending poisoned data.\n\n",
      "notes" : "",
      "references" : [ {
        "source" : "vulnerability@ncsc.ch",
        "url" : "https://logback.qos.ch/news.html#1.3.14",
        "name" : "RELEASE_NOTES"
      }, {
        "source" : "OSSINDEX",
        "url" : "https://ossindex.sonatype.org/vulnerability/CVE-2023-6481?component-type=maven&component-name=ch.qos.logback%2Flogback-core&utm_source=dependency-check&utm_medium=integration&utm_content=10.0.3",
        "name" : "[CVE-2023-6481] CWE-noinfo"
      }, {
        "source" : "OSSIndex",
        "url" : "https://logback.qos.ch/news.html#1.3.12",
        "name" : "https://logback.qos.ch/news.html#1.3.12"
      }, {
        "source" : "vulnerability@ncsc.ch",
        "url" : "https://logback.qos.ch/news.html#1.3.12",
        "name" : "RELEASE_NOTES"
      }, {
        "source" : "OSSIndex",
        "url" : "http://web.nvd.nist.gov/view/vuln/detail?vulnId=CVE-2023-6481",
        "name" : "http://web.nvd.nist.gov/view/vuln/detail?vulnId=CVE-2023-6481"
      } ],
      "vulnerableSoftware" : [ {
        "software" : {
          "id" : "cpe:2.3:a:qos:logback:1.2.12:*:*:*:*:*:*:*"
        }
      }, {
        "software" : {
          "id" : "cpe:2.3:a:qos:logback:1.3.13:*:*:*:*:*:*:*",
          "vulnerabilityIdMatched" : "true"
        }
      }, {
        "software" : {
          "id" : "cpe:2.3:a:qos:logback:1.4.13:*:*:*:*:*:*:*"
        }
      } ]
    } ]
  } ]
}