"Project","ScanDate","DependencyName","DependencyPath","Description","License","Md5","Sha1","Identifiers","CPE","CVE","CWE","Vulnerability","Source","CVSSv2_Severity","CVSSv2_Score","CVSSv2","CVSSv3_BaseSeverity","CVSSv3_BaseScore","CVSSv3","CPE Confidence","Evidence Count","VendorProject","Product","Name","DateAdded","ShortDescription","RequiredAction","DueDate","Notes"
H6060-Java-Logback,"Sat, 10 Aug 2024 20:35:02 GMT",logback-access-1.3.13.jar,D:\a\H6060-Java-Logback\H6060-Java-Logback\upstream-repository\target\logback-access\target\logback-access-1.3.13.jar,logback-access module,"http://www.eclipse.org/legal/epl-v10.html, http://www.gnu.org/licenses/old-licenses/lgpl-2.1.html",ea267eaf96d502105e54e17fba8728ca,aadf8d4063ddafa1e971c03fca75a4b7af766445,pkg:maven/ch.qos.logback/logback-access@1.3.13,cpe:2.3:a:qos:logback:1.3.13:*:*:*:*:*:*:*,CVE-2023-6481,NVD-CWE-noinfo,"A serialization vulnerability in logback receiver component part of  logback version 1.4.13, 1.3.13 and 1.2.12 allows an attacker to mount a Denial-Of-Service  attack by sending poisoned data.",NVD,"","","",HIGH,7.5,CVSS:3.1/AV:N/AC:L/PR:N/UI:N/S:U/C:N/I:N/A:H/E:3.9/RC:R/MAV:A,HIGH,33,"","","","","","","",""
H6060-Java-Logback,"Sat, 10 Aug 2024 20:35:02 GMT",logback-classic-1.3.13.jar,D:\a\H6060-Java-Logback\H6060-Java-Logback\upstream-repository\target\logback-classic\target\logback-classic-1.3.13.jar,logback-classic module,"http://www.eclipse.org/legal/epl-v10.html, http://www.gnu.org/licenses/old-licenses/lgpl-2.1.html",e010a700e953277cb74d6061c4b776bd,19405e73aa3d8fc113bd21746aea41807c3acb15,pkg:maven/ch.qos.logback/logback-classic@1.3.13,cpe:2.3:a:qos:logback:1.3.13:*:*:*:*:*:*:*,CVE-2023-6481,NVD-CWE-noinfo,"A serialization vulnerability in logback receiver component part of  logback version 1.4.13, 1.3.13 and 1.2.12 allows an attacker to mount a Denial-Of-Service  attack by sending poisoned data.",NVD,"","","",HIGH,7.5,CVSS:3.1/AV:N/AC:L/PR:N/UI:N/S:U/C:N/I:N/A:H/E:3.9/RC:R/MAV:A,HIGH,37,"","","","","","","",""
H6060-Java-Logback,"Sat, 10 Aug 2024 20:35:02 GMT",logback-classic-blackbox-1.3.13.jar,D:\a\H6060-Java-Logback\H6060-Java-Logback\upstream-repository\target\logback-classic-blackbox\target\logback-classic-blackbox-1.3.13.jar,Logback Classic Blackbox Testing Module,"",ba006170b08828610e27eeda2befca98,19a40dea30856065dbce0d2552d04087dfe254a3,pkg:maven/ch.qos.logback/logback-classic-blackbox@1.3.13,cpe:2.3:a:qos:logback:1.3.13:*:*:*:*:*:*:*,CVE-2023-6481,NVD-CWE-noinfo,"A serialization vulnerability in logback receiver component part of  logback version 1.4.13, 1.3.13 and 1.2.12 allows an attacker to mount a Denial-Of-Service  attack by sending poisoned data.",NVD,"","","",HIGH,7.5,CVSS:3.1/AV:N/AC:L/PR:N/UI:N/S:U/C:N/I:N/A:H/E:3.9/RC:R/MAV:A,HIGH,19,"","","","","","","",""
H6060-Java-Logback,"Sat, 10 Aug 2024 20:35:02 GMT",logback-core-1.3.13.jar,D:\a\H6060-Java-Logback\H6060-Java-Logback\upstream-repository\target\logback-core\target\logback-core-1.3.13.jar,logback-core module,"http://www.eclipse.org/legal/epl-v10.html, http://www.gnu.org/licenses/old-licenses/lgpl-2.1.html",224c2dffaded3280913a83feafb91d00,a9a891fefad4ddea3e4c1dd82edcaa76fb756fad,pkg:maven/ch.qos.logback/logback-core@1.3.13,cpe:2.3:a:qos:logback:1.3.13:*:*:*:*:*:*:*,CVE-2023-6481,NVD-CWE-noinfo,"A serialization vulnerability in logback receiver component part of  logback version 1.4.13, 1.3.13 and 1.2.12 allows an attacker to mount a Denial-Of-Service  attack by sending poisoned data.",NVD,"","","",HIGH,7.5,CVSS:3.1/AV:N/AC:L/PR:N/UI:N/S:U/C:N/I:N/A:H/E:3.9/RC:R/MAV:A,HIGH,35,"","","","","","","",""
H6060-Java-Logback,"Sat, 10 Aug 2024 20:35:02 GMT",logback-core-blackbox-1.3.13.jar,D:\a\H6060-Java-Logback\H6060-Java-Logback\upstream-repository\target\logback-core-blackbox\target\logback-core-blackbox-1.3.13.jar,Logback Core Blackbox Testing Module,"",f1bc68a663e2ab63fb983558341c0534,f1517ff5c50cba58c97d3fc25b87a8010465b072,pkg:maven/ch.qos.logback/logback-core-blackbox@1.3.13,cpe:2.3:a:qos:logback:1.3.13:*:*:*:*:*:*:*,CVE-2023-6481,NVD-CWE-noinfo,"A serialization vulnerability in logback receiver component part of  logback version 1.4.13, 1.3.13 and 1.2.12 allows an attacker to mount a Denial-Of-Service  attack by sending poisoned data.",NVD,"","","",HIGH,7.5,CVSS:3.1/AV:N/AC:L/PR:N/UI:N/S:U/C:N/I:N/A:H/E:3.9/RC:R/MAV:A,HIGH,19,"","","","","","","",""
H6060-Java-Logback,"Sat, 10 Aug 2024 20:35:02 GMT",logback-examples-1.3.13.jar,D:\a\H6060-Java-Logback\H6060-Java-Logback\upstream-repository\target\logback-examples\target\logback-examples-1.3.13.jar,logback-examples module,"",4c45e308b9529aecdd69adc3dd623808,d52b5076060a1550fa1eb5d8888ee0f5aa338ebd,pkg:maven/ch.qos.logback/logback-examples@1.3.13,cpe:2.3:a:qos:logback:1.3.13:*:*:*:*:*:*:*,CVE-2023-6481,NVD-CWE-noinfo,"A serialization vulnerability in logback receiver component part of  logback version 1.4.13, 1.3.13 and 1.2.12 allows an attacker to mount a Denial-Of-Service  attack by sending poisoned data.",NVD,"","","",HIGH,7.5,CVSS:3.1/AV:N/AC:L/PR:N/UI:N/S:U/C:N/I:N/A:H/E:3.9/RC:R/MAV:A,HIGH,19,"","","","","","","",""
