<?xml version="1.0" encoding="UTF-8"?><analysis xmlns="https://jeremylong.github.io/DependencyCheck/dependency-check.4.0.xsd">
  <scanInfo>
    <engineVersion>10.0.3</engineVersion>
    <dataSource>
      <name>NVD API Last Checked</name>
      <timestamp>2024-08-10T20:34:48Z</timestamp>
    </dataSource>
    <dataSource>
      <name>NVD API Last Modified</name>
      <timestamp>2024-08-10T16:35:04Z</timestamp>
    </dataSource>
  </scanInfo>
  <projectInfo>
    <name>H6060-Java-Logback</name>
    <reportDate>2024-08-10T20:35:02.924Z</reportDate>
    <credits>This product uses the NVD API but is not endorsed or certified by the NVD. This report contains data retrieved from the National Vulnerability Database: https://nvd.nist.gov, Github Advisory Database (via NPM Audit API): https://github.com/advisories/, and the RetireJS community.</credits>
  </projectInfo>
  <dependencies>
    <dependency isVirtual="false">
      <fileName>logback-access-1.3.13-sources.jar</fileName>
      <filePath>D:\a\H6060-Java-Logback\H6060-Java-Logback\upstream-repository\target\logback-access\target\logback-access-1.3.13-sources.jar</filePath>
      <md5>e9ef4684bcdcf30407bc5cf1b70e3ed4</md5>
      <sha1>1ae7ad503572ca93b66ea522fb7138d6b5e0dc86</sha1>
      <sha256>3f2353a43ffff8b1f21168da10b7db0806e9b7c13dbaece54621405eeacb32ec</sha256>
      <evidenceCollected>
        <evidence type="vendor" confidence="HIGH">
          <source>file</source>
          <name>name</name>
          <value>logback-access</value>
        </evidence>
        <evidence type="product" confidence="HIGH">
          <source>file</source>
          <name>name</name>
          <value>logback-access</value>
        </evidence>
        <evidence type="version" confidence="MEDIUM">
          <source>file</source>
          <name>name</name>
          <value>logback-access</value>
        </evidence>
        <evidence type="version" confidence="HIGH">
          <source>file</source>
          <name>version</name>
          <value>1.3.13</value>
        </evidence>
      </evidenceCollected>
    </dependency>
    <dependency isVirtual="false">
      <fileName>logback-access-1.3.13-test-sources.jar</fileName>
      <filePath>D:\a\H6060-Java-Logback\H6060-Java-Logback\upstream-repository\target\logback-access\target\logback-access-1.3.13-test-sources.jar</filePath>
      <md5>93b96065b152e16dd0a66efe2698950f</md5>
      <sha1>a407c71763b4b9996e5fbc221bea743bbab78415</sha1>
      <sha256>ed2cee367038640edbdbfefa2eed543e0f0edbacd363394308f38e70fca4df5d</sha256>
      <evidenceCollected>
        <evidence type="vendor" confidence="HIGH">
          <source>file</source>
          <name>name</name>
          <value>logback-access</value>
        </evidence>
        <evidence type="product" confidence="HIGH">
          <source>file</source>
          <name>name</name>
          <value>logback-access</value>
        </evidence>
        <evidence type="version" confidence="MEDIUM">
          <source>file</source>
          <name>name</name>
          <value>logback-access</value>
        </evidence>
        <evidence type="version" confidence="HIGH">
          <source>file</source>
          <name>version</name>
          <value>1.3.13</value>
        </evidence>
      </evidenceCollected>
    </dependency>
    <dependency isVirtual="false">
      <fileName>logback-access-1.3.13.jar</fileName>
      <filePath>D:\a\H6060-Java-Logback\H6060-Java-Logback\upstream-repository\target\logback-access\target\logback-access-1.3.13.jar</filePath>
      <md5>ea267eaf96d502105e54e17fba8728ca</md5>
      <sha1>aadf8d4063ddafa1e971c03fca75a4b7af766445</sha1>
      <sha256>84859e5f3e95e0129adde2733d6ea63d64a0c24ac9fd117adfd284d545148c45</sha256>
      <description>logback-access module</description>
      <license>http://www.eclipse.org/legal/epl-v10.html, http://www.gnu.org/licenses/old-licenses/lgpl-2.1.html</license>
      <evidenceCollected>
        <evidence type="vendor" confidence="HIGH">
          <source>file</source>
          <name>name</name>
          <value>logback-access</value>
        </evidence>
        <evidence type="vendor" confidence="HIGHEST">
          <source>jar</source>
          <name>package name</name>
          <value>access</value>
        </evidence>
        <evidence type="vendor" confidence="HIGHEST">
          <source>jar</source>
          <name>package name</name>
          <value>ch</value>
        </evidence>
        <evidence type="vendor" confidence="HIGHEST">
          <source>jar</source>
          <name>package name</name>
          <value>logback</value>
        </evidence>
        <evidence type="vendor" confidence="HIGHEST">
          <source>jar</source>
          <name>package name</name>
          <value>qos</value>
        </evidence>
        <evidence type="vendor" confidence="LOW">
          <source>Manifest</source>
          <name>build-jdk-spec</name>
          <value>17</value>
        </evidence>
        <evidence type="vendor" confidence="LOW">
          <source>Manifest</source>
          <name>bundle-docurl</name>
          <value>http://www.qos.ch</value>
        </evidence>
        <evidence type="vendor" confidence="MEDIUM">
          <source>Manifest</source>
          <name>bundle-symbolicname</name>
          <value>ch.qos.logback.access</value>
        </evidence>
        <evidence type="vendor" confidence="HIGH">
          <source>Manifest</source>
          <name>Implementation-Vendor</name>
          <value>QOS.ch</value>
        </evidence>
        <evidence type="vendor" confidence="LOW">
          <source>Manifest</source>
          <name>specification-vendor</name>
          <value>QOS.ch</value>
        </evidence>
        <evidence type="vendor" confidence="LOW">
          <source>pom</source>
          <name>artifactid</name>
          <value>logback-access</value>
        </evidence>
        <evidence type="vendor" confidence="HIGHEST">
          <source>pom</source>
          <name>groupid</name>
          <value>ch.qos.logback</value>
        </evidence>
        <evidence type="vendor" confidence="HIGH">
          <source>pom</source>
          <name>name</name>
          <value>Logback Access Module</value>
        </evidence>
        <evidence type="vendor" confidence="LOW">
          <source>pom</source>
          <name>parent-artifactid</name>
          <value>logback-parent</value>
        </evidence>
        <evidence type="product" confidence="HIGH">
          <source>file</source>
          <name>name</name>
          <value>logback-access</value>
        </evidence>
        <evidence type="product" confidence="HIGHEST">
          <source>jar</source>
          <name>package name</name>
          <value>access</value>
        </evidence>
        <evidence type="product" confidence="HIGHEST">
          <source>jar</source>
          <name>package name</name>
          <value>ch</value>
        </evidence>
        <evidence type="product" confidence="HIGHEST">
          <source>jar</source>
          <name>package name</name>
          <value>logback</value>
        </evidence>
        <evidence type="product" confidence="HIGHEST">
          <source>jar</source>
          <name>package name</name>
          <value>qos</value>
        </evidence>
        <evidence type="product" confidence="LOW">
          <source>Manifest</source>
          <name>build-jdk-spec</name>
          <value>17</value>
        </evidence>
        <evidence type="product" confidence="LOW">
          <source>Manifest</source>
          <name>bundle-docurl</name>
          <value>http://www.qos.ch</value>
        </evidence>
        <evidence type="product" confidence="MEDIUM">
          <source>Manifest</source>
          <name>Bundle-Name</name>
          <value>Logback Access Module</value>
        </evidence>
        <evidence type="product" confidence="MEDIUM">
          <source>Manifest</source>
          <name>bundle-symbolicname</name>
          <value>ch.qos.logback.access</value>
        </evidence>
        <evidence type="product" confidence="HIGH">
          <source>Manifest</source>
          <name>Implementation-Title</name>
          <value>Logback Access Module</value>
        </evidence>
        <evidence type="product" confidence="MEDIUM">
          <source>Manifest</source>
          <name>specification-title</name>
          <value>Logback Access Module</value>
        </evidence>
        <evidence type="product" confidence="HIGHEST">
          <source>pom</source>
          <name>artifactid</name>
          <value>logback-access</value>
        </evidence>
        <evidence type="product" confidence="HIGHEST">
          <source>pom</source>
          <name>groupid</name>
          <value>ch.qos.logback</value>
        </evidence>
        <evidence type="product" confidence="HIGH">
          <source>pom</source>
          <name>name</name>
          <value>Logback Access Module</value>
        </evidence>
        <evidence type="product" confidence="MEDIUM">
          <source>pom</source>
          <name>parent-artifactid</name>
          <value>logback-parent</value>
        </evidence>
        <evidence type="version" confidence="HIGH">
          <source>file</source>
          <name>version</name>
          <value>1.3.13</value>
        </evidence>
        <evidence type="version" confidence="HIGH">
          <source>Manifest</source>
          <name>Bundle-Version</name>
          <value>1.3.13</value>
        </evidence>
        <evidence type="version" confidence="HIGH">
          <source>Manifest</source>
          <name>Implementation-Version</name>
          <value>1.3.13</value>
        </evidence>
        <evidence type="version" confidence="HIGHEST">
          <source>pom</source>
          <name>version</name>
          <value>1.3.13</value>
        </evidence>
      </evidenceCollected>
      <identifiers>
        <package confidence="HIGH">
          <id>pkg:maven/ch.qos.logback/logback-access@1.3.13</id>
          <url>https://ossindex.sonatype.org/component/pkg:maven/ch.qos.logback/logback-access@1.3.13?utm_source=dependency-check&amp;utm_medium=integration&amp;utm_content=10.0.3</url>
        </package>
        <vulnerabilityIds confidence="HIGHEST">
          <id>cpe:2.3:a:qos:logback:1.3.13:*:*:*:*:*:*:*</id>
          <url>https://nvd.nist.gov/vuln/search/results?form_type=Advanced&amp;results_type=overview&amp;search_type=all&amp;cpe_vendor=cpe%3A%2F%3Aqos&amp;cpe_product=cpe%3A%2F%3Aqos%3Alogback&amp;cpe_version=cpe%3A%2F%3Aqos%3Alogback%3A1.3.13</url>
        </vulnerabilityIds>
      </identifiers>
      <vulnerabilities>
        <vulnerability source="NVD">
          <name>CVE-2023-6481</name>
          <severity>HIGH</severity>
          <cvssV3>
            <baseScore>7.5</baseScore>
            <attackVector>NETWORK</attackVector>
            <attackComplexity>LOW</attackComplexity>
            <privilegesRequired>NONE</privilegesRequired>
            <userInteraction>NONE</userInteraction>
            <scope>UNCHANGED</scope>
            <confidentialityImpact>NONE</confidentialityImpact>
            <integrityImpact>NONE</integrityImpact>
            <availabilityImpact>HIGH</availabilityImpact>
            <baseSeverity>HIGH</baseSeverity>
            <exploitabilityScore>3.9</exploitabilityScore>
            <impactScore>3.6</impactScore>
            <version>3.1</version>
          </cvssV3>
          <cwes>
            <cwe>NVD-CWE-noinfo</cwe>
          </cwes>
          <description>A serialization vulnerability in logback receiver component part of 
logback version 1.4.13, 1.3.13 and 1.2.12 allows an attacker to mount a Denial-Of-Service 
attack by sending poisoned data.

</description>
          <references>
            <reference>
              <source>vulnerability@ncsc.ch</source>
              <url>https://logback.qos.ch/news.html#1.3.14</url>
              <name>RELEASE_NOTES</name>
            </reference>
            <reference>
              <source>vulnerability@ncsc.ch</source>
              <url>https://logback.qos.ch/news.html#1.3.12</url>
              <name>RELEASE_NOTES</name>
            </reference>
          </references>
          <vulnerableSoftware>
            <software>cpe:2.3:a:qos:logback:1.2.12:*:*:*:*:*:*:*</software>
            <software vulnerabilityIdMatched="true">cpe:2.3:a:qos:logback:1.3.13:*:*:*:*:*:*:*</software>
            <software>cpe:2.3:a:qos:logback:1.4.13:*:*:*:*:*:*:*</software>
          </vulnerableSoftware>
        </vulnerability>
      </vulnerabilities>
    </dependency>
    <dependency isVirtual="false">
      <fileName>logback-classic-1.3.13-sources.jar</fileName>
      <filePath>D:\a\H6060-Java-Logback\H6060-Java-Logback\upstream-repository\target\logback-classic\target\logback-classic-1.3.13-sources.jar</filePath>
      <md5>17aa4569fac9c01da5fadd3a2fb62a62</md5>
      <sha1>ab4681065d4f2fa8a54787e31aa545a148ad8f93</sha1>
      <sha256>6ee0fc9413137cea2038b2a903b0c1b45e3c7ecdbdc8d3d9d5881c355f300b89</sha256>
      <evidenceCollected>
        <evidence type="vendor" confidence="HIGH">
          <source>file</source>
          <name>name</name>
          <value>logback-classic</value>
        </evidence>
        <evidence type="product" confidence="HIGH">
          <source>file</source>
          <name>name</name>
          <value>logback-classic</value>
        </evidence>
        <evidence type="version" confidence="MEDIUM">
          <source>file</source>
          <name>name</name>
          <value>logback-classic</value>
        </evidence>
        <evidence type="version" confidence="HIGH">
          <source>file</source>
          <name>version</name>
          <value>1.3.13</value>
        </evidence>
      </evidenceCollected>
    </dependency>
    <dependency isVirtual="false">
      <fileName>logback-classic-1.3.13-test-sources.jar</fileName>
      <filePath>D:\a\H6060-Java-Logback\H6060-Java-Logback\upstream-repository\target\logback-classic\target\logback-classic-1.3.13-test-sources.jar</filePath>
      <md5>b35cece11e60b2df974547fc1316b64d</md5>
      <sha1>49ead5ac53bccd0b7a4d14609f287e36069fe1ab</sha1>
      <sha256>5a6d4353e2cacf4cf91669ae111b02d024aea2373ec7d5f26ad27f19fb17dc79</sha256>
      <evidenceCollected>
        <evidence type="vendor" confidence="HIGH">
          <source>file</source>
          <name>name</name>
          <value>logback-classic</value>
        </evidence>
        <evidence type="product" confidence="HIGH">
          <source>file</source>
          <name>name</name>
          <value>logback-classic</value>
        </evidence>
        <evidence type="version" confidence="MEDIUM">
          <source>file</source>
          <name>name</name>
          <value>logback-classic</value>
        </evidence>
        <evidence type="version" confidence="HIGH">
          <source>file</source>
          <name>version</name>
          <value>1.3.13</value>
        </evidence>
      </evidenceCollected>
    </dependency>
    <dependency isVirtual="false">
      <fileName>logback-classic-1.3.13.jar</fileName>
      <filePath>D:\a\H6060-Java-Logback\H6060-Java-Logback\upstream-repository\target\logback-classic\target\logback-classic-1.3.13.jar</filePath>
      <md5>e010a700e953277cb74d6061c4b776bd</md5>
      <sha1>19405e73aa3d8fc113bd21746aea41807c3acb15</sha1>
      <sha256>fbd8d4eaff2bdf5b266eadaf3463ad93de6137b775fd8ac4da1e6e37ad41c839</sha256>
      <description>logback-classic module</description>
      <license>http://www.eclipse.org/legal/epl-v10.html, http://www.gnu.org/licenses/old-licenses/lgpl-2.1.html</license>
      <evidenceCollected>
        <evidence type="vendor" confidence="HIGH">
          <source>file</source>
          <name>name</name>
          <value>logback-classic</value>
        </evidence>
        <evidence type="vendor" confidence="HIGHEST">
          <source>jar</source>
          <name>package name</name>
          <value>ch</value>
        </evidence>
        <evidence type="vendor" confidence="HIGHEST">
          <source>jar</source>
          <name>package name</name>
          <value>classic</value>
        </evidence>
        <evidence type="vendor" confidence="HIGHEST">
          <source>jar</source>
          <name>package name</name>
          <value>logback</value>
        </evidence>
        <evidence type="vendor" confidence="HIGHEST">
          <source>jar</source>
          <name>package name</name>
          <value>qos</value>
        </evidence>
        <evidence type="vendor" confidence="LOW">
          <source>Manifest</source>
          <name>build-jdk-spec</name>
          <value>17</value>
        </evidence>
        <evidence type="vendor" confidence="LOW">
          <source>Manifest</source>
          <name>bundle-docurl</name>
          <value>http://www.qos.ch</value>
        </evidence>
        <evidence type="vendor" confidence="MEDIUM">
          <source>Manifest</source>
          <name>bundle-symbolicname</name>
          <value>ch.qos.logback.classic</value>
        </evidence>
        <evidence type="vendor" confidence="HIGH">
          <source>Manifest</source>
          <name>Implementation-Vendor</name>
          <value>QOS.ch</value>
        </evidence>
        <evidence type="vendor" confidence="LOW">
          <source>Manifest</source>
          <name>multi-release</name>
          <value>true</value>
        </evidence>
        <evidence type="vendor" confidence="LOW">
          <source>Manifest</source>
          <name>provide-capability</name>
          <value>osgi.service;objectClass:List="jakarta.servlet.ServletContainerInitializer";effective:=active,osgi.service;objectClass:List="org.slf4j.spi.SLF4JServiceProvider";effective:=active,osgi.serviceloader;osgi.serviceloader="jakarta.servlet.ServletContainerInitializer";register:="ch.qos.logback.classic.servlet.LogbackServletContainerInitializer",osgi.serviceloader;osgi.serviceloader="org.slf4j.spi.SLF4JServiceProvider";register:="ch.qos.logback.classic.spi.LogbackServiceProvider"</value>
        </evidence>
        <evidence type="vendor" confidence="LOW">
          <source>Manifest</source>
          <name>specification-vendor</name>
          <value>QOS.ch</value>
        </evidence>
        <evidence type="vendor" confidence="LOW">
          <source>pom</source>
          <name>artifactid</name>
          <value>logback-classic</value>
        </evidence>
        <evidence type="vendor" confidence="HIGHEST">
          <source>pom</source>
          <name>groupid</name>
          <value>ch.qos.logback</value>
        </evidence>
        <evidence type="vendor" confidence="HIGH">
          <source>pom</source>
          <name>name</name>
          <value>Logback Classic Module</value>
        </evidence>
        <evidence type="vendor" confidence="LOW">
          <source>pom</source>
          <name>parent-artifactid</name>
          <value>logback-parent</value>
        </evidence>
        <evidence type="product" confidence="HIGH">
          <source>file</source>
          <name>name</name>
          <value>logback-classic</value>
        </evidence>
        <evidence type="product" confidence="HIGHEST">
          <source>jar</source>
          <name>package name</name>
          <value>ch</value>
        </evidence>
        <evidence type="product" confidence="HIGHEST">
          <source>jar</source>
          <name>package name</name>
          <value>classic</value>
        </evidence>
        <evidence type="product" confidence="HIGHEST">
          <source>jar</source>
          <name>package name</name>
          <value>logback</value>
        </evidence>
        <evidence type="product" confidence="HIGHEST">
          <source>jar</source>
          <name>package name</name>
          <value>qos</value>
        </evidence>
        <evidence type="product" confidence="LOW">
          <source>Manifest</source>
          <name>build-jdk-spec</name>
          <value>17</value>
        </evidence>
        <evidence type="product" confidence="LOW">
          <source>Manifest</source>
          <name>bundle-docurl</name>
          <value>http://www.qos.ch</value>
        </evidence>
        <evidence type="product" confidence="MEDIUM">
          <source>Manifest</source>
          <name>Bundle-Name</name>
          <value>Logback Classic Module</value>
        </evidence>
        <evidence type="product" confidence="MEDIUM">
          <source>Manifest</source>
          <name>bundle-symbolicname</name>
          <value>ch.qos.logback.classic</value>
        </evidence>
        <evidence type="product" confidence="HIGH">
          <source>Manifest</source>
          <name>Implementation-Title</name>
          <value>Logback Classic Module</value>
        </evidence>
        <evidence type="product" confidence="LOW">
          <source>Manifest</source>
          <name>multi-release</name>
          <value>true</value>
        </evidence>
        <evidence type="product" confidence="LOW">
          <source>Manifest</source>
          <name>provide-capability</name>
          <value>osgi.service;objectClass:List="jakarta.servlet.ServletContainerInitializer";effective:=active,osgi.service;objectClass:List="org.slf4j.spi.SLF4JServiceProvider";effective:=active,osgi.serviceloader;osgi.serviceloader="jakarta.servlet.ServletContainerInitializer";register:="ch.qos.logback.classic.servlet.LogbackServletContainerInitializer",osgi.serviceloader;osgi.serviceloader="org.slf4j.spi.SLF4JServiceProvider";register:="ch.qos.logback.classic.spi.LogbackServiceProvider"</value>
        </evidence>
        <evidence type="product" confidence="MEDIUM">
          <source>Manifest</source>
          <name>specification-title</name>
          <value>Logback Classic Module</value>
        </evidence>
        <evidence type="product" confidence="HIGHEST">
          <source>pom</source>
          <name>artifactid</name>
          <value>logback-classic</value>
        </evidence>
        <evidence type="product" confidence="HIGHEST">
          <source>pom</source>
          <name>groupid</name>
          <value>ch.qos.logback</value>
        </evidence>
        <evidence type="product" confidence="HIGH">
          <source>pom</source>
          <name>name</name>
          <value>Logback Classic Module</value>
        </evidence>
        <evidence type="product" confidence="MEDIUM">
          <source>pom</source>
          <name>parent-artifactid</name>
          <value>logback-parent</value>
        </evidence>
        <evidence type="version" confidence="HIGH">
          <source>file</source>
          <name>version</name>
          <value>1.3.13</value>
        </evidence>
        <evidence type="version" confidence="HIGH">
          <source>Manifest</source>
          <name>Bundle-Version</name>
          <value>1.3.13</value>
        </evidence>
        <evidence type="version" confidence="HIGH">
          <source>Manifest</source>
          <name>Implementation-Version</name>
          <value>1.3.13</value>
        </evidence>
        <evidence type="version" confidence="HIGHEST">
          <source>pom</source>
          <name>version</name>
          <value>1.3.13</value>
        </evidence>
      </evidenceCollected>
      <identifiers>
        <package confidence="HIGH">
          <id>pkg:maven/ch.qos.logback/logback-classic@1.3.13</id>
          <url>https://ossindex.sonatype.org/component/pkg:maven/ch.qos.logback/logback-classic@1.3.13?utm_source=dependency-check&amp;utm_medium=integration&amp;utm_content=10.0.3</url>
        </package>
        <vulnerabilityIds confidence="HIGHEST">
          <id>cpe:2.3:a:qos:logback:1.3.13:*:*:*:*:*:*:*</id>
          <url>https://nvd.nist.gov/vuln/search/results?form_type=Advanced&amp;results_type=overview&amp;search_type=all&amp;cpe_vendor=cpe%3A%2F%3Aqos&amp;cpe_product=cpe%3A%2F%3Aqos%3Alogback&amp;cpe_version=cpe%3A%2F%3Aqos%3Alogback%3A1.3.13</url>
        </vulnerabilityIds>
      </identifiers>
      <vulnerabilities>
        <vulnerability source="NVD">
          <name>CVE-2023-6481</name>
          <severity>HIGH</severity>
          <cvssV3>
            <baseScore>7.5</baseScore>
            <attackVector>NETWORK</attackVector>
            <attackComplexity>LOW</attackComplexity>
            <privilegesRequired>NONE</privilegesRequired>
            <userInteraction>NONE</userInteraction>
            <scope>UNCHANGED</scope>
            <confidentialityImpact>NONE</confidentialityImpact>
            <integrityImpact>NONE</integrityImpact>
            <availabilityImpact>HIGH</availabilityImpact>
            <baseSeverity>HIGH</baseSeverity>
            <exploitabilityScore>3.9</exploitabilityScore>
            <impactScore>3.6</impactScore>
            <version>3.1</version>
          </cvssV3>
          <cwes>
            <cwe>NVD-CWE-noinfo</cwe>
          </cwes>
          <description>A serialization vulnerability in logback receiver component part of 
logback version 1.4.13, 1.3.13 and 1.2.12 allows an attacker to mount a Denial-Of-Service 
attack by sending poisoned data.

</description>
          <references>
            <reference>
              <source>vulnerability@ncsc.ch</source>
              <url>https://logback.qos.ch/news.html#1.3.14</url>
              <name>RELEASE_NOTES</name>
            </reference>
            <reference>
              <source>OSSINDEX</source>
              <url>https://ossindex.sonatype.org/vulnerability/CVE-2023-6481?component-type=maven&amp;component-name=ch.qos.logback%2Flogback-core&amp;utm_source=dependency-check&amp;utm_medium=integration&amp;utm_content=10.0.3</url>
              <name>[CVE-2023-6481] CWE-noinfo</name>
            </reference>
            <reference>
              <source>OSSIndex</source>
              <url>https://logback.qos.ch/news.html#1.3.12</url>
              <name>https://logback.qos.ch/news.html#1.3.12</name>
            </reference>
            <reference>
              <source>vulnerability@ncsc.ch</source>
              <url>https://logback.qos.ch/news.html#1.3.12</url>
              <name>RELEASE_NOTES</name>
            </reference>
            <reference>
              <source>OSSIndex</source>
              <url>http://web.nvd.nist.gov/view/vuln/detail?vulnId=CVE-2023-6481</url>
              <name>http://web.nvd.nist.gov/view/vuln/detail?vulnId=CVE-2023-6481</name>
            </reference>
          </references>
          <vulnerableSoftware>
            <software>cpe:2.3:a:qos:logback:1.2.12:*:*:*:*:*:*:*</software>
            <software vulnerabilityIdMatched="true">cpe:2.3:a:qos:logback:1.3.13:*:*:*:*:*:*:*</software>
            <software>cpe:2.3:a:qos:logback:1.4.13:*:*:*:*:*:*:*</software>
          </vulnerableSoftware>
        </vulnerability>
      </vulnerabilities>
    </dependency>
    <dependency isVirtual="false">
      <fileName>logback-classic-blackbox-1.3.13-test-sources.jar</fileName>
      <filePath>D:\a\H6060-Java-Logback\H6060-Java-Logback\upstream-repository\target\logback-classic-blackbox\target\logback-classic-blackbox-1.3.13-test-sources.jar</filePath>
      <md5>f26d777c16ae2d2a8c4c0212a6ad49cf</md5>
      <sha1>7a82f9f5cab805812463f95ebec5bfa3e40f03b3</sha1>
      <sha256>b18ae5d6e236c2269e316a7520413d509dd66f9d4cec0fe24611a84a6496d8ab</sha256>
      <evidenceCollected>
        <evidence type="vendor" confidence="HIGH">
          <source>file</source>
          <name>name</name>
          <value>logback-classic-blackbox</value>
        </evidence>
        <evidence type="product" confidence="HIGH">
          <source>file</source>
          <name>name</name>
          <value>logback-classic-blackbox</value>
        </evidence>
        <evidence type="version" confidence="MEDIUM">
          <source>file</source>
          <name>name</name>
          <value>logback-classic-blackbox</value>
        </evidence>
        <evidence type="version" confidence="HIGH">
          <source>file</source>
          <name>version</name>
          <value>1.3.13</value>
        </evidence>
      </evidenceCollected>
    </dependency>
    <dependency isVirtual="false">
      <fileName>logback-classic-blackbox-1.3.13.jar</fileName>
      <filePath>D:\a\H6060-Java-Logback\H6060-Java-Logback\upstream-repository\target\logback-classic-blackbox\target\logback-classic-blackbox-1.3.13.jar</filePath>
      <md5>ba006170b08828610e27eeda2befca98</md5>
      <sha1>19a40dea30856065dbce0d2552d04087dfe254a3</sha1>
      <sha256>20df1d488b4c33b55f10dd4ae2825ede0ee2d140b4e65dc948e9861fce5cc99d</sha256>
      <description>Logback Classic Blackbox Testing Module</description>
      <evidenceCollected>
        <evidence type="vendor" confidence="HIGH">
          <source>file</source>
          <name>name</name>
          <value>logback-classic-blackbox</value>
        </evidence>
        <evidence type="vendor" confidence="LOW">
          <source>Manifest</source>
          <name>build-jdk-spec</name>
          <value>17</value>
        </evidence>
        <evidence type="vendor" confidence="HIGH">
          <source>Manifest</source>
          <name>Implementation-Vendor</name>
          <value>QOS.ch</value>
        </evidence>
        <evidence type="vendor" confidence="LOW">
          <source>Manifest</source>
          <name>specification-vendor</name>
          <value>QOS.ch</value>
        </evidence>
        <evidence type="vendor" confidence="LOW">
          <source>pom</source>
          <name>artifactid</name>
          <value>logback-classic-blackbox</value>
        </evidence>
        <evidence type="vendor" confidence="HIGHEST">
          <source>pom</source>
          <name>groupid</name>
          <value>ch.qos.logback</value>
        </evidence>
        <evidence type="vendor" confidence="HIGH">
          <source>pom</source>
          <name>name</name>
          <value>Logback Classic Blackbox Testing</value>
        </evidence>
        <evidence type="vendor" confidence="LOW">
          <source>pom</source>
          <name>parent-artifactid</name>
          <value>logback-parent</value>
        </evidence>
        <evidence type="product" confidence="HIGH">
          <source>file</source>
          <name>name</name>
          <value>logback-classic-blackbox</value>
        </evidence>
        <evidence type="product" confidence="LOW">
          <source>Manifest</source>
          <name>build-jdk-spec</name>
          <value>17</value>
        </evidence>
        <evidence type="product" confidence="HIGH">
          <source>Manifest</source>
          <name>Implementation-Title</name>
          <value>Logback Classic Blackbox Testing</value>
        </evidence>
        <evidence type="product" confidence="MEDIUM">
          <source>Manifest</source>
          <name>specification-title</name>
          <value>Logback Classic Blackbox Testing</value>
        </evidence>
        <evidence type="product" confidence="HIGHEST">
          <source>pom</source>
          <name>artifactid</name>
          <value>logback-classic-blackbox</value>
        </evidence>
        <evidence type="product" confidence="HIGHEST">
          <source>pom</source>
          <name>groupid</name>
          <value>ch.qos.logback</value>
        </evidence>
        <evidence type="product" confidence="HIGH">
          <source>pom</source>
          <name>name</name>
          <value>Logback Classic Blackbox Testing</value>
        </evidence>
        <evidence type="product" confidence="MEDIUM">
          <source>pom</source>
          <name>parent-artifactid</name>
          <value>logback-parent</value>
        </evidence>
        <evidence type="version" confidence="HIGH">
          <source>file</source>
          <name>version</name>
          <value>1.3.13</value>
        </evidence>
        <evidence type="version" confidence="HIGH">
          <source>Manifest</source>
          <name>Implementation-Version</name>
          <value>1.3.13</value>
        </evidence>
        <evidence type="version" confidence="HIGHEST">
          <source>pom</source>
          <name>version</name>
          <value>1.3.13</value>
        </evidence>
      </evidenceCollected>
      <identifiers>
        <package confidence="HIGH">
          <id>pkg:maven/ch.qos.logback/logback-classic-blackbox@1.3.13</id>
          <url>https://ossindex.sonatype.org/component/pkg:maven/ch.qos.logback/logback-classic-blackbox@1.3.13?utm_source=dependency-check&amp;utm_medium=integration&amp;utm_content=10.0.3</url>
        </package>
        <vulnerabilityIds confidence="HIGHEST">
          <id>cpe:2.3:a:qos:logback:1.3.13:*:*:*:*:*:*:*</id>
          <url>https://nvd.nist.gov/vuln/search/results?form_type=Advanced&amp;results_type=overview&amp;search_type=all&amp;cpe_vendor=cpe%3A%2F%3Aqos&amp;cpe_product=cpe%3A%2F%3Aqos%3Alogback&amp;cpe_version=cpe%3A%2F%3Aqos%3Alogback%3A1.3.13</url>
        </vulnerabilityIds>
      </identifiers>
      <vulnerabilities>
        <vulnerability source="NVD">
          <name>CVE-2023-6481</name>
          <severity>HIGH</severity>
          <cvssV3>
            <baseScore>7.5</baseScore>
            <attackVector>NETWORK</attackVector>
            <attackComplexity>LOW</attackComplexity>
            <privilegesRequired>NONE</privilegesRequired>
            <userInteraction>NONE</userInteraction>
            <scope>UNCHANGED</scope>
            <confidentialityImpact>NONE</confidentialityImpact>
            <integrityImpact>NONE</integrityImpact>
            <availabilityImpact>HIGH</availabilityImpact>
            <baseSeverity>HIGH</baseSeverity>
            <exploitabilityScore>3.9</exploitabilityScore>
            <impactScore>3.6</impactScore>
            <version>3.1</version>
          </cvssV3>
          <cwes>
            <cwe>NVD-CWE-noinfo</cwe>
          </cwes>
          <description>A serialization vulnerability in logback receiver component part of 
logback version 1.4.13, 1.3.13 and 1.2.12 allows an attacker to mount a Denial-Of-Service 
attack by sending poisoned data.

</description>
          <references>
            <reference>
              <source>vulnerability@ncsc.ch</source>
              <url>https://logback.qos.ch/news.html#1.3.14</url>
              <name>RELEASE_NOTES</name>
            </reference>
            <reference>
              <source>vulnerability@ncsc.ch</source>
              <url>https://logback.qos.ch/news.html#1.3.12</url>
              <name>RELEASE_NOTES</name>
            </reference>
          </references>
          <vulnerableSoftware>
            <software>cpe:2.3:a:qos:logback:1.2.12:*:*:*:*:*:*:*</software>
            <software vulnerabilityIdMatched="true">cpe:2.3:a:qos:logback:1.3.13:*:*:*:*:*:*:*</software>
            <software>cpe:2.3:a:qos:logback:1.4.13:*:*:*:*:*:*:*</software>
          </vulnerableSoftware>
        </vulnerability>
      </vulnerabilities>
    </dependency>
    <dependency isVirtual="false">
      <fileName>logback-core-1.3.13-sources.jar</fileName>
      <filePath>D:\a\H6060-Java-Logback\H6060-Java-Logback\upstream-repository\target\logback-core\target\logback-core-1.3.13-sources.jar</filePath>
      <md5>9134bc74c3196f08192ddad1aacea8f9</md5>
      <sha1>5783aeaccc37992ed6950d196b5cd7d04270b98c</sha1>
      <sha256>539e2f0dca46839499b649dd25a8e857309428bd5836e1c710fb78c618e5c528</sha256>
      <evidenceCollected>
        <evidence type="vendor" confidence="HIGH">
          <source>file</source>
          <name>name</name>
          <value>logback-core</value>
        </evidence>
        <evidence type="product" confidence="HIGH">
          <source>file</source>
          <name>name</name>
          <value>logback-core</value>
        </evidence>
        <evidence type="version" confidence="MEDIUM">
          <source>file</source>
          <name>name</name>
          <value>logback-core</value>
        </evidence>
        <evidence type="version" confidence="HIGH">
          <source>file</source>
          <name>version</name>
          <value>1.3.13</value>
        </evidence>
      </evidenceCollected>
    </dependency>
    <dependency isVirtual="false">
      <fileName>logback-core-1.3.13-test-sources.jar</fileName>
      <filePath>D:\a\H6060-Java-Logback\H6060-Java-Logback\upstream-repository\target\logback-core\target\logback-core-1.3.13-test-sources.jar</filePath>
      <md5>35b6c58a408fe31de5f8a41666d0584c</md5>
      <sha1>d770a7d177282f0bf009d7b31626c4ac38ab1512</sha1>
      <sha256>ccef1a6ea7d3da5eb0de7c3812b4c89101ecc052ed689c055c3f7325093e78c1</sha256>
      <evidenceCollected>
        <evidence type="vendor" confidence="HIGH">
          <source>file</source>
          <name>name</name>
          <value>logback-core</value>
        </evidence>
        <evidence type="product" confidence="HIGH">
          <source>file</source>
          <name>name</name>
          <value>logback-core</value>
        </evidence>
        <evidence type="version" confidence="MEDIUM">
          <source>file</source>
          <name>name</name>
          <value>logback-core</value>
        </evidence>
        <evidence type="version" confidence="HIGH">
          <source>file</source>
          <name>version</name>
          <value>1.3.13</value>
        </evidence>
      </evidenceCollected>
    </dependency>
    <dependency isVirtual="false">
      <fileName>logback-core-1.3.13.jar</fileName>
      <filePath>D:\a\H6060-Java-Logback\H6060-Java-Logback\upstream-repository\target\logback-core\target\logback-core-1.3.13.jar</filePath>
      <md5>224c2dffaded3280913a83feafb91d00</md5>
      <sha1>a9a891fefad4ddea3e4c1dd82edcaa76fb756fad</sha1>
      <sha256>6c3f2c4ac36e845e903738a236c1dfa2615d86798e23d7780f7d5959e65984d6</sha256>
      <description>logback-core module</description>
      <license>http://www.eclipse.org/legal/epl-v10.html, http://www.gnu.org/licenses/old-licenses/lgpl-2.1.html</license>
      <evidenceCollected>
        <evidence type="vendor" confidence="HIGH">
          <source>file</source>
          <name>name</name>
          <value>logback-core</value>
        </evidence>
        <evidence type="vendor" confidence="HIGHEST">
          <source>jar</source>
          <name>package name</name>
          <value>ch</value>
        </evidence>
        <evidence type="vendor" confidence="HIGHEST">
          <source>jar</source>
          <name>package name</name>
          <value>core</value>
        </evidence>
        <evidence type="vendor" confidence="HIGHEST">
          <source>jar</source>
          <name>package name</name>
          <value>logback</value>
        </evidence>
        <evidence type="vendor" confidence="HIGHEST">
          <source>jar</source>
          <name>package name</name>
          <value>qos</value>
        </evidence>
        <evidence type="vendor" confidence="LOW">
          <source>Manifest</source>
          <name>build-jdk-spec</name>
          <value>17</value>
        </evidence>
        <evidence type="vendor" confidence="LOW">
          <source>Manifest</source>
          <name>bundle-docurl</name>
          <value>http://www.qos.ch</value>
        </evidence>
        <evidence type="vendor" confidence="MEDIUM">
          <source>Manifest</source>
          <name>bundle-symbolicname</name>
          <value>ch.qos.logback.core</value>
        </evidence>
        <evidence type="vendor" confidence="HIGH">
          <source>Manifest</source>
          <name>Implementation-Vendor</name>
          <value>QOS.ch</value>
        </evidence>
        <evidence type="vendor" confidence="LOW">
          <source>Manifest</source>
          <name>multi-release</name>
          <value>true</value>
        </evidence>
        <evidence type="vendor" confidence="LOW">
          <source>Manifest</source>
          <name>specification-vendor</name>
          <value>QOS.ch</value>
        </evidence>
        <evidence type="vendor" confidence="LOW">
          <source>pom</source>
          <name>artifactid</name>
          <value>logback-core</value>
        </evidence>
        <evidence type="vendor" confidence="HIGHEST">
          <source>pom</source>
          <name>groupid</name>
          <value>ch.qos.logback</value>
        </evidence>
        <evidence type="vendor" confidence="HIGH">
          <source>pom</source>
          <name>name</name>
          <value>Logback Core Module</value>
        </evidence>
        <evidence type="vendor" confidence="LOW">
          <source>pom</source>
          <name>parent-artifactid</name>
          <value>logback-parent</value>
        </evidence>
        <evidence type="product" confidence="HIGH">
          <source>file</source>
          <name>name</name>
          <value>logback-core</value>
        </evidence>
        <evidence type="product" confidence="HIGHEST">
          <source>jar</source>
          <name>package name</name>
          <value>ch</value>
        </evidence>
        <evidence type="product" confidence="HIGHEST">
          <source>jar</source>
          <name>package name</name>
          <value>core</value>
        </evidence>
        <evidence type="product" confidence="HIGHEST">
          <source>jar</source>
          <name>package name</name>
          <value>logback</value>
        </evidence>
        <evidence type="product" confidence="HIGHEST">
          <source>jar</source>
          <name>package name</name>
          <value>qos</value>
        </evidence>
        <evidence type="product" confidence="LOW">
          <source>Manifest</source>
          <name>build-jdk-spec</name>
          <value>17</value>
        </evidence>
        <evidence type="product" confidence="LOW">
          <source>Manifest</source>
          <name>bundle-docurl</name>
          <value>http://www.qos.ch</value>
        </evidence>
        <evidence type="product" confidence="MEDIUM">
          <source>Manifest</source>
          <name>Bundle-Name</name>
          <value>Logback Core Module</value>
        </evidence>
        <evidence type="product" confidence="MEDIUM">
          <source>Manifest</source>
          <name>bundle-symbolicname</name>
          <value>ch.qos.logback.core</value>
        </evidence>
        <evidence type="product" confidence="HIGH">
          <source>Manifest</source>
          <name>Implementation-Title</name>
          <value>Logback Core Module</value>
        </evidence>
        <evidence type="product" confidence="LOW">
          <source>Manifest</source>
          <name>multi-release</name>
          <value>true</value>
        </evidence>
        <evidence type="product" confidence="MEDIUM">
          <source>Manifest</source>
          <name>specification-title</name>
          <value>Logback Core Module</value>
        </evidence>
        <evidence type="product" confidence="HIGHEST">
          <source>pom</source>
          <name>artifactid</name>
          <value>logback-core</value>
        </evidence>
        <evidence type="product" confidence="HIGHEST">
          <source>pom</source>
          <name>groupid</name>
          <value>ch.qos.logback</value>
        </evidence>
        <evidence type="product" confidence="HIGH">
          <source>pom</source>
          <name>name</name>
          <value>Logback Core Module</value>
        </evidence>
        <evidence type="product" confidence="MEDIUM">
          <source>pom</source>
          <name>parent-artifactid</name>
          <value>logback-parent</value>
        </evidence>
        <evidence type="version" confidence="HIGH">
          <source>file</source>
          <name>version</name>
          <value>1.3.13</value>
        </evidence>
        <evidence type="version" confidence="HIGH">
          <source>Manifest</source>
          <name>Bundle-Version</name>
          <value>1.3.13</value>
        </evidence>
        <evidence type="version" confidence="HIGH">
          <source>Manifest</source>
          <name>Implementation-Version</name>
          <value>1.3.13</value>
        </evidence>
        <evidence type="version" confidence="HIGHEST">
          <source>pom</source>
          <name>version</name>
          <value>1.3.13</value>
        </evidence>
      </evidenceCollected>
      <identifiers>
        <package confidence="HIGH">
          <id>pkg:maven/ch.qos.logback/logback-core@1.3.13</id>
          <url>https://ossindex.sonatype.org/component/pkg:maven/ch.qos.logback/logback-core@1.3.13?utm_source=dependency-check&amp;utm_medium=integration&amp;utm_content=10.0.3</url>
        </package>
        <vulnerabilityIds confidence="HIGHEST">
          <id>cpe:2.3:a:qos:logback:1.3.13:*:*:*:*:*:*:*</id>
          <url>https://nvd.nist.gov/vuln/search/results?form_type=Advanced&amp;results_type=overview&amp;search_type=all&amp;cpe_vendor=cpe%3A%2F%3Aqos&amp;cpe_product=cpe%3A%2F%3Aqos%3Alogback&amp;cpe_version=cpe%3A%2F%3Aqos%3Alogback%3A1.3.13</url>
        </vulnerabilityIds>
      </identifiers>
      <vulnerabilities>
        <vulnerability source="NVD">
          <name>CVE-2023-6481</name>
          <severity>HIGH</severity>
          <cvssV3>
            <baseScore>7.5</baseScore>
            <attackVector>NETWORK</attackVector>
            <attackComplexity>LOW</attackComplexity>
            <privilegesRequired>NONE</privilegesRequired>
            <userInteraction>NONE</userInteraction>
            <scope>UNCHANGED</scope>
            <confidentialityImpact>NONE</confidentialityImpact>
            <integrityImpact>NONE</integrityImpact>
            <availabilityImpact>HIGH</availabilityImpact>
            <baseSeverity>HIGH</baseSeverity>
            <exploitabilityScore>3.9</exploitabilityScore>
            <impactScore>3.6</impactScore>
            <version>3.1</version>
          </cvssV3>
          <cwes>
            <cwe>NVD-CWE-noinfo</cwe>
          </cwes>
          <description>A serialization vulnerability in logback receiver component part of 
logback version 1.4.13, 1.3.13 and 1.2.12 allows an attacker to mount a Denial-Of-Service 
attack by sending poisoned data.

</description>
          <references>
            <reference>
              <source>vulnerability@ncsc.ch</source>
              <url>https://logback.qos.ch/news.html#1.3.14</url>
              <name>RELEASE_NOTES</name>
            </reference>
            <reference>
              <source>OSSINDEX</source>
              <url>https://ossindex.sonatype.org/vulnerability/CVE-2023-6481?component-type=maven&amp;component-name=ch.qos.logback%2Flogback-core&amp;utm_source=dependency-check&amp;utm_medium=integration&amp;utm_content=10.0.3</url>
              <name>[CVE-2023-6481] CWE-noinfo</name>
            </reference>
            <reference>
              <source>OSSIndex</source>
              <url>https://logback.qos.ch/news.html#1.3.12</url>
              <name>https://logback.qos.ch/news.html#1.3.12</name>
            </reference>
            <reference>
              <source>vulnerability@ncsc.ch</source>
              <url>https://logback.qos.ch/news.html#1.3.12</url>
              <name>RELEASE_NOTES</name>
            </reference>
            <reference>
              <source>OSSIndex</source>
              <url>http://web.nvd.nist.gov/view/vuln/detail?vulnId=CVE-2023-6481</url>
              <name>http://web.nvd.nist.gov/view/vuln/detail?vulnId=CVE-2023-6481</name>
            </reference>
          </references>
          <vulnerableSoftware>
            <software>cpe:2.3:a:qos:logback:1.2.12:*:*:*:*:*:*:*</software>
            <software vulnerabilityIdMatched="true">cpe:2.3:a:qos:logback:1.3.13:*:*:*:*:*:*:*</software>
            <software>cpe:2.3:a:qos:logback:1.4.13:*:*:*:*:*:*:*</software>
          </vulnerableSoftware>
        </vulnerability>
      </vulnerabilities>
    </dependency>
    <dependency isVirtual="false">
      <fileName>logback-core-blackbox-1.3.13-test-sources.jar</fileName>
      <filePath>D:\a\H6060-Java-Logback\H6060-Java-Logback\upstream-repository\target\logback-core-blackbox\target\logback-core-blackbox-1.3.13-test-sources.jar</filePath>
      <md5>3e1fdc10735d1d6cc84722335d02ef80</md5>
      <sha1>28d69ae0941e9523d590f69cbfa6e98a2ea70577</sha1>
      <sha256>624ad35911ca5d84fe9e2bef71bb9f7ff62a4cf375a6eb3c2d485859adfeee8e</sha256>
      <evidenceCollected>
        <evidence type="vendor" confidence="HIGH">
          <source>file</source>
          <name>name</name>
          <value>logback-core-blackbox</value>
        </evidence>
        <evidence type="product" confidence="HIGH">
          <source>file</source>
          <name>name</name>
          <value>logback-core-blackbox</value>
        </evidence>
        <evidence type="version" confidence="MEDIUM">
          <source>file</source>
          <name>name</name>
          <value>logback-core-blackbox</value>
        </evidence>
        <evidence type="version" confidence="HIGH">
          <source>file</source>
          <name>version</name>
          <value>1.3.13</value>
        </evidence>
      </evidenceCollected>
    </dependency>
    <dependency isVirtual="false">
      <fileName>logback-core-blackbox-1.3.13.jar</fileName>
      <filePath>D:\a\H6060-Java-Logback\H6060-Java-Logback\upstream-repository\target\logback-core-blackbox\target\logback-core-blackbox-1.3.13.jar</filePath>
      <md5>f1bc68a663e2ab63fb983558341c0534</md5>
      <sha1>f1517ff5c50cba58c97d3fc25b87a8010465b072</sha1>
      <sha256>ab5682304b1294ae70bc2b8b06f89f928767f9c5af5c62e8dde393f1f1d5a6b8</sha256>
      <description>Logback Core Blackbox Testing Module</description>
      <evidenceCollected>
        <evidence type="vendor" confidence="HIGH">
          <source>file</source>
          <name>name</name>
          <value>logback-core-blackbox</value>
        </evidence>
        <evidence type="vendor" confidence="LOW">
          <source>Manifest</source>
          <name>build-jdk-spec</name>
          <value>17</value>
        </evidence>
        <evidence type="vendor" confidence="HIGH">
          <source>Manifest</source>
          <name>Implementation-Vendor</name>
          <value>QOS.ch</value>
        </evidence>
        <evidence type="vendor" confidence="LOW">
          <source>Manifest</source>
          <name>specification-vendor</name>
          <value>QOS.ch</value>
        </evidence>
        <evidence type="vendor" confidence="LOW">
          <source>pom</source>
          <name>artifactid</name>
          <value>logback-core-blackbox</value>
        </evidence>
        <evidence type="vendor" confidence="HIGHEST">
          <source>pom</source>
          <name>groupid</name>
          <value>ch.qos.logback</value>
        </evidence>
        <evidence type="vendor" confidence="HIGH">
          <source>pom</source>
          <name>name</name>
          <value>Logback Core Blackbox Testing</value>
        </evidence>
        <evidence type="vendor" confidence="LOW">
          <source>pom</source>
          <name>parent-artifactid</name>
          <value>logback-parent</value>
        </evidence>
        <evidence type="product" confidence="HIGH">
          <source>file</source>
          <name>name</name>
          <value>logback-core-blackbox</value>
        </evidence>
        <evidence type="product" confidence="LOW">
          <source>Manifest</source>
          <name>build-jdk-spec</name>
          <value>17</value>
        </evidence>
        <evidence type="product" confidence="HIGH">
          <source>Manifest</source>
          <name>Implementation-Title</name>
          <value>Logback Core Blackbox Testing</value>
        </evidence>
        <evidence type="product" confidence="MEDIUM">
          <source>Manifest</source>
          <name>specification-title</name>
          <value>Logback Core Blackbox Testing</value>
        </evidence>
        <evidence type="product" confidence="HIGHEST">
          <source>pom</source>
          <name>artifactid</name>
          <value>logback-core-blackbox</value>
        </evidence>
        <evidence type="product" confidence="HIGHEST">
          <source>pom</source>
          <name>groupid</name>
          <value>ch.qos.logback</value>
        </evidence>
        <evidence type="product" confidence="HIGH">
          <source>pom</source>
          <name>name</name>
          <value>Logback Core Blackbox Testing</value>
        </evidence>
        <evidence type="product" confidence="MEDIUM">
          <source>pom</source>
          <name>parent-artifactid</name>
          <value>logback-parent</value>
        </evidence>
        <evidence type="version" confidence="HIGH">
          <source>file</source>
          <name>version</name>
          <value>1.3.13</value>
        </evidence>
        <evidence type="version" confidence="HIGH">
          <source>Manifest</source>
          <name>Implementation-Version</name>
          <value>1.3.13</value>
        </evidence>
        <evidence type="version" confidence="HIGHEST">
          <source>pom</source>
          <name>version</name>
          <value>1.3.13</value>
        </evidence>
      </evidenceCollected>
      <identifiers>
        <package confidence="HIGH">
          <id>pkg:maven/ch.qos.logback/logback-core-blackbox@1.3.13</id>
          <url>https://ossindex.sonatype.org/component/pkg:maven/ch.qos.logback/logback-core-blackbox@1.3.13?utm_source=dependency-check&amp;utm_medium=integration&amp;utm_content=10.0.3</url>
        </package>
        <vulnerabilityIds confidence="HIGHEST">
          <id>cpe:2.3:a:qos:logback:1.3.13:*:*:*:*:*:*:*</id>
          <url>https://nvd.nist.gov/vuln/search/results?form_type=Advanced&amp;results_type=overview&amp;search_type=all&amp;cpe_vendor=cpe%3A%2F%3Aqos&amp;cpe_product=cpe%3A%2F%3Aqos%3Alogback&amp;cpe_version=cpe%3A%2F%3Aqos%3Alogback%3A1.3.13</url>
        </vulnerabilityIds>
      </identifiers>
      <vulnerabilities>
        <vulnerability source="NVD">
          <name>CVE-2023-6481</name>
          <severity>HIGH</severity>
          <cvssV3>
            <baseScore>7.5</baseScore>
            <attackVector>NETWORK</attackVector>
            <attackComplexity>LOW</attackComplexity>
            <privilegesRequired>NONE</privilegesRequired>
            <userInteraction>NONE</userInteraction>
            <scope>UNCHANGED</scope>
            <confidentialityImpact>NONE</confidentialityImpact>
            <integrityImpact>NONE</integrityImpact>
            <availabilityImpact>HIGH</availabilityImpact>
            <baseSeverity>HIGH</baseSeverity>
            <exploitabilityScore>3.9</exploitabilityScore>
            <impactScore>3.6</impactScore>
            <version>3.1</version>
          </cvssV3>
          <cwes>
            <cwe>NVD-CWE-noinfo</cwe>
          </cwes>
          <description>A serialization vulnerability in logback receiver component part of 
logback version 1.4.13, 1.3.13 and 1.2.12 allows an attacker to mount a Denial-Of-Service 
attack by sending poisoned data.

</description>
          <references>
            <reference>
              <source>vulnerability@ncsc.ch</source>
              <url>https://logback.qos.ch/news.html#1.3.14</url>
              <name>RELEASE_NOTES</name>
            </reference>
            <reference>
              <source>OSSINDEX</source>
              <url>https://ossindex.sonatype.org/vulnerability/CVE-2023-6481?component-type=maven&amp;component-name=ch.qos.logback%2Flogback-core&amp;utm_source=dependency-check&amp;utm_medium=integration&amp;utm_content=10.0.3</url>
              <name>[CVE-2023-6481] CWE-noinfo</name>
            </reference>
            <reference>
              <source>OSSIndex</source>
              <url>https://logback.qos.ch/news.html#1.3.12</url>
              <name>https://logback.qos.ch/news.html#1.3.12</name>
            </reference>
            <reference>
              <source>vulnerability@ncsc.ch</source>
              <url>https://logback.qos.ch/news.html#1.3.12</url>
              <name>RELEASE_NOTES</name>
            </reference>
            <reference>
              <source>OSSIndex</source>
              <url>http://web.nvd.nist.gov/view/vuln/detail?vulnId=CVE-2023-6481</url>
              <name>http://web.nvd.nist.gov/view/vuln/detail?vulnId=CVE-2023-6481</name>
            </reference>
          </references>
          <vulnerableSoftware>
            <software>cpe:2.3:a:qos:logback:1.2.12:*:*:*:*:*:*:*</software>
            <software vulnerabilityIdMatched="true">cpe:2.3:a:qos:logback:1.3.13:*:*:*:*:*:*:*</software>
            <software>cpe:2.3:a:qos:logback:1.4.13:*:*:*:*:*:*:*</software>
          </vulnerableSoftware>
        </vulnerability>
      </vulnerabilities>
    </dependency>
    <dependency isVirtual="false">
      <fileName>logback-examples-1.3.13-sources.jar</fileName>
      <filePath>D:\a\H6060-Java-Logback\H6060-Java-Logback\upstream-repository\target\logback-examples\target\logback-examples-1.3.13-sources.jar</filePath>
      <md5>a6f37fdc72bc643a81fde4db49c07883</md5>
      <sha1>5855b83ad341fea3e05a06b902ee40ff7389eaf3</sha1>
      <sha256>b1f24dce3444640814884b5aeb7d2dbd447d1d3e59eda3b1bbc356d14fbd552f</sha256>
      <evidenceCollected>
        <evidence type="vendor" confidence="HIGH">
          <source>file</source>
          <name>name</name>
          <value>logback-examples</value>
        </evidence>
        <evidence type="product" confidence="HIGH">
          <source>file</source>
          <name>name</name>
          <value>logback-examples</value>
        </evidence>
        <evidence type="version" confidence="MEDIUM">
          <source>file</source>
          <name>name</name>
          <value>logback-examples</value>
        </evidence>
        <evidence type="version" confidence="HIGH">
          <source>file</source>
          <name>version</name>
          <value>1.3.13</value>
        </evidence>
      </evidenceCollected>
    </dependency>
    <dependency isVirtual="false">
      <fileName>logback-examples-1.3.13.jar</fileName>
      <filePath>D:\a\H6060-Java-Logback\H6060-Java-Logback\upstream-repository\target\logback-examples\target\logback-examples-1.3.13.jar</filePath>
      <md5>4c45e308b9529aecdd69adc3dd623808</md5>
      <sha1>d52b5076060a1550fa1eb5d8888ee0f5aa338ebd</sha1>
      <sha256>0ef20ac688d90c9345d50f287a066d80159ff2d307a39238ac005d1ae185418f</sha256>
      <description>logback-examples module</description>
      <evidenceCollected>
        <evidence type="vendor" confidence="HIGH">
          <source>file</source>
          <name>name</name>
          <value>logback-examples</value>
        </evidence>
        <evidence type="vendor" confidence="LOW">
          <source>Manifest</source>
          <name>build-jdk-spec</name>
          <value>17</value>
        </evidence>
        <evidence type="vendor" confidence="HIGH">
          <source>Manifest</source>
          <name>Implementation-Vendor</name>
          <value>QOS.ch</value>
        </evidence>
        <evidence type="vendor" confidence="LOW">
          <source>Manifest</source>
          <name>specification-vendor</name>
          <value>QOS.ch</value>
        </evidence>
        <evidence type="vendor" confidence="LOW">
          <source>pom</source>
          <name>artifactid</name>
          <value>logback-examples</value>
        </evidence>
        <evidence type="vendor" confidence="HIGHEST">
          <source>pom</source>
          <name>groupid</name>
          <value>ch.qos.logback</value>
        </evidence>
        <evidence type="vendor" confidence="HIGH">
          <source>pom</source>
          <name>name</name>
          <value>Logback Examples Module</value>
        </evidence>
        <evidence type="vendor" confidence="LOW">
          <source>pom</source>
          <name>parent-artifactid</name>
          <value>logback-parent</value>
        </evidence>
        <evidence type="product" confidence="HIGH">
          <source>file</source>
          <name>name</name>
          <value>logback-examples</value>
        </evidence>
        <evidence type="product" confidence="LOW">
          <source>Manifest</source>
          <name>build-jdk-spec</name>
          <value>17</value>
        </evidence>
        <evidence type="product" confidence="HIGH">
          <source>Manifest</source>
          <name>Implementation-Title</name>
          <value>Logback Examples Module</value>
        </evidence>
        <evidence type="product" confidence="MEDIUM">
          <source>Manifest</source>
          <name>specification-title</name>
          <value>Logback Examples Module</value>
        </evidence>
        <evidence type="product" confidence="HIGHEST">
          <source>pom</source>
          <name>artifactid</name>
          <value>logback-examples</value>
        </evidence>
        <evidence type="product" confidence="HIGHEST">
          <source>pom</source>
          <name>groupid</name>
          <value>ch.qos.logback</value>
        </evidence>
        <evidence type="product" confidence="HIGH">
          <source>pom</source>
          <name>name</name>
          <value>Logback Examples Module</value>
        </evidence>
        <evidence type="product" confidence="MEDIUM">
          <source>pom</source>
          <name>parent-artifactid</name>
          <value>logback-parent</value>
        </evidence>
        <evidence type="version" confidence="HIGH">
          <source>file</source>
          <name>version</name>
          <value>1.3.13</value>
        </evidence>
        <evidence type="version" confidence="HIGH">
          <source>Manifest</source>
          <name>Implementation-Version</name>
          <value>1.3.13</value>
        </evidence>
        <evidence type="version" confidence="HIGHEST">
          <source>pom</source>
          <name>version</name>
          <value>1.3.13</value>
        </evidence>
      </evidenceCollected>
      <identifiers>
        <package confidence="HIGH">
          <id>pkg:maven/ch.qos.logback/logback-examples@1.3.13</id>
          <url>https://ossindex.sonatype.org/component/pkg:maven/ch.qos.logback/logback-examples@1.3.13?utm_source=dependency-check&amp;utm_medium=integration&amp;utm_content=10.0.3</url>
        </package>
        <vulnerabilityIds confidence="HIGHEST">
          <id>cpe:2.3:a:qos:logback:1.3.13:*:*:*:*:*:*:*</id>
          <url>https://nvd.nist.gov/vuln/search/results?form_type=Advanced&amp;results_type=overview&amp;search_type=all&amp;cpe_vendor=cpe%3A%2F%3Aqos&amp;cpe_product=cpe%3A%2F%3Aqos%3Alogback&amp;cpe_version=cpe%3A%2F%3Aqos%3Alogback%3A1.3.13</url>
        </vulnerabilityIds>
      </identifiers>
      <vulnerabilities>
        <vulnerability source="NVD">
          <name>CVE-2023-6481</name>
          <severity>HIGH</severity>
          <cvssV3>
            <baseScore>7.5</baseScore>
            <attackVector>NETWORK</attackVector>
            <attackComplexity>LOW</attackComplexity>
            <privilegesRequired>NONE</privilegesRequired>
            <userInteraction>NONE</userInteraction>
            <scope>UNCHANGED</scope>
            <confidentialityImpact>NONE</confidentialityImpact>
            <integrityImpact>NONE</integrityImpact>
            <availabilityImpact>HIGH</availabilityImpact>
            <baseSeverity>HIGH</baseSeverity>
            <exploitabilityScore>3.9</exploitabilityScore>
            <impactScore>3.6</impactScore>
            <version>3.1</version>
          </cvssV3>
          <cwes>
            <cwe>NVD-CWE-noinfo</cwe>
          </cwes>
          <description>A serialization vulnerability in logback receiver component part of 
logback version 1.4.13, 1.3.13 and 1.2.12 allows an attacker to mount a Denial-Of-Service 
attack by sending poisoned data.

</description>
          <references>
            <reference>
              <source>vulnerability@ncsc.ch</source>
              <url>https://logback.qos.ch/news.html#1.3.14</url>
              <name>RELEASE_NOTES</name>
            </reference>
            <reference>
              <source>OSSINDEX</source>
              <url>https://ossindex.sonatype.org/vulnerability/CVE-2023-6481?component-type=maven&amp;component-name=ch.qos.logback%2Flogback-core&amp;utm_source=dependency-check&amp;utm_medium=integration&amp;utm_content=10.0.3</url>
              <name>[CVE-2023-6481] CWE-noinfo</name>
            </reference>
            <reference>
              <source>OSSIndex</source>
              <url>https://logback.qos.ch/news.html#1.3.12</url>
              <name>https://logback.qos.ch/news.html#1.3.12</name>
            </reference>
            <reference>
              <source>vulnerability@ncsc.ch</source>
              <url>https://logback.qos.ch/news.html#1.3.12</url>
              <name>RELEASE_NOTES</name>
            </reference>
            <reference>
              <source>OSSIndex</source>
              <url>http://web.nvd.nist.gov/view/vuln/detail?vulnId=CVE-2023-6481</url>
              <name>http://web.nvd.nist.gov/view/vuln/detail?vulnId=CVE-2023-6481</name>
            </reference>
          </references>
          <vulnerableSoftware>
            <software>cpe:2.3:a:qos:logback:1.2.12:*:*:*:*:*:*:*</software>
            <software vulnerabilityIdMatched="true">cpe:2.3:a:qos:logback:1.3.13:*:*:*:*:*:*:*</software>
            <software>cpe:2.3:a:qos:logback:1.4.13:*:*:*:*:*:*:*</software>
          </vulnerableSoftware>
        </vulnerability>
      </vulnerabilities>
    </dependency>
  </dependencies>
</analysis>
