Experiment ID,Experiment Date,Experiment Runner Environment,Experiment Runner Operating System,Experiment Runner Architecture,Experiment Project Name,Experiment Package Manager,GitHub Repository URL,GitHub Organisation,GitHub Repository Name,GitHub Repository Tag Name,GitHub Repository Tag Commit,GitHub Repository Tag Date,GitHub Repository Tag Author,GitHub Repository Tag Verified,GitHub Repository Tag Reason
2,2024-08-14,Github-Hosted,macOS,ARM64,H6060-Python-Urllib3,Pypi,https://github.com/urllib3/urllib3,urllib3,urllib3,1.15.1,ce965e4a9a18b01c0f93259c749ef869483279a3,2016-04-11T17:25:35Z,andrey.petrov@shazow.net,True,valid
2,2024-08-14,Github-Hosted,macOS,ARM64,H6060-Python-Urllib3,Pypi,https://github.com/urllib3/urllib3,urllib3,urllib3,1.17,1aa9741235c6b1c0ea8fc41f8eb8e9a5be6aaae2,2016-09-06T14:24:27Z,lukasaoz@gmail.com,True,valid
2,2024-08-14,Github-Hosted,macOS,ARM64,H6060-Python-Urllib3,Pypi,https://github.com/urllib3/urllib3,urllib3,urllib3,1.18,95e11072293ef1dbb95a5196277317fa7ccd453a,2016-09-26T08:50:01Z,lukasaoz@gmail.com,True,valid
2,2024-08-14,Github-Hosted,macOS,ARM64,H6060-Python-Urllib3,Pypi,https://github.com/urllib3/urllib3,urllib3,urllib3,1.18.1,640fcf6d62210ac4186b7def83f89ae773e92621,2016-10-27T11:00:42Z,lukasaoz@gmail.com,True,valid
2,2024-08-14,Github-Hosted,macOS,ARM64,H6060-Python-Urllib3,Pypi,https://github.com/urllib3/urllib3,urllib3,urllib3,1.19,6eee89eefca6829d25d39e16c3781dc469fd142e,2016-11-03T15:17:53Z,lukasaoz@gmail.com,True,valid
2,2024-08-14,Github-Hosted,macOS,ARM64,H6060-Python-Urllib3,Pypi,https://github.com/urllib3/urllib3,urllib3,urllib3,1.19.1,384d89b143bcd0ef49a9778cb1dc208c49a9e2e6,2016-11-16T10:11:27Z,lukasaoz@gmail.com,True,valid
2,2024-08-14,Github-Hosted,macOS,ARM64,H6060-Python-Urllib3,Pypi,https://github.com/urllib3/urllib3,urllib3,urllib3,1.20,5fe9782d5abce6cb4d69b05443873ff8cb74701a,2017-01-19T09:51:58Z,lukasaoz@gmail.com,True,valid
2,2024-08-14,Github-Hosted,macOS,ARM64,H6060-Python-Urllib3,Pypi,https://github.com/urllib3/urllib3,urllib3,urllib3,1.21,594d7c90682beb321eec4495611fe07ff27cc81f,2017-04-25T11:10:25Z,lukasaoz@gmail.com,True,valid
2,2024-08-14,Github-Hosted,macOS,ARM64,H6060-Python-Urllib3,Pypi,https://github.com/urllib3/urllib3,urllib3,urllib3,1.21.1,003952cd677b0db4dc00208494257e0758075c32,2017-05-02T10:56:34Z,lukasaoz@gmail.com,True,valid
2,2024-08-14,Github-Hosted,macOS,ARM64,H6060-Python-Urllib3,Pypi,https://github.com/urllib3/urllib3,urllib3,urllib3,1.22,d01cb896bc0ccacd2612ee1317ef8bea5eaa29b9,2017-07-20T09:04:30Z,lukasaoz@gmail.com,True,valid
2,2024-08-14,Github-Hosted,macOS,ARM64,H6060-Python-Urllib3,Pypi,https://github.com/urllib3/urllib3,urllib3,urllib3,1.23,859dd30874ce8cd2d963ac4086c8f839fcdabaff,2018-06-05T03:21:36Z,thea@thea.codes,False,unknown_key
2,2024-08-14,Github-Hosted,macOS,ARM64,H6060-Python-Urllib3,Pypi,https://github.com/urllib3/urllib3,urllib3,urllib3,1.24,19e15f4f609573aeae2fb54bf629b6b722480c8c,2018-10-16T17:48:09Z,theaflowers@google.com,False,unsigned
2,2024-08-14,Github-Hosted,macOS,ARM64,H6060-Python-Urllib3,Pypi,https://github.com/urllib3/urllib3,urllib3,urllib3,1.24.1,2cc8363adba58cbc155848ba4748ca98dba60a4e,2018-11-02T19:10:30Z,theaflowers@google.com,False,unsigned
2,2024-08-14,Github-Hosted,macOS,ARM64,H6060-Python-Urllib3,Pypi,https://github.com/urllib3/urllib3,urllib3,urllib3,1.24.2,654804fb51266a2f0dced90aad25de8459603e2a,2019-04-17T17:48:51Z,andrey.petrov@shazow.net,True,valid
2,2024-08-14,Github-Hosted,macOS,ARM64,H6060-Python-Urllib3,Pypi,https://github.com/urllib3/urllib3,urllib3,urllib3,1.24.3,c5e863e95f50d8480c183111f9a5d1673bf3b35e,2019-05-02T15:35:30Z,sethmichaellarson@gmail.com,False,unsigned
2,2024-08-14,Github-Hosted,macOS,ARM64,H6060-Python-Urllib3,Pypi,https://github.com/urllib3/urllib3,urllib3,urllib3,1.25,25bd303246a8f907189414a79333501406fe29ed,2019-04-22T13:54:16Z,sethmichaellarson@gmail.com,False,unsigned
2,2024-08-14,Github-Hosted,macOS,ARM64,H6060-Python-Urllib3,Pypi,https://github.com/urllib3/urllib3,urllib3,urllib3,1.25.1,bf6780760b402f6fca4511f76fa89ae26442bbdd,2019-04-24T15:18:04Z,sethmichaellarson@gmail.com,False,unsigned
2,2024-08-14,Github-Hosted,macOS,ARM64,H6060-Python-Urllib3,Pypi,https://github.com/urllib3/urllib3,urllib3,urllib3,1.25.10,894561eb4c72fb5e436a5259d1afb5d7109d704e,2020-07-22T15:42:46Z,seth.larson@elastic.co,False,unsigned
2,2024-08-14,Github-Hosted,macOS,ARM64,H6060-Python-Urllib3,Pypi,https://github.com/urllib3/urllib3,urllib3,urllib3,1.25.11,a5affe0674f490778adcb6299e881c8d49c7c627,2020-10-19T14:08:52Z,sethmichaellarson@gmail.com,False,unsigned
2,2024-08-14,Github-Hosted,macOS,ARM64,H6060-Python-Urllib3,Pypi,https://github.com/urllib3/urllib3,urllib3,urllib3,1.25.2,cd135aad058e72de9bc782df7962e766421ab45f,2019-04-29T13:08:14Z,sethmichaellarson@gmail.com,False,unsigned
2,2024-08-14,Github-Hosted,macOS,ARM64,H6060-Python-Urllib3,Pypi,https://github.com/urllib3/urllib3,urllib3,urllib3,1.25.3,10f362e2b6e06e77943ca4823fd6eccbb38c394f,2019-05-23T18:59:08Z,sethmichaellarson@gmail.com,False,unsigned
2,2024-08-14,Github-Hosted,macOS,ARM64,H6060-Python-Urllib3,Pypi,https://github.com/urllib3/urllib3,urllib3,urllib3,1.25.4,38ff1940a98238767b3e8f0d29b608086a455587,2019-09-19T14:46:31Z,sethmichaellarson@gmail.com,False,unsigned
2,2024-08-14,Github-Hosted,macOS,ARM64,H6060-Python-Urllib3,Pypi,https://github.com/urllib3/urllib3,urllib3,urllib3,1.25.6,ea357fa0f2234428e0e39b437206c7b8413f6e44,2019-09-24T14:33:32Z,sethmichaellarson@gmail.com,False,unsigned
2,2024-08-14,Github-Hosted,macOS,ARM64,H6060-Python-Urllib3,Pypi,https://github.com/urllib3/urllib3,urllib3,urllib3,1.25.7,5956d638c06c7c26e03c5daa63a72153cfa32586,2019-11-11T15:06:09Z,sethmichaellarson@gmail.com,False,unsigned
2,2024-08-14,Github-Hosted,macOS,ARM64,H6060-Python-Urllib3,Pypi,https://github.com/urllib3/urllib3,urllib3,urllib3,1.25.8,0298462a773a20dbb53d29c6bd001cd919c59913,2020-01-21T20:37:18Z,sethmichaellarson@gmail.com,False,unsigned
2,2024-08-14,Github-Hosted,macOS,ARM64,H6060-Python-Urllib3,Pypi,https://github.com/urllib3/urllib3,urllib3,urllib3,1.25.9,08bdc88f6f40361a00aceaf7d566220b68e5de64,2020-04-16T15:38:01Z,seth.larson@elastic.co,False,unsigned
2,2024-08-14,Github-Hosted,macOS,ARM64,H6060-Python-Urllib3,Pypi,https://github.com/urllib3/urllib3,urllib3,urllib3,1.26.0,de16bfb2504793d9833ab37e182b8b2ea5a13798,2020-11-10T19:50:47Z,seth.larson@elastic.co,False,unsigned
2,2024-08-14,Github-Hosted,macOS,ARM64,H6060-Python-Urllib3,Pypi,https://github.com/urllib3/urllib3,urllib3,urllib3,1.26.1,b09dba44ce92faa01445133b6c6b40b9719131ba,2020-11-11T20:19:53Z,seth.larson@elastic.co,False,unsigned
2,2024-08-14,Github-Hosted,macOS,ARM64,H6060-Python-Urllib3,Pypi,https://github.com/urllib3/urllib3,urllib3,urllib3,1.26.10,53bc302e8161e636110b3c2cbbaacd54cb6107a6,2022-07-07T15:04:38Z,seth.larson@elastic.co,False,unknown_key
2,2024-08-14,Github-Hosted,macOS,ARM64,H6060-Python-Urllib3,Pypi,https://github.com/urllib3/urllib3,urllib3,urllib3,1.26.11,c94bbc9631aad7037d679b684b5246f97cbcdab4,2022-07-25T12:48:07Z,seth.larson@elastic.co,False,unknown_key
2,2024-08-14,Github-Hosted,macOS,ARM64,H6060-Python-Urllib3,Pypi,https://github.com/urllib3/urllib3,urllib3,urllib3,1.26.12,c128a2928b839dddeaa6000b21d4f2583e69a164,2022-08-22T13:15:20Z,seth.larson@elastic.co,False,unknown_key
2,2024-08-14,Github-Hosted,macOS,ARM64,H6060-Python-Urllib3,Pypi,https://github.com/urllib3/urllib3,urllib3,urllib3,1.26.13,8521916004bbac845700a3d8e106953990480b4d,2022-11-23T21:48:36Z,seth.larson@elastic.co,False,unknown_key
2,2024-08-14,Github-Hosted,macOS,ARM64,H6060-Python-Urllib3,Pypi,https://github.com/urllib3/urllib3,urllib3,urllib3,1.26.14,0f616fe3909a6e6ca9290e6f95b380bcca2a4b67,2023-01-11T12:57:32Z,seth.larson@elastic.co,False,unknown_key
2,2024-08-14,Github-Hosted,macOS,ARM64,H6060-Python-Urllib3,Pypi,https://github.com/urllib3/urllib3,urllib3,urllib3,1.26.15,e8b707c05e8c9f93d9681ae9d042fbec92c08e8c,2023-03-10T23:52:07Z,seth.larson@elastic.co,False,unknown_key
2,2024-08-14,Github-Hosted,macOS,ARM64,H6060-Python-Urllib3,Pypi,https://github.com/urllib3/urllib3,urllib3,urllib3,1.26.16,602b0f1b43c0b5fa406d41e0b34beb65596c4ad3,2023-05-23T10:37:11Z,quentin.pradet@gmail.com,True,valid
2,2024-08-14,Github-Hosted,macOS,ARM64,H6060-Python-Urllib3,Pypi,https://github.com/urllib3/urllib3,urllib3,urllib3,1.26.17,b561c5f2fdf13f806e1d139a8b9fa520ae2cd84e,2023-10-02T17:09:55Z,illia.volochii@gmail.com,True,valid
2,2024-08-14,Github-Hosted,macOS,ARM64,H6060-Python-Urllib3,Pypi,https://github.com/urllib3/urllib3,urllib3,urllib3,1.26.18,9a05349cef48aaae77fbd0f5066a9446675349a0,2023-10-17T17:27:41Z,illia.volochii@gmail.com,True,valid
2,2024-08-14,Github-Hosted,macOS,ARM64,H6060-Python-Urllib3,Pypi,https://github.com/urllib3/urllib3,urllib3,urllib3,1.26.19,24b0a0a6b488e5e357f51c27fc8f95bc1cc53aa6,2024-06-17T14:30:27Z,quentin.pradet@gmail.com,True,valid
2,2024-08-14,Github-Hosted,macOS,ARM64,H6060-Python-Urllib3,Pypi,https://github.com/urllib3/urllib3,urllib3,urllib3,1.26.2,c65fcc1efcdf8911131da740a6414a0532db8d3b,2020-11-12T22:12:40Z,seth.larson@elastic.co,False,unsigned
2,2024-08-14,Github-Hosted,macOS,ARM64,H6060-Python-Urllib3,Pypi,https://github.com/urllib3/urllib3,urllib3,urllib3,1.26.3,f27a694dd90e9ff2050d13b7d156eab0ad0fd8be,2021-01-26T18:53:41Z,seth.larson@elastic.co,False,unsigned
2,2024-08-14,Github-Hosted,macOS,ARM64,H6060-Python-Urllib3,Pypi,https://github.com/urllib3/urllib3,urllib3,urllib3,1.26.4,0fe768b175984cab05cfac5a2116f1a3ca9e77d4,2021-03-15T15:02:16Z,seth.larson@elastic.co,False,unsigned
2,2024-08-14,Github-Hosted,macOS,ARM64,H6060-Python-Urllib3,Pypi,https://github.com/urllib3/urllib3,urllib3,urllib3,1.26.5,6b98b8682fadb24ae6dd9552acac22b6226d65a7,2021-05-26T17:00:10Z,seth.larson@elastic.co,False,unsigned
2,2024-08-14,Github-Hosted,macOS,ARM64,H6060-Python-Urllib3,Pypi,https://github.com/urllib3/urllib3,urllib3,urllib3,1.26.7,4a53608cab9c391001b031d4dc691d8ed290dc35,2021-09-22T17:58:27Z,seth.larson@elastic.co,False,unsigned
2,2024-08-14,Github-Hosted,macOS,ARM64,H6060-Python-Urllib3,Pypi,https://github.com/urllib3/urllib3,urllib3,urllib3,1.26.8,18848d6118524f41ce9612af517d760e2dc45def,2022-01-07T15:54:56Z,seth.larson@elastic.co,False,unsigned
2,2024-08-14,Github-Hosted,macOS,ARM64,H6060-Python-Urllib3,Pypi,https://github.com/urllib3/urllib3,urllib3,urllib3,1.26.9,72f3a7e36d207bfd99ba0a3b10be589dd5f6604e,2022-03-16T13:26:35Z,seth.larson@elastic.co,False,unknown_key
2,2024-08-14,Github-Hosted,macOS,ARM64,H6060-Python-Urllib3,Pypi,https://github.com/urllib3/urllib3,urllib3,urllib3,2.0.0,303ba8163d6eb7916603e2d422d26abde62f918c,2023-04-26T17:09:40Z,sethmichaellarson@gmail.com,True,valid
2,2024-08-14,Github-Hosted,macOS,ARM64,H6060-Python-Urllib3,Pypi,https://github.com/urllib3/urllib3,urllib3,urllib3,2.0.0a1,f8f419bc5614354b935c0063d657bb2393cbcfd7,2022-11-15T14:58:41Z,seth.larson@elastic.co,False,unknown_key
2,2024-08-14,Github-Hosted,macOS,ARM64,H6060-Python-Urllib3,Pypi,https://github.com/urllib3/urllib3,urllib3,urllib3,2.0.0a2,b2e7c72d9f87e8115c52d6ccf65a535471f987e4,2022-11-23T22:40:14Z,seth.larson@elastic.co,False,unknown_key
2,2024-08-14,Github-Hosted,macOS,ARM64,H6060-Python-Urllib3,Pypi,https://github.com/urllib3/urllib3,urllib3,urllib3,2.0.0a3,00b6edf0597c3b407d5ea80ebcfd388d5c0012b2,2023-01-11T12:56:56Z,seth.larson@elastic.co,False,unknown_key
2,2024-08-14,Github-Hosted,macOS,ARM64,H6060-Python-Urllib3,Pypi,https://github.com/urllib3/urllib3,urllib3,urllib3,2.0.0a4,61996eebd70e234b3487959b875396835138d42e,2023-04-25T18:22:29Z,sethmichaellarson@gmail.com,True,valid
2,2024-08-14,Github-Hosted,macOS,ARM64,H6060-Python-Urllib3,Pypi,https://github.com/urllib3/urllib3,urllib3,urllib3,2.0.1,d35d26c58a28f88e1851e44c7c1b509bcfcc7a1a,2023-04-30T08:46:44Z,quentin.pradet@gmail.com,True,valid
2,2024-08-14,Github-Hosted,macOS,ARM64,H6060-Python-Urllib3,Pypi,https://github.com/urllib3/urllib3,urllib3,urllib3,2.0.2,67cbfcb1c0a16e75ca0c7bdccfc97c0b09151387,2023-05-03T22:30:56Z,sethmichaellarson@gmail.com,True,valid
2,2024-08-14,Github-Hosted,macOS,ARM64,H6060-Python-Urllib3,Pypi,https://github.com/urllib3/urllib3,urllib3,urllib3,2.0.3,cb04c8e4603e062373fb62958809e4d0c32cef09,2023-06-07T10:14:35Z,quentin.pradet@gmail.com,True,valid
2,2024-08-14,Github-Hosted,macOS,ARM64,H6060-Python-Urllib3,Pypi,https://github.com/urllib3/urllib3,urllib3,urllib3,2.0.4,d267c99f7e890ff22e136c34d29be802d9c2e773,2023-07-19T15:18:00Z,illia.volochii@gmail.com,True,valid
2,2024-08-14,Github-Hosted,macOS,ARM64,H6060-Python-Urllib3,Pypi,https://github.com/urllib3/urllib3,urllib3,urllib3,2.0.5,623bf4e930e52ac432237736f27d90108e502a68,2024-07-09T03:52:24Z,sethmichaellarson@gmail.com,True,valid
2,2024-08-14,Github-Hosted,macOS,ARM64,H6060-Python-Urllib3,Pypi,https://github.com/urllib3/urllib3,urllib3,urllib3,2.0.6,3b5b1fea8680cc667af65dd0b66d9770696d7173,2023-10-02T17:07:55Z,illia.volochii@gmail.com,True,valid
2,2024-08-14,Github-Hosted,macOS,ARM64,H6060-Python-Urllib3,Pypi,https://github.com/urllib3/urllib3,urllib3,urllib3,2.0.7,c7826a722c28257718a48f28b39e8cca6a1ab628,2023-10-17T17:28:44Z,illia.volochii@gmail.com,True,valid
2,2024-08-14,Github-Hosted,macOS,ARM64,H6060-Python-Urllib3,Pypi,https://github.com/urllib3/urllib3,urllib3,urllib3,2.1.0,374ea95d60ae6e45173ff698119d19d76f71eadb,2023-11-13T12:21:12Z,quentin.pradet@gmail.com,True,valid
2,2024-08-14,Github-Hosted,macOS,ARM64,H6060-Python-Urllib3,Pypi,https://github.com/urllib3/urllib3,urllib3,urllib3,2.2.0,bde04ae5b145c7979cd6b305f02d72a0d85fa9cb,2024-01-30T15:12:42Z,sethmichaellarson@gmail.com,True,valid
2,2024-08-14,Github-Hosted,macOS,ARM64,H6060-Python-Urllib3,Pypi,https://github.com/urllib3/urllib3,urllib3,urllib3,2.2.1,0b4566e65ca046823dd92a490ae33c17bbb88fcb,2024-02-18T03:46:03Z,quentin.pradet@gmail.com,True,valid
2,2024-08-14,Github-Hosted,macOS,ARM64,H6060-Python-Urllib3,Pypi,https://github.com/urllib3/urllib3,urllib3,urllib3,2.2.2,d6f36b05acdbf86435b07bea53e558d63ae016ab,2024-06-17T08:02:21Z,illia.volochii@gmail.com,True,valid
2,2024-08-14,Github-Hosted,macOS,ARM64,H6060-Python-Urllib3,Pypi,https://github.com/urllib3/urllib3,urllib3,urllib3,v2.0.5,d4e424a471c79f245740a3734567e7402c036620,2023-09-20T07:00:22Z,quentin.pradet@gmail.com,True,valid
