{
	"vulasReport": {
		"generatedAt": "14.08.2024 14:59 +0000",
		"generatedFor": {
			"space": "0AACF0FFBE1EA3C6832D327169B98714",
			"groupId": "urllib3",
			"artifactId": "urllib3",
			"version": "1.26.5"
		},
		"isAggregated": false,
	
		"aggregatedModules": [],
	
		"configuration": [
			{ "name": "exceptionThreshold",
			  "value": "dependsOn" },
			{ "name": "exemptScopes",
			  "value": "PROVIDED, TEST" },
			{ "name": "exemptBugs",
			  "value": " (*)" }
		],
	
		"vulnerabilities": [
		
		]
	}
}
