Experiment ID,Experiment Date,Experiment Runner Environment,Experiment Runner Operating System,Experiment Runner Architecture,Experiment Project Name,Experiment Package Manager,GitHub Repository URL,GitHub Organisation,GitHub Repository Name,GitHub Repository Tag Name,GitHub Repository Tag Commit,GitHub Repository Tag Date,GitHub Repository Tag Author,GitHub Repository Tag Verified,GitHub Repository Tag Reason
1,2024-08-10,Github-Hosted,macOS,ARM64,H6060-Java-Logback,Maven,https://github.com/qos-ch/logback,qos-ch,logback,possible_mvn_issue,133028436773d890c69c2a775b9622724f91d790,2022-09-30T14:52:36Z,ceki@qos.ch,False,unsigned
1,2024-08-10,Github-Hosted,macOS,ARM64,H6060-Java-Logback,Maven,https://github.com/qos-ch/logback,qos-ch,logback,release-0.2,68625dbd24a39ee82bd06878de45677973d5f3c0,2009-08-20T18:29:22Z,ceki@qos.ch,False,unsigned
1,2024-08-10,Github-Hosted,macOS,ARM64,H6060-Java-Logback,Maven,https://github.com/qos-ch/logback,qos-ch,logback,release-0.2.5,f03ff511ebabeb0abfeaae84d85c54193022a940,2009-08-20T18:29:05Z,ceki@qos.ch,False,unsigned
1,2024-08-10,Github-Hosted,macOS,ARM64,H6060-Java-Logback,Maven,https://github.com/qos-ch/logback,qos-ch,logback,release-0.3,d85f8b326970df9daf626f726ade9a1cce399e63,2009-08-20T18:29:40Z,ceki@qos.ch,False,unsigned
1,2024-08-10,Github-Hosted,macOS,ARM64,H6060-Java-Logback,Maven,https://github.com/qos-ch/logback,qos-ch,logback,release-0.4,dffe5c71a2c08063ccda3be84d71caf03ccb4091,2009-08-20T18:29:40Z,ceki@qos.ch,False,unsigned
1,2024-08-10,Github-Hosted,macOS,ARM64,H6060-Java-Logback,Maven,https://github.com/qos-ch/logback,qos-ch,logback,release-0.5,620c41267d8e26385edeb311448306cbecda45e7,2009-08-20T18:29:40Z,ceki@qos.ch,False,unsigned
1,2024-08-10,Github-Hosted,macOS,ARM64,H6060-Java-Logback,Maven,https://github.com/qos-ch/logback,qos-ch,logback,release-0.6,54b5023bfb6d181eb48fd9e1676a9dc0a3407082,2009-08-20T18:29:40Z,ceki@qos.ch,False,unsigned
1,2024-08-10,Github-Hosted,macOS,ARM64,H6060-Java-Logback,Maven,https://github.com/qos-ch/logback,qos-ch,logback,release-0.7,8c6a807fa56e9053a573c47fd1b8e205daafdc5d,2009-08-20T18:29:40Z,ceki@qos.ch,False,unsigned
1,2024-08-10,Github-Hosted,macOS,ARM64,H6060-Java-Logback,Maven,https://github.com/qos-ch/logback,qos-ch,logback,release-0.7.1,4e2187d2ae6e4ea401cb977d2f1b48a67c75ee51,2009-08-20T18:29:40Z,ceki@qos.ch,False,unsigned
1,2024-08-10,Github-Hosted,macOS,ARM64,H6060-Java-Logback,Maven,https://github.com/qos-ch/logback,qos-ch,logback,release-0.8,603311a9f6c53520b03695d100a0cd1adc6959fe,2009-08-20T18:29:40Z,ceki@qos.ch,False,unsigned
1,2024-08-10,Github-Hosted,macOS,ARM64,H6060-Java-Logback,Maven,https://github.com/qos-ch/logback,qos-ch,logback,release-0.8.1,d78f24071258d5b2edfe71710e1aea296af33cd0,2009-08-20T18:29:40Z,ceki@qos.ch,False,unsigned
1,2024-08-10,Github-Hosted,macOS,ARM64,H6060-Java-Logback,Maven,https://github.com/qos-ch/logback,qos-ch,logback,release-0.9,a85863453b31a41791bccd7c9efa9b80a6ad7370,2009-08-20T18:29:40Z,ceki@qos.ch,False,unsigned
1,2024-08-10,Github-Hosted,macOS,ARM64,H6060-Java-Logback,Maven,https://github.com/qos-ch/logback,qos-ch,logback,release-0.9.2,1862011020f0567f2484962bfb36d15756e90334,2009-08-20T18:29:40Z,ceki@qos.ch,False,unsigned
1,2024-08-10,Github-Hosted,macOS,ARM64,H6060-Java-Logback,Maven,https://github.com/qos-ch/logback,qos-ch,logback,release-0.9.3,e8601c4c30701acbd69e28779cb6da3998b95d42,2009-08-20T18:29:40Z,ceki@qos.ch,False,unsigned
1,2024-08-10,Github-Hosted,macOS,ARM64,H6060-Java-Logback,Maven,https://github.com/qos-ch/logback,qos-ch,logback,release-0.9.4,417ba55b20b07fbcc0a6f9a55e571cd456b3092c,2009-08-20T18:29:40Z,ceki@qos.ch,False,unsigned
1,2024-08-10,Github-Hosted,macOS,ARM64,H6060-Java-Logback,Maven,https://github.com/qos-ch/logback,qos-ch,logback,release_0.9.1,0859f35c06bd2db1454b7c0251776b2dacdaee4f,2009-08-20T18:29:40Z,ceki@qos.ch,False,unsigned
1,2024-08-10,Github-Hosted,macOS,ARM64,H6060-Java-Logback,Maven,https://github.com/qos-ch/logback,qos-ch,logback,release_0.9.10,9660185a385b41b02641d235c7432b55cf335847,2009-08-20T18:29:41Z,ceki@qos.ch,False,unsigned
1,2024-08-10,Github-Hosted,macOS,ARM64,H6060-Java-Logback,Maven,https://github.com/qos-ch/logback,qos-ch,logback,release_0.9.11,e5beaf539639182e228d020481f52edee27e19b6,2009-08-20T18:29:41Z,ceki@qos.ch,False,unsigned
1,2024-08-10,Github-Hosted,macOS,ARM64,H6060-Java-Logback,Maven,https://github.com/qos-ch/logback,qos-ch,logback,release_0.9.13,004a0490d9ec6e66a4b72875d0427a4b28f402f1,2009-08-20T18:29:41Z,ceki@qos.ch,False,unsigned
1,2024-08-10,Github-Hosted,macOS,ARM64,H6060-Java-Logback,Maven,https://github.com/qos-ch/logback,qos-ch,logback,release_0.9.14,d3d603542bcb6155499e1eef6fc0ddafe877ae81,2009-08-20T18:29:41Z,ceki@qos.ch,False,unsigned
1,2024-08-10,Github-Hosted,macOS,ARM64,H6060-Java-Logback,Maven,https://github.com/qos-ch/logback,qos-ch,logback,release_0.9.15,c8933a5139e05062ba3be956c9d57d3b018c03b1,2009-08-20T18:29:41Z,ceki@qos.ch,False,unsigned
1,2024-08-10,Github-Hosted,macOS,ARM64,H6060-Java-Logback,Maven,https://github.com/qos-ch/logback,qos-ch,logback,release_0.9.16,1285a46f5932bb6635ead69eb4403d44eedab0c6,2009-08-20T18:29:41Z,ceki@qos.ch,False,unsigned
1,2024-08-10,Github-Hosted,macOS,ARM64,H6060-Java-Logback,Maven,https://github.com/qos-ch/logback,qos-ch,logback,release_0.9.17,9ad404712cbcc94dbd727f279a6709abbeab4bb7,2009-08-20T18:29:41Z,ceki@qos.ch,False,unsigned
1,2024-08-10,Github-Hosted,macOS,ARM64,H6060-Java-Logback,Maven,https://github.com/qos-ch/logback,qos-ch,logback,release_0.9.19,e555d5799c632d573965e4b8b92d45ed884a5f18,2010-03-24T19:51:38Z,ceki@qos.ch,False,unsigned
1,2024-08-10,Github-Hosted,macOS,ARM64,H6060-Java-Logback,Maven,https://github.com/qos-ch/logback,qos-ch,logback,release_0.9.6,39808712beaa1c0674094d542f8b316fe0ac2477,2009-08-20T18:29:41Z,ceki@qos.ch,False,unsigned
1,2024-08-10,Github-Hosted,macOS,ARM64,H6060-Java-Logback,Maven,https://github.com/qos-ch/logback,qos-ch,logback,release_0.9.8,bb58bcbbe341a05fde3c429beb84a10f0d5d8edc,2009-08-20T18:29:41Z,ceki@qos.ch,False,unsigned
1,2024-08-10,Github-Hosted,macOS,ARM64,H6060-Java-Logback,Maven,https://github.com/qos-ch/logback,qos-ch,logback,release_0.9.9,abe920ab1f9850e87e07b72aee5b48a933e66342,2009-08-20T18:29:41Z,ceki@qos.ch,False,unsigned
1,2024-08-10,Github-Hosted,macOS,ARM64,H6060-Java-Logback,Maven,https://github.com/qos-ch/logback,qos-ch,logback,v0.9.18,e6800264145bb20b6793ed2a955e9873cee22f45,2009-12-03T21:20:33Z,ceki@qos.ch,False,unsigned
1,2024-08-10,Github-Hosted,macOS,ARM64,H6060-Java-Logback,Maven,https://github.com/qos-ch/logback,qos-ch,logback,v0.9.20,4a3697eb144ddf8f8649703e39710ea0381c24f4,2010-04-01T21:49:39Z,ceki@qos.ch,False,unsigned
1,2024-08-10,Github-Hosted,macOS,ARM64,H6060-Java-Logback,Maven,https://github.com/qos-ch/logback,qos-ch,logback,v1.0.10,94af2eb577481b3277e886cd08c15387e000d841,2013-03-15T17:15:53Z,ceki@qos.ch,False,unsigned
1,2024-08-10,Github-Hosted,macOS,ARM64,H6060-Java-Logback,Maven,https://github.com/qos-ch/logback,qos-ch,logback,v1.3.2,8e7f3f32ed514efcbaf0ded33253b53c2ec39e7b,2022-10-02T20:04:55Z,ceki@qos.ch,False,unsigned
1,2024-08-10,Github-Hosted,macOS,ARM64,H6060-Java-Logback,Maven,https://github.com/qos-ch/logback,qos-ch,logback,v1.4.2,46492709d7cb2c12289f5242379da33d60817c26,2022-10-02T19:25:38Z,ceki@qos.ch,False,unsigned
1,2024-08-10,Github-Hosted,macOS,ARM64,H6060-Java-Logback,Maven,https://github.com/qos-ch/logback,qos-ch,logback,v_0.9.21,d383758f0fa90cf85851483c539b224b5e4609ca,2010-05-08T23:14:55Z,ceki@qos.ch,False,unsigned
1,2024-08-10,Github-Hosted,macOS,ARM64,H6060-Java-Logback,Maven,https://github.com/qos-ch/logback,qos-ch,logback,v_0.9.22,888c294c1a9974fcc4b106fb83eafdecec259ce4,2010-06-21T16:53:27Z,ceki@qos.ch,False,unsigned
1,2024-08-10,Github-Hosted,macOS,ARM64,H6060-Java-Logback,Maven,https://github.com/qos-ch/logback,qos-ch,logback,v_0.9.23,c02a91710b0ee4588887276fd148ba31fc4dfd75,2010-06-29T13:50:22Z,ceki@qos.ch,False,unsigned
1,2024-08-10,Github-Hosted,macOS,ARM64,H6060-Java-Logback,Maven,https://github.com/qos-ch/logback,qos-ch,logback,v_0.9.24,b08b2a1f1a1f6a3c7b2b6c21942c59855199547c,2010-06-30T20:57:23Z,ceki@qos.ch,False,unsigned
1,2024-08-10,Github-Hosted,macOS,ARM64,H6060-Java-Logback,Maven,https://github.com/qos-ch/logback,qos-ch,logback,v_0.9.25,96564278663f59bb94e6b45d15ab5f37c0defcee,2010-10-13T21:44:10Z,ceki@qos.ch,False,unsigned
1,2024-08-10,Github-Hosted,macOS,ARM64,H6060-Java-Logback,Maven,https://github.com/qos-ch/logback,qos-ch,logback,v_0.9.27,ee40f0381308f61d040c28ccb534af9abf829871,2010-12-22T22:11:30Z,ceki@qos.ch,False,unsigned
1,2024-08-10,Github-Hosted,macOS,ARM64,H6060-Java-Logback,Maven,https://github.com/qos-ch/logback,qos-ch,logback,v_0.9.28,b0dec90530d5fd2c5372ab2d62fbe67646f7f7ff,2011-01-25T22:15:03Z,ceki@qos.ch,False,unsigned
1,2024-08-10,Github-Hosted,macOS,ARM64,H6060-Java-Logback,Maven,https://github.com/qos-ch/logback,qos-ch,logback,v_0.9.29,d62c70c89af5d0b41ace518ea929eee51bfcf75b,2011-06-09T22:07:15Z,ceki@qos.ch,False,unsigned
1,2024-08-10,Github-Hosted,macOS,ARM64,H6060-Java-Logback,Maven,https://github.com/qos-ch/logback,qos-ch,logback,v_0.9.30,235868686906c20841309e459edb3e367e28d7ff,2011-09-20T22:26:19Z,ceki@qos.ch,False,unsigned
1,2024-08-10,Github-Hosted,macOS,ARM64,H6060-Java-Logback,Maven,https://github.com/qos-ch/logback,qos-ch,logback,v_1.0.0,eb5f0cbfbaa1131797ca55cbae098ce8a9ac218c,2011-11-01T17:48:20Z,ceki@qos.ch,False,unsigned
1,2024-08-10,Github-Hosted,macOS,ARM64,H6060-Java-Logback,Maven,https://github.com/qos-ch/logback,qos-ch,logback,v_1.0.1,aa870e01f811cec7ea0cb7b64f00ccd8ed0774a5,2012-03-07T07:17:41Z,ceki@qos.ch,False,unsigned
1,2024-08-10,Github-Hosted,macOS,ARM64,H6060-Java-Logback,Maven,https://github.com/qos-ch/logback,qos-ch,logback,v_1.0.11,05131b9c42fc9102fccb2c2e0622198ed36a582e,2013-03-25T15:09:21Z,ceki@qos.ch,False,unsigned
1,2024-08-10,Github-Hosted,macOS,ARM64,H6060-Java-Logback,Maven,https://github.com/qos-ch/logback,qos-ch,logback,v_1.0.12,fa8fa15d0829a0f70862893d697e50bb4a5c62f0,2013-04-26T16:33:53Z,ceki@qos.ch,False,unsigned
1,2024-08-10,Github-Hosted,macOS,ARM64,H6060-Java-Logback,Maven,https://github.com/qos-ch/logback,qos-ch,logback,v_1.0.13,af2a3d563a56c43638e56a56dcdffcb878439fce,2013-05-10T12:39:29Z,ceki@qos.ch,False,unsigned
1,2024-08-10,Github-Hosted,macOS,ARM64,H6060-Java-Logback,Maven,https://github.com/qos-ch/logback,qos-ch,logback,v_1.0.2,01cffa00b5fdafe1d94de975275b18a26c12c708,2012-04-26T13:21:01Z,ceki@qos.ch,False,unsigned
1,2024-08-10,Github-Hosted,macOS,ARM64,H6060-Java-Logback,Maven,https://github.com/qos-ch/logback,qos-ch,logback,v_1.0.3,8b73e192d656ed2b6a4a3a8352421cc6e93cdbe1,2012-05-03T22:53:39Z,ceki@qos.ch,False,unsigned
1,2024-08-10,Github-Hosted,macOS,ARM64,H6060-Java-Logback,Maven,https://github.com/qos-ch/logback,qos-ch,logback,v_1.0.4,38af727b5924ff13fad1a1b510dba0ad77c024f9,2012-05-31T21:24:50Z,ceki@qos.ch,False,unsigned
1,2024-08-10,Github-Hosted,macOS,ARM64,H6060-Java-Logback,Maven,https://github.com/qos-ch/logback,qos-ch,logback,v_1.0.5,2b2a8daafb05a36715ae58dbbe9fb525ff74e7ba,2012-06-05T22:23:09Z,ceki@qos.ch,False,unsigned
1,2024-08-10,Github-Hosted,macOS,ARM64,H6060-Java-Logback,Maven,https://github.com/qos-ch/logback,qos-ch,logback,v_1.0.6,e179a54b2b7c02f9b3ead3deb769e50b376102d0,2012-06-07T20:46:10Z,ceki@qos.ch,False,unsigned
1,2024-08-10,Github-Hosted,macOS,ARM64,H6060-Java-Logback,Maven,https://github.com/qos-ch/logback,qos-ch,logback,v_1.0.7,9dac4c6ad07125c6f729f49c35e08a536e6d0162,2012-08-23T22:18:11Z,ceki@qos.ch,False,unsigned
1,2024-08-10,Github-Hosted,macOS,ARM64,H6060-Java-Logback,Maven,https://github.com/qos-ch/logback,qos-ch,logback,v_1.0.8,12172e30c9063bf39e51be80e58ae961f10d2b64,2012-12-04T20:59:14Z,ceki@qos.ch,False,unsigned
1,2024-08-10,Github-Hosted,macOS,ARM64,H6060-Java-Logback,Maven,https://github.com/qos-ch/logback,qos-ch,logback,v_1.0.9,71f3d320446144f6296ca65c4feee992331ca31c,2012-12-04T23:20:59Z,ceki@qos.ch,False,unsigned
1,2024-08-10,Github-Hosted,macOS,ARM64,H6060-Java-Logback,Maven,https://github.com/qos-ch/logback,qos-ch,logback,v_1.1.0,27aadc3f917c936acfe9a02aac9268edafbaa57e,2014-01-29T17:52:37Z,ceki@qos.ch,False,unsigned
1,2024-08-10,Github-Hosted,macOS,ARM64,H6060-Java-Logback,Maven,https://github.com/qos-ch/logback,qos-ch,logback,v_1.1.1,5937f85ac0de42d458749b1fc6fbc7713811e81f,2014-02-05T23:16:11Z,ceki@qos.ch,False,unsigned
1,2024-08-10,Github-Hosted,macOS,ARM64,H6060-Java-Logback,Maven,https://github.com/qos-ch/logback,qos-ch,logback,v_1.1.10,f9dec0a57d182b1c58e307620de26aa95dbdc4a1,2017-02-05T14:07:09Z,ceki@qos.ch,False,unsigned
1,2024-08-10,Github-Hosted,macOS,ARM64,H6060-Java-Logback,Maven,https://github.com/qos-ch/logback,qos-ch,logback,v_1.1.11,84c28e48d5db54700d47782aee66b5b2b4c5bdc8,2017-03-01T19:37:50Z,ceki@qos.ch,False,unsigned
1,2024-08-10,Github-Hosted,macOS,ARM64,H6060-Java-Logback,Maven,https://github.com/qos-ch/logback,qos-ch,logback,v_1.1.4,781f2d8426b126147e13b40d0e8d49ff14524999,2016-02-11T21:44:03Z,ceki@qos.ch,False,unsigned
1,2024-08-10,Github-Hosted,macOS,ARM64,H6060-Java-Logback,Maven,https://github.com/qos-ch/logback,qos-ch,logback,v_1.1.5,64788b9937b572dcc70773cb04ac0cb805985999,2016-02-13T22:38:50Z,ceki@qos.ch,False,unsigned
1,2024-08-10,Github-Hosted,macOS,ARM64,H6060-Java-Logback,Maven,https://github.com/qos-ch/logback,qos-ch,logback,v_1.1.6,bcd1c5c4b77d52e84d421d75cf4a95d84e4ba88e,2016-02-29T22:13:17Z,ceki@qos.ch,False,unsigned
1,2024-08-10,Github-Hosted,macOS,ARM64,H6060-Java-Logback,Maven,https://github.com/qos-ch/logback,qos-ch,logback,v_1.1.7,aa94f577000d1af92575a6b443c8c2e321ab167e,2016-03-29T20:27:13Z,ceki@qos.ch,False,unsigned
1,2024-08-10,Github-Hosted,macOS,ARM64,H6060-Java-Logback,Maven,https://github.com/qos-ch/logback,qos-ch,logback,v_1.1.8,212b496162ccc2a7406254dde224cdbc5c9ae69d,2016-12-09T10:33:39Z,ceki@qos.ch,False,unsigned
1,2024-08-10,Github-Hosted,macOS,ARM64,H6060-Java-Logback,Maven,https://github.com/qos-ch/logback,qos-ch,logback,v_1.2.0,447ddfd516f54b6a222e0b3cb08ffd54889a3659,2017-02-08T22:27:26Z,ceki@qos.ch,False,unsigned
1,2024-08-10,Github-Hosted,macOS,ARM64,H6060-Java-Logback,Maven,https://github.com/qos-ch/logback,qos-ch,logback,v_1.2.1,12cac9adff7e80c1c3d8d8dbe53d411078b37dc4,2017-02-09T13:05:51Z,ceki@qos.ch,False,unsigned
1,2024-08-10,Github-Hosted,macOS,ARM64,H6060-Java-Logback,Maven,https://github.com/qos-ch/logback,qos-ch,logback,v_1.2.10,ec22dff805a71a52c82215361f605bf7aa68d008,2021-12-23T10:27:32Z,ceki@qos.ch,False,unsigned
1,2024-08-10,Github-Hosted,macOS,ARM64,H6060-Java-Logback,Maven,https://github.com/qos-ch/logback,qos-ch,logback,v_1.2.11,c3b1fdf164d59c557c1453ac086567eda78734a8,2022-03-05T21:17:25Z,ceki@qos.ch,False,unsigned
1,2024-08-10,Github-Hosted,macOS,ARM64,H6060-Java-Logback,Maven,https://github.com/qos-ch/logback,qos-ch,logback,v_1.2.12,ad02b775897a88bd63189da75889a3ab5cd9c26f,2023-03-23T21:09:40Z,ceki@qos.ch,False,unsigned
1,2024-08-10,Github-Hosted,macOS,ARM64,H6060-Java-Logback,Maven,https://github.com/qos-ch/logback,qos-ch,logback,v_1.2.13,8ae37f77cdfcea796062cf2d86a41967cedb7658,2023-12-01T14:41:27Z,ceki@qos.ch,False,unsigned
1,2024-08-10,Github-Hosted,macOS,ARM64,H6060-Java-Logback,Maven,https://github.com/qos-ch/logback,qos-ch,logback,v_1.2.2,abad4244e7cd0af26ff4022e1fc8a7500f4c6168,2017-03-16T19:13:35Z,ceki@qos.ch,False,unsigned
1,2024-08-10,Github-Hosted,macOS,ARM64,H6060-Java-Logback,Maven,https://github.com/qos-ch/logback,qos-ch,logback,v_1.2.3,db1bfca9eebb911d7d018022e030f0b5c5c17eda,2017-04-01T04:33:19Z,ceki@qos.ch,False,unsigned
1,2024-08-10,Github-Hosted,macOS,ARM64,H6060-Java-Logback,Maven,https://github.com/qos-ch/logback,qos-ch,logback,v_1.2.4,eaead39e47cb4707e70f97a01e6c717dc5e26a1b,2021-07-19T06:53:48Z,ceki@qos.ch,False,unsigned
1,2024-08-10,Github-Hosted,macOS,ARM64,H6060-Java-Logback,Maven,https://github.com/qos-ch/logback,qos-ch,logback,v_1.2.5,7b65d2071599bdf74ca591592c2a7ac9c54c9b7f,2021-07-26T15:46:47Z,ceki@qos.ch,False,unsigned
1,2024-08-10,Github-Hosted,macOS,ARM64,H6060-Java-Logback,Maven,https://github.com/qos-ch/logback,qos-ch,logback,v_1.2.6,b41ba74f2b8e03787ac0dd96c25b5bd670bd5fd0,2021-09-09T22:32:45Z,ceki@qos.ch,False,unsigned
1,2024-08-10,Github-Hosted,macOS,ARM64,H6060-Java-Logback,Maven,https://github.com/qos-ch/logback,qos-ch,logback,v_1.2.7,006e22752659d5b5afd1698dbfeb5f3b5989d70f,2021-11-11T17:27:06Z,ceki@qos.ch,False,unsigned
1,2024-08-10,Github-Hosted,macOS,ARM64,H6060-Java-Logback,Maven,https://github.com/qos-ch/logback,qos-ch,logback,v_1.2.8,85bd0b0c2c7adae7a748a545f74c86ba1cec87a7,2021-12-15T19:35:14Z,ceki@qos.ch,False,unsigned
1,2024-08-10,Github-Hosted,macOS,ARM64,H6060-Java-Logback,Maven,https://github.com/qos-ch/logback,qos-ch,logback,v_1.2.9,4257b090a1e708d3fb160f4718bb8f431bcbcbc4,2021-12-19T18:40:49Z,ceki@qos.ch,False,unsigned
1,2024-08-10,Github-Hosted,macOS,ARM64,H6060-Java-Logback,Maven,https://github.com/qos-ch/logback,qos-ch,logback,v_1.3.0,9cd3e90426a8cd82b4c767bdf7a07ca08a2f87a5,2022-08-28T17:33:03Z,ceki@qos.ch,False,unsigned
1,2024-08-10,Github-Hosted,macOS,ARM64,H6060-Java-Logback,Maven,https://github.com/qos-ch/logback,qos-ch,logback,v_1.3.0-alpha0,f2c0c30862e4940ecfc4c2b7d483e4b66eb303d0,2018-01-18T19:54:34Z,ceki@qos.ch,False,unsigned
1,2024-08-10,Github-Hosted,macOS,ARM64,H6060-Java-Logback,Maven,https://github.com/qos-ch/logback,qos-ch,logback,v_1.3.0-alpha10,94aff83099bac93c29db4f2cb5be0bed4d348899,2021-08-23T14:13:20Z,ceki@qos.ch,False,unsigned
1,2024-08-10,Github-Hosted,macOS,ARM64,H6060-Java-Logback,Maven,https://github.com/qos-ch/logback,qos-ch,logback,v_1.3.0-alpha11,a2e14611981b846a9b5e5df1b4871980a7cbbafb,2021-12-19T18:45:38Z,ceki@qos.ch,False,unsigned
1,2024-08-10,Github-Hosted,macOS,ARM64,H6060-Java-Logback,Maven,https://github.com/qos-ch/logback,qos-ch,logback,v_1.3.0-alpha12,2defa74fc96d9b695b401e551c6ccb74a40977cc,2021-12-22T20:08:51Z,ceki@qos.ch,False,unsigned
1,2024-08-10,Github-Hosted,macOS,ARM64,H6060-Java-Logback,Maven,https://github.com/qos-ch/logback,qos-ch,logback,v_1.3.0-alpha12-SNAPSHOT,263cac64793146cb7dbb48d55e171dbc81a18484,2021-12-19T18:46:10Z,ceki@qos.ch,False,unsigned
1,2024-08-10,Github-Hosted,macOS,ARM64,H6060-Java-Logback,Maven,https://github.com/qos-ch/logback,qos-ch,logback,v_1.3.0-alpha13,3193d382de44e4dc576dbce05158240122260223,2022-01-31T17:13:25Z,ceki@qos.ch,False,unsigned
1,2024-08-10,Github-Hosted,macOS,ARM64,H6060-Java-Logback,Maven,https://github.com/qos-ch/logback,qos-ch,logback,v_1.3.0-alpha14,611c8b137fc77cdae7b20bef2eb8ad0c4365b013,2022-02-11T22:53:26Z,ceki@qos.ch,False,unsigned
1,2024-08-10,Github-Hosted,macOS,ARM64,H6060-Java-Logback,Maven,https://github.com/qos-ch/logback,qos-ch,logback,v_1.3.0-alpha15,09756fafcd9671fbc1bc45de4d648146a56d055c,2022-05-09T17:36:18Z,ceki@qos.ch,False,unsigned
1,2024-08-10,Github-Hosted,macOS,ARM64,H6060-Java-Logback,Maven,https://github.com/qos-ch/logback,qos-ch,logback,v_1.3.0-alpha16,74784d2e6f1a883f39d018f9cec1712c250b2c10,2022-05-19T14:18:48Z,ceki@qos.ch,False,unsigned
1,2024-08-10,Github-Hosted,macOS,ARM64,H6060-Java-Logback,Maven,https://github.com/qos-ch/logback,qos-ch,logback,v_1.3.0-alpha2,86d5b370f4501361464d390b9a2d12061a0de60b,2018-01-30T13:14:50Z,ceki@qos.ch,False,unsigned
1,2024-08-10,Github-Hosted,macOS,ARM64,H6060-Java-Logback,Maven,https://github.com/qos-ch/logback,qos-ch,logback,v_1.3.0-alpha3,fa350788ee7bfa90cc6c0c94ebb7e77657870827,2018-02-10T07:41:59Z,ceki@qos.ch,False,unsigned
1,2024-08-10,Github-Hosted,macOS,ARM64,H6060-Java-Logback,Maven,https://github.com/qos-ch/logback,qos-ch,logback,v_1.3.0-alpha4,5093202228de3d281be757f3f525a54c249b0e96,2018-02-11T21:24:57Z,ceki@qos.ch,False,unsigned
1,2024-08-10,Github-Hosted,macOS,ARM64,H6060-Java-Logback,Maven,https://github.com/qos-ch/logback,qos-ch,logback,v_1.3.0-alpha5,ef7d7141adb729f171d42d5d61e242897de1d624,2019-10-11T18:26:10Z,ceki@qos.ch,False,unsigned
1,2024-08-10,Github-Hosted,macOS,ARM64,H6060-Java-Logback,Maven,https://github.com/qos-ch/logback,qos-ch,logback,v_1.3.0-alpha6,c9cae8db68a7291e683b82e9c27afa89fdaeebc3,2021-07-28T21:27:27Z,ceki@qos.ch,False,unsigned
1,2024-08-10,Github-Hosted,macOS,ARM64,H6060-Java-Logback,Maven,https://github.com/qos-ch/logback,qos-ch,logback,v_1.3.0-alpha7,310a491202392f3af5f09a155d78d7530d0b75a8,2021-08-10T14:52:45Z,ceki@qos.ch,False,unsigned
1,2024-08-10,Github-Hosted,macOS,ARM64,H6060-Java-Logback,Maven,https://github.com/qos-ch/logback,qos-ch,logback,v_1.3.0-alpha8,77a81c55e25bca5ed1404b73785af2504390d855,2021-08-12T21:45:10Z,ceki@qos.ch,False,unsigned
1,2024-08-10,Github-Hosted,macOS,ARM64,H6060-Java-Logback,Maven,https://github.com/qos-ch/logback,qos-ch,logback,v_1.3.0-alpha9,0a782fbfbdb9caaaa17df77e5c6ee3906cf401c9,2021-08-13T11:42:42Z,ceki@qos.ch,False,unsigned
1,2024-08-10,Github-Hosted,macOS,ARM64,H6060-Java-Logback,Maven,https://github.com/qos-ch/logback,qos-ch,logback,v_1.3.0-beta0,dfa217847be74a40040a1ed014e7a7589979070c,2022-08-09T09:24:50Z,ceki@qos.ch,False,unsigned
1,2024-08-10,Github-Hosted,macOS,ARM64,H6060-Java-Logback,Maven,https://github.com/qos-ch/logback,qos-ch,logback,v_1.3.1,f2d64ba0f2094598310fa007caf6ea26baa8e6e4,2022-09-14T18:44:34Z,ceki@qos.ch,False,unsigned
1,2024-08-10,Github-Hosted,macOS,ARM64,H6060-Java-Logback,Maven,https://github.com/qos-ch/logback,qos-ch,logback,v_1.3.10,cb414ec9e73de63be45b8e74aa34c6ab45b9326c,2023-08-09T10:42:38Z,ceki@qos.ch,False,unsigned
1,2024-08-10,Github-Hosted,macOS,ARM64,H6060-Java-Logback,Maven,https://github.com/qos-ch/logback,qos-ch,logback,v_1.3.11,3e0c4c0b6d71e2c22a0cfc877f415ff1f6b71e6c,2023-08-09T19:34:28Z,ceki@qos.ch,False,unsigned
1,2024-08-10,Github-Hosted,macOS,ARM64,H6060-Java-Logback,Maven,https://github.com/qos-ch/logback,qos-ch,logback,v_1.3.12,d4cc4f2c40c7c7e3d4ea6ae4d7ce556e6909564f,2023-11-27T15:34:04Z,ceki@qos.ch,False,unsigned
1,2024-08-10,Github-Hosted,macOS,ARM64,H6060-Java-Logback,Maven,https://github.com/qos-ch/logback,qos-ch,logback,v_1.3.13,a2f810e494c2d90178592c5427e59c2548500738,2023-11-28T14:31:39Z,ceki@qos.ch,False,unsigned
1,2024-08-10,Github-Hosted,macOS,ARM64,H6060-Java-Logback,Maven,https://github.com/qos-ch/logback,qos-ch,logback,v_1.3.14,7db1324d50c8c925f64e1d40339ba88eec3b0a5b,2023-12-01T12:12:23Z,ceki@qos.ch,False,unsigned
1,2024-08-10,Github-Hosted,macOS,ARM64,H6060-Java-Logback,Maven,https://github.com/qos-ch/logback,qos-ch,logback,v_1.3.3,06e3869376bfa564af446e84df2bfbe14170a8eb,2022-10-02T22:24:39Z,ceki@qos.ch,False,unsigned
1,2024-08-10,Github-Hosted,macOS,ARM64,H6060-Java-Logback,Maven,https://github.com/qos-ch/logback,qos-ch,logback,v_1.3.4,639126befa10b9a6ab262223e29cb0c2aa99500c,2022-10-07T20:48:24Z,ceki@qos.ch,False,unsigned
1,2024-08-10,Github-Hosted,macOS,ARM64,H6060-Java-Logback,Maven,https://github.com/qos-ch/logback,qos-ch,logback,v_1.3.5,f86313626436da105f47e2ba90d0a718fbfdc276,2022-11-18T21:05:40Z,ceki@qos.ch,False,unsigned
1,2024-08-10,Github-Hosted,macOS,ARM64,H6060-Java-Logback,Maven,https://github.com/qos-ch/logback,qos-ch,logback,v_1.3.6,e848c9233aba7b8dcd68fce94015a3efc1f62ff3,2023-03-20T19:32:10Z,ceki@qos.ch,False,unsigned
1,2024-08-10,Github-Hosted,macOS,ARM64,H6060-Java-Logback,Maven,https://github.com/qos-ch/logback,qos-ch,logback,v_1.3.7,bc195deb411a5b34658dda020bc8dc6cc0e44aa8,2023-04-19T19:14:46Z,ceki@qos.ch,False,unsigned
1,2024-08-10,Github-Hosted,macOS,ARM64,H6060-Java-Logback,Maven,https://github.com/qos-ch/logback,qos-ch,logback,v_1.3.8,3d7cdcaeee2386b10f4f4710ff3319eb6f6e4735,2023-06-13T08:32:28Z,ceki@qos.ch,False,unsigned
1,2024-08-10,Github-Hosted,macOS,ARM64,H6060-Java-Logback,Maven,https://github.com/qos-ch/logback,qos-ch,logback,v_1.3.9,cc4ffc671913516c6f3bbdff3ad328a99a91f30a,2023-08-04T20:57:42Z,ceki@qos.ch,False,unsigned
1,2024-08-10,Github-Hosted,macOS,ARM64,H6060-Java-Logback,Maven,https://github.com/qos-ch/logback,qos-ch,logback,v_1.4.0,5816b893f85fc590ac2b9678d163ba28a56406a2,2022-08-28T17:31:55Z,ceki@qos.ch,False,unsigned
1,2024-08-10,Github-Hosted,macOS,ARM64,H6060-Java-Logback,Maven,https://github.com/qos-ch/logback,qos-ch,logback,v_1.4.1,e11e587cbb80aa7596442ee720811939026f2ad2,2022-09-14T19:12:08Z,ceki@qos.ch,False,unsigned
1,2024-08-10,Github-Hosted,macOS,ARM64,H6060-Java-Logback,Maven,https://github.com/qos-ch/logback,qos-ch,logback,v_1.4.10,d9e09b80d4f6dca966b0160e4f196f4111f251af,2023-08-09T10:23:08Z,ceki@qos.ch,False,unsigned
1,2024-08-10,Github-Hosted,macOS,ARM64,H6060-Java-Logback,Maven,https://github.com/qos-ch/logback,qos-ch,logback,v_1.4.11,10c9a40a2f715d968cd994b00605a8c9469d2f6c,2023-08-09T19:33:45Z,ceki@qos.ch,False,unsigned
1,2024-08-10,Github-Hosted,macOS,ARM64,H6060-Java-Logback,Maven,https://github.com/qos-ch/logback,qos-ch,logback,v_1.4.12,48315098c1826cc517d93b58058c4e67fb7fb71d,2023-11-28T08:56:07Z,ceki@qos.ch,False,unsigned
1,2024-08-10,Github-Hosted,macOS,ARM64,H6060-Java-Logback,Maven,https://github.com/qos-ch/logback,qos-ch,logback,v_1.4.13,f60b52b0318ad0c1f2f37c3dbfe193ad860d53c0,2023-11-28T14:31:11Z,ceki@qos.ch,False,unsigned
1,2024-08-10,Github-Hosted,macOS,ARM64,H6060-Java-Logback,Maven,https://github.com/qos-ch/logback,qos-ch,logback,v_1.4.14,25c8b960712ab2d46e1a7e623a6a1ca9c4ec092d,2023-12-01T12:01:03Z,ceki@qos.ch,False,unsigned
1,2024-08-10,Github-Hosted,macOS,ARM64,H6060-Java-Logback,Maven,https://github.com/qos-ch/logback,qos-ch,logback,v_1.4.3,7b23c7a2614fc5f850904c38116c0f1a5862b7fd,2022-10-02T22:06:31Z,ceki@qos.ch,False,unsigned
1,2024-08-10,Github-Hosted,macOS,ARM64,H6060-Java-Logback,Maven,https://github.com/qos-ch/logback,qos-ch,logback,v_1.4.4,33bef201ef113ea3c46602f30e054baf6cc3608b,2022-10-07T20:46:42Z,ceki@qos.ch,False,unsigned
1,2024-08-10,Github-Hosted,macOS,ARM64,H6060-Java-Logback,Maven,https://github.com/qos-ch/logback,qos-ch,logback,v_1.4.5,15cafd65d5aaf372239bbe9e275034fc0855867a,2022-11-18T21:03:36Z,ceki@qos.ch,False,unsigned
1,2024-08-10,Github-Hosted,macOS,ARM64,H6060-Java-Logback,Maven,https://github.com/qos-ch/logback,qos-ch,logback,v_1.4.6,8b5192908aac104b045b08367a060ee13502b89f,2023-03-20T19:33:04Z,ceki@qos.ch,False,unsigned
1,2024-08-10,Github-Hosted,macOS,ARM64,H6060-Java-Logback,Maven,https://github.com/qos-ch/logback,qos-ch,logback,v_1.4.7,d541c1baf65d2c8ea9eb87fa27f949033d9c4385,2023-04-19T19:15:53Z,ceki@qos.ch,False,unsigned
1,2024-08-10,Github-Hosted,macOS,ARM64,H6060-Java-Logback,Maven,https://github.com/qos-ch/logback,qos-ch,logback,v_1.4.8,99c6e4066247c2800a1d5838ac45bc996ed2d35d,2023-06-13T08:13:01Z,ceki@qos.ch,False,unsigned
1,2024-08-10,Github-Hosted,macOS,ARM64,H6060-Java-Logback,Maven,https://github.com/qos-ch/logback,qos-ch,logback,v_1.4.9,80fd235c39807a904c6bffc248e6bea349bdda50,2023-08-04T20:56:44Z,ceki@qos.ch,False,unsigned
1,2024-08-10,Github-Hosted,macOS,ARM64,H6060-Java-Logback,Maven,https://github.com/qos-ch/logback,qos-ch,logback,v_1.5.0,44a9353d7ebb452c3250c4bdbd15096806a16f27,2024-02-16T19:05:19Z,ceki@qos.ch,False,unsigned
1,2024-08-10,Github-Hosted,macOS,ARM64,H6060-Java-Logback,Maven,https://github.com/qos-ch/logback,qos-ch,logback,v_1.5.1,3644adee0b8773d5a512bde848ee33490af669be,2024-02-28T17:18:44Z,ceki@qos.ch,False,unsigned
1,2024-08-10,Github-Hosted,macOS,ARM64,H6060-Java-Logback,Maven,https://github.com/qos-ch/logback,qos-ch,logback,v_1.5.3,98cea59a58808e13bff7c6eb42d6a7e68e067fc6,2024-03-04T11:48:06Z,ceki@qos.ch,False,unsigned
1,2024-08-10,Github-Hosted,macOS,ARM64,H6060-Java-Logback,Maven,https://github.com/qos-ch/logback,qos-ch,logback,v_1.5.4,44bb0a40e501d2648d1421e1c7ee931a6965902b,2024-04-09T07:54:27Z,ceki@qos.ch,False,unsigned
1,2024-08-10,Github-Hosted,macOS,ARM64,H6060-Java-Logback,Maven,https://github.com/qos-ch/logback,qos-ch,logback,v_1.5.5,ec8ef2c65127714f871e53a6656a98b44c9a0234,2024-04-12T16:46:52Z,ceki@qos.ch,False,unsigned
1,2024-08-10,Github-Hosted,macOS,ARM64,H6060-Java-Logback,Maven,https://github.com/qos-ch/logback,qos-ch,logback,v_1.5.6,1393ec312a0b3fa96e0718644897eea9786d1384,2024-04-17T17:44:03Z,ceki@qos.ch,False,unsigned
1,2024-08-10,Github-Hosted,macOS,ARM64,H6060-Java-Logback,Maven,https://github.com/qos-ch/logback,qos-ch,logback,v_1.8.0-alpha1,21e758ba4fa16573141fceedbb1e55441c911a40,2018-01-29T23:51:27Z,ceki@qos.ch,False,unsigned
