Experiment ID,Experiment Date,Experiment Runner Environment,Experiment Runner Operating System,Experiment Runner Architecture,Experiment Project Name,Experiment Package Manager,GitHub Repository URL,GitHub Organisation,GitHub Repository Name,GitHub Repository Tag Name,GitHub Repository Tag Commit,GitHub Repository Tag Date,GitHub Repository Tag Author,GitHub Repository Tag Verified,GitHub Repository Tag Reason
2,2024-08-14,Github-Hosted,Linux,X64,H6060-Python-Jinja,Pypi,https://github.com/pallets/jinja,pallets,jinja,2.10.x,40754af5a6d2721fd4b8cb6c28c2bdd4f42a032a,2022-03-11T22:43:59Z,davidism@gmail.com,False,unsigned
2,2024-08-14,Github-Hosted,Linux,X64,H6060-Python-Jinja,Pypi,https://github.com/pallets/jinja,pallets,jinja,2.11.x,9f0d41b9c50bc65b6be09aecaa01132779cfd4a7,2022-03-11T22:44:06Z,davidism@gmail.com,False,unsigned
2,2024-08-14,Github-Hosted,Linux,X64,H6060-Python-Jinja,Pypi,https://github.com/pallets/jinja,pallets,jinja,2.9.x,8da1e019392692031d3ae228343add532799431a,2022-03-11T22:43:50Z,davidism@gmail.com,False,unsigned
2,2024-08-14,Github-Hosted,Linux,X64,H6060-Python-Jinja,Pypi,https://github.com/pallets/jinja,pallets,jinja,3.0.0,7a99ea01a39ed1da01e7b4049ab6b14d130fff83,2021-05-11T21:07:49Z,davidism@gmail.com,False,unsigned
2,2024-08-14,Github-Hosted,Linux,X64,H6060-Python-Jinja,Pypi,https://github.com/pallets/jinja,pallets,jinja,3.0.0rc1,bac28f544c1c6d88672a6d2be18a3689ca8bba8c,2021-04-16T15:25:44Z,davidism@gmail.com,False,unsigned
2,2024-08-14,Github-Hosted,Linux,X64,H6060-Python-Jinja,Pypi,https://github.com/pallets/jinja,pallets,jinja,3.0.0rc2,44baf9d78cfc7fa14a34392a772083014c98b6d2,2021-04-25T15:12:21Z,davidism@gmail.com,False,unsigned
2,2024-08-14,Github-Hosted,Linux,X64,H6060-Python-Jinja,Pypi,https://github.com/pallets/jinja,pallets,jinja,3.0.1,e335ea3e05f35cecbf2411e4210198778e072de1,2021-05-18T20:38:54Z,davidism@gmail.com,False,unsigned
2,2024-08-14,Github-Hosted,Linux,X64,H6060-Python-Jinja,Pypi,https://github.com/pallets/jinja,pallets,jinja,3.0.2,64747f5c4dce4758f14814340c9f0a10d96f448d,2021-10-05T00:53:39Z,davidism@gmail.com,False,unsigned
2,2024-08-14,Github-Hosted,Linux,X64,H6060-Python-Jinja,Pypi,https://github.com/pallets/jinja,pallets,jinja,3.0.3,1b05ef502a908055b603cd3cf1772094698fc622,2021-11-09T20:27:50Z,davidism@gmail.com,False,unsigned
2,2024-08-14,Github-Hosted,Linux,X64,H6060-Python-Jinja,Pypi,https://github.com/pallets/jinja,pallets,jinja,3.0.x,9aa20509282af87bd43995ea24201d282372ddb5,2022-03-24T14:16:44Z,davidism@gmail.com,False,unsigned
2,2024-08-14,Github-Hosted,Linux,X64,H6060-Python-Jinja,Pypi,https://github.com/pallets/jinja,pallets,jinja,3.1.0,6af7ee5004192b30ef840cdce2cd35c8b3fb11bb,2022-03-24T14:14:29Z,davidism@gmail.com,False,unsigned
2,2024-08-14,Github-Hosted,Linux,X64,H6060-Python-Jinja,Pypi,https://github.com/pallets/jinja,pallets,jinja,3.1.1,ea11739b26a29c514d4c8fd2551c73ad43812e07,2022-03-25T22:33:09Z,davidism@gmail.com,False,unsigned
2,2024-08-14,Github-Hosted,Linux,X64,H6060-Python-Jinja,Pypi,https://github.com/pallets/jinja,pallets,jinja,3.1.2,7f9526900a4df6a70a527ce7af4ec41adeedd783,2022-04-28T17:21:00Z,davidism@gmail.com,False,unsigned
2,2024-08-14,Github-Hosted,Linux,X64,H6060-Python-Jinja,Pypi,https://github.com/pallets/jinja,pallets,jinja,3.1.3,863288dea89f8d10b5a77a5d281b8ff7d9a41770,2024-01-10T23:08:58Z,davidism@gmail.com,True,valid
2,2024-08-14,Github-Hosted,Linux,X64,H6060-Python-Jinja,Pypi,https://github.com/pallets/jinja,pallets,jinja,3.1.4,2fc6e52a298ddeef8245098ccee00c3700184d40,2024-05-05T23:37:56Z,davidism@gmail.com,True,valid
