{"errors": [{"code": 2, "level": "warn", "message": "Timeout when running generic.secrets.security.detected-username-and-password-in-uri.detected-username-and-password-in-uri on README.md:\n ", "path": "README.md", "rule_id": "generic.secrets.security.detected-username-and-password-in-uri.detected-username-and-password-in-uri", "type": "Timeout"}, {"code": 3, "level": "warn", "message": "Syntax error at line index.d.ts:1:\n `declare interface Buffer extends ArrayBuffer { }\n\nexport declare enum RelationshipType {\n\tNone = 0,\n\tOfficeDocument = 1,\n\tWorksheet = 2,\n\tCalcChain = 3,\n\tSharedStrings = 4,\n\tStyles = 5,\n\tTheme = 6,\n\tHyperlink = 7\n}\n\nexport declare enum DocumentType {\n\tXlsx = 1\n}\n\nexport const enum PaperSize {\n\tLegal = 5,\n\tExecutive = 7,\n\tA4 = 9,\n\tA5 = 11,\n\tB5 = 13,\n\tEnvelope_10 = 20,\n\tEnvelope_DL = 27,\n\tEnvelope_C5 = 28,\n\tEnvelope_B5 = 34,\n\tEnvelope_Monarch = 37,\n\tDouble_Japan_Postcard_Rotated = 82,\n\tK16_197x273_mm = 119,\n}\n\nexport interface WorksheetViewCommon {\n\t/**\n\t * Sets the worksheet view's orientation to right-to-left, `false` by default\n\t */\n\trightToLeft: boolean;\n\n\t/**\n\t * The currently selected cell\n\t */\n\tactiveCell: string;\n\n\t/**\n\t * Shows or hides the ruler in Page Layout, `true` by default\n\t */\n\tshowRuler: boolean;\n\n\t/**\n\t * Shows or hides the row and column headers (e.g. A1, B1 at the top and 1,2,3 on the left,\n\t * `true` by default\n\t */\n\tshowRowColHeaders: boolean;\n\n\t/**\n\t * Shows or hides the gridlines (shown for cells where borders have not been defined),\n\t * `true` by default\n\t */\n\tshowGridLines: boolean;\n\n\t/**\n\t * \tPercentage zoom to use for the view, `100` by default\n\t */\n\tzoomScale: number;\n\n\t/**\n\t * \tNormal zoom for the view, `100` by default\n\t */\n\tzoomScaleNormal: number;\n}\n\nexport interface WorksheetViewNormal {\n\t/**\n\t * Controls the view state\n\t */\n\tstate: 'normal';\n\n\t/**\n\t * Presentation style\n\t */\n\tstyle: 'pageBreakPreview' | 'pageLayout';\n}\n\nexport interface WorksheetViewFrozen {\n\t/**\n\t * Where a number of rows and columns to the top and left are frozen in place.\n\t * Only the bottom left section will scroll\n\t */\n\tstate: 'frozen';\n\n\t/**\n\t * Presentation style\n\t */\n\tstyle?: 'pageBreakPreview';\n\n\t/**\n\t * How many columns to freeze. To freeze rows only, set this to 0 or undefined\n\t */\n\txSplit?: number;\n\n\t/**\n\t * How many rows to freeze. To freeze columns only, set this to 0 or undefined\n\t */\n\tySplit?: number;\n\n\t/**\n\t * Which cell will be top-left in the bottom-right pane. Note: cannot be a frozen cell.\n\t * Defaults to first unfrozen cell\n\t */\n\ttopLeftCell?: string;\n}\n\nexport interface WorksheetViewSplit {\n\t/**\n\t * Where the view is split into 4 sections, each semi-independently scrollable.\n\t */\n\tstate: 'split';\n\n\t/**\n\t * Presentation style\n\t */\n\tstyle?: 'pageBreakPreview' | 'pageLayout';\n\n\t/**\n\t * How many points from the left to place the splitter.\n\t * To split vertically, set this to 0 or undefined\n\t */\n\txSplit?: number;\n\n\t/**\n\t * How many points from the top to place the splitter.\n\t * To split horizontally, set this to 0 or undefined\n\t */\n\tySplit?: number;\n\n\t/**\n\t * Which cell will be top-left in the bottom-right pane\n\t */\n\ttopLeftCell?: string;\n\n\t/**\n\t * Which pane will be active\n\t */\n\tactivePane?: 'topLeft' | 'topRight' | 'bottomLeft' | 'bottomRight';\n}\n\nexport type WorksheetView =\n\t& WorksheetViewCommon\n\t& (WorksheetViewNormal | WorksheetViewFrozen | WorksheetViewSplit);\n\nexport interface WorkbookView {\n\tx: number;\n\ty: number;\n\twidth: number;\n\theight: number;\n\tfirstSheet: number;\n\tactiveTab: number;\n\tvisibility: string;\n}\n\nexport type FillPatterns =\n\t| 'none' | 'solid'\n\t| 'darkVertical' | 'darkHorizontal' | 'darkGrid' | 'darkTrellis' | 'darkDown' | 'darkUp'\n\t| 'lightVertical' | 'lightHorizontal' | 'lightGrid' | 'lightTrellis' | 'lightDown' | 'lightUp'\n\t| 'darkGray' | 'mediumGray' | 'lightGray' | 'gray125' | 'gray0625';\n\nexport interface FillPattern {\n\ttype: 'pattern';\n\tpattern: FillPatterns;\n\tfgColor?: Partial<Color>;\n\tbgColor?: Partial<Color>;\n}\n\nexport interface GradientStop {\n\tposition: number;\n\tcolor: Partial<Color>;\n}\n\nexport interface FillGradientAngle {\n\ttype: 'gradient';\n\tgradient: 'angle';\n\n\t/**\n\t * For 'angle' gradient, specifies the direction of the gradient. 0 is from the left to the right.\n\t * Values from 1 - 359 rotates the direction clockwise\n\t */\n\tdegree: number;\n\n\t/**\n\t * Specifies the gradient colour sequence. Is an array of objects containing position and\n\t * color starting with position 0 and ending with position 1.\n\t * Intermediary positions may be used to specify other colours on the path.\n\t */\n\tstops: GradientStop[];\n}\n\nexport interface FillGradientPath {\n\ttype: 'gradient';\n\tgradient: 'path';\n\n\t/**\n\t * For 'path' gradient. Specifies the relative coordinates for the start of the path.\n\t * 'left' and 'top' values range from 0 to 1\n\t */\n\tcenter: { left: number; top: number };\n\n\t/**\n\t * Specifies the gradient colour sequence. Is an array of objects containing position and\n\t * color starting with position 0 and ending with position 1.\n\t * Intermediary positions may be used to specify other colours on the path.\n\t */\n\tstops: GradientStop[];\n}\n\nexport type Fill = FillPattern | FillGradientAngle | FillGradientPath;\n\nexport interface Font {\n\tname: string;\n\tsize: number;\n\tfamily: number;\n\tscheme: 'minor' | 'major' | 'none';\n\tcharset: number;\n\tcolor: Partial<Color>;\n\tbold: boolean;\n\titalic: boolean;\n\tunderline: boolean | 'none' | 'single' | 'double' | 'singleAccounting' | 'doubleAccounting';\n\tvertAlign: 'superscript' | 'subscript';\n\tstrike: boolean;\n\toutline: boolean;\n}\n\nexport type BorderStyle =\n\t| 'thin' | 'dotted' | 'hair' | 'medium' | 'double' | 'thick' | 'dashed' | 'dashDot'\n\t| 'dashDotDot' | 'slantDashDot' | 'mediumDashed' | 'mediumDashDotDot' | 'mediumDashDot';\n\nexport interface Color {\n\t/**\n\t * Hex string for alpha-red-green-blue e.g. FF00FF00\n\t */\n\targb: string;\n\n\t/**\n\t * Choose a theme by index\n\t */\n\ttheme: number;\n}\n\nexport interface Border {\n\tstyle: BorderStyle;\n\tcolor: Partial<Color>;\n}\n\nexport interface BorderDiagonal extends Border {\n\tup: boolean;\n\tdown: boolean;\n}\n\nexport interface Borders {\n\ttop: Partial<Border>;\n\tleft: Partial<Border>;\n\tbottom: Partial<Border>;\n\tright: Partial<Border>;\n\tdiagonal: Partial<BorderDiagonal>;\n}\n\nexport interface Margins {\n\ttop: number;\n\tleft: number;\n\tbottom: number;\n\tright: number;\n\theader: number;\n\tfooter: number;\n}\n\nexport declare enum ReadingOrder {\n\tLeftToRight = 1,\n\tRightToLeft = 2,\n}\n\nexport interface Alignment {\n\thorizontal: 'left' | 'center' | 'right' | 'fill' | 'justify' | 'centerContinuous' | 'distributed';\n\tvertical: 'top' | 'middle' | 'bottom' | 'distributed' | 'justify';\n\twrapText: boolean;\n\tshrinkToFit: boolean;\n\tindent: number;\n\treadingOrder: 'rtl' | 'ltr';\n\ttextRotation: number | 'vertical';\n}\n\nexport interface Protection {\n\tlocked: boolean;\n\thidden: boolean;\n}\n\nexport interface Style {\n\tnumFmt: string;\n\tfont: Partial<Font>;\n\talignment: Partial<Alignment>;\n\tprotection: Partial<Protection>;\n\tborder: Partial<Borders>;\n\tfill: Fill;\n}\n\nexport type DataValidationOperator =\n\t| 'between' | 'notBetween' | 'equal' | 'notEqual' | 'greaterThan' | 'lessThan'\n\t| 'greaterThanOrEqual' | 'lessThanOrEqual';\n\nexport interface DataValidation {\n\ttype: 'list' | 'whole' | 'decimal' | 'date' | 'textLength' | 'custom';\n\tformulae: any[];\n\tallowBlank?: boolean;\n\toperator?: DataValidationOperator;\n\terror?: string;\n\terrorTitle?: string;\n\terrorStyle?: string;\n\tprompt?: string;\n\tpromptTitle?: string;\n\tshowErrorMessage?: boolean;\n\tshowInputMessage?: boolean;\n}\n\nexport declare enum ErrorValue {\n\tNotApplicable = '#N/A',\n\tRef = '#REF!',\n\tName = '#NAME?',\n\tDivZero = '#DIV/0!',\n\tNull = '#NULL!',\n\tValue = '#VALUE!',\n\tNum = '#NUM!',\n}\n\nexport interface CellErrorValue {\n\terror: '#N/A' | '#REF!' | '#NAME?' | '#DIV/0!' | '#NULL!' | '#VALUE!' | '#NUM!';\n}\n\nexport interface RichText {\n\ttext: string;\n\tfont?: Partial<Font>;\n}\n\nexport interface CellRichTextValue {\n\trichText: RichText[];\n}\n\nexport interface CellHyperlinkValue {\n\ttext: string;\n\thyperlink: string;\n\ttooltip?: string;\n}\n\nexport interface CellFormulaValue {\n\tformula: string;\n\tresult?: number | string | boolean | Date | CellErrorValue;\n\tdate1904?: boolean;\n}\n\nexport interface CellSharedFormulaValue {\n\tsharedFormula: string;\n\treadonly formula?: string;\n\tresult?: number | string | boolean | Date | CellErrorValue;\n\tdate1904?: boolean;\n}\n\nexport declare enum ValueType {\n\tNull = 0,\n\tMerge = 1,\n\tNumber = 2,\n\tString = 3,\n\tDate = 4,\n\tHyperlink = 5,\n\tFormula = 6,\n\tSharedString = 7,\n\tRichText = 8,\n\tBoolean = 9,\n\tError = 10\n}\n\nexport declare enum FormulaType {\n\tNone = 0,\n\tMaster = 1,\n\tShared = 2\n}\n\nexport type CellValue =\n\t| null | number | string | boolean | Date | undefined\n\t| CellErrorValue\n\t| CellRichTextValue | CellHyperlinkValue\n\t| CellFormulaValue | CellSharedFormulaValue;\n\n\n\texport interface CommentMargins {\n\t\tinsetmode: 'auto' | 'custom';\n\t\tinset: Number[];\n\t}\n\n\texport interface CommentProtection {\n\t\tlocked: 'True' | 'False';\n\t\tlockText: 'True' | 'False';\n\t}\n\n\texport type CommentEditAs = 'twoCells' | 'oneCells' | 'absolute';\n\n\texport interface Comment {\n\t\ttexts?: RichText[];\n\t\tmargins?: Partial<CommentMargins>;\n\t\tprotection?: Partial<CommentProtection>;\n\t\teditAs?: CommentEditAs;\n\t}\n\nexport interface CellModel {\n\taddress: Address;\n\tstyle: Style;\n\ttype: ValueType;\n\ttext?: string;\n\thyperlink?: string;\n\tvalue?: CellValue;\n\tmaster: string;\n\tformula?: string;\n\tsharedFormula?: string;\n\tresult?: string | number | any;\n\tcomment: Comment;\n}\n\nexport interface Cell extends Style, Address {\n\treadonly worksheet: Worksheet;\n\treadonly workbook: Workbook;\n\n\treadonly effectiveType: ValueType;\n\treadonly isMerged: boolean;\n\treadonly master: Cell;\n\treadonly isHyperlink: boolean;\n\treadonly hyperlink: string;\t// todo\n\treadonly text: string;\n\treadonly fullAddress: {\n\t\tsheetName: string;\n\t\taddress: string;\n\t\trow: number;\n\t\tcol: number;\n\t};\n\tmodel: CellModel;\n\t/**\n\t * Assign (or get) a name for a cell (will overwrite any other names that cell had)\n\t */\n\tname: string;\n\n\t/**\n\t * Assign (or get) an array of names for a cell (cells can have more than one name)\n\t */\n\tnames: string[];\n\n\t/**\n\t * Cells can define what values are valid or not and provide\n\t * prompting to the user to help guide them.\n\t */\n\tdataValidation: DataValidation;\n\n\t/**\n\t * Value of the cell\n\t */\n\tvalue: CellValue;\n\n\t/**\n\t * comment of the cell\n\t */\n\tnote: string | Comment;\n\n\t/**\n\t * convenience getter to access the formula\n\t */\n\treadonly formula: string;\n\n\t/**\n\t * convenience getter to access the formula result\n\t */\n\treadonly result: number | string | Date;\n\n\t/**\n\t * The type of the cell's value\n\t */\n\treadonly type: ValueType;\n\n\t/**\n\t * The type of the cell's formula\n\t */\n\treadonly formulaType: FormulaType;\n\n\t/**\n\t * The styles of the cell\n\t */\n\tstyle: Partial<Style>;\n\n\taddName(name: string): void;\n\n\t/**\n\t * Remove a name from a cell\n\t */\n\tremoveName(name: string): void;\n\tremoveAllNames(): void;\n\n\tdestroy(): void;\n\ttoCsvString(): string;\n\trelease(): void;\n\taddMergeRef(): void;\n\treleaseMergeRef(): void;\n\tmerge(master: Cell, ignoreStyle?: boolean): void;\n\tunmerge(): void;\n\tisMergedTo(master: Cell): boolean;\n\ttoString(): string;\n}\n\nexport interface RowModel {\n\tcells: CellModel[];\n\tnumber: number;\n\tmin: number;\n\tmax: number;\n\theight: number;\n\tstyle: Partial<Style>;\n\thidden: boolean;\n\toutlineLevel: number;\n\tcollapsed: boolean;\n}\n\nexport interface Row extends Style {\n\treadonly worksheet: Worksheet;\n\treadonly hasValues: boolean;\n\treadonly dimensions: number;\n\tmodel: Partial<RowModel> | null;\n\t/**\n\t * Set a specific row height\n\t */\n\theight: number;\n\n\t/**\n\t * Make row hidden\n\t */\n\thidden: boolean;\n\n\t/**\n\t * Get a row as a sparse array\n\t */\n\t// readonly values: CellValue[];\n\tvalues: CellValue[] | { [key: string]: CellValue };\n\n\t/**\n\t * Set an outline level for rows\n\t */\n\toutlineLevel?: number;\n\n\t/**\n\t * The row number\n\t */\n\treadonly number: number;\n\n\t/**\n\t * Indicate the collapsed state based on outlineLevel\n\t */\n\treadonly collapsed: boolean;\n\n\t/**\n\t * Number of cells including empty ones\n\t */\n\treadonly cellCount: number;\n\n\t/**\n\t * Number of non-empty cells\n\t */\n\treadonly actualCellCount: number;\n\n\t/**\n\t * Get cell by number, column letter or column key\n\t */\n\tgetCell(indexOrKey: number | string): Cell;\n\n\tfindCell(colNumber: number): Cell | undefined;\n\n\tgetCellEx(address: Address): Cell;\n\n\t/**\n\t * Iterate over all non-null cells in a row\n\t */\n\teachCell(callback: (cell: Cell, colNumber: number) => void): void;\n\n\t/**\n\t * Iterate over all cells in a row (including empty cells)\n\t */\n\teachCell(opt: { includeEmpty: boolean }, callback: (cell: Cell, colNumber: number) => void): void;\n\n\t/**\n\t * Cut one or more cells (cells to the right are shifted left)\n\t *\n\t * Note: this operation will not affect other rows\n\t */\n\tsplice(start: number, count: number, ...insert: any[]): void;\n\n\t/**\n\t * Commit a completed row to stream\n\t */\n\tcommit(): void;\n\tdestroy(): void;\n\taddPageBreak(lft?: number, rght?: number): void;\n}\n\nexport interface Column {\n\t/**\n\t * Can be a string to set one row high header or an array to set multi-row high header\n\t */\n\theader?: string | string[];\n\n\t/**\n\t * The name of the properties associated with this column in each row\n\t */\n\tkey?: string;\n\n\t/**\n\t * The width of the column\n\t */\n\twidth?: number;\n\n\t/**\n\t * Set an outline level for columns\n\t */\n\toutlineLevel: number;\n\n\t/**\n\t * Hides the column\n\t */\n\thidden: boolean;\n\n\t/**\n\t * Styles applied to the column\n\t */\n\tstyle: Partial<Style>;\n\n\t/**\n\t * The cell values in the column\n\t */\n\tvalues: ReadonlyArray<CellValue>;\n\n\t/**\n\t * Column letter key\n\t */\n\treadonly letter: string;\n\treadonly number: number;\n\treadonly worksheet: Worksheet;\n\treadonly isCustomWidth: boolean;\n\treadonly headers: string[];\n\treadonly isDefault: boolean;\n\treadonly headerCount: number;\n\n\t/**\n\t * Below properties read from style\n\t */\n\tborder?: Partial<Borders>;\n\tfill?: Fill;\n\tnumFmt?: string;\n\tfont?: Partial<Font>;\n\talignment?: Partial<Alignment>;\n\tprotection?: Partial<Protection>;\n\n\ttoString(): string\n\tequivalentTo(other: Column): boolean\n\n\t/**\n\t * indicate the collapsed state based on outlineLevel\n\t */\n\treadonly collapsed: boolean;\n\n\t/**\n\t * Iterate over all current cells in this column\n\t */\n\teachCell(callback: (cell: Cell, rowNumber: number) => void): void;\n\n\t/**\n\t * Iterate over all current cells in this column including empty cells\n\t */\n\teachCell(opt: { includeEmpty: boolean }, callback: (cell: Cell, rowNumber: number) => void): void;\n\n\tdefn: any; //todo\n}\nexport interface PageSetup {\n\t/**\n\t * Whitespace on the borders of the page. Units are inches.\n\t */\n\tmargins: Margins;\n\n\t/**\n\t * Orientation of the page - i.e. taller (`'portrait'`) or wider (`'landscape'`).\n\t *\n\t * `'portrait'` by default\n\t */\n\torientation: 'portrait' | 'landscape';\n\n\t/**\n\t * Horizontal Dots per Inch. Default value is 4294967295\n\t */\n\thorizontalDpi: number;\n\n\t/**\n\t * Vertical Dots per Inch. Default value is 4294967295\n\t */\n\tverticalDpi: number;\n\n\t/**\n\t * Whether to use fitToWidth and fitToHeight or scale settings.\n\t *\n\t * Default is based on presence of these settings in the pageSetup object - if both are present,\n\t * scale wins (i.e. default will be false)\n\t */\n\tfitToPage: boolean;\n\n\t/**\n\t * How many pages wide the sheet should print on to. Active when fitToPage is true\n\t *\n\t * Default is 1\n\t */\n\tfitToWidth: number;\n\n\t/**\n\t * How many pages high the sheet should print on to. Active when fitToPage is true\n\t *\n\t * Default is 1\n\t */\n\tfitToHeight: number;\n\n\t/**\n\t * Percentage value to increase or reduce the size of the print. Active when fitToPage is false\n\t *\n\t * Default is 100\n\t */\n\tscale: number;\n\n\t/**\n\t * Which order to print the pages.\n\t *\n\t * Default is `downThenOver`\n\t */\n\tpageOrder: 'downThenOver' | 'overThenDown';\n\n\t/**\n\t * Print without colour\n\t *\n\t * false by default\n\t */\n\tblackAndWhite: boolean;\n\n\t/**\n\t * Print with less quality (and ink)\n\t *\n\t * false by default\n\t */\n\tdraft: boolean;\n\n\t/**\n\t * Where to place comments\n\t *\n\t * Default is `None`\n\t */\n\tcellComments: 'atEnd' | 'asDisplayed' | 'None';\n\n\t/**\n\t * Where to show errors\n\t *\n\t * Default is `displayed`\n\t */\n\terrors: 'dash' | 'blank' | 'NA' | 'displayed';\n\n\t/**\n\t * \tWhat paper size to use (see below)\n\t *\n\t * | Name                          | Value       |\n\t * | ----------------------------- | ---------   |\n\t * | Letter                        | `undefined` |\n\t * | Legal                         |  `5`        |\n\t * | Executive                     |  `7`        |\n\t * | A4                            |  `9`        |\n\t * | A5                            |  `11`       |\n\t * | B5 (JIS)                      |  `13`       |\n\t * | Envelope #10                  |  `20`       |\n\t * | Envelope DL                   |  `27`       |\n\t * | Envelope C5                   |  `28`       |\n\t * | Envelope B5                   |  `34`       |\n\t * | Envelope Monarch              |  `37`       |\n\t * | Double Japan Postcard Rotated |  `82`       |\n\t * | 16K 197x273 mm                |  `119`      |\n\t */\n\tpaperSize: PaperSize;\n\n\t/**\n\t * Whether to show the row numbers and column letters, `false` by default\n\t */\n\tshowRowColHeaders: boolean;\n\n\t/**\n\t * Whether to show grid lines, `false` by default\n\t */\n\tshowGridLines: boolean;\n\n\t/**\n\t * Which number to use for the first page\n\t */\n\tfirstPageNumber: number;\n\n\t/**\n\t * \tWhether to center the sheet data horizontally, `false` by default\n\t */\n\thorizontalCentered: boolean;\n\n\t/**\n\t * \tWhether to center the sheet data vertically, `false` by default\n\t */\n\tverticalCentered: boolean;\n\n\t/**\n\t * Set Print Area for a sheet, e.g. `'A1:G20'`\n\t */\n\tprintArea: string;\n\n\t/**\n\t * Repeat specific rows on every printed page, e.g. `'1:3'`\n\t */\n\tprintTitlesRow: string;\n\n\t/**\n\t * Repeat specific columns on every printed page, e.g. `'A:C'`\n\t */\n\tprintTitlesColumn: string;\n}\n\nexport interface HeaderFooter {\n\t/**\n\t * Set the value of differentFirst as true, which indicates that headers/footers for first page are different from the other pages, `false` by default\n\t */\n\tdifferentFirst: boolean,\n\t/**\n\t * Set the value of differentOddEven as true, which indicates that headers/footers for odd and even pages are different, `false` by default\n\t */\n\tdifferentOddEven: boolean,\n\t/**\n\t * Set header string for odd pages, could format the string and `null` by default\n\t */\n\toddHeader: string,\n\t/**\n\t * Set footer string for odd pages, could format the string and `null` by default\n\t */\n\toddFooter: string,\n\t/**\n\t * Set header string for even pages, could format the string and `null` by default\n\t */\n\tevenHeader: string,\n\t/**\n\t * Set footer string for even pages, could format the string and `null` by default\n\t */\n\tevenFooter: string,\n\t/**\n\t * Set header string for the first page, could format the string and `null` by default\n\t */\n\tfirstHeader: string,\n\t/**\n\t * Set footer string for the first page, could format the string and `null` by default\n\t */\n\tfirstFooter: string\n}\n\nexport type AutoFilter = string | {\n\tfrom: string | { row: number; column: number };\n\tto: string | { row: number; column: number };\n};\n\nexport interface WorksheetProtection {\n\tobjects: boolean;\n\tscenarios: boolean;\n\tselectLockedCells: boolean;\n\tselectUnlockedCells: boolean;\n\tformatCells: boolean;\n\tformatColumns: boolean;\n\tformatRows: boolean;\n\tinsertColumns: boolean;\n\tinsertRows: boolean;\n\tinsertHyperlinks: boolean;\n\tdeleteColumns: boolean;\n\tdeleteRows: boolean;\n\tsort: boolean;\n\tautoFilter: boolean;\n\tpivotTables: boolean;\n\tspinCount: number;\n}\nexport interface Image {\n\textension: 'jpeg' | 'png' | 'gif';\n\tbase64?: string;\n\tfilename?: string;\n\tbuffer?: Buffer;\n}\nexport interface IAnchor {\n\tcol: number;\n\trow: number;\n\tnativeCol: number;\n\tnativeRow: number;\n\tnativeColOff: number;\n\tnativeRowOff: number;\n}\nexport class Anchor implements IAnchor {\n\tcol: number;\n\tnativeCol: number;\n\tnativeColOff: number;\n\tnativeRow: number;\n\tnativeRowOff: number;\n\trow: number;\n\n\tprivate readonly colWidth: number;\n\tprivate readonly rowHeight: number;\n\tworksheet: Worksheet;\n\n\tconstructor(model?: IAnchor | object);\n}\nexport interface ImageRange {\n\ttl: Anchor;\n\tbr: Anchor;\n}\n\nexport interface ImagePosition {\n\ttl: { col: number; row: number };\n\text: { width: number; height: number };\n}\n\nexport interface ImageHyperlinkValue {\n\thyperlink: string;\n\ttooltip?: string;\n}\n\nexport interface Range extends Location {\n\tsheetName: string;\n\n\ttl: string;\n\t$t$l: string;\n\n\tbr: string;\n\t$b$r: string;\n\n\trange: string;\n\t$range: string;\n\n\tshortRange: string;\n\t$shortRange: string;\n\n\tcount: number;\n\n\tdecode(): void;\n\tdecode(v: Range): void;\n\tdecode(v: string): void;\n\tdecode(v: Location): void;\n\tdecode(top: number, left: number, bottom: number, right: number, sheetName?: string): void;\n\tdecode(tl: string, br: string, sheetName?: string): void;\n\tdecode(v: [string, string]): void;\n\tdecode(v: [string, string, string]): void;\n\tdecode(v: [number, number, number, number]): void;\n\tdecode(v: [number, number, number, number, string]): void;\n\n\texpand(top: number, left: number, bottom: number, right: number): void;\n\n\texpandRow(row: Row): void;\n\n\texpandToAddress(addressStr: string): void;\n\n\ttoString(): string;\n\n\tintersects(other: Range): boolean;\n\n\tcontains(addressStr: string): boolean;\n\n\tcontainsEx(address: Partial<{\n\t\tsheetName: string;\n\t\trow: number;\n\t\tcol: number;\n\t}>): boolean;\n}\n\nexport interface RowBreak {\n\tid: number;\n\tmax: number;\n\tmin: number;\n\tman: number;\n}\n\nexport interface WorksheetModel {\n\tid: number;\n\tname: string;\n\t// dataValidations: this.dataValidations.model,\n\tproperties: WorksheetProperties;\n\tpageSetup: Partial<PageSetup>;\n\theaderFooter: Partial<HeaderFooter>;\n\trowBreaks: RowBreak[];\n\tviews: WorksheetView[];\n\tautoFilter: AutoFilter;\n\tmedia: Media[];\n\tmerges: Range['range'][];\n}\nexport type WorksheetState = 'visible' | 'hidden' | 'veryHidden';\n\nexport type CellIsOperators = 'equal' | 'greaterThan' | 'lessThan' | 'between';\n\nexport type ContainsTextOperators = 'containsText' | 'containsBlanks' | 'notContainsBlanks' | 'containsErrors' | 'notContainsErrors';\n\nexport type TimePeriodTypes = 'lastWeek' | 'thisWeek' | 'nextWeek' | 'yesterday' | 'today' | 'tomorrow' | 'last7Days' | 'lastMonth'\n\t| 'thisMonth' | 'nextMonth';\n\nexport type IconSetTypes = '5Arrows' | '5ArrowsGray' | '5Boxes' | '5Quarters' | '5Rating' | '4Arrows' | '4ArrowsGray'\n\t| '4Rating' | '4RedToBlack' | '4TrafficLights' | 'NoIcons' | '3Arrows' | '3ArrowsGray' | '3Flags' | '3Signs'\n\t| '3Stars' | '3Symbols' | '3Symbols2' | '3TrafficLights1' | '3TrafficLights2' | '3Triangles';\n\nexport type CfvoTypes = 'percentile' | 'percent' | 'num' | 'min' | 'max' | 'formula' | 'autoMin' | 'autoMax';\n\nexport interface Cvfo {\n\ttype: CfvoTypes;\n\tvalue?: number;\n}\nexport interface ConditionalFormattingBaseRule {\n\tpriority: number;\n\tstyle?: Partial<Style>;\n}\nexport interface ExpressionRuleType extends ConditionalFormattingBaseRule {\n\ttype: 'expression';\n\tformulae?: any[];\n}\n\nexport interface CellIsRuleType extends ConditionalFormattingBaseRule {\n\ttype: 'cellIs';\n\tformulae?: any[];\n\toperator?: CellIsOperators;\n}\n\nexport interface Top10RuleType extends ConditionalFormattingBaseRule {\n\ttype: 'top10';\n\trank: number;\n\tpercent: boolean;\n\tbottom: boolean;\n}\n\nexport interface AboveAverageRuleType extends ConditionalFormattingBaseRule {\n\ttype: 'aboveAverage';\n\taboveAverage: boolean;\n}\n\nexport interface ColorScaleRuleType extends ConditionalFormattingBaseRule {\n\ttype: 'colorScale';\n\tcfvo?: Cvfo[];\n\tcolor?: Partial<Color>[];\n}\n\nexport interface IconSetRuleType extends ConditionalFormattingBaseRule {\n\ttype: 'iconSet';\n\tshowValue?: boolean;\n\treverse?: boolean;\n\tcustom?: boolean;\n\ticonSet?: IconSetTypes;\n\tcfvo?: Cvfo[];\n}\n\nexport interface ContainsTextRuleType extends ConditionalFormattingBaseRule {\n\ttype: 'containsText';\n\toperator?: ContainsTextOperators;\n\ttext?: string;\n}\n\nexport interface TimePeriodRuleType extends ConditionalFormattingBaseRule {\n\ttype: 'timePeriod';\n\ttimePeriod?: TimePeriodTypes;\n}\n\nexport interface DataBarRuleType extends ConditionalFormattingBaseRule {\n\ttype: 'dataBar';\n\tgradient?: boolean;\n\tminLength?: number;\n\tmaxLength?: number;\n\tshowValue?: boolean;\n\tborder?: boolean;\n\tnegativeBarColorSameAsPositive?: boolean;\n\tnegativeBarBorderColorSameAsPositive?: boolean;\n\taxisPosition?: 'auto' | 'middle' | 'none';\n\tdirection?: 'context' | 'leftToRight' | 'rightToLeft';\n\tcfvo?: Cvfo[];\n}\n\nexport type ConditionalFormattingRule = ExpressionRuleType | CellIsRuleType | Top10RuleType | AboveAverageRuleType | ColorScaleRuleType | IconSetRuleType\n\t| ContainsTextRuleType | TimePeriodRuleType | DataBarRuleType;\n\n\nexport type RowValues = CellValue[] | { [key: string]: CellValue } | undefined | null; \n\nexport interface ConditionalFormattingOptions {\n\tref: string;\n\trules: ConditionalFormattingRule[];\n}\n\nexport interface Worksheet {\n\treadonly id: number;\n\tname: string;\n\treadonly workbook: Workbook;\n\treadonly hasMerges: boolean;\n\n\treadonly dimensions: Range;\n\t/**\n\t * Contains information related to how a worksheet is printed\n\t */\n\tpageSetup: Partial<PageSetup>;\n\n\t/**\n\t * Worksheet Header and Footer\n\t */\n\theaderFooter: Partial<HeaderFooter>;\n\n\t/**\n\t * Worksheet State\n\t */\n\tstate: WorksheetState;\n\n\t/**\n\t * Worksheet Properties\n\t */\n\tproperties: WorksheetProperties;\n\n\t/**\n\t * Open panes representing the sheet\n\t */\n\tviews: Array<Partial<WorksheetView>>;\n\n\t/**\n\t * Apply an auto filter to your worksheet.\n\t */\n\tautoFilter?: AutoFilter;\n\n\tdestroy(): void;\n\n\t/**\n\t * A count of the number of rows that have values. If a mid-document row is empty, it will not be included in the count.\n\t */\n\treadonly actualRowCount: number;\n\n\t/**\n\t * The total column size of the document. Equal to the maximum cell count from all of the rows\n\t */\n\treadonly columnCount: number;\n\n\t/**\n\t * Get the last column in a worksheet\n\t */\n\treadonly lastColumn: Column | undefined;\n\n\t/**\n\t * A count of the number of columns that have values.\n\t */\n\treadonly actualColumnCount: number;\n\n\tgetColumnKey(key: string): Column;\n\n\tsetColumnKey(key: string, value: Column): void;\n\n\tdeleteColumnKey(key: string): void;\n\n\teachColumnKey(callback: (col: Column, index: number) => void): void;\n\n\t/**\n\t * Access an individual columns by key, letter and 1-based column number\n\t */\n\tgetColumn(indexOrKey: number | string): Column;\n\n\t/**\n\t * Cut one or more columns (columns to the right are shifted left)\n\t * and optionally insert more\n\t *\n\t * If column properties have been definde, they will be cut or moved accordingly\n\t *\n\t * Known Issue: If a splice causes any merged cells to move, the results may be unpredictable\n\t *\n\t * Also: If the worksheet has more rows than values in the colulmn inserts,\n\t * the rows will still be shifted as if the values existed\n\t */\n\tspliceColumns(start: number, count: number, ...insert: any[][]): void;\n\n\t/**\n\t * Add column headers and define column keys and widths.\n\t *\n\t * Note: these column structures are a workbook-building convenience only,\n\t * apart from the column width, they will not be fully persisted.\n\t */\n\tcolumns: Array<Partial<Column>>;\n\n\t/**\n\t * The total row size of the document. Equal to the row number of the last row that has values.\n\t */\n\treadonly rowCount: number;\n\n\t/**\n\t * Get the last editable row in a worksheet (or undefined if there are none)\n\t */\n\treadonly lastRow: Row | undefined;\n\n\t/**\n\t * Tries to find and return row for row no, else undefined\n\t * \n\t * @param row The 1-index row number\n\t */\n\tfindRow(row: number): Row | undefined;\n\n\t/**\n\t * Tries to find and return rows for row no start and length, else undefined\n\t * \n\t * @param start The 1-index starting row number\n\t * @param length The length of the expected array\n\t */\n\tfindRows(start: number, length: number): Row[] | undefined;\n\n\t/**\n\t * Cut one or more rows (rows below are shifted up)\n\t * and optionally insert more\n\t *\n\t * Known Issue: If a splice causes any merged cells to move, the results may be unpredictable\n\t */\n\tspliceRows(start: number, count: number, ...insert: any[][]): void;\n\n\t/**\n\t * Add a couple of Rows by key-value, after the last current row, using the column keys,\n\t * or add a row by contiguous Array (assign to columns A, B & C)\n\t */\n\taddRow(data: any[] | any, style?: string): Row;\n\n\t/**\n\t * Add multiple rows by providing an array of arrays or key-value pairs\n\t */\n\taddRows(rows: any[], style?: string): Row[];\n\n\t/**\n\t * Insert a Row by key-value, at the position (shifiting down all rows from position),\n\t * using the column keys, or add a row by contiguous Array (assign to columns A, B & C)\n\t */\n\tinsertRow(pos: number, value: any[] | any, style?: string): Row;\n\n\t/**\n\t * Insert multiple rows at position (shifiting down all rows from position)\n\t * by providing an array of arrays or key-value pairs\n\t */\n\tinsertRows(pos: number, values: any[], style?: string): Row[];\n\n\t/**\n\t * Duplicate rows and insert new rows\n\t */\n\tduplicateRow(rowNum: number, count: number, insert: boolean): void;\n\n\t/**\n\t * Get or create row by 1-based index\n\t */\n\tgetRow(index: number): Row;\n\n\t/**\n\t * Get or create rows by 1-based index\n\t */\n\tgetRows(start: number, length: number): Row[] | undefined;\n\n\t/**\n\t * Iterate over all rows that have values in a worksheet\n\t */\n\teachRow(callback: (row: Row, rowNumber: number) => void): void;\n\n\t/**\n\t * Iterate over all rows (including empty rows) in a worksheet\n\t */\n\teachRow(opt: { includeEmpty: boolean }, callback: (row: Row, rowNumber: number) => void): void;\n\n\t/**\n\t * return all rows as sparse array\n\t */\n\tgetSheetValues(): RowValues[];\n\n\t/**\n\t * returns the cell at [r,c] or address given by r. If not found, return undefined\n\t */\n\tfindCell(r: number | string, c: number | string): Cell | undefined;\n\n\t/**\n\t * Get or create cell\n\t */\n\tgetCell(r: number | string, c?: number | string): Cell;\n\n\t/**\n\t * Merge cells, either:\n\t *\n\t * tlbr string, e.g. `'A4:B5'`\n\t *\n\t * tl string, br string, e.g. `'G10', 'H11'`\n\t *\n\t * t, l, b, r numbers, e.g. `10,11,12,13`\n\t */\n\tmergeCells(): void;\n\tmergeCells(v: Range): void;\n\tmergeCells(v: string): void;\n\tmergeCells(v: Location): void;\n\tmergeCells(top: number, left: number, bottom: number, right: number, sheetName?: string): void;\n\tmergeCells(tl: string, br: string, sheetName?: string): void;\n\tmergeCells(v: [string, string]): void;\n\tmergeCells(v: [string, string, string]): void;\n\tmergeCells(v: [number, number, number, number]): void;\n\tmergeCells(v: [number, number, number, number, string]): void;\n\tmergeCellsWithoutStyle(): void;\n\tmergeCellsWithoutStyle(v: Range): void;\n\tmergeCellsWithoutStyle(v: string): void;\n\tmergeCellsWithoutStyle(v: Location): void;\n\tmergeCellsWithoutStyle(top: number, left: number, bottom: number, right: number, sheetName?: string): void;\n\tmergeCellsWithoutStyle(tl: string, br: string, sheetName?: string): void;\n\tmergeCellsWithoutStyle(v: [string, string]): void;\n\tmergeCellsWithoutStyle(v: [string, string, string]): void;\n\tmergeCellsWithoutStyle(v: [number, number, number, number]): void;\n\tmergeCellsWithoutStyle(v: [number, number, number, number, string]): void;\n\n\t/**\n\t * unmerging the cells breaks the style links\n\t */\n\tunMergeCells(): void;\n\tunMergeCells(v: Range): void;\n\tunMergeCells(v: string): void;\n\tunMergeCells(v: Location): void;\n\tunMergeCells(top: number, left: number, bottom: number, right: number, sheetName?: string): void;\n\tunMergeCells(tl: string, br: string, sheetName?: string): void;\n\tunMergeCells(v: [string, string]): void;\n\tunMergeCells(v: [string, string, string]): void;\n\tunMergeCells(v: [number, number, number, number]): void;\n\tunMergeCells(v: [number, number, number, number, string]): void;\n\n\tfillFormula(range: Range | string | Location, formula: string, results?: ((r: number, c: number) => string | number) | number[] | number[][]): void;\n\n\t/**\n\t * Using the image id from `Workbook.addImage`, set the background to the worksheet\n\t */\n\taddBackgroundImage(imageId: number): void;\n\n\tgetBackgroundImageId(): string;\n\n\t/**\n\t * Using the image id from `Workbook.addImage`,\n\t * embed an image within the worksheet to cover a range\n\t */\n\taddImage(imageId: number, range: string | { editAs?: string; } & ImageRange & { hyperlinks?: ImageHyperlinkValue } | { editAs?: string; } & ImagePosition & { hyperlinks?: ImageHyperlinkValue }): void;\n\n\tgetImages(): Array<{\n\t\ttype: 'image',\n\t\timageId: string;\n\t\trange: ImageRange;\n\t}>;\n\n\tcommit(): void;\n\n\tmodel: WorksheetModel;\n\n\t/**\n\t * Worksheet protection\n\t */\n\tprotect(password: string, options: Partial<WorksheetProtection>): Promise<void>;\n\tunprotect(): void;\n\n\t/**\n\t * Add a new table and return a reference to it\n\t */\n\taddTable(tableProperties: TableProperties): Table;\n\t/**\n\t * fetch table by name or id\n\t */\n\tgetTable(name: string): Table;\n\t/**\n\t * delete table by name or id\n\t */\n\tremoveTable(name: string): void;\n\t/**\n\t *  fetch table\n\t */\n\tgetTables(): [Table, void][];\n\t/**\n\t * add conditionalFormattingOptions\n\t */\n\taddConditionalFormatting(cf: ConditionalFormattingOptions): void;\n\n\t/**\n\t * delete conditionalFormattingOptions\n\t */\n\tremoveConditionalFormatting(filter: any): void;\n}\n\nexport interface CalculationProperties {\n\t/**\n\t * Whether the application shall perform a full recalculation when the workbook is opened\n\t */\n\tfullCalcOnLoad: boolean\n}\n\nexport interface WorksheetProperties {\n\t/**\n\t * Color of the tab\n\t */\n\ttabColor: Partial<Color>;\n\n\t/**\n\t * The worksheet column outline level (default: 0)\n\t */\n\toutlineLevelCol: number;\n\n\t/**\n\t * The worksheet row outline level (default: 0)\n\t */\n\toutlineLevelRow: number;\n\n\t/**\n \t * The outline properties which controls how it will summarize rows and columns\n   \t */\n\toutlineProperties: {\n\t\tsummaryBelow: boolean,\n\t\tsummaryRight: boolean,\n\t};\n\t/**\n\t * Default row height (default: 15)\n\t */\n\tdefaultRowHeight: number;\n\n\t/**\n\t * Default column width (optional)\n\t */\n\tdefaultColWidth?: number;\n\n\t/**\n\t * default: 55\n\t */\n\tdyDescent: number;\n\tshowGridLines: boolean;\n}\n\nexport interface AddWorksheetOptions {\n\tproperties: Partial<WorksheetProperties>;\n\tpageSetup: Partial<PageSetup>;\n\theaderFooter: Partial<HeaderFooter>;\n\tviews: Array<Partial<WorksheetView>>;\n\tstate: WorksheetState;\n}\n\nexport interface WorkbookProperties {\n\t/**\n\t * Set workbook dates to 1904 date system\n\t */\n\tdate1904: boolean;\n}\n\nexport interface JSZipGeneratorOptions {\n\t/**\n\t * @default DEFLATE\n\t */\n\tcompression: 'STORE' | 'DEFLATE';\n\tcompressionOptions: null | {\n\t\t/**\n\t\t * @default 6\n\t\t */\n\t\tlevel: number;\n\t};\n}\n\nexport interface XlsxReadOptions {\n\t/**\n\t * The list of XML node names to ignore while parsing an XLSX file\n\t */\n\tignoreNodes: string[];\n}\n\nexport interface XlsxWriteOptions extends stream.xlsx.WorkbookWriterOptions {\n\t/**\n\t * The option passed to JsZip#generateAsync(options)\n\t */\n\tzip: Partial<JSZipGeneratorOptions>;\n}\n\nexport interface Xlsx {\n\t/**\n\t * read from a file\n\t */\n\treadFile(path: string, options?: Partial<XlsxReadOptions>): Promise<Workbook>;\n\n\t/**\n\t * read from a stream\n\t * @param stream\n\t */\n\tread(stream: import('stream').Stream, options?: Partial<XlsxReadOptions>): Promise<Workbook>;\n\n\t/**\n\t * load from an array buffer\n\t * @param buffer\n\t */\n\tload(buffer: Buffer, options?: Partial<XlsxReadOptions>): Promise<Workbook>;\n\n\t/**\n\t * write to a buffer\n\t */\n\twriteBuffer(options?: Partial<XlsxWriteOptions>): Promise<Buffer>;\n\n\t/**\n\t * write to a file\n\t */\n\twriteFile(path: string, options?: Partial<XlsxWriteOptions>): Promise<void>;\n\n\t/**\n\t * write to a stream\n\t */\n\twrite(stream: import('stream').Stream, options?: Partial<XlsxWriteOptions>): Promise<void>;\n}\n\n// https://c2fo.github.io/fast-csv/docs/parsing/options\n\ntype HeaderArray = (string | undefined | null)[];\ntype HeaderTransformFunction = (headers: HeaderArray) => HeaderArray;\nexport interface FastCsvParserOptionsArgs {\n\tobjectMode: boolean;\n\tdelimiter: string;\n\tquote: string | null;\n\tescape: string;\n\theaders: boolean | HeaderTransformFunction | HeaderArray;\n\trenameHeaders: boolean;\n\tignoreEmpty: boolean;\n\tcomment: string;\n\tstrictColumnHandling: boolean;\n\tdiscardUnmappedColumns: boolean;\n\ttrim: boolean;\n\tltrim: boolean;\n\trtrim: boolean;\n\tencoding: string;\n\tmaxRows: number;\n\tskipLines: number;\n\tskipRows: number;\n}\n\ninterface QuoteColumnMap {\n\t[s: string]: boolean;\n}\ndeclare type QuoteColumns = boolean | boolean[] | QuoteColumnMap;\n\ninterface RowMap {\n\t[key: string]: any;\n}\ndeclare type RowHashArray = [string, any][];\ndeclare type RowArray = string[];\ndeclare type Rows = RowArray | RowMap | RowHashArray;\ndeclare type RowTransformCallback = (error?: Error | null, row?: Rows) => void;\ninterface RowTransformFunction {\n\t(row: Rows, callback: RowTransformCallback): void;\n\t(row: Rows): Rows;\n}\n\n// https://c2fo.github.io/fast-csv/docs/formatting/options/\nexport interface FastCsvFormatterOptionsArgs {\n\tobjectMode: boolean;\n\tdelimiter: string;\n\trowDelimiter: string;\n\tquote: string | boolean;\n\tescape: string;\n\tquoteColumns: QuoteColumns;\n\tquoteHeaders: QuoteColumns;\n\theaders: null | boolean | string[];\n\tincludeEndRowDelimiter: boolean;\n\twriteBOM: boolean;\n\ttransform: RowTransformFunction;\n\talwaysWriteHeaders: boolean;\n}\n\nexport interface CsvReadOptions {\n\tdateFormats: string[];\n\tmap(value: any, index: number): any;\n\tsheetName: string;\n\tparserOptions: Partial<FastCsvParserOptionsArgs>;\n}\n\nexport interface CsvWriteOptions {\n\tdateFormat: string;\n\tdateUTC: boolean;\n\tsheetName: string;\n\tsheetId: number;\n\tencoding: string;\n\tmap(value: any, index: number): any;\n\tincludeEmptyRows: boolean;\n\tformatterOptions: Partial<FastCsvFormatterOptionsArgs>;\n}\n\nexport interface Csv {\n\t/**\n\t * read from a file\n\t */\n\treadFile(path: string, options?: Partial<CsvReadOptions>): Promise<Worksheet>;\n\n\t/**\n\t * read from a stream\n\t */\n\tread(stream: import('stream').Stream, options?: Partial<CsvReadOptions>): Promise<Worksheet>;\n\n\t/**\n\t * Create input stream for reading\n\t */\n\tcreateInputStream(options?: Partial<CsvReadOptions>): import('events').EventEmitter;\n\n\t/**\n\t * write to a buffer\n\t */\n\twriteBuffer(options?: Partial<CsvWriteOptions>): Promise<Buffer>;\n\n\t/**\n\t * write to a file\n\t */\n\twriteFile(path: string, options?: Partial<CsvWriteOptions>): Promise<void>;\n\n\t/**\n\t * write to a stream\n\t */\n\twrite(stream: import('stream').Stream, options?: Partial<CsvWriteOptions>): Promise<void>;\n}\n\nexport interface Media {\n\ttype: string;\t// image,background\n\tname: string;\n\textension: string;\n\tbuffer: Buffer;\n}\n\nexport interface Address {\n\tsheetName?: string;\n\taddress: string;\n\tcol: string;\n\trow: string;\n\t$col$row: string;\n}\n\nexport interface Location {\n\ttop: number;\n\tleft: number;\n\tbottom: number;\n\tright: number;\n}\n\nexport interface CellMatrix {\n\taddCell(addressStr: string): void;\n\tgetCell(addressStr: string): Cell;\n\tfindCell(addressStr: string): Cell | undefined;\n\tfindCellAt(sheetName: string, rowNumber: number, colNumber: number): Cell | undefined;\n\taddCellEx(address: string | Location): void;\n\tgetCellEx(address: string | Location): Cell;\n\tfindCellEx(address: string | Location, create: boolean): Cell | undefined;\n\tgetCellAt(sheetName: string, rowNumber: number, colNumber: number): Cell;\n\tremoveCellEx(address: string | Location): void;\n\tforEach(callback: (cell: Cell) => void): void;\n\tmap<T>(callback: (cell: Cell) => T): T[];\n\tfindSheet(address: string | Location, create: boolean): Cell[] | undefined;\n\tfindSheetRow(sheet: Cell[][], address: string | Location, create: boolean): Row | undefined;\n\tfindRowCell(row: any[], address: Address, create: boolean): Cell | undefined;\n}\n\nexport interface DefinedNamesRanges {\n\tname: string;\n\tranges: string[];\n}\n\nexport type DefinedNamesModel = DefinedNamesRanges[];\n\nexport interface DefinedNames {\n\tgetMatrix(name: string): CellMatrix;\n\t// add a name to a cell. locStr in the form SheetName!$col$row or SheetName!$c1$r1:$c2:$r2\n\tadd(locStr: string, name?: string): void;\n\taddEx(location: string | Location, name: string): Cell;\n\n\tremove(locStr: string | Location, name: string): void;\n\tremoveEx(location: string | Location, name: string): void;\n\tremoveAllNames(location: string | Location): void;\n\n\tforEach(callback: (name: string, cell: Cell) => void): void;\n\n\t// get all the names of a cell\n\tgetNames(addressStr: string): string[];\n\tgetNamesEx(address: string): string[];\n\n\tgetRanges(name: string, matrix?: CellMatrix): DefinedNamesRanges;\n\n\tmodel: DefinedNamesModel;\n}\n\nexport interface WorkbookModel {\n\tcreator: string;\n\tlastModifiedBy: string;\n\tlastPrinted: Date;\n\tcreated: Date;\n\tmodified: Date;\n\tproperties: WorkbookProperties;\n\tworksheets: Worksheet[];\n\tsheets: WorksheetModel[];\n\tdefinedNames: DefinedNamesModel;\n\tviews: WorkbookView[];\n\tcompany: string;\n\tmanager: string;\n\ttitle: string;\n\tsubject: string;\n\tkeywords: string;\n\tcategory: string;\n\tdescription: string;\n\tlanguage: string;\n\trevision: Date;\n\tcontentStatus: string;\n\tthemes: string[];\n\tmedia: Media[];\n}\n\nexport class Workbook {\n    category: string;\n    company: string;\n\tcreator: string;\n    description: string;\n    keywords: string;\n\tlastModifiedBy: string;\n\tcreated: Date;\n    manager: string;\n\tmodified: Date;\n\tlastPrinted: Date;\n\tproperties: WorkbookProperties;\n\tsubject: string;\n    title: string;\n\n\t/**\n\t * Workbook calculation Properties\n\t */\n\tcalcProperties: CalculationProperties;\n\n\t/**\n\t * xlsx file format operations\n\t */\n\treadonly xlsx: Xlsx;\n\n\t/**\n\t * csv file format operations\n\t */\n\treadonly csv: Csv;\n\n\treadonly nextId: number;\n\n\treadonly definedNames: DefinedNames;\n\n\tmodel: WorkbookModel;\n\n\t/**\n\t * The Workbook views controls how many separate windows Excel will open when viewing the workbook.\n\t */\n\tviews: WorkbookView[];\n\n\t/**\n\t * return a clone of worksheets in order\n\t */\n\tworksheets: Worksheet[];\n\n\t/**\n\t * Add a new worksheet and return a reference to it\n\t */\n\taddWorksheet(name?: string, options?: Partial<AddWorksheetOptions>): Worksheet;\n\n\tremoveWorksheetEx(worksheet: Worksheet): void;\n\tremoveWorksheet(indexOrName: number | string): void;\n\n\t/**\n\t * fetch sheet by name or id\n\t */\n\tgetWorksheet(indexOrName?: number | string): Worksheet | undefined;\n\n\t/**\n\t * Iterate over all sheets.\n\t *\n\t * Note: `workbook.worksheets.forEach` will still work but this is better.\n\t */\n\teachSheet(callback: (worksheet: Worksheet, id: number) => void): void;\n\n\tclearThemes(): void;\n\n\t/**\n\t * Add Image to Workbook and return the id\n\t */\n\taddImage(img: Image): number;\n\n\tgetImage(id: number): Image;\n}\n\nexport interface TableStyleProperties {\n\t/**\n\t * The colour theme of the table\n\t * @default 'TableStyleMedium2'\n\t */\n\ttheme?: 'TableStyleDark1' | 'TableStyleDark10' | 'TableStyleDark11' | 'TableStyleDark2' | 'TableStyleDark3' | 'TableStyleDark4' | 'TableStyleDark5' | 'TableStyleDark6' | 'TableStyleDark7' | 'TableStyleDark8' | 'TableStyleDark9' | 'TableStyleLight1' | 'TableStyleLight10' | 'TableStyleLight11' | 'TableStyleLight12' | 'TableStyleLight13' | 'TableStyleLight14' | 'TableStyleLight15' | 'TableStyleLight16' | 'TableStyleLight17' | 'TableStyleLight18' | 'TableStyleLight19' | 'TableStyleLight2' | 'TableStyleLight20' | 'TableStyleLight21' | 'TableStyleLight3' | 'TableStyleLight4' | 'TableStyleLight5' | 'TableStyleLight6' | 'TableStyleLight7' | 'TableStyleLight8' | 'TableStyleLight9' | 'TableStyleMedium1' | 'TableStyleMedium10' | 'TableStyleMedium11' | 'TableStyleMedium12' | 'TableStyleMedium13' | 'TableStyleMedium14' | 'TableStyleMedium15' | 'TableStyleMedium16' | 'TableStyleMedium17' | 'TableStyleMedium18' | 'TableStyleMedium19' | 'TableStyleMedium2' | 'TableStyleMedium20' | 'TableStyleMedium21' | 'TableStyleMedium22' | 'TableStyleMedium23' | 'TableStyleMedium24' | 'TableStyleMedium25' | 'TableStyleMedium26' | 'TableStyleMedium27' | 'TableStyleMedium28' | 'TableStyleMedium3' | 'TableStyleMedium4' | 'TableStyleMedium5' | 'TableStyleMedium6' | 'TableStyleMedium7' | 'TableStyleMedium8' | 'TableStyleMedium9';\n\t/**\n\t  * Highlight the first column (bold)\n\t  * @default false\n\t  */\n\tshowFirstColumn?: boolean;\n\t/**\n\t  * Highlight the last column (bold)\n\t  * @default false\n\t  */\n\tshowLastColumn?: boolean;\n\t/**\n\t  * Alternate rows shown with background colour\n\t  * @default false\n\t  */\n\tshowRowStripes?: boolean;\n\t/**\n\t  * Alternate rows shown with background colour\n\t  * @default false\n\t  */\n\tshowColumnStripes?: boolean;\n}\n\nexport interface TableColumnProperties {\n\t/**\n\t  * The name of the column, also used in the header\n\t  */\n\tname: string;\n\t/**\n\t  * Switches the filter control in the header\n\t  * @default false\n\t  */\n\tfilterButton?: boolean;\n\t/**\n\t  * Label to describe the totals row (first column)\n\t  * @default 'Total'\n\t  */\n\ttotalsRowLabel?: string;\n\t/**\n\t  * Name of the totals function\n\t  * @default 'none'\n\t  */\n\ttotalsRowFunction?: 'none' | 'average' | 'countNums' | 'count' | 'max' | 'min' | 'stdDev' | 'var' | 'sum' | 'custom';\n\t/**\n\t  * Optional formula for custom functions\n\t  */\n\ttotalsRowFormula?: string;\n}\n\n\nexport interface TableProperties {\n\t/**\n\t * The name of the table\n\t */\n\tname: string;\n\t/**\n\t * The display name of the table\n\t */\n\tdisplayName?: string;\n\t/**\n\t * Top left cell of the table\n\t */\n\tref: string;\n\t/**\n\t * Show headers at top of table\n\t * @default true\n\t */\n\theaderRow?: boolean;\n\t/**\n\t * Show totals at bottom of table\n\t * @default false\n\t */\n\ttotalsRow?: boolean;\n\t/**\n\t * Extra style properties\n\t * @default {}\n\t */\n\tstyle?: TableStyleProperties;\n\t/**\n\t * Column definitions\n\t */\n\tcolumns: TableColumnProperties[]\n\t/**\n\t * Rows of data\n\t */\n\trows: any[][]\n}\n\nexport type TableColumn = Required<TableColumnProperties>\n\nexport interface Table extends Required<TableProperties> {\n\t/**\n\t * Commit changes\n\t */\n\tcommit: () => void\n\t/**\n\t * Remove a rows of data\n\t */\n\tremoveRows: (rowIndex: number, count: number) => void\n\t/**\n\t * Add a row of data, either insert at rowNumber or append\n\t */\n\taddRow: (values: any[], rowNumber?: number) => void\n\t/**\n\t * Get column\n\t */\n\tgetColumn: (colIndex: number) => TableColumn\n\t/**\n\t * Add a new column, including column defn and values\n\t * inserts at colNumber or adds to the right\n\t */\n\taddColumn: (column: TableColumnProperties, values: any[], colIndex: number) => void\n\t/**\n\t * Remove a column with data\n\t */\n\tremoveColumns: (colIndex: number, count: number) => void\n}\n\nexport namespace config {\n\tfunction setValue(key: 'promise', promise: any): void;\n}\n\nexport namespace stream {\n\tnamespace xlsx {\n\t\tinterface WorkbookWriterOptions {\n\t\t\t/**\n\t\t\t * Specifies a writable stream to write the XLSX workbook to.\n\t\t\t */\n\t\t\tstream: import('stream').Stream;\n\n\t\t\t/**\n\t\t\t * \tIf stream not specified, this field specifies the path to a file to write the XLSX workbook to.\n\t\t\t */\n\t\t\tfilename: string;\n\n\t\t\t/**\n\t\t\t * \tSpecifies whether to use shared strings in the workbook. Default is false\n\t\t\t */\n\t\t\tuseSharedStrings: boolean;\n\n\t\t\t/**\n\t\t\t * Specifies whether to add style information to the workbook.\n\t\t\t * Styles can add some performance overhead. Default is false\n\t\t\t */\n\t\t\tuseStyles: boolean;\n\t\t}\n\n\t\tinterface ArchiverZipOptions {\n\t\t\tcomment: string;\n\t\t\tforceLocalTime: boolean;\n\t\t\tforceZip64: boolean;\n\t\t\tstore: boolean;\n\t\t\tzlib: Partial<ZlibOptions>;\n\t\t}\n\n\t\tinterface ZlibOptions {\n\t\t\t/**\n\t\t\t * @default constants.Z_NO_FLUSH\n\t\t\t */\n\t\t\tflush: number;\n\t\t\t/**\n\t\t\t * @default constants.Z_FINISH\n\t\t\t */\n\t\t\tfinishFlush: number;\n\t\t\t/**\n\t\t\t * @default 16*1024\n\t\t\t */\n\t\t\tchunkSize: number;\n\t\t\twindowBits: number;\n\t\t\tlevel: number; // compression only\n\t\t\tmemLevel: number; // compression only\n\t\t\tstrategy: number; // compression only\n\t\t\tdictionary: Buffer | NodeJS.TypedArray | DataView | ArrayBuffer; // deflate/inflate only, empty dictionary by default\n\t\t}\n\n\t\tinterface WorkbookStreamWriterOptions extends WorkbookWriterOptions {\n\n\t\t\t/**\n\t\t\t * Specifies whether to add style information to the workbook.\n\t\t\t * Styles can add some performance overhead. Default is false\n\t\t\t */\n\t\t\tzip: Partial<ArchiverZipOptions>;\n\t\t}\n\n\t\tclass WorkbookWriter extends Workbook {\n\t\t\tconstructor(options: Partial<WorkbookStreamWriterOptions>);\n\t\t\t// commit all worksheets, then add suplimentary files\n\t\t\tcommit(): Promise<void>;\n\t\t\taddStyles(): Promise<void>;\n\t\t\taddThemes(): Promise<void>;\n\t\t\taddOfficeRels(): Promise<void>;\n\t\t\taddContentTypes(): Promise<void>;\n\t\t\taddApp(): Promise<void>;\n\t\t\taddCore(): Promise<void>;\n\t\t\taddSharedStrings(): Promise<void>;\n\t\t\taddWorkbookRels(): Promise<void>;\n\t\t\taddWorkbook(): Promise<void>;\n\t\t}\n\n\n\t\tinterface WorkbookStreamReaderOptions {\n\t\t\t/**\n\t\t\t * @default 'emit'\n\t\t\t */\n\t\t\tworksheets?: 'emit' | 'ignore';\n\t\t\t/**\n\t\t\t * @default 'cache'\n\t\t\t */\n\t\t\tsharedStrings?: 'cache' | 'emit' | 'ignore';\n\t\t\t/**\n\t\t\t * @default 'ignore'\n\t\t\t */\n\t\t\thyperlinks?: 'cache' | 'emit' | 'ignore';\n\t\t\t/**\n\t\t\t * @default 'ignore'\n\t\t\t */\n\t\t\tstyles?: 'cache' | 'ignore';\n\t\t\t/**\n\t\t\t * @default 'ignore'\n\t\t\t */\n\t\t\tentries?: 'emit' | 'ignore';\n\t\t}\n\n\t\tclass WorkbookReader extends Workbook {\n\t\t\tconstructor(input: string | import('stream').Stream, options: Partial<WorkbookStreamReaderOptions>);\n\t\t\tread(): Promise<void>;\n\t\t\t[Symbol.asyncIterator](): AsyncGenerator<WorksheetReader>;\n\t\t\tparse(): AsyncIterator<any>;\n\t\t}\n\n\t\tinterface WorksheetReaderOptions {\n\t\t\tworkbook: Workbook;\n\t\t\tid: number;\n\t\t\tentry: import('stream').Stream;\n\t\t\toptions: WorkbookStreamReaderOptions;\n\t\t}\n\n\t\tclass WorksheetReader {\n\t\t\tconstructor(options: WorksheetReaderOptions);\n\t\t\tread(): Promise<void>;\n\t\t\t[Symbol.asyncIterator](): AsyncGenerator<Row>;\n\t\t\tparse(): AsyncIterator<Array<any>>;\n\t\t\tdimensions(): number;\n\t\t\tcolumns(): number;\n\t\t\tgetColumn(c: number): Column;\n\t\t}\n\t}\n}` was unexpected", "path": "index.d.ts", "type": "Syntax error"}, {"code": 2, "level": "warn", "message": "Timeout when running generic.secrets.security.detected-username-and-password-in-uri.detected-username-and-password-in-uri on README_zh.md:\n ", "path": "README_zh.md", "rule_id": "generic.secrets.security.detected-username-and-password-in-uri.detected-username-and-password-in-uri", "type": "Timeout"}], "interfile_languages_used": [], "paths": {"scanned": [".babelrc", ".browserslistrc", ".deepsource.toml", ".eslintignore", ".eslintrc", ".github/workflows/H6060-Experiment-3.yml", ".gitignore", ".npmrc", ".prettier", ".prettierignore", "LICENSE", "MODEL.md", "README.md", "README_zh.md", "TODO.txt", "UPGRADE-4.0.md", "benchmark.js", "depcheck.properties", "excel.js", "gruntfile.js", "index.d.ts", "index.ts", "lib/csv/csv.js", "lib/csv/line-buffer.js", "lib/csv/stream-converter.js", "lib/doc/anchor.js", "lib/doc/cell.js", "lib/doc/column.js", "lib/doc/data/theme1.json", "lib/doc/data-validations.js", "lib/doc/defined-names.js", "lib/doc/enums.js", "lib/doc/image.js", "lib/doc/modelcontainer.js", "lib/doc/note.js", "lib/doc/range.js", "lib/doc/row.js", "lib/doc/table.js", "lib/doc/workbook.js", "lib/doc/worksheet.js", "lib/exceljs.bare.js", "lib/exceljs.browser.js", "lib/exceljs.nodejs.js", "lib/stream/xlsx/hyperlink-reader.js", "lib/stream/xlsx/sheet-comments-writer.js", "lib/stream/xlsx/sheet-rels-writer.js", "lib/stream/xlsx/workbook-reader.js", "lib/stream/xlsx/workbook-writer.js", "lib/stream/xlsx/worksheet-reader.js", "lib/stream/xlsx/worksheet-writer.js", "lib/utils/auto-drain.js", "lib/utils/browser-buffer-decode.js", "lib/utils/browser-buffer-encode.js", "lib/utils/cell-matrix.js", "lib/utils/col-cache.js", "lib/utils/copy-style.js", "lib/utils/encryptor.js", "lib/utils/iterate-stream.js", "lib/utils/parse-sax.js", "lib/utils/shared-formula.js", "lib/utils/shared-strings.js", "lib/utils/stream-base64.js", "lib/utils/stream-buf.js", "lib/utils/string-buf.js", "lib/utils/string-builder.js", "lib/utils/stuttered-pipe.js", "lib/utils/typed-stack.js", "lib/utils/under-dash.js", "lib/utils/utils.js", "lib/utils/xml-stream.js", "lib/utils/zip-stream.js", "lib/xlsx/.rels", "lib/xlsx/calcChain.xml", "lib/xlsx/core.xml", "lib/xlsx/defaultnumformats.js", "lib/xlsx/rel-type.js", "lib/xlsx/styles.xml", "lib/xlsx/workbook.xml", "lib/xlsx/xform/base-xform.js", "lib/xlsx/xform/book/defined-name-xform.js", "lib/xlsx/xform/book/sheet-xform.js", "lib/xlsx/xform/book/workbook-calc-properties-xform.js", "lib/xlsx/xform/book/workbook-properties-xform.js", "lib/xlsx/xform/book/workbook-view-xform.js", "lib/xlsx/xform/book/workbook-xform.js", "lib/xlsx/xform/comment/comment-xform.js", "lib/xlsx/xform/comment/comments-xform.js", "lib/xlsx/xform/comment/style/vml-position-xform.js", "lib/xlsx/xform/comment/style/vml-protection-xform.js", "lib/xlsx/xform/comment/vml-anchor-xform.js", "lib/xlsx/xform/comment/vml-client-data-xform.js", "lib/xlsx/xform/comment/vml-notes-xform.js", "lib/xlsx/xform/comment/vml-shape-xform.js", "lib/xlsx/xform/comment/vml-textbox-xform.js", "lib/xlsx/xform/composite-xform.js", "lib/xlsx/xform/core/app-heading-pairs-xform.js", "lib/xlsx/xform/core/app-titles-of-parts-xform.js", "lib/xlsx/xform/core/app-xform.js", "lib/xlsx/xform/core/content-types-xform.js", "lib/xlsx/xform/core/core-xform.js", "lib/xlsx/xform/core/relationship-xform.js", "lib/xlsx/xform/core/relationships-xform.js", "lib/xlsx/xform/drawing/base-cell-anchor-xform.js", "lib/xlsx/xform/drawing/blip-fill-xform.js", "lib/xlsx/xform/drawing/blip-xform.js", "lib/xlsx/xform/drawing/c-nv-pic-pr-xform.js", "lib/xlsx/xform/drawing/c-nv-pr-xform.js", "lib/xlsx/xform/drawing/cell-position-xform.js", "lib/xlsx/xform/drawing/drawing-xform.js", "lib/xlsx/xform/drawing/ext-lst-xform.js", "lib/xlsx/xform/drawing/ext-xform.js", "lib/xlsx/xform/drawing/hlink-click-xform.js", "lib/xlsx/xform/drawing/nv-pic-pr-xform.js", "lib/xlsx/xform/drawing/one-cell-anchor-xform.js", "lib/xlsx/xform/drawing/pic-xform.js", "lib/xlsx/xform/drawing/sp-pr.js", "lib/xlsx/xform/drawing/two-cell-anchor-xform.js", "lib/xlsx/xform/list-xform.js", "lib/xlsx/xform/sheet/auto-filter-xform.js", "lib/xlsx/xform/sheet/cell-xform.js", "lib/xlsx/xform/sheet/cf/cf-rule-xform.js", "lib/xlsx/xform/sheet/cf/cfvo-xform.js", "lib/xlsx/xform/sheet/cf/color-scale-xform.js", "lib/xlsx/xform/sheet/cf/conditional-formatting-xform.js", "lib/xlsx/xform/sheet/cf/conditional-formattings-xform.js", "lib/xlsx/xform/sheet/cf/databar-xform.js", "lib/xlsx/xform/sheet/cf/ext-lst-ref-xform.js", "lib/xlsx/xform/sheet/cf/formula-xform.js", "lib/xlsx/xform/sheet/cf/icon-set-xform.js", "lib/xlsx/xform/sheet/cf-ext/cf-icon-ext-xform.js", "lib/xlsx/xform/sheet/cf-ext/cf-rule-ext-xform.js", "lib/xlsx/xform/sheet/cf-ext/cfvo-ext-xform.js", "lib/xlsx/xform/sheet/cf-ext/conditional-formatting-ext-xform.js", "lib/xlsx/xform/sheet/cf-ext/conditional-formattings-ext-xform.js", "lib/xlsx/xform/sheet/cf-ext/databar-ext-xform.js", "lib/xlsx/xform/sheet/cf-ext/f-ext-xform.js", "lib/xlsx/xform/sheet/cf-ext/icon-set-ext-xform.js", "lib/xlsx/xform/sheet/cf-ext/sqref-ext-xform.js", "lib/xlsx/xform/sheet/col-xform.js", "lib/xlsx/xform/sheet/data-validations-xform.js", "lib/xlsx/xform/sheet/dimension-xform.js", "lib/xlsx/xform/sheet/drawing-xform.js", "lib/xlsx/xform/sheet/ext-lst-xform.js", "lib/xlsx/xform/sheet/header-footer-xform.js", "lib/xlsx/xform/sheet/hyperlink-xform.js", "lib/xlsx/xform/sheet/merge-cell-xform.js", "lib/xlsx/xform/sheet/merges.js", "lib/xlsx/xform/sheet/outline-properties-xform.js", "lib/xlsx/xform/sheet/page-breaks-xform.js", "lib/xlsx/xform/sheet/page-margins-xform.js", "lib/xlsx/xform/sheet/page-setup-properties-xform.js", "lib/xlsx/xform/sheet/page-setup-xform.js", "lib/xlsx/xform/sheet/picture-xform.js", "lib/xlsx/xform/sheet/print-options-xform.js", "lib/xlsx/xform/sheet/row-breaks-xform.js", "lib/xlsx/xform/sheet/row-xform.js", "lib/xlsx/xform/sheet/sheet-format-properties-xform.js", "lib/xlsx/xform/sheet/sheet-properties-xform.js", "lib/xlsx/xform/sheet/sheet-protection-xform.js", "lib/xlsx/xform/sheet/sheet-view-xform.js", "lib/xlsx/xform/sheet/table-part-xform.js", "lib/xlsx/xform/sheet/worksheet-xform.js", "lib/xlsx/xform/simple/boolean-xform.js", "lib/xlsx/xform/simple/date-xform.js", "lib/xlsx/xform/simple/float-xform.js", "lib/xlsx/xform/simple/integer-xform.js", "lib/xlsx/xform/simple/string-xform.js", "lib/xlsx/xform/static-xform.js", "lib/xlsx/xform/strings/phonetic-text-xform.js", "lib/xlsx/xform/strings/rich-text-xform.js", "lib/xlsx/xform/strings/shared-string-xform.js", "lib/xlsx/xform/strings/shared-strings-xform.js", "lib/xlsx/xform/strings/text-xform.js", "lib/xlsx/xform/style/alignment-xform.js", "lib/xlsx/xform/style/border-xform.js", "lib/xlsx/xform/style/color-xform.js", "lib/xlsx/xform/style/dxf-xform.js", "lib/xlsx/xform/style/fill-xform.js", "lib/xlsx/xform/style/font-xform.js", "lib/xlsx/xform/style/numfmt-xform.js", "lib/xlsx/xform/style/protection-xform.js", "lib/xlsx/xform/style/style-xform.js", "lib/xlsx/xform/style/styles-xform.js", "lib/xlsx/xform/style/underline-xform.js", "lib/xlsx/xform/table/auto-filter-xform.js", "lib/xlsx/xform/table/custom-filter-xform.js", "lib/xlsx/xform/table/filter-column-xform.js", "lib/xlsx/xform/table/filter-xform.js", "lib/xlsx/xform/table/table-column-xform.js", "lib/xlsx/xform/table/table-style-info-xform.js", "lib/xlsx/xform/table/table-xform.js", "lib/xlsx/xlsx.js", "lib/xlsx/xml/theme1.js", "lib/xlsx/xml/theme1.xml", "package.json", "spec/.eslintrc", "spec/.jshintrc", "spec/browser/exceljs.spec.js", "spec/config/setup-unit.js", "spec/config/setup.js", "spec/end-to-end/express.spec.js", "spec/integration/data/.gitignore", "spec/integration/data/1519293514-KRISHNAPATNAM_LINE_UP.xlsx", "spec/integration/data/1904.xlsx", "spec/integration/data/bogus-defined-name.xlsx", "spec/integration/data/chart-sheet.xlsx", "spec/integration/data/dateIssue.xlsx", "spec/integration/data/duplicateRowTest.xlsx", "spec/integration/data/fibonacci.xlsx", "spec/integration/data/formulas.xlsx", "spec/integration/data/gold.xlsx", "spec/integration/data/hidden-test/google-sheets.xlsx", "spec/integration/data/hidden-test/libre-calc-as-excel-2007-365.xlsx", "spec/integration/data/hidden-test/libre-calc-as-office-open-xml-spreadsheet.xlsx", "spec/integration/data/image.png", "spec/integration/data/images.xlsx", "spec/integration/data/invalid-xml.xlsx", "spec/integration/data/many-columns.xlsx", "spec/integration/data/missing-bits.xlsx", "spec/integration/data/numbers.numbers", "spec/integration/data/rich-text-sample-a1.json", "spec/integration/data/rich-text-sample.js", "spec/integration/data/shared_string_with_escape.xlsx", "spec/integration/data/test-issue-1364.xlsx", "spec/integration/data/test-issue-1575.xlsx", "spec/integration/data/test-issue-163.xlsx", "spec/integration/data/test-issue-1669.xlsx", "spec/integration/data/test-issue-176.xlsx", "spec/integration/data/test-issue-1842.xlsx", "spec/integration/data/test-issue-257.xlsx", "spec/integration/data/test-issue-623.xlsx", "spec/integration/data/test-issue-771.xlsx", "spec/integration/data/test-issue-877.xlsx", "spec/integration/data/test-issue-880.xlsx", "spec/integration/data/test-issue-988.xlsx", "spec/integration/data/test-issue-991.csv", "spec/integration/data/test-pr-1204.xlsx", "spec/integration/data/test-pr-1220.xlsx", "spec/integration/data/test-pr-567.xlsx", "spec/integration/data/test-pr-728.xlsx", "spec/integration/data/test-row-styles.xlsx", "spec/integration/data/testmodel.json", "spec/integration/gold.spec.js", "spec/integration/issues/issue-1027-sheet-defined-data-validate.spec.js", "spec/integration/issues/issue-1328-xlsx-worksheet-reader-date.spec.js", "spec/integration/issues/issue-1339-speciel-cell-file.spec.js", "spec/integration/issues/issue-1364-incorrect-worksheet-name-streaming-xlsx.spec.js", "spec/integration/issues/issue-163-xlsx-read-file.spec.js", "spec/integration/issues/issue-1669-optional-custom-autofilter-on-table.spec.js", "spec/integration/issues/issue-176-unexpected-xml-node.spec.js", "spec/integration/issues/issue-1842-dataValidations-memory-overload.spec.js", "spec/integration/issues/issue-2125-spliceRows-last-row.spec.js", "spec/integration/issues/issue-219-1904-dates.spec.js", "spec/integration/issues/issue-234-vertical-tab-char.spec.js", "spec/integration/issues/issue-257-sheet-order.spec.js", "spec/integration/issues/issue-275-hyperlink-query-param.spec.js", "spec/integration/issues/issue-539-contentType-element.spec.js", "spec/integration/issues/issue-623-borders-for-merged-cell.spec.js", "spec/integration/issues/issue-703-speciel-cell-file.spec.js", "spec/integration/issues/issue-771-data-validation-without-type.spec.js", "spec/integration/issues/issue-877-hyperlink-no-text.spec.js", "spec/integration/issues/issue-880-malformed-comment.spec.js", "spec/integration/issues/issue-988-missing-table-autofilter.spec.js", "spec/integration/issues/issue-991-csv-read-dates.spec.js", "spec/integration/issues/issue-995-encoding.spec.js", "spec/integration/issues/shared-formula.spec.js", "spec/integration/pr/pr-896/test-pr-896.spec.js", "spec/integration/pr/test-pr-1157.spec.js", "spec/integration/pr/test-pr-1220.spec.js", "spec/integration/pr/test-pr-1262.spec.js", "spec/integration/pr/test-pr-1334.spec.js", "spec/integration/pr/test-pr-1431.spec.js", "spec/integration/pr/test-pr-1487.spec.js", "spec/integration/pr/test-pr-1576.spec.js", "spec/integration/pr/test-pr-2244.spec.js", "spec/integration/pr/test-pr-567.spec.js", "spec/integration/pr/test-pr-728.spec.js", "spec/integration/pr/test-pr-896.spec.js", "spec/integration/workbook/images.spec.js", "spec/integration/workbook/styles.spec.js", "spec/integration/workbook/workbook.spec.js", "spec/integration/workbook-xlsx-reader.spec.js", "spec/integration/workbook-xlsx-writer/workbook-xlsx-writer.spec.js", "spec/integration/worksheet-xlsx-writer.spec.js", "spec/integration/worksheet.spec.js", "spec/manual/app.js", "spec/manual/public/index.html", "spec/manual/public/index.min.html", "spec/out/README.md", "spec/typescript/exceljs.spec.ts", "spec/unit/data/simpleWorkbook.json", "spec/unit/doc/anchor.spec.js", "spec/unit/doc/cell.spec.js", "spec/unit/doc/column.spec.js", "spec/unit/doc/defined-names.spec.js", "spec/unit/doc/range.spec.js", "spec/unit/doc/row.spec.js", "spec/unit/doc/workbook-writer.spec.js", "spec/unit/doc/workbook.spec.js", "spec/unit/doc/worksheet-table.spec.js", "spec/unit/doc/worksheet-writer.spec.js", "spec/unit/doc/worksheet.merge.spec.js", "spec/unit/doc/worksheet.pagebreak.spec.js", "spec/unit/doc/worksheet.shared-formula.spec.js", "spec/unit/doc/worksheet.styles.spec.js", "spec/unit/doc/worksheet.values.spec.js", "spec/unit/doc/worksheet.views.spec.js", "spec/unit/utils/cell-matrix.spec.js", "spec/unit/utils/col-cache.spec.js", "spec/unit/utils/copy-style.spec.js", "spec/unit/utils/data/image1.png", "spec/unit/utils/encryptor.spec.js", "spec/unit/utils/shared-formula.spec.js", "spec/unit/utils/shared-strings.spec.js", "spec/unit/utils/stream-buf.spec.js", "spec/unit/utils/string-buf.spec.js", "spec/unit/utils/under-dash.spec.js", "spec/unit/utils/utils.spec.js", "spec/unit/utils/xml-stream.spec.js", "spec/unit/xlsx/xform/book/data/book.1.1.json", "spec/unit/xlsx/xform/book/data/book.1.2.xml", "spec/unit/xlsx/xform/book/data/book.1.3.json", "spec/unit/xlsx/xform/book/data/book.2.2.xml", "spec/unit/xlsx/xform/book/data/book.2.3.json", "spec/unit/xlsx/xform/book/defined-name-xform.spec.js", "spec/unit/xlsx/xform/book/workbook-calc-properties-xform.spec.js", "spec/unit/xlsx/xform/book/workbook-properties-xform.spec.js", "spec/unit/xlsx/xform/book/workbook-view-xform.spec.js", "spec/unit/xlsx/xform/book/workbook-xform.spec.js", "spec/unit/xlsx/xform/compy-xform.js", "spec/unit/xlsx/xform/core/app-heading-pairs-xform.spec.js", "spec/unit/xlsx/xform/core/app-titles-of-parts-xform.spec.js", "spec/unit/xlsx/xform/core/app-xform.spec.js", "spec/unit/xlsx/xform/core/content-types-xform.spec.js", "spec/unit/xlsx/xform/core/core-xform.spec.js", "spec/unit/xlsx/xform/core/data/app.01.xml", "spec/unit/xlsx/xform/core/data/app.02.xml", "spec/unit/xlsx/xform/core/data/content-types.01.xml", "spec/unit/xlsx/xform/core/data/content-types.02.xml", "spec/unit/xlsx/xform/core/data/content-types.03.xml", "spec/unit/xlsx/xform/core/data/content-types.04.xml", "spec/unit/xlsx/xform/core/data/core.01.xml", "spec/unit/xlsx/xform/core/data/core.02.xml", "spec/unit/xlsx/xform/core/data/core.03.xml", "spec/unit/xlsx/xform/core/data/core.04.xml", "spec/unit/xlsx/xform/core/data/core.05.xml", "spec/unit/xlsx/xform/core/data/core.06.xml", "spec/unit/xlsx/xform/core/data/worksheet.rels.1.json", "spec/unit/xlsx/xform/core/data/worksheet.rels.xml", "spec/unit/xlsx/xform/core/relationships-xform.spec.js", "spec/unit/xlsx/xform/drawing/blip-fill-xform.spec.js", "spec/unit/xlsx/xform/drawing/blip-xform.spec.js", "spec/unit/xlsx/xform/drawing/cell-position-xform.spec.js", "spec/unit/xlsx/xform/drawing/data/drawing.1.0.js", "spec/unit/xlsx/xform/drawing/data/drawing.1.1.js", "spec/unit/xlsx/xform/drawing/data/drawing.1.2.xml", "spec/unit/xlsx/xform/drawing/data/drawing.1.3.js", "spec/unit/xlsx/xform/drawing/data/drawing.1.4.js", "spec/unit/xlsx/xform/drawing/drawing-xform.spec.js", "spec/unit/xlsx/xform/drawing/two-cell-anchor-xform.spec.js", "spec/unit/xlsx/xform/list-xform.spec.js", "spec/unit/xlsx/xform/sheet/auto-filter-xform.spec.js", "spec/unit/xlsx/xform/sheet/cell-xform.spec.js", "spec/unit/xlsx/xform/sheet/cf/cf-rule-xform.spec.js", "spec/unit/xlsx/xform/sheet/cf/cfvo-xform.spec.js", "spec/unit/xlsx/xform/sheet/cf/color-scale-xform.spec.js", "spec/unit/xlsx/xform/sheet/cf/formula-xform.spec.js", "spec/unit/xlsx/xform/sheet/cf/icon-set-xform.spec.js", "spec/unit/xlsx/xform/sheet/cf-ext/cf-icon-ext-xform.spec.js", "spec/unit/xlsx/xform/sheet/cf-ext/cf-rule-ext-xform.spec.js", "spec/unit/xlsx/xform/sheet/cf-ext/databar-ext-xform.spec.js", "spec/unit/xlsx/xform/sheet/cf-ext/f-ext-xform.spec.js", "spec/unit/xlsx/xform/sheet/cf-ext/icon-set-ext-xform.spec.js", "spec/unit/xlsx/xform/sheet/cf-ext/sqref-ext-xform.spec.js", "spec/unit/xlsx/xform/sheet/col-xform.spec.js", "spec/unit/xlsx/xform/sheet/data/sheet.1.0.json", "spec/unit/xlsx/xform/sheet/data/sheet.1.1.json", "spec/unit/xlsx/xform/sheet/data/sheet.1.2.xml", "spec/unit/xlsx/xform/sheet/data/sheet.1.3.json", "spec/unit/xlsx/xform/sheet/data/sheet.1.4.json", "spec/unit/xlsx/xform/sheet/data/sheet.2.0.json", "spec/unit/xlsx/xform/sheet/data/sheet.2.1.json", "spec/unit/xlsx/xform/sheet/data/sheet.2.2.xml", "spec/unit/xlsx/xform/sheet/data/sheet.3.1.json", "spec/unit/xlsx/xform/sheet/data/sheet.3.2.xml", "spec/unit/xlsx/xform/sheet/data/sheet.4.0.json", "spec/unit/xlsx/xform/sheet/data/sheet.5.0.json", "spec/unit/xlsx/xform/sheet/data/sheet.5.1.json", "spec/unit/xlsx/xform/sheet/data/sheet.5.2.xml", "spec/unit/xlsx/xform/sheet/data/sheet.5.3.json", "spec/unit/xlsx/xform/sheet/data/sheet.5.4.json", "spec/unit/xlsx/xform/sheet/data/sheet.6.1.json", "spec/unit/xlsx/xform/sheet/data/sheet.6.2.xml", "spec/unit/xlsx/xform/sheet/data/sheet.6.3.json", "spec/unit/xlsx/xform/sheet/data/sheet.7.0.json", "spec/unit/xlsx/xform/sheet/data/sheet.7.1.json", "spec/unit/xlsx/xform/sheet/data/sheet.7.2.xml", "spec/unit/xlsx/xform/sheet/data-validations-xform.spec.js", "spec/unit/xlsx/xform/sheet/dimension-xform.spec.js", "spec/unit/xlsx/xform/sheet/header-footer-xform.spec.js", "spec/unit/xlsx/xform/sheet/hyperlink-xform.spec.js", "spec/unit/xlsx/xform/sheet/merge-cell-xform.spec.js", "spec/unit/xlsx/xform/sheet/outline-properties-xform.spec.js", "spec/unit/xlsx/xform/sheet/page-breaks-xform.spec.js", "spec/unit/xlsx/xform/sheet/page-margins-xform.spec.js", "spec/unit/xlsx/xform/sheet/page-setup-properties-xform.spec.js", "spec/unit/xlsx/xform/sheet/page-setup-xform.spec.js", "spec/unit/xlsx/xform/sheet/print-options-xform.spec.js", "spec/unit/xlsx/xform/sheet/row-xform.spec.js", "spec/unit/xlsx/xform/sheet/sheet-format-properties-xform.spec.js", "spec/unit/xlsx/xform/sheet/sheet-properties-xform.spec.js", "spec/unit/xlsx/xform/sheet/sheet-protection-xform.spec.js", "spec/unit/xlsx/xform/sheet/sheet-view-xform.spec.js", "spec/unit/xlsx/xform/sheet/worksheet-xform.spec.js", "spec/unit/xlsx/xform/simple/boolean-xform.spec.js", "spec/unit/xlsx/xform/simple/date-xform.spec.js", "spec/unit/xlsx/xform/simple/float-xform.spec.js", "spec/unit/xlsx/xform/simple/integer-xform.spec.js", "spec/unit/xlsx/xform/simple/string-xform.spec.js", "spec/unit/xlsx/xform/static-xform.spec.js", "spec/unit/xlsx/xform/strings/data/sharedStrings.json", "spec/unit/xlsx/xform/strings/data/sharedStrings.xml", "spec/unit/xlsx/xform/strings/phonetic-text-xform.spec.js", "spec/unit/xlsx/xform/strings/shared-string-xform.spec.js", "spec/unit/xlsx/xform/strings/shared-strings-xform.spec.js", "spec/unit/xlsx/xform/style/alignment-xform.spec.js", "spec/unit/xlsx/xform/style/border-xform.spec.js", "spec/unit/xlsx/xform/style/color-xform.spec.js", "spec/unit/xlsx/xform/style/data/styles.1.1.json", "spec/unit/xlsx/xform/style/data/styles.1.2.xml", "spec/unit/xlsx/xform/style/data/styles.2.2.xml", "spec/unit/xlsx/xform/style/fill-xform.spec.js", "spec/unit/xlsx/xform/style/font-xform.spec.js", "spec/unit/xlsx/xform/style/numfmt-xform.spec.js", "spec/unit/xlsx/xform/style/protection-xform.spec.js", "spec/unit/xlsx/xform/style/style-xform.spec.js", "spec/unit/xlsx/xform/style/styles-xform.spec.js", "spec/unit/xlsx/xform/style/underline-xform.spec.js", "spec/unit/xlsx/xform/table/auto-filter-xform.spec.js", "spec/unit/xlsx/xform/table/custom-filter-xform.spec.js", "spec/unit/xlsx/xform/table/data/table.1.1.json", "spec/unit/xlsx/xform/table/data/table.1.2.xml", "spec/unit/xlsx/xform/table/data/table.1.3.json", "spec/unit/xlsx/xform/table/filter-column-xform.spec.js", "spec/unit/xlsx/xform/table/table-column-xform.spec.js", "spec/unit/xlsx/xform/table/table-style-info-xform.spec.js", "spec/unit/xlsx/xform/table/table-xform.spec.js", "spec/unit/xlsx/xform/test-xform-helper.js", "spec/utils/data/conditional-formatting.json", "spec/utils/data/data-validations.json", "spec/utils/data/header-footer.json", "spec/utils/data/page-setup.json", "spec/utils/data/sheet-properties.json", "spec/utils/data/sheet-values.json", "spec/utils/data/styles.json", "spec/utils/data/views.json", "spec/utils/index.js", "spec/utils/test-conditional-formatting-sheet.js", "spec/utils/test-data-validation-sheet.js", "spec/utils/test-spliced-sheet.js", "spec/utils/test-values-sheet.js", "spec/utils/test-workbook-reader.js", "spec/utils/tools.js", "spec/utils/under-dash.js", "spec/utils/verquire.js", "tsconfig.json"]}, "results": [{"check_id": "javascript.lang.security.insecure-object-assign.insecure-object-assign", "end": {"col": 76, "line": 134, "offset": 3135}, "extra": {"dataflow_trace": {"intermediate_vars": [], "taint_sink": ["CliLoc", [{"end": {"col": 76, "line": 134, "offset": 3135}, "path": "lib/utils/cell-matrix.js", "start": {"col": 11, "line": 134, "offset": 3070}}, "Object.assign(address, JSON.parse(JSON.stringify(this.template)))"]], "taint_source": ["CliLoc", [{"end": {"col": 75, "line": 134, "offset": 3134}, "path": "lib/utils/cell-matrix.js", "start": {"col": 34, "line": 134, "offset": 3093}}, "JSON.parse(JSON.stringify(this.template))"]]}, "engine_kind": "OSS", "fingerprint": "f8a97973baec2703f0a6c0a5fbcacd5a720587afa557d6eb50a97c319314b4d4b87394b63b582564a8a90813110e7fdf39d2f9a44b0d46f731bc95e68d1fd0c5_0", "is_ignored": false, "lines": "        ? Object.assign(address, JSON.parse(JSON.stringify(this.template)))", "message": "Depending on the context, user control data in `Object.assign` can cause web response to include data that it should not have or can lead to a mass assignment vulnerability.", "metadata": {"category": "security", "confidence": "LOW", "cwe": ["CWE-601: URL Redirection to Untrusted Site ('Open Redirect')"], "impact": "MEDIUM", "license": "Commons Clause License Condition v1.0[LGPL-2.1-only]", "likelihood": "LOW", "owasp": ["A01:2021 - Broken Access Control"], "references": ["https://cheatsheetseries.owasp.org/cheatsheets/Mass_Assignment_Cheat_Sheet.html", "https://en.wikipedia.org/wiki/Mass_assignment_vulnerability"], "semgrep.dev": {"rule": {"origin": "community", "r_id": 12819, "rule_id": "AbUGOq", "rv_id": 834165, "url": "https://semgrep.dev/playground/r/DkTG05Y/javascript.lang.security.insecure-object-assign.insecure-object-assign", "version_id": "DkTG05Y"}}, "shortlink": "https://sg.run/2R0D", "source": "https://semgrep.dev/r/javascript.lang.security.insecure-object-assign.insecure-object-assign", "subcategory": ["vuln"], "technology": ["javascript"], "vulnerability_class": ["Open Redirect"]}, "metavars": {}, "severity": "WARNING", "validation_state": "NO_VALIDATOR"}, "path": "lib/utils/cell-matrix.js", "start": {"col": 11, "line": 134, "offset": 3070}}, {"check_id": "javascript.express.security.audit.express-check-csurf-middleware-usage.express-check-csurf-middleware-usage", "end": {"col": 26, "line": 11, "offset": 280}, "extra": {"engine_kind": "OSS", "fingerprint": "beb61eb052e8f23fce75be7a313235b92279a251be53f778f5a32e4d1072342cd766c89dacfb990b01564c1c9f13c6433ac895e286b1dc45c05bbd95e98748fc_0", "is_ignored": false, "lines": "    const app = express();", "message": "A CSRF middleware was not detected in your express application. Ensure you are either using one such as `csurf` or `csrf` (see rule references) and/or you are properly doing CSRF validation in your routes with a token or cookies.", "metadata": {"category": "security", "confidence": "LOW", "cwe": ["CWE-352: Cross-Site Request Forgery (CSRF)"], "cwe2021-top25": true, "cwe2022-top25": true, "impact": "HIGH", "license": "Commons Clause License Condition v1.0[LGPL-2.1-only]", "likelihood": "LOW", "owasp": ["A01:2021 - Broken Access Control"], "references": ["https://www.npmjs.com/package/csurf", "https://www.npmjs.com/package/csrf", "https://cheatsheetseries.owasp.org/cheatsheets/Cross-Site_Request_Forgery_Prevention_Cheat_Sheet.html"], "semgrep.dev": {"rule": {"origin": "community", "r_id": 22551, "rule_id": "wdUKEq", "rv_id": 834059, "url": "https://semgrep.dev/playground/r/5PTyDGX/javascript.express.security.audit.express-check-csurf-middleware-usage.express-check-csurf-middleware-usage", "version_id": "5PTyDGX"}}, "shortlink": "https://sg.run/BxzR", "source": "https://semgrep.dev/r/javascript.express.security.audit.express-check-csurf-middleware-usage.express-check-csurf-middleware-usage", "subcategory": ["audit"], "technology": ["javascript", "typescript", "express"], "vulnerability_class": ["Cross-Site Request Forgery (CSRF)"]}, "metavars": {"$APP": {"abstract_content": "app", "end": {"col": 14, "line": 11, "offset": 268}, "start": {"col": 11, "line": 11, "offset": 265}}, "$EXPRESS": {"abstract_content": "express", "end": {"col": 24, "line": 11, "offset": 278}, "start": {"col": 17, "line": 11, "offset": 271}}}, "severity": "INFO", "validation_state": "NO_VALIDATOR"}, "path": "spec/end-to-end/express.spec.js", "start": {"col": 11, "line": 11, "offset": 265}}, {"check_id": "problem-based-packs.insecure-transport.js-node.rest-http-client-support.rest-http-client-support", "end": {"col": 7, "line": 34, "offset": 928}, "extra": {"engine_kind": "OSS", "fingerprint": "eade4ccfcbf3d1f33a1008eb8ca2115292854761ea03d58b122f2a177969112455da2754448907d74abaf00495ce7beed0305d5f521b0b6793cff630c2242df0_0", "is_ignored": false, "lines": "    const res = got.stream('http://127.0.0.1:3003/workbook', {\n      decompress: false,\n    });", "message": "Checks for requests to http (unencrypted) sites using some of node js's most popular REST/HTTP libraries, including node-rest-client, axios, and got.", "metadata": {"category": "security", "confidence": "MEDIUM", "cwe": "CWE-319: Cleartext Transmission of Sensitive Information", "impact": "MEDIUM", "license": "Commons Clause License Condition v1.0[LGPL-2.1-only]", "likelihood": "MEDIUM", "owasp": "A03:2017 - Sensitive Data Exposure", "references": ["https://www.npmjs.com/package/axios", "https://www.npmjs.com/package/got", "https://www.npmjs.com/package/node-rest-client"], "semgrep.dev": {"rule": {"origin": "community", "r_id": 9428, "rule_id": "nJUzKP", "rv_id": 834338, "url": "https://semgrep.dev/playground/r/nWTy4en/problem-based-packs.insecure-transport.js-node.rest-http-client-support.rest-http-client-support", "version_id": "nWTy4en"}}, "shortlink": "https://sg.run/kXGP", "source": "https://semgrep.dev/r/problem-based-packs.insecure-transport.js-node.rest-http-client-support.rest-http-client-support", "subcategory": ["vuln"], "technology": ["node.js"], "vulnerability": "Insecure Transport", "vulnerability_class": ["Mishandled Sensitive Information"]}, "metavars": {"$C": {"abstract_content": "got", "end": {"col": 20, "line": 32, "offset": 853}, "start": {"col": 17, "line": 32, "offset": 850}}, "$REQ": {"abstract_content": "stream", "end": {"col": 27, "line": 32, "offset": 860}, "start": {"col": 21, "line": 32, "offset": 854}}}, "severity": "WARNING", "validation_state": "NO_VALIDATOR"}, "path": "spec/end-to-end/express.spec.js", "start": {"col": 17, "line": 32, "offset": 850}}, {"check_id": "javascript.express.security.audit.express-check-csurf-middleware-usage.express-check-csurf-middleware-usage", "end": {"col": 22, "line": 19, "offset": 583}, "extra": {"engine_kind": "OSS", "fingerprint": "84b3daf9bea9c0ebfc85ace45ffe7d544ada4232514af73a40fa049a531b6ceaed6e66a908b3c645ca67abe68150dd7ca9dcb42de45128f4668738c4d9fab125_0", "is_ignored": false, "lines": "const app = express();", "message": "A CSRF middleware was not detected in your express application. Ensure you are either using one such as `csurf` or `csrf` (see rule references) and/or you are properly doing CSRF validation in your routes with a token or cookies.", "metadata": {"category": "security", "confidence": "LOW", "cwe": ["CWE-352: Cross-Site Request Forgery (CSRF)"], "cwe2021-top25": true, "cwe2022-top25": true, "impact": "HIGH", "license": "Commons Clause License Condition v1.0[LGPL-2.1-only]", "likelihood": "LOW", "owasp": ["A01:2021 - Broken Access Control"], "references": ["https://www.npmjs.com/package/csurf", "https://www.npmjs.com/package/csrf", "https://cheatsheetseries.owasp.org/cheatsheets/Cross-Site_Request_Forgery_Prevention_Cheat_Sheet.html"], "semgrep.dev": {"rule": {"origin": "community", "r_id": 22551, "rule_id": "wdUKEq", "rv_id": 834059, "url": "https://semgrep.dev/playground/r/5PTyDGX/javascript.express.security.audit.express-check-csurf-middleware-usage.express-check-csurf-middleware-usage", "version_id": "5PTyDGX"}}, "shortlink": "https://sg.run/BxzR", "source": "https://semgrep.dev/r/javascript.express.security.audit.express-check-csurf-middleware-usage.express-check-csurf-middleware-usage", "subcategory": ["audit"], "technology": ["javascript", "typescript", "express"], "vulnerability_class": ["Cross-Site Request Forgery (CSRF)"]}, "metavars": {"$APP": {"abstract_content": "app", "end": {"col": 10, "line": 19, "offset": 571}, "start": {"col": 7, "line": 19, "offset": 568}}, "$EXPRESS": {"abstract_content": "express", "end": {"col": 20, "line": 19, "offset": 581}, "start": {"col": 13, "line": 19, "offset": 574}}}, "severity": "INFO", "validation_state": "NO_VALIDATOR"}, "path": "spec/manual/app.js", "start": {"col": 7, "line": 19, "offset": 568}}, {"check_id": "html.security.audit.missing-integrity.missing-integrity", "end": {"col": 99, "line": 6, "offset": 191}, "extra": {"engine_kind": "OSS", "fingerprint": "dccb0ee6294a4ca013f7c253e0d471ae90981e80929be163b7408dfd5e05e0e0c27f4ef898070d113d428d5ccb9020c267a595eee1e391cc515efad7afa57c1d_0", "is_ignored": false, "lines": "  <script src=\"https://cdnjs.cloudflare.com/ajax/libs/babel-polyfill/6.26.0/polyfill.js\"></script>", "message": "This tag is missing an 'integrity' subresource integrity attribute. The 'integrity' attribute allows for the browser to verify that externally hosted files (for example from a CDN) are delivered without unexpected manipulation. Without this attribute, if an attacker can modify the externally hosted resource, this could lead to XSS and other types of attacks. To prevent this, include the base64-encoded cryptographic hash of the resource (file) you\u2019re telling the browser to fetch in the 'integrity' attribute for all externally hosted files.", "metadata": {"category": "security", "confidence": "LOW", "cwe": ["CWE-353: Missing Support for Integrity Check"], "impact": "LOW", "license": "Commons Clause License Condition v1.0[LGPL-2.1-only]", "likelihood": "LOW", "owasp": ["A08:2021 - Software and Data Integrity Failures"], "references": ["https://owasp.org/Top10/A08_2021-Software_and_Data_Integrity_Failures"], "semgrep.dev": {"rule": {"origin": "community", "r_id": 13728, "rule_id": "AbUQzj", "rv_id": 833890, "url": "https://semgrep.dev/playground/r/nWTy4vO/html.security.audit.missing-integrity.missing-integrity", "version_id": "nWTy4vO"}}, "shortlink": "https://sg.run/krXA", "source": "https://semgrep.dev/r/html.security.audit.missing-integrity.missing-integrity", "subcategory": ["audit"], "technology": ["html"], "vulnerability_class": ["Cryptographic Issues"]}, "metavars": {"$...A": {"abstract_content": " src=\"https://cdnjs.cloudflare.com/ajax/libs/babel-polyfill/6.26.0/polyfill.js\"", "end": {"col": 89, "line": 6, "offset": 181}, "start": {"col": 10, "line": 6, "offset": 102}}}, "severity": "WARNING", "validation_state": "NO_VALIDATOR"}, "path": "spec/manual/public/index.html", "start": {"col": 3, "line": 6, "offset": 95}}, {"check_id": "html.security.audit.missing-integrity.missing-integrity", "end": {"col": 103, "line": 6, "offset": 195}, "extra": {"engine_kind": "OSS", "fingerprint": "6cfeb0cf47a0a94da25bcbc4552a9ad7c297629fbb32e9bf2d091a39cbbdfb6cd77045aafb5929f233493d3c5ec3ff82cc275c13bec07f0c50edbe7f3b349910_0", "is_ignored": false, "lines": "  <script src=\"https://cdnjs.cloudflare.com/ajax/libs/babel-polyfill/6.26.0/polyfill.min.js\"></script>", "message": "This tag is missing an 'integrity' subresource integrity attribute. The 'integrity' attribute allows for the browser to verify that externally hosted files (for example from a CDN) are delivered without unexpected manipulation. Without this attribute, if an attacker can modify the externally hosted resource, this could lead to XSS and other types of attacks. To prevent this, include the base64-encoded cryptographic hash of the resource (file) you\u2019re telling the browser to fetch in the 'integrity' attribute for all externally hosted files.", "metadata": {"category": "security", "confidence": "LOW", "cwe": ["CWE-353: Missing Support for Integrity Check"], "impact": "LOW", "license": "Commons Clause License Condition v1.0[LGPL-2.1-only]", "likelihood": "LOW", "owasp": ["A08:2021 - Software and Data Integrity Failures"], "references": ["https://owasp.org/Top10/A08_2021-Software_and_Data_Integrity_Failures"], "semgrep.dev": {"rule": {"origin": "community", "r_id": 13728, "rule_id": "AbUQzj", "rv_id": 833890, "url": "https://semgrep.dev/playground/r/nWTy4vO/html.security.audit.missing-integrity.missing-integrity", "version_id": "nWTy4vO"}}, "shortlink": "https://sg.run/krXA", "source": "https://semgrep.dev/r/html.security.audit.missing-integrity.missing-integrity", "subcategory": ["audit"], "technology": ["html"], "vulnerability_class": ["Cryptographic Issues"]}, "metavars": {"$...A": {"abstract_content": " src=\"https://cdnjs.cloudflare.com/ajax/libs/babel-polyfill/6.26.0/polyfill.min.js\"", "end": {"col": 93, "line": 6, "offset": 185}, "start": {"col": 10, "line": 6, "offset": 102}}}, "severity": "WARNING", "validation_state": "NO_VALIDATOR"}, "path": "spec/manual/public/index.min.html", "start": {"col": 3, "line": 6, "offset": 95}}, {"check_id": "javascript.lang.security.audit.prototype-pollution.prototype-pollution-loop.prototype-pollution-loop", "end": {"col": 32, "line": 8, "offset": 214}, "extra": {"engine_kind": "OSS", "fingerprint": "ca21f2bb66bea6e144b955521a1bd54e406f94f9577be490daea62ecf583623d87513e26f86e93ff697304c7962c70a7653eecdd210930a001b7a234ad7ef4f5_0", "is_ignored": false, "lines": "        obj = obj[path.shift()];", "message": "Possibility of prototype polluting function detected. By adding or modifying attributes of an object prototype, it is possible to create attributes that exist on every object, or replace critical attributes with malicious ones. This can be problematic if the software depends on existence or non-existence of certain attributes, or uses pre-defined attributes of object prototype (such as hasOwnProperty, toString or valueOf). Possible mitigations might be: freezing the object prototype, using an object without prototypes (via Object.create(null) ), blocking modifications of attributes that resolve to object prototype, using Map instead of object.", "metadata": {"category": "security", "confidence": "LOW", "cwe": ["CWE-915: Improperly Controlled Modification of Dynamically-Determined Object Attributes"], "impact": "LOW", "license": "Commons Clause License Condition v1.0[LGPL-2.1-only]", "likelihood": "LOW", "owasp": ["A08:2021 - Software and Data Integrity Failures"], "references": ["https://github.com/HoLyVieR/prototype-pollution-nsec18/blob/master/paper/JavaScript_prototype_pollution_attack_in_NodeJS.pdf"], "semgrep.dev": {"rule": {"origin": "community", "r_id": 13373, "rule_id": "QrUpbJ", "rv_id": 834148, "url": "https://semgrep.dev/playground/r/GxTDERG/javascript.lang.security.audit.prototype-pollution.prototype-pollution-loop.prototype-pollution-loop", "version_id": "GxTDERG"}}, "shortlink": "https://sg.run/w1DB", "source": "https://semgrep.dev/r/javascript.lang.security.audit.prototype-pollution.prototype-pollution-loop.prototype-pollution-loop", "subcategory": ["audit"], "technology": ["typescript"], "vulnerability_class": ["Mass Assignment"]}, "metavars": {"$A": {"abstract_content": "path.shift()", "end": {"col": 31, "line": 8, "offset": 213}, "start": {"col": 19, "line": 8, "offset": 201}}, "$SMTH": {"abstract_content": "obj", "end": {"col": 12, "line": 8, "offset": 194}, "start": {"col": 9, "line": 8, "offset": 191}}}, "severity": "WARNING", "validation_state": "NO_VALIDATOR"}, "path": "spec/utils/under-dash.js", "start": {"col": 9, "line": 8, "offset": 191}}], "skipped_rules": [], "version": "1.81.0"}