{
  "version": "v2.8.0",
  "id": "94fe2ecf-52cb-44ca-97b0-8735f1c64e9b",
  "repositoryID": "00000000-0000-0000-0000-000000000000",
  "repositoryName": "",
  "workspaceID": "00000000-0000-0000-0000-000000000000",
  "workspaceName": "",
  "status": "success",
  "errors": "",
  "createdAt": "2024-08-14T19:46:47.5461599Z",
  "finishedAt": "2024-08-14T19:46:47.9814073Z",
  "analysisVulnerabilities": [
    {
      "vulnerabilityID": "00000000-0000-0000-0000-000000000000",
      "analysisID": "94fe2ecf-52cb-44ca-97b0-8735f1c64e9b",
      "createdAt": "2024-08-14T19:46:47.9814073Z",
      "vulnerabilities": {
        "vulnerabilityID": "21fa16e8-5be1-4377-8d43-614b719e80df",
        "line": "603",
        "column": "49",
        "confidence": "MEDIUM",
        "file": "docs\\user\\advanced.rst",
        "code": "To use HTTP Basic Auth with your proxy, use the `http://user:password@host/` syntax::",
        "details": "(1/1) * Possible vulnerability detected: Password found in a hardcoded URL\nA password was found in a hardcoded URL, this can lead to not only the leak of this password but also a failure point to some more sophisticated CSRF and SSRF attacks. Check CWE-352 (https://cwe.mitre.org/data/definitions/352.html) and CWE-918 (https://cwe.mitre.org/data/definitions/918.html) for more details.",
        "securityTool": "HorusecEngine",
        "language": "Leaks",
        "severity": "CRITICAL",
        "type": "Vulnerability",
        "commitAuthor": "-",
        "commitEmail": "-",
        "commitHash": "-",
        "commitMessage": "-",
        "commitDate": "-",
        "rule_id": "HS-LEAKS-27",
        "vulnHash": "49e5520018e2b3b76a2183ebf44549b1f291bf1f21875c8b1b4887d70379b41c",
        "deprecatedHashes": [
          "87f398958e172bc741093dfd28efc9d618672e153bdb383cebede51e2bdd3707",
          "ee3acb71a309f82eb66359a35be30700984a82aacd9f720b2aa83e5f2a7482ae"
        ],
        "securityToolVersion": "",
        "securityToolInfoUri": ""
      }
    },
    {
      "vulnerabilityID": "00000000-0000-0000-0000-000000000000",
      "analysisID": "94fe2ecf-52cb-44ca-97b0-8735f1c64e9b",
      "createdAt": "2024-08-14T19:46:47.9814073Z",
      "vulnerabilities": {
        "vulnerabilityID": "8681e962-2819-4da2-8639-e3fbbbc1da4c",
        "line": "605",
        "column": "24",
        "confidence": "MEDIUM",
        "file": "docs\\user\\advanced.rst",
        "code": "proxies = {'http': 'http://user:pass@10.10.1.10:3128/'}",
        "details": "(1/1) * Possible vulnerability detected: Password found in a hardcoded URL\nA password was found in a hardcoded URL, this can lead to not only the leak of this password but also a failure point to some more sophisticated CSRF and SSRF attacks. Check CWE-352 (https://cwe.mitre.org/data/definitions/352.html) and CWE-918 (https://cwe.mitre.org/data/definitions/918.html) for more details.",
        "securityTool": "HorusecEngine",
        "language": "Leaks",
        "severity": "CRITICAL",
        "type": "Vulnerability",
        "commitAuthor": "-",
        "commitEmail": "-",
        "commitHash": "-",
        "commitMessage": "-",
        "commitDate": "-",
        "rule_id": "HS-LEAKS-27",
        "vulnHash": "0fe7d1e4b8ace80ed3db462cf48842a9f71b3bcf92125fad75edd85696c6552d",
        "deprecatedHashes": [
          "48ea803d072632a4942d88be9828c81bf5f22a0759cc41212ec1cc8698029b3f",
          "adab190b3f118579bb7ae239ec532ed233a41f087c97df9544924b5c3ef8bf69"
        ],
        "securityToolVersion": "",
        "securityToolInfoUri": ""
      }
    }
  ]
}