{
  "version": "v2.8.0",
  "id": "cadc151d-d82a-41d4-8885-0f9831c4358c",
  "repositoryID": "00000000-0000-0000-0000-000000000000",
  "repositoryName": "",
  "workspaceID": "00000000-0000-0000-0000-000000000000",
  "workspaceName": "",
  "status": "success",
  "errors": "",
  "createdAt": "2024-08-15T21:03:36.8015101Z",
  "finishedAt": "2024-08-15T21:04:02.3424257Z",
  "analysisVulnerabilities": [
    {
      "vulnerabilityID": "00000000-0000-0000-0000-000000000000",
      "analysisID": "cadc151d-d82a-41d4-8885-0f9831c4358c",
      "createdAt": "2024-08-15T21:04:02.3424257Z",
      "vulnerabilities": {
        "vulnerabilityID": "1362716a-678d-4859-b45c-dfea78f32c86",
        "line": "332",
        "column": "24",
        "confidence": "HIGH",
        "file": "spec\\unit\\doc\\cell.spec.js",
        "code": "a1.value = '\u003cscript\u003ealert(\"yoohoo\")\u003c/script\u003e';",
        "details": "(1/1) * Possible vulnerability detected: Alert statements should not be used\nalert(...) as well as confirm(...) and prompt(...) can be useful for debugging during development, but in production mode this kind of pop-up could expose sensitive information to attackers, and should never be displayed. For more information checkout the CWE-489 (https://cwe.mitre.org/data/definitions/489.html) advisory.",
        "securityTool": "HorusecEngine",
        "language": "JavaScript",
        "severity": "HIGH",
        "type": "Vulnerability",
        "commitAuthor": "-",
        "commitEmail": "-",
        "commitHash": "-",
        "commitMessage": "-",
        "commitDate": "-",
        "rule_id": "HS-JAVASCRIPT-16",
        "vulnHash": "62c8586d7e52f98870ffa23d42f539fcfa4472862816141c691a5dae77f4d237",
        "deprecatedHashes": [
          "285efe2073bd185731cd4c6d0164606c92ac8e3f94e339037b2785e8f728a5d4",
          "ff79bbc0c780f890df59d065a6a6f74446548241d4e33bfaac65f6a4077d4a5f"
        ],
        "securityToolVersion": "",
        "securityToolInfoUri": ""
      }
    },
    {
      "vulnerabilityID": "00000000-0000-0000-0000-000000000000",
      "analysisID": "cadc151d-d82a-41d4-8885-0f9831c4358c",
      "createdAt": "2024-08-15T21:04:02.3424257Z",
      "vulnerabilities": {
        "vulnerabilityID": "d2834784-6648-4d4f-a5a8-4462f147625a",
        "line": "335",
        "column": "20",
        "confidence": "HIGH",
        "file": "spec\\unit\\doc\\cell.spec.js",
        "code": "'\u0026lt;script\u0026gt;alert(\u0026quot;yoohoo\u0026quot;)\u0026lt;/script\u0026gt;'",
        "details": "(1/1) * Possible vulnerability detected: Alert statements should not be used\nalert(...) as well as confirm(...) and prompt(...) can be useful for debugging during development, but in production mode this kind of pop-up could expose sensitive information to attackers, and should never be displayed. For more information checkout the CWE-489 (https://cwe.mitre.org/data/definitions/489.html) advisory.",
        "securityTool": "HorusecEngine",
        "language": "JavaScript",
        "severity": "HIGH",
        "type": "Vulnerability",
        "commitAuthor": "-",
        "commitEmail": "-",
        "commitHash": "-",
        "commitMessage": "-",
        "commitDate": "-",
        "rule_id": "HS-JAVASCRIPT-16",
        "vulnHash": "82f75969bf9a63041e4b2c0b6e13ddbf3ae9c99b1b50f3dfbe1e365a838abcff",
        "deprecatedHashes": [
          "ae7c430d3d4d744daf498f080e96290bf635851229e2a3ead178a475a4b8b136",
          "88689fe94507323dc59eece366b3e44d45499e6b3b62333c873013a54a9788e2"
        ],
        "securityToolVersion": "",
        "securityToolInfoUri": ""
      }
    }
  ]
}