[
    {
        "key": "babel",
        "package_name": "babel",
        "installed_version": "2.16.0",
        "required_version": "2.16.0",
        "dependencies": [
            {
                "key": "pytz",
                "package_name": "pytz",
                "installed_version": "2024.1",
                "required_version": ">=2015.7",
                "dependencies": []
            }
        ]
    },
    {
        "key": "certifi",
        "package_name": "certifi",
        "installed_version": "2024.7.4",
        "required_version": "2024.7.4",
        "dependencies": []
    },
    {
        "key": "markupsafe",
        "package_name": "MarkupSafe",
        "installed_version": "2.1.5",
        "required_version": "2.1.5",
        "dependencies": []
    },
    {
        "key": "pipdeptree",
        "package_name": "pipdeptree",
        "installed_version": "2.23.1",
        "required_version": "2.23.1",
        "dependencies": [
            {
                "key": "packaging",
                "package_name": "packaging",
                "installed_version": "24.1",
                "required_version": ">=23.1",
                "dependencies": []
            },
            {
                "key": "pip",
                "package_name": "pip",
                "installed_version": "24.2",
                "required_version": ">=23.1.2",
                "dependencies": []
            }
        ]
    },
    {
        "key": "setuptools",
        "package_name": "setuptools",
        "installed_version": "56.0.0",
        "required_version": "56.0.0",
        "dependencies": []
    }
]
