{"version": "15.0.6","schema": "https://gitlab.com/gitlab-org/security-products/security-report-schemas/-/raw/v15.0.6/dist/dependency-scanning-report-format.json?ref_type=tags", "scan": {"scanner": {"id": "org.owasp.dependency-check","name": "Dependency-Check Core","version": "10.0.3","vendor": {"name": "OWASP"},"url": "https://github.com/jeremylong/DependencyCheck/"},"analyzer": {"id": "org.owasp.dependency-check","name": "Dependency-Check Core","version": "10.0.3","vendor": {"name": "OWASP"},"url": "https://github.com/jeremylong/DependencyCheck/"},"end_time": "2024-08-10T20:34:30","start_time": "2024-08-10T20:34:30","status":  "success"  ,"type": "dependency_scanning"},"vulnerabilities": [{"id": "CVE-2023-6481","identifiers": [{"type": "NVD", "name": "CVE-2023-6481", "value": "19c69c65e3f2269e10178ef863155016f9ba007c", "url": "https://web.nvd.nist.gov/view/vuln/detail?vulnId=CVE-2023-6481"}],"location": {"file": "\/home\/runner\/work\/H6060-Java-Logback\/H6060-Java-Logback\/upstream-repository\/target\/logback-access\/target\/logback-access-1.3.13.jar","dependency": {"package": {"name": "ch.qos.logback:logback-access"},"version": "1.3.13"}},"name": "CVE-2023-6481","description": "A serialization vulnerability in logback receiver component part of \nlogback version 1.4.13,\u00A01.3.13 and\u00A01.2.12 allows an attacker to mount a Denial-Of-Service \nattack by sending poisoned data.\n\n","severity": "High","links": [{"name": "RELEASE_NOTES","url": "https:\/\/logback.qos.ch\/news.html#1.3.12"},{"name": "RELEASE_NOTES","url": "https:\/\/logback.qos.ch\/news.html#1.3.14"}]},{"id": "CVE-2023-6481","identifiers": [{"type": "NVD", "name": "CVE-2023-6481", "value": "3bb34d8b90e65c1ed9b5dd25f90a82772d0d1420", "url": "https://web.nvd.nist.gov/view/vuln/detail?vulnId=CVE-2023-6481"}],"location": {"file": "\/home\/runner\/work\/H6060-Java-Logback\/H6060-Java-Logback\/upstream-repository\/target\/logback-classic\/target\/logback-classic-1.3.13.jar","dependency": {"package": {"name": "ch.qos.logback:logback-classic"},"version": "1.3.13"}},"name": "CVE-2023-6481","description": "A serialization vulnerability in logback receiver component part of \nlogback version 1.4.13,\u00A01.3.13 and\u00A01.2.12 allows an attacker to mount a Denial-Of-Service \nattack by sending poisoned data.\n\n","severity": "High","links": [{"name": "[CVE-2023-6481] CWE-noinfo","url": "https:\/\/ossindex.sonatype.org\/vulnerability\/CVE-2023-6481?component-type=maven&component-name=ch.qos.logback%2Flogback-core&utm_source=dependency-check&utm_medium=integration&utm_content=10.0.3"},{"name": "http:\/\/web.nvd.nist.gov\/view\/vuln\/detail?vulnId=CVE-2023-6481","url": "http:\/\/web.nvd.nist.gov\/view\/vuln\/detail?vulnId=CVE-2023-6481"},{"name": "https:\/\/logback.qos.ch\/news.html#1.3.12","url": "https:\/\/logback.qos.ch\/news.html#1.3.12"},{"name": "RELEASE_NOTES","url": "https:\/\/logback.qos.ch\/news.html#1.3.12"},{"name": "RELEASE_NOTES","url": "https:\/\/logback.qos.ch\/news.html#1.3.14"}]},{"id": "CVE-2023-6481","identifiers": [{"type": "NVD", "name": "CVE-2023-6481", "value": "cd267090cbf95e2d395efed013890793a046451e", "url": "https://web.nvd.nist.gov/view/vuln/detail?vulnId=CVE-2023-6481"}],"location": {"file": "\/home\/runner\/work\/H6060-Java-Logback\/H6060-Java-Logback\/upstream-repository\/target\/logback-classic-blackbox\/target\/logback-classic-blackbox-1.3.13.jar","dependency": {"package": {"name": "ch.qos.logback:logback-classic-blackbox"},"version": "1.3.13"}},"name": "CVE-2023-6481","description": "A serialization vulnerability in logback receiver component part of \nlogback version 1.4.13,\u00A01.3.13 and\u00A01.2.12 allows an attacker to mount a Denial-Of-Service \nattack by sending poisoned data.\n\n","severity": "High","links": [{"name": "RELEASE_NOTES","url": "https:\/\/logback.qos.ch\/news.html#1.3.12"},{"name": "RELEASE_NOTES","url": "https:\/\/logback.qos.ch\/news.html#1.3.14"}]},{"id": "CVE-2023-6481","identifiers": [{"type": "NVD", "name": "CVE-2023-6481", "value": "98bdfdcd1fc2b895f918ee63e4f9c2e818520586", "url": "https://web.nvd.nist.gov/view/vuln/detail?vulnId=CVE-2023-6481"}],"location": {"file": "\/home\/runner\/work\/H6060-Java-Logback\/H6060-Java-Logback\/upstream-repository\/target\/logback-core\/target\/logback-core-1.3.13.jar","dependency": {"package": {"name": "ch.qos.logback:logback-core"},"version": "1.3.13"}},"name": "CVE-2023-6481","description": "A serialization vulnerability in logback receiver component part of \nlogback version 1.4.13,\u00A01.3.13 and\u00A01.2.12 allows an attacker to mount a Denial-Of-Service \nattack by sending poisoned data.\n\n","severity": "High","links": [{"name": "[CVE-2023-6481] CWE-noinfo","url": "https:\/\/ossindex.sonatype.org\/vulnerability\/CVE-2023-6481?component-type=maven&component-name=ch.qos.logback%2Flogback-core&utm_source=dependency-check&utm_medium=integration&utm_content=10.0.3"},{"name": "http:\/\/web.nvd.nist.gov\/view\/vuln\/detail?vulnId=CVE-2023-6481","url": "http:\/\/web.nvd.nist.gov\/view\/vuln\/detail?vulnId=CVE-2023-6481"},{"name": "https:\/\/logback.qos.ch\/news.html#1.3.12","url": "https:\/\/logback.qos.ch\/news.html#1.3.12"},{"name": "RELEASE_NOTES","url": "https:\/\/logback.qos.ch\/news.html#1.3.12"},{"name": "RELEASE_NOTES","url": "https:\/\/logback.qos.ch\/news.html#1.3.14"}]},{"id": "CVE-2023-6481","identifiers": [{"type": "NVD", "name": "CVE-2023-6481", "value": "a62b60dfd4545e3617c96ff76c57f2c827dea1b9", "url": "https://web.nvd.nist.gov/view/vuln/detail?vulnId=CVE-2023-6481"}],"location": {"file": "\/home\/runner\/work\/H6060-Java-Logback\/H6060-Java-Logback\/upstream-repository\/target\/logback-core-blackbox\/target\/logback-core-blackbox-1.3.13.jar","dependency": {"package": {"name": "ch.qos.logback:logback-core-blackbox"},"version": "1.3.13"}},"name": "CVE-2023-6481","description": "A serialization vulnerability in logback receiver component part of \nlogback version 1.4.13,\u00A01.3.13 and\u00A01.2.12 allows an attacker to mount a Denial-Of-Service \nattack by sending poisoned data.\n\n","severity": "High","links": [{"name": "RELEASE_NOTES","url": "https:\/\/logback.qos.ch\/news.html#1.3.12"},{"name": "RELEASE_NOTES","url": "https:\/\/logback.qos.ch\/news.html#1.3.14"}]},{"id": "CVE-2023-6481","identifiers": [{"type": "NVD", "name": "CVE-2023-6481", "value": "0b0347b12f36bf9d15879a30c008fb5c5c51a759", "url": "https://web.nvd.nist.gov/view/vuln/detail?vulnId=CVE-2023-6481"}],"location": {"file": "\/home\/runner\/work\/H6060-Java-Logback\/H6060-Java-Logback\/upstream-repository\/target\/logback-examples\/target\/logback-examples-1.3.13.jar","dependency": {"package": {"name": "ch.qos.logback:logback-examples"},"version": "1.3.13"}},"name": "CVE-2023-6481","description": "A serialization vulnerability in logback receiver component part of \nlogback version 1.4.13,\u00A01.3.13 and\u00A01.2.12 allows an attacker to mount a Denial-Of-Service \nattack by sending poisoned data.\n\n","severity": "High","links": [{"name": "[CVE-2023-6481] CWE-noinfo","url": "https:\/\/ossindex.sonatype.org\/vulnerability\/CVE-2023-6481?component-type=maven&component-name=ch.qos.logback%2Flogback-core&utm_source=dependency-check&utm_medium=integration&utm_content=10.0.3"},{"name": "http:\/\/web.nvd.nist.gov\/view\/vuln\/detail?vulnId=CVE-2023-6481","url": "http:\/\/web.nvd.nist.gov\/view\/vuln\/detail?vulnId=CVE-2023-6481"},{"name": "https:\/\/logback.qos.ch\/news.html#1.3.12","url": "https:\/\/logback.qos.ch\/news.html#1.3.12"},{"name": "RELEASE_NOTES","url": "https:\/\/logback.qos.ch\/news.html#1.3.12"},{"name": "RELEASE_NOTES","url": "https:\/\/logback.qos.ch\/news.html#1.3.14"}]}],"dependency_files": [{"path": "pom.xml","package_manager": "maven","dependencies": [{"package": {"name": "ch.qos.logback:logback-access"},"version": "1.3.13"},{"package": {"name": "ch.qos.logback:logback-classic"},"version": "1.3.13"},{"package": {"name": "ch.qos.logback:logback-classic-blackbox"},"version": "1.3.13"},{"package": {"name": "ch.qos.logback:logback-core"},"version": "1.3.13"},{"package": {"name": "ch.qos.logback:logback-core-blackbox"},"version": "1.3.13"},{"package": {"name": "ch.qos.logback:logback-examples"},"version": "1.3.13"}]}],"remediations": [] }