<?xml version="1.0" encoding="UTF-8"?><analysis xmlns="https://jeremylong.github.io/DependencyCheck/dependency-check.4.0.xsd">
  <scanInfo>
    <engineVersion>10.0.3</engineVersion>
    <dataSource>
      <name>NVD API Last Checked</name>
      <timestamp>2024-08-10T20:34:19Z</timestamp>
    </dataSource>
    <dataSource>
      <name>NVD API Last Modified</name>
      <timestamp>2024-08-10T16:35:04Z</timestamp>
    </dataSource>
  </scanInfo>
  <projectInfo>
    <name>H6060-Java-Logback</name>
    <reportDate>2024-08-10T20:34:30.820906Z</reportDate>
    <credits>This product uses the NVD API but is not endorsed or certified by the NVD. This report contains data retrieved from the National Vulnerability Database: https://nvd.nist.gov, Github Advisory Database (via NPM Audit API): https://github.com/advisories/, and the RetireJS community.</credits>
  </projectInfo>
  <dependencies>
    <dependency isVirtual="false">
      <fileName>logback-access-1.3.13-sources.jar</fileName>
      <filePath>/home/runner/work/H6060-Java-Logback/H6060-Java-Logback/upstream-repository/target/logback-access/target/logback-access-1.3.13-sources.jar</filePath>
      <md5>dfa2df4cb3266ea628dd5a1063e58845</md5>
      <sha1>c5b20c7fa8a0720436587cdfde5caad31950aa48</sha1>
      <sha256>48fe972b80f0b9c68b9c7c6afb0314cc7b85ee1236509539f41943f08c797c76</sha256>
      <evidenceCollected>
        <evidence type="vendor" confidence="HIGH">
          <source>file</source>
          <name>name</name>
          <value>logback-access</value>
        </evidence>
        <evidence type="product" confidence="HIGH">
          <source>file</source>
          <name>name</name>
          <value>logback-access</value>
        </evidence>
        <evidence type="version" confidence="MEDIUM">
          <source>file</source>
          <name>name</name>
          <value>logback-access</value>
        </evidence>
        <evidence type="version" confidence="HIGH">
          <source>file</source>
          <name>version</name>
          <value>1.3.13</value>
        </evidence>
      </evidenceCollected>
    </dependency>
    <dependency isVirtual="false">
      <fileName>logback-access-1.3.13-test-sources.jar</fileName>
      <filePath>/home/runner/work/H6060-Java-Logback/H6060-Java-Logback/upstream-repository/target/logback-access/target/logback-access-1.3.13-test-sources.jar</filePath>
      <md5>05fece580f976068f3bc072feee69831</md5>
      <sha1>600bb5c6bb2f3039056bbbf5b8957b9f9e55fb11</sha1>
      <sha256>498fb1c30a3171057454bd32d8c14b4858f4d49039d6ae9e3009eda1022681d0</sha256>
      <evidenceCollected>
        <evidence type="vendor" confidence="HIGH">
          <source>file</source>
          <name>name</name>
          <value>logback-access</value>
        </evidence>
        <evidence type="product" confidence="HIGH">
          <source>file</source>
          <name>name</name>
          <value>logback-access</value>
        </evidence>
        <evidence type="version" confidence="MEDIUM">
          <source>file</source>
          <name>name</name>
          <value>logback-access</value>
        </evidence>
        <evidence type="version" confidence="HIGH">
          <source>file</source>
          <name>version</name>
          <value>1.3.13</value>
        </evidence>
      </evidenceCollected>
    </dependency>
    <dependency isVirtual="false">
      <fileName>logback-access-1.3.13.jar</fileName>
      <filePath>/home/runner/work/H6060-Java-Logback/H6060-Java-Logback/upstream-repository/target/logback-access/target/logback-access-1.3.13.jar</filePath>
      <md5>815a0b0ef99bc7f859d26b7f2a0687f0</md5>
      <sha1>19c69c65e3f2269e10178ef863155016f9ba007c</sha1>
      <sha256>eaf2f951f62b5828cffd10d3da9d315093b34056103ac5ee0698e53b94eeab7b</sha256>
      <description>logback-access module</description>
      <license>http://www.eclipse.org/legal/epl-v10.html, http://www.gnu.org/licenses/old-licenses/lgpl-2.1.html</license>
      <evidenceCollected>
        <evidence type="vendor" confidence="HIGH">
          <source>file</source>
          <name>name</name>
          <value>logback-access</value>
        </evidence>
        <evidence type="vendor" confidence="HIGHEST">
          <source>jar</source>
          <name>package name</name>
          <value>access</value>
        </evidence>
        <evidence type="vendor" confidence="HIGHEST">
          <source>jar</source>
          <name>package name</name>
          <value>ch</value>
        </evidence>
        <evidence type="vendor" confidence="HIGHEST">
          <source>jar</source>
          <name>package name</name>
          <value>logback</value>
        </evidence>
        <evidence type="vendor" confidence="HIGHEST">
          <source>jar</source>
          <name>package name</name>
          <value>qos</value>
        </evidence>
        <evidence type="vendor" confidence="LOW">
          <source>Manifest</source>
          <name>build-jdk-spec</name>
          <value>17</value>
        </evidence>
        <evidence type="vendor" confidence="LOW">
          <source>Manifest</source>
          <name>bundle-docurl</name>
          <value>http://www.qos.ch</value>
        </evidence>
        <evidence type="vendor" confidence="MEDIUM">
          <source>Manifest</source>
          <name>bundle-symbolicname</name>
          <value>ch.qos.logback.access</value>
        </evidence>
        <evidence type="vendor" confidence="HIGH">
          <source>Manifest</source>
          <name>Implementation-Vendor</name>
          <value>QOS.ch</value>
        </evidence>
        <evidence type="vendor" confidence="LOW">
          <source>Manifest</source>
          <name>specification-vendor</name>
          <value>QOS.ch</value>
        </evidence>
        <evidence type="vendor" confidence="LOW">
          <source>pom</source>
          <name>artifactid</name>
          <value>logback-access</value>
        </evidence>
        <evidence type="vendor" confidence="HIGHEST">
          <source>pom</source>
          <name>groupid</name>
          <value>ch.qos.logback</value>
        </evidence>
        <evidence type="vendor" confidence="HIGH">
          <source>pom</source>
          <name>name</name>
          <value>Logback Access Module</value>
        </evidence>
        <evidence type="vendor" confidence="LOW">
          <source>pom</source>
          <name>parent-artifactid</name>
          <value>logback-parent</value>
        </evidence>
        <evidence type="product" confidence="HIGH">
          <source>file</source>
          <name>name</name>
          <value>logback-access</value>
        </evidence>
        <evidence type="product" confidence="HIGHEST">
          <source>jar</source>
          <name>package name</name>
          <value>access</value>
        </evidence>
        <evidence type="product" confidence="HIGHEST">
          <source>jar</source>
          <name>package name</name>
          <value>ch</value>
        </evidence>
        <evidence type="product" confidence="HIGHEST">
          <source>jar</source>
          <name>package name</name>
          <value>logback</value>
        </evidence>
        <evidence type="product" confidence="HIGHEST">
          <source>jar</source>
          <name>package name</name>
          <value>qos</value>
        </evidence>
        <evidence type="product" confidence="LOW">
          <source>Manifest</source>
          <name>build-jdk-spec</name>
          <value>17</value>
        </evidence>
        <evidence type="product" confidence="LOW">
          <source>Manifest</source>
          <name>bundle-docurl</name>
          <value>http://www.qos.ch</value>
        </evidence>
        <evidence type="product" confidence="MEDIUM">
          <source>Manifest</source>
          <name>Bundle-Name</name>
          <value>Logback Access Module</value>
        </evidence>
        <evidence type="product" confidence="MEDIUM">
          <source>Manifest</source>
          <name>bundle-symbolicname</name>
          <value>ch.qos.logback.access</value>
        </evidence>
        <evidence type="product" confidence="HIGH">
          <source>Manifest</source>
          <name>Implementation-Title</name>
          <value>Logback Access Module</value>
        </evidence>
        <evidence type="product" confidence="MEDIUM">
          <source>Manifest</source>
          <name>specification-title</name>
          <value>Logback Access Module</value>
        </evidence>
        <evidence type="product" confidence="HIGHEST">
          <source>pom</source>
          <name>artifactid</name>
          <value>logback-access</value>
        </evidence>
        <evidence type="product" confidence="HIGHEST">
          <source>pom</source>
          <name>groupid</name>
          <value>ch.qos.logback</value>
        </evidence>
        <evidence type="product" confidence="HIGH">
          <source>pom</source>
          <name>name</name>
          <value>Logback Access Module</value>
        </evidence>
        <evidence type="product" confidence="MEDIUM">
          <source>pom</source>
          <name>parent-artifactid</name>
          <value>logback-parent</value>
        </evidence>
        <evidence type="version" confidence="HIGH">
          <source>file</source>
          <name>version</name>
          <value>1.3.13</value>
        </evidence>
        <evidence type="version" confidence="HIGH">
          <source>Manifest</source>
          <name>Bundle-Version</name>
          <value>1.3.13</value>
        </evidence>
        <evidence type="version" confidence="HIGH">
          <source>Manifest</source>
          <name>Implementation-Version</name>
          <value>1.3.13</value>
        </evidence>
        <evidence type="version" confidence="HIGHEST">
          <source>pom</source>
          <name>version</name>
          <value>1.3.13</value>
        </evidence>
      </evidenceCollected>
      <identifiers>
        <package confidence="HIGH">
          <id>pkg:maven/ch.qos.logback/logback-access@1.3.13</id>
          <url>https://ossindex.sonatype.org/component/pkg:maven/ch.qos.logback/logback-access@1.3.13?utm_source=dependency-check&amp;utm_medium=integration&amp;utm_content=10.0.3</url>
        </package>
        <vulnerabilityIds confidence="HIGHEST">
          <id>cpe:2.3:a:qos:logback:1.3.13:*:*:*:*:*:*:*</id>
          <url>https://nvd.nist.gov/vuln/search/results?form_type=Advanced&amp;results_type=overview&amp;search_type=all&amp;cpe_vendor=cpe%3A%2F%3Aqos&amp;cpe_product=cpe%3A%2F%3Aqos%3Alogback&amp;cpe_version=cpe%3A%2F%3Aqos%3Alogback%3A1.3.13</url>
        </vulnerabilityIds>
      </identifiers>
      <vulnerabilities>
        <vulnerability source="NVD">
          <name>CVE-2023-6481</name>
          <severity>HIGH</severity>
          <cvssV3>
            <baseScore>7.5</baseScore>
            <attackVector>NETWORK</attackVector>
            <attackComplexity>LOW</attackComplexity>
            <privilegesRequired>NONE</privilegesRequired>
            <userInteraction>NONE</userInteraction>
            <scope>UNCHANGED</scope>
            <confidentialityImpact>NONE</confidentialityImpact>
            <integrityImpact>NONE</integrityImpact>
            <availabilityImpact>HIGH</availabilityImpact>
            <baseSeverity>HIGH</baseSeverity>
            <exploitabilityScore>3.9</exploitabilityScore>
            <impactScore>3.6</impactScore>
            <version>3.1</version>
          </cvssV3>
          <cwes>
            <cwe>NVD-CWE-noinfo</cwe>
          </cwes>
          <description>A serialization vulnerability in logback receiver component part of 
logback version 1.4.13, 1.3.13 and 1.2.12 allows an attacker to mount a Denial-Of-Service 
attack by sending poisoned data.

</description>
          <references>
            <reference>
              <source>vulnerability@ncsc.ch</source>
              <url>https://logback.qos.ch/news.html#1.3.14</url>
              <name>RELEASE_NOTES</name>
            </reference>
            <reference>
              <source>vulnerability@ncsc.ch</source>
              <url>https://logback.qos.ch/news.html#1.3.12</url>
              <name>RELEASE_NOTES</name>
            </reference>
          </references>
          <vulnerableSoftware>
            <software>cpe:2.3:a:qos:logback:1.2.12:*:*:*:*:*:*:*</software>
            <software vulnerabilityIdMatched="true">cpe:2.3:a:qos:logback:1.3.13:*:*:*:*:*:*:*</software>
            <software>cpe:2.3:a:qos:logback:1.4.13:*:*:*:*:*:*:*</software>
          </vulnerableSoftware>
        </vulnerability>
      </vulnerabilities>
    </dependency>
    <dependency isVirtual="false">
      <fileName>logback-classic-1.3.13-sources.jar</fileName>
      <filePath>/home/runner/work/H6060-Java-Logback/H6060-Java-Logback/upstream-repository/target/logback-classic/target/logback-classic-1.3.13-sources.jar</filePath>
      <md5>ad07851a0dff05326f870a20a5dc84c1</md5>
      <sha1>7109c72d3ace23b7e3df991bf2c7b1176b4a24ed</sha1>
      <sha256>90ac81a90c03ed918f4a96460313ade035b513066bfcf31df6858c64b483c57a</sha256>
      <evidenceCollected>
        <evidence type="vendor" confidence="HIGH">
          <source>file</source>
          <name>name</name>
          <value>logback-classic</value>
        </evidence>
        <evidence type="product" confidence="HIGH">
          <source>file</source>
          <name>name</name>
          <value>logback-classic</value>
        </evidence>
        <evidence type="version" confidence="MEDIUM">
          <source>file</source>
          <name>name</name>
          <value>logback-classic</value>
        </evidence>
        <evidence type="version" confidence="HIGH">
          <source>file</source>
          <name>version</name>
          <value>1.3.13</value>
        </evidence>
      </evidenceCollected>
    </dependency>
    <dependency isVirtual="false">
      <fileName>logback-classic-1.3.13-test-sources.jar</fileName>
      <filePath>/home/runner/work/H6060-Java-Logback/H6060-Java-Logback/upstream-repository/target/logback-classic/target/logback-classic-1.3.13-test-sources.jar</filePath>
      <md5>41781713f857d4411389f39b8d7fabca</md5>
      <sha1>1b80659cda003a3281a010e54b25c8166ad8a9c9</sha1>
      <sha256>4ad525c9368f922f6da2deae240ee27dd54fc13f4cdbe5448835b4baf5f69e6f</sha256>
      <evidenceCollected>
        <evidence type="vendor" confidence="HIGH">
          <source>file</source>
          <name>name</name>
          <value>logback-classic</value>
        </evidence>
        <evidence type="product" confidence="HIGH">
          <source>file</source>
          <name>name</name>
          <value>logback-classic</value>
        </evidence>
        <evidence type="version" confidence="MEDIUM">
          <source>file</source>
          <name>name</name>
          <value>logback-classic</value>
        </evidence>
        <evidence type="version" confidence="HIGH">
          <source>file</source>
          <name>version</name>
          <value>1.3.13</value>
        </evidence>
      </evidenceCollected>
    </dependency>
    <dependency isVirtual="false">
      <fileName>logback-classic-1.3.13.jar</fileName>
      <filePath>/home/runner/work/H6060-Java-Logback/H6060-Java-Logback/upstream-repository/target/logback-classic/target/logback-classic-1.3.13.jar</filePath>
      <md5>d201522d8ac3c6756c38a756c6981add</md5>
      <sha1>3bb34d8b90e65c1ed9b5dd25f90a82772d0d1420</sha1>
      <sha256>dfb619d10c90214f75818c8dd22f882dd9891e67710586a2af143d74563ce7ed</sha256>
      <description>logback-classic module</description>
      <license>http://www.eclipse.org/legal/epl-v10.html, http://www.gnu.org/licenses/old-licenses/lgpl-2.1.html</license>
      <evidenceCollected>
        <evidence type="vendor" confidence="HIGH">
          <source>file</source>
          <name>name</name>
          <value>logback-classic</value>
        </evidence>
        <evidence type="vendor" confidence="HIGHEST">
          <source>jar</source>
          <name>package name</name>
          <value>ch</value>
        </evidence>
        <evidence type="vendor" confidence="HIGHEST">
          <source>jar</source>
          <name>package name</name>
          <value>classic</value>
        </evidence>
        <evidence type="vendor" confidence="HIGHEST">
          <source>jar</source>
          <name>package name</name>
          <value>logback</value>
        </evidence>
        <evidence type="vendor" confidence="HIGHEST">
          <source>jar</source>
          <name>package name</name>
          <value>qos</value>
        </evidence>
        <evidence type="vendor" confidence="LOW">
          <source>Manifest</source>
          <name>build-jdk-spec</name>
          <value>17</value>
        </evidence>
        <evidence type="vendor" confidence="LOW">
          <source>Manifest</source>
          <name>bundle-docurl</name>
          <value>http://www.qos.ch</value>
        </evidence>
        <evidence type="vendor" confidence="MEDIUM">
          <source>Manifest</source>
          <name>bundle-symbolicname</name>
          <value>ch.qos.logback.classic</value>
        </evidence>
        <evidence type="vendor" confidence="HIGH">
          <source>Manifest</source>
          <name>Implementation-Vendor</name>
          <value>QOS.ch</value>
        </evidence>
        <evidence type="vendor" confidence="LOW">
          <source>Manifest</source>
          <name>multi-release</name>
          <value>true</value>
        </evidence>
        <evidence type="vendor" confidence="LOW">
          <source>Manifest</source>
          <name>provide-capability</name>
          <value>osgi.service;objectClass:List=&quot;jakarta.servlet.ServletContainerInitializer&quot;;effective:=active,osgi.service;objectClass:List=&quot;org.slf4j.spi.SLF4JServiceProvider&quot;;effective:=active,osgi.serviceloader;osgi.serviceloader=&quot;jakarta.servlet.ServletContainerInitializer&quot;;register:=&quot;ch.qos.logback.classic.servlet.LogbackServletContainerInitializer&quot;,osgi.serviceloader;osgi.serviceloader=&quot;org.slf4j.spi.SLF4JServiceProvider&quot;;register:=&quot;ch.qos.logback.classic.spi.LogbackServiceProvider&quot;</value>
        </evidence>
        <evidence type="vendor" confidence="LOW">
          <source>Manifest</source>
          <name>specification-vendor</name>
          <value>QOS.ch</value>
        </evidence>
        <evidence type="vendor" confidence="LOW">
          <source>pom</source>
          <name>artifactid</name>
          <value>logback-classic</value>
        </evidence>
        <evidence type="vendor" confidence="HIGHEST">
          <source>pom</source>
          <name>groupid</name>
          <value>ch.qos.logback</value>
        </evidence>
        <evidence type="vendor" confidence="HIGH">
          <source>pom</source>
          <name>name</name>
          <value>Logback Classic Module</value>
        </evidence>
        <evidence type="vendor" confidence="LOW">
          <source>pom</source>
          <name>parent-artifactid</name>
          <value>logback-parent</value>
        </evidence>
        <evidence type="product" confidence="HIGH">
          <source>file</source>
          <name>name</name>
          <value>logback-classic</value>
        </evidence>
        <evidence type="product" confidence="HIGHEST">
          <source>jar</source>
          <name>package name</name>
          <value>ch</value>
        </evidence>
        <evidence type="product" confidence="HIGHEST">
          <source>jar</source>
          <name>package name</name>
          <value>classic</value>
        </evidence>
        <evidence type="product" confidence="HIGHEST">
          <source>jar</source>
          <name>package name</name>
          <value>logback</value>
        </evidence>
        <evidence type="product" confidence="HIGHEST">
          <source>jar</source>
          <name>package name</name>
          <value>qos</value>
        </evidence>
        <evidence type="product" confidence="LOW">
          <source>Manifest</source>
          <name>build-jdk-spec</name>
          <value>17</value>
        </evidence>
        <evidence type="product" confidence="LOW">
          <source>Manifest</source>
          <name>bundle-docurl</name>
          <value>http://www.qos.ch</value>
        </evidence>
        <evidence type="product" confidence="MEDIUM">
          <source>Manifest</source>
          <name>Bundle-Name</name>
          <value>Logback Classic Module</value>
        </evidence>
        <evidence type="product" confidence="MEDIUM">
          <source>Manifest</source>
          <name>bundle-symbolicname</name>
          <value>ch.qos.logback.classic</value>
        </evidence>
        <evidence type="product" confidence="HIGH">
          <source>Manifest</source>
          <name>Implementation-Title</name>
          <value>Logback Classic Module</value>
        </evidence>
        <evidence type="product" confidence="LOW">
          <source>Manifest</source>
          <name>multi-release</name>
          <value>true</value>
        </evidence>
        <evidence type="product" confidence="LOW">
          <source>Manifest</source>
          <name>provide-capability</name>
          <value>osgi.service;objectClass:List=&quot;jakarta.servlet.ServletContainerInitializer&quot;;effective:=active,osgi.service;objectClass:List=&quot;org.slf4j.spi.SLF4JServiceProvider&quot;;effective:=active,osgi.serviceloader;osgi.serviceloader=&quot;jakarta.servlet.ServletContainerInitializer&quot;;register:=&quot;ch.qos.logback.classic.servlet.LogbackServletContainerInitializer&quot;,osgi.serviceloader;osgi.serviceloader=&quot;org.slf4j.spi.SLF4JServiceProvider&quot;;register:=&quot;ch.qos.logback.classic.spi.LogbackServiceProvider&quot;</value>
        </evidence>
        <evidence type="product" confidence="MEDIUM">
          <source>Manifest</source>
          <name>specification-title</name>
          <value>Logback Classic Module</value>
        </evidence>
        <evidence type="product" confidence="HIGHEST">
          <source>pom</source>
          <name>artifactid</name>
          <value>logback-classic</value>
        </evidence>
        <evidence type="product" confidence="HIGHEST">
          <source>pom</source>
          <name>groupid</name>
          <value>ch.qos.logback</value>
        </evidence>
        <evidence type="product" confidence="HIGH">
          <source>pom</source>
          <name>name</name>
          <value>Logback Classic Module</value>
        </evidence>
        <evidence type="product" confidence="MEDIUM">
          <source>pom</source>
          <name>parent-artifactid</name>
          <value>logback-parent</value>
        </evidence>
        <evidence type="version" confidence="HIGH">
          <source>file</source>
          <name>version</name>
          <value>1.3.13</value>
        </evidence>
        <evidence type="version" confidence="HIGH">
          <source>Manifest</source>
          <name>Bundle-Version</name>
          <value>1.3.13</value>
        </evidence>
        <evidence type="version" confidence="HIGH">
          <source>Manifest</source>
          <name>Implementation-Version</name>
          <value>1.3.13</value>
        </evidence>
        <evidence type="version" confidence="HIGHEST">
          <source>pom</source>
          <name>version</name>
          <value>1.3.13</value>
        </evidence>
      </evidenceCollected>
      <identifiers>
        <package confidence="HIGH">
          <id>pkg:maven/ch.qos.logback/logback-classic@1.3.13</id>
          <url>https://ossindex.sonatype.org/component/pkg:maven/ch.qos.logback/logback-classic@1.3.13?utm_source=dependency-check&amp;utm_medium=integration&amp;utm_content=10.0.3</url>
        </package>
        <vulnerabilityIds confidence="HIGHEST">
          <id>cpe:2.3:a:qos:logback:1.3.13:*:*:*:*:*:*:*</id>
          <url>https://nvd.nist.gov/vuln/search/results?form_type=Advanced&amp;results_type=overview&amp;search_type=all&amp;cpe_vendor=cpe%3A%2F%3Aqos&amp;cpe_product=cpe%3A%2F%3Aqos%3Alogback&amp;cpe_version=cpe%3A%2F%3Aqos%3Alogback%3A1.3.13</url>
        </vulnerabilityIds>
      </identifiers>
      <vulnerabilities>
        <vulnerability source="NVD">
          <name>CVE-2023-6481</name>
          <severity>HIGH</severity>
          <cvssV3>
            <baseScore>7.5</baseScore>
            <attackVector>NETWORK</attackVector>
            <attackComplexity>LOW</attackComplexity>
            <privilegesRequired>NONE</privilegesRequired>
            <userInteraction>NONE</userInteraction>
            <scope>UNCHANGED</scope>
            <confidentialityImpact>NONE</confidentialityImpact>
            <integrityImpact>NONE</integrityImpact>
            <availabilityImpact>HIGH</availabilityImpact>
            <baseSeverity>HIGH</baseSeverity>
            <exploitabilityScore>3.9</exploitabilityScore>
            <impactScore>3.6</impactScore>
            <version>3.1</version>
          </cvssV3>
          <cwes>
            <cwe>NVD-CWE-noinfo</cwe>
          </cwes>
          <description>A serialization vulnerability in logback receiver component part of 
logback version 1.4.13, 1.3.13 and 1.2.12 allows an attacker to mount a Denial-Of-Service 
attack by sending poisoned data.

</description>
          <references>
            <reference>
              <source>vulnerability@ncsc.ch</source>
              <url>https://logback.qos.ch/news.html#1.3.14</url>
              <name>RELEASE_NOTES</name>
            </reference>
            <reference>
              <source>OSSINDEX</source>
              <url>https://ossindex.sonatype.org/vulnerability/CVE-2023-6481?component-type=maven&amp;component-name=ch.qos.logback%2Flogback-core&amp;utm_source=dependency-check&amp;utm_medium=integration&amp;utm_content=10.0.3</url>
              <name>[CVE-2023-6481] CWE-noinfo</name>
            </reference>
            <reference>
              <source>OSSIndex</source>
              <url>https://logback.qos.ch/news.html#1.3.12</url>
              <name>https://logback.qos.ch/news.html#1.3.12</name>
            </reference>
            <reference>
              <source>vulnerability@ncsc.ch</source>
              <url>https://logback.qos.ch/news.html#1.3.12</url>
              <name>RELEASE_NOTES</name>
            </reference>
            <reference>
              <source>OSSIndex</source>
              <url>http://web.nvd.nist.gov/view/vuln/detail?vulnId=CVE-2023-6481</url>
              <name>http://web.nvd.nist.gov/view/vuln/detail?vulnId=CVE-2023-6481</name>
            </reference>
          </references>
          <vulnerableSoftware>
            <software>cpe:2.3:a:qos:logback:1.2.12:*:*:*:*:*:*:*</software>
            <software vulnerabilityIdMatched="true">cpe:2.3:a:qos:logback:1.3.13:*:*:*:*:*:*:*</software>
            <software>cpe:2.3:a:qos:logback:1.4.13:*:*:*:*:*:*:*</software>
          </vulnerableSoftware>
        </vulnerability>
      </vulnerabilities>
    </dependency>
    <dependency isVirtual="false">
      <fileName>logback-classic-blackbox-1.3.13-test-sources.jar</fileName>
      <filePath>/home/runner/work/H6060-Java-Logback/H6060-Java-Logback/upstream-repository/target/logback-classic-blackbox/target/logback-classic-blackbox-1.3.13-test-sources.jar</filePath>
      <md5>dc785b874f69c81e081c74d9cab9ce2d</md5>
      <sha1>e50294f96883d7d69a7be08d80b7ca78d8f28e02</sha1>
      <sha256>edf85dab13c6d29e76ef7afbdb1d84d695ddaefc1ae648e4970921e08976dbee</sha256>
      <evidenceCollected>
        <evidence type="vendor" confidence="HIGH">
          <source>file</source>
          <name>name</name>
          <value>logback-classic-blackbox</value>
        </evidence>
        <evidence type="product" confidence="HIGH">
          <source>file</source>
          <name>name</name>
          <value>logback-classic-blackbox</value>
        </evidence>
        <evidence type="version" confidence="MEDIUM">
          <source>file</source>
          <name>name</name>
          <value>logback-classic-blackbox</value>
        </evidence>
        <evidence type="version" confidence="HIGH">
          <source>file</source>
          <name>version</name>
          <value>1.3.13</value>
        </evidence>
      </evidenceCollected>
    </dependency>
    <dependency isVirtual="false">
      <fileName>logback-classic-blackbox-1.3.13.jar</fileName>
      <filePath>/home/runner/work/H6060-Java-Logback/H6060-Java-Logback/upstream-repository/target/logback-classic-blackbox/target/logback-classic-blackbox-1.3.13.jar</filePath>
      <md5>d8ab02d55005412bd9bd91e8ff17d0fe</md5>
      <sha1>cd267090cbf95e2d395efed013890793a046451e</sha1>
      <sha256>936e86b88ad47f272646509b21cd54bc56d9216a8600c04183b068a9db88fe20</sha256>
      <description>Logback Classic Blackbox Testing Module</description>
      <evidenceCollected>
        <evidence type="vendor" confidence="HIGH">
          <source>file</source>
          <name>name</name>
          <value>logback-classic-blackbox</value>
        </evidence>
        <evidence type="vendor" confidence="LOW">
          <source>Manifest</source>
          <name>build-jdk-spec</name>
          <value>17</value>
        </evidence>
        <evidence type="vendor" confidence="HIGH">
          <source>Manifest</source>
          <name>Implementation-Vendor</name>
          <value>QOS.ch</value>
        </evidence>
        <evidence type="vendor" confidence="LOW">
          <source>Manifest</source>
          <name>specification-vendor</name>
          <value>QOS.ch</value>
        </evidence>
        <evidence type="vendor" confidence="LOW">
          <source>pom</source>
          <name>artifactid</name>
          <value>logback-classic-blackbox</value>
        </evidence>
        <evidence type="vendor" confidence="HIGHEST">
          <source>pom</source>
          <name>groupid</name>
          <value>ch.qos.logback</value>
        </evidence>
        <evidence type="vendor" confidence="HIGH">
          <source>pom</source>
          <name>name</name>
          <value>Logback Classic Blackbox Testing</value>
        </evidence>
        <evidence type="vendor" confidence="LOW">
          <source>pom</source>
          <name>parent-artifactid</name>
          <value>logback-parent</value>
        </evidence>
        <evidence type="product" confidence="HIGH">
          <source>file</source>
          <name>name</name>
          <value>logback-classic-blackbox</value>
        </evidence>
        <evidence type="product" confidence="LOW">
          <source>Manifest</source>
          <name>build-jdk-spec</name>
          <value>17</value>
        </evidence>
        <evidence type="product" confidence="HIGH">
          <source>Manifest</source>
          <name>Implementation-Title</name>
          <value>Logback Classic Blackbox Testing</value>
        </evidence>
        <evidence type="product" confidence="MEDIUM">
          <source>Manifest</source>
          <name>specification-title</name>
          <value>Logback Classic Blackbox Testing</value>
        </evidence>
        <evidence type="product" confidence="HIGHEST">
          <source>pom</source>
          <name>artifactid</name>
          <value>logback-classic-blackbox</value>
        </evidence>
        <evidence type="product" confidence="HIGHEST">
          <source>pom</source>
          <name>groupid</name>
          <value>ch.qos.logback</value>
        </evidence>
        <evidence type="product" confidence="HIGH">
          <source>pom</source>
          <name>name</name>
          <value>Logback Classic Blackbox Testing</value>
        </evidence>
        <evidence type="product" confidence="MEDIUM">
          <source>pom</source>
          <name>parent-artifactid</name>
          <value>logback-parent</value>
        </evidence>
        <evidence type="version" confidence="HIGH">
          <source>file</source>
          <name>version</name>
          <value>1.3.13</value>
        </evidence>
        <evidence type="version" confidence="HIGH">
          <source>Manifest</source>
          <name>Implementation-Version</name>
          <value>1.3.13</value>
        </evidence>
        <evidence type="version" confidence="HIGHEST">
          <source>pom</source>
          <name>version</name>
          <value>1.3.13</value>
        </evidence>
      </evidenceCollected>
      <identifiers>
        <package confidence="HIGH">
          <id>pkg:maven/ch.qos.logback/logback-classic-blackbox@1.3.13</id>
          <url>https://ossindex.sonatype.org/component/pkg:maven/ch.qos.logback/logback-classic-blackbox@1.3.13?utm_source=dependency-check&amp;utm_medium=integration&amp;utm_content=10.0.3</url>
        </package>
        <vulnerabilityIds confidence="HIGHEST">
          <id>cpe:2.3:a:qos:logback:1.3.13:*:*:*:*:*:*:*</id>
          <url>https://nvd.nist.gov/vuln/search/results?form_type=Advanced&amp;results_type=overview&amp;search_type=all&amp;cpe_vendor=cpe%3A%2F%3Aqos&amp;cpe_product=cpe%3A%2F%3Aqos%3Alogback&amp;cpe_version=cpe%3A%2F%3Aqos%3Alogback%3A1.3.13</url>
        </vulnerabilityIds>
      </identifiers>
      <vulnerabilities>
        <vulnerability source="NVD">
          <name>CVE-2023-6481</name>
          <severity>HIGH</severity>
          <cvssV3>
            <baseScore>7.5</baseScore>
            <attackVector>NETWORK</attackVector>
            <attackComplexity>LOW</attackComplexity>
            <privilegesRequired>NONE</privilegesRequired>
            <userInteraction>NONE</userInteraction>
            <scope>UNCHANGED</scope>
            <confidentialityImpact>NONE</confidentialityImpact>
            <integrityImpact>NONE</integrityImpact>
            <availabilityImpact>HIGH</availabilityImpact>
            <baseSeverity>HIGH</baseSeverity>
            <exploitabilityScore>3.9</exploitabilityScore>
            <impactScore>3.6</impactScore>
            <version>3.1</version>
          </cvssV3>
          <cwes>
            <cwe>NVD-CWE-noinfo</cwe>
          </cwes>
          <description>A serialization vulnerability in logback receiver component part of 
logback version 1.4.13, 1.3.13 and 1.2.12 allows an attacker to mount a Denial-Of-Service 
attack by sending poisoned data.

</description>
          <references>
            <reference>
              <source>vulnerability@ncsc.ch</source>
              <url>https://logback.qos.ch/news.html#1.3.14</url>
              <name>RELEASE_NOTES</name>
            </reference>
            <reference>
              <source>vulnerability@ncsc.ch</source>
              <url>https://logback.qos.ch/news.html#1.3.12</url>
              <name>RELEASE_NOTES</name>
            </reference>
          </references>
          <vulnerableSoftware>
            <software>cpe:2.3:a:qos:logback:1.2.12:*:*:*:*:*:*:*</software>
            <software vulnerabilityIdMatched="true">cpe:2.3:a:qos:logback:1.3.13:*:*:*:*:*:*:*</software>
            <software>cpe:2.3:a:qos:logback:1.4.13:*:*:*:*:*:*:*</software>
          </vulnerableSoftware>
        </vulnerability>
      </vulnerabilities>
    </dependency>
    <dependency isVirtual="false">
      <fileName>logback-core-1.3.13-sources.jar</fileName>
      <filePath>/home/runner/work/H6060-Java-Logback/H6060-Java-Logback/upstream-repository/target/logback-core/target/logback-core-1.3.13-sources.jar</filePath>
      <md5>6595218b9aab9e118625ddc864b21ecf</md5>
      <sha1>0f7e935ef9637c3979cc05bf655442722472f1c1</sha1>
      <sha256>d4cbe55568807c84b11fb8939ff6fe7a635c374f6217fe8a5e4eefe178c20037</sha256>
      <evidenceCollected>
        <evidence type="vendor" confidence="HIGH">
          <source>file</source>
          <name>name</name>
          <value>logback-core</value>
        </evidence>
        <evidence type="product" confidence="HIGH">
          <source>file</source>
          <name>name</name>
          <value>logback-core</value>
        </evidence>
        <evidence type="version" confidence="MEDIUM">
          <source>file</source>
          <name>name</name>
          <value>logback-core</value>
        </evidence>
        <evidence type="version" confidence="HIGH">
          <source>file</source>
          <name>version</name>
          <value>1.3.13</value>
        </evidence>
      </evidenceCollected>
    </dependency>
    <dependency isVirtual="false">
      <fileName>logback-core-1.3.13-test-sources.jar</fileName>
      <filePath>/home/runner/work/H6060-Java-Logback/H6060-Java-Logback/upstream-repository/target/logback-core/target/logback-core-1.3.13-test-sources.jar</filePath>
      <md5>fe4997ac5bb5b8fc3399c5f942159001</md5>
      <sha1>646af1950f762824ad5646a945701aa43c8145cf</sha1>
      <sha256>89498b7d6ac3c43feb65e1b3f58b68c85319b180bb672420d83cd958169aff63</sha256>
      <evidenceCollected>
        <evidence type="vendor" confidence="HIGH">
          <source>file</source>
          <name>name</name>
          <value>logback-core</value>
        </evidence>
        <evidence type="product" confidence="HIGH">
          <source>file</source>
          <name>name</name>
          <value>logback-core</value>
        </evidence>
        <evidence type="version" confidence="MEDIUM">
          <source>file</source>
          <name>name</name>
          <value>logback-core</value>
        </evidence>
        <evidence type="version" confidence="HIGH">
          <source>file</source>
          <name>version</name>
          <value>1.3.13</value>
        </evidence>
      </evidenceCollected>
    </dependency>
    <dependency isVirtual="false">
      <fileName>logback-core-1.3.13.jar</fileName>
      <filePath>/home/runner/work/H6060-Java-Logback/H6060-Java-Logback/upstream-repository/target/logback-core/target/logback-core-1.3.13.jar</filePath>
      <md5>ccd507763ecff059f497815a486db45c</md5>
      <sha1>98bdfdcd1fc2b895f918ee63e4f9c2e818520586</sha1>
      <sha256>83159cd1b055424a774d767cf26d75895d690759ad9e590f49a6f4f20ca6646d</sha256>
      <description>logback-core module</description>
      <license>http://www.eclipse.org/legal/epl-v10.html, http://www.gnu.org/licenses/old-licenses/lgpl-2.1.html</license>
      <evidenceCollected>
        <evidence type="vendor" confidence="HIGH">
          <source>file</source>
          <name>name</name>
          <value>logback-core</value>
        </evidence>
        <evidence type="vendor" confidence="HIGHEST">
          <source>jar</source>
          <name>package name</name>
          <value>ch</value>
        </evidence>
        <evidence type="vendor" confidence="HIGHEST">
          <source>jar</source>
          <name>package name</name>
          <value>core</value>
        </evidence>
        <evidence type="vendor" confidence="HIGHEST">
          <source>jar</source>
          <name>package name</name>
          <value>logback</value>
        </evidence>
        <evidence type="vendor" confidence="HIGHEST">
          <source>jar</source>
          <name>package name</name>
          <value>qos</value>
        </evidence>
        <evidence type="vendor" confidence="LOW">
          <source>Manifest</source>
          <name>build-jdk-spec</name>
          <value>17</value>
        </evidence>
        <evidence type="vendor" confidence="LOW">
          <source>Manifest</source>
          <name>bundle-docurl</name>
          <value>http://www.qos.ch</value>
        </evidence>
        <evidence type="vendor" confidence="MEDIUM">
          <source>Manifest</source>
          <name>bundle-symbolicname</name>
          <value>ch.qos.logback.core</value>
        </evidence>
        <evidence type="vendor" confidence="HIGH">
          <source>Manifest</source>
          <name>Implementation-Vendor</name>
          <value>QOS.ch</value>
        </evidence>
        <evidence type="vendor" confidence="LOW">
          <source>Manifest</source>
          <name>multi-release</name>
          <value>true</value>
        </evidence>
        <evidence type="vendor" confidence="LOW">
          <source>Manifest</source>
          <name>specification-vendor</name>
          <value>QOS.ch</value>
        </evidence>
        <evidence type="vendor" confidence="LOW">
          <source>pom</source>
          <name>artifactid</name>
          <value>logback-core</value>
        </evidence>
        <evidence type="vendor" confidence="HIGHEST">
          <source>pom</source>
          <name>groupid</name>
          <value>ch.qos.logback</value>
        </evidence>
        <evidence type="vendor" confidence="HIGH">
          <source>pom</source>
          <name>name</name>
          <value>Logback Core Module</value>
        </evidence>
        <evidence type="vendor" confidence="LOW">
          <source>pom</source>
          <name>parent-artifactid</name>
          <value>logback-parent</value>
        </evidence>
        <evidence type="product" confidence="HIGH">
          <source>file</source>
          <name>name</name>
          <value>logback-core</value>
        </evidence>
        <evidence type="product" confidence="HIGHEST">
          <source>jar</source>
          <name>package name</name>
          <value>ch</value>
        </evidence>
        <evidence type="product" confidence="HIGHEST">
          <source>jar</source>
          <name>package name</name>
          <value>core</value>
        </evidence>
        <evidence type="product" confidence="HIGHEST">
          <source>jar</source>
          <name>package name</name>
          <value>logback</value>
        </evidence>
        <evidence type="product" confidence="HIGHEST">
          <source>jar</source>
          <name>package name</name>
          <value>qos</value>
        </evidence>
        <evidence type="product" confidence="LOW">
          <source>Manifest</source>
          <name>build-jdk-spec</name>
          <value>17</value>
        </evidence>
        <evidence type="product" confidence="LOW">
          <source>Manifest</source>
          <name>bundle-docurl</name>
          <value>http://www.qos.ch</value>
        </evidence>
        <evidence type="product" confidence="MEDIUM">
          <source>Manifest</source>
          <name>Bundle-Name</name>
          <value>Logback Core Module</value>
        </evidence>
        <evidence type="product" confidence="MEDIUM">
          <source>Manifest</source>
          <name>bundle-symbolicname</name>
          <value>ch.qos.logback.core</value>
        </evidence>
        <evidence type="product" confidence="HIGH">
          <source>Manifest</source>
          <name>Implementation-Title</name>
          <value>Logback Core Module</value>
        </evidence>
        <evidence type="product" confidence="LOW">
          <source>Manifest</source>
          <name>multi-release</name>
          <value>true</value>
        </evidence>
        <evidence type="product" confidence="MEDIUM">
          <source>Manifest</source>
          <name>specification-title</name>
          <value>Logback Core Module</value>
        </evidence>
        <evidence type="product" confidence="HIGHEST">
          <source>pom</source>
          <name>artifactid</name>
          <value>logback-core</value>
        </evidence>
        <evidence type="product" confidence="HIGHEST">
          <source>pom</source>
          <name>groupid</name>
          <value>ch.qos.logback</value>
        </evidence>
        <evidence type="product" confidence="HIGH">
          <source>pom</source>
          <name>name</name>
          <value>Logback Core Module</value>
        </evidence>
        <evidence type="product" confidence="MEDIUM">
          <source>pom</source>
          <name>parent-artifactid</name>
          <value>logback-parent</value>
        </evidence>
        <evidence type="version" confidence="HIGH">
          <source>file</source>
          <name>version</name>
          <value>1.3.13</value>
        </evidence>
        <evidence type="version" confidence="HIGH">
          <source>Manifest</source>
          <name>Bundle-Version</name>
          <value>1.3.13</value>
        </evidence>
        <evidence type="version" confidence="HIGH">
          <source>Manifest</source>
          <name>Implementation-Version</name>
          <value>1.3.13</value>
        </evidence>
        <evidence type="version" confidence="HIGHEST">
          <source>pom</source>
          <name>version</name>
          <value>1.3.13</value>
        </evidence>
      </evidenceCollected>
      <identifiers>
        <package confidence="HIGH">
          <id>pkg:maven/ch.qos.logback/logback-core@1.3.13</id>
          <url>https://ossindex.sonatype.org/component/pkg:maven/ch.qos.logback/logback-core@1.3.13?utm_source=dependency-check&amp;utm_medium=integration&amp;utm_content=10.0.3</url>
        </package>
        <vulnerabilityIds confidence="HIGHEST">
          <id>cpe:2.3:a:qos:logback:1.3.13:*:*:*:*:*:*:*</id>
          <url>https://nvd.nist.gov/vuln/search/results?form_type=Advanced&amp;results_type=overview&amp;search_type=all&amp;cpe_vendor=cpe%3A%2F%3Aqos&amp;cpe_product=cpe%3A%2F%3Aqos%3Alogback&amp;cpe_version=cpe%3A%2F%3Aqos%3Alogback%3A1.3.13</url>
        </vulnerabilityIds>
      </identifiers>
      <vulnerabilities>
        <vulnerability source="NVD">
          <name>CVE-2023-6481</name>
          <severity>HIGH</severity>
          <cvssV3>
            <baseScore>7.5</baseScore>
            <attackVector>NETWORK</attackVector>
            <attackComplexity>LOW</attackComplexity>
            <privilegesRequired>NONE</privilegesRequired>
            <userInteraction>NONE</userInteraction>
            <scope>UNCHANGED</scope>
            <confidentialityImpact>NONE</confidentialityImpact>
            <integrityImpact>NONE</integrityImpact>
            <availabilityImpact>HIGH</availabilityImpact>
            <baseSeverity>HIGH</baseSeverity>
            <exploitabilityScore>3.9</exploitabilityScore>
            <impactScore>3.6</impactScore>
            <version>3.1</version>
          </cvssV3>
          <cwes>
            <cwe>NVD-CWE-noinfo</cwe>
          </cwes>
          <description>A serialization vulnerability in logback receiver component part of 
logback version 1.4.13, 1.3.13 and 1.2.12 allows an attacker to mount a Denial-Of-Service 
attack by sending poisoned data.

</description>
          <references>
            <reference>
              <source>vulnerability@ncsc.ch</source>
              <url>https://logback.qos.ch/news.html#1.3.14</url>
              <name>RELEASE_NOTES</name>
            </reference>
            <reference>
              <source>OSSINDEX</source>
              <url>https://ossindex.sonatype.org/vulnerability/CVE-2023-6481?component-type=maven&amp;component-name=ch.qos.logback%2Flogback-core&amp;utm_source=dependency-check&amp;utm_medium=integration&amp;utm_content=10.0.3</url>
              <name>[CVE-2023-6481] CWE-noinfo</name>
            </reference>
            <reference>
              <source>OSSIndex</source>
              <url>https://logback.qos.ch/news.html#1.3.12</url>
              <name>https://logback.qos.ch/news.html#1.3.12</name>
            </reference>
            <reference>
              <source>vulnerability@ncsc.ch</source>
              <url>https://logback.qos.ch/news.html#1.3.12</url>
              <name>RELEASE_NOTES</name>
            </reference>
            <reference>
              <source>OSSIndex</source>
              <url>http://web.nvd.nist.gov/view/vuln/detail?vulnId=CVE-2023-6481</url>
              <name>http://web.nvd.nist.gov/view/vuln/detail?vulnId=CVE-2023-6481</name>
            </reference>
          </references>
          <vulnerableSoftware>
            <software>cpe:2.3:a:qos:logback:1.2.12:*:*:*:*:*:*:*</software>
            <software vulnerabilityIdMatched="true">cpe:2.3:a:qos:logback:1.3.13:*:*:*:*:*:*:*</software>
            <software>cpe:2.3:a:qos:logback:1.4.13:*:*:*:*:*:*:*</software>
          </vulnerableSoftware>
        </vulnerability>
      </vulnerabilities>
    </dependency>
    <dependency isVirtual="false">
      <fileName>logback-core-blackbox-1.3.13-test-sources.jar</fileName>
      <filePath>/home/runner/work/H6060-Java-Logback/H6060-Java-Logback/upstream-repository/target/logback-core-blackbox/target/logback-core-blackbox-1.3.13-test-sources.jar</filePath>
      <md5>550fd0e0a7a096d6761277ede31c122f</md5>
      <sha1>0945d69971df83d0b13427cb5638a85d0c25f55b</sha1>
      <sha256>0db88300b2574e6cbff8e230c745b8b2bf117e669e1d65bb96e6b8e41495eac3</sha256>
      <evidenceCollected>
        <evidence type="vendor" confidence="HIGH">
          <source>file</source>
          <name>name</name>
          <value>logback-core-blackbox</value>
        </evidence>
        <evidence type="product" confidence="HIGH">
          <source>file</source>
          <name>name</name>
          <value>logback-core-blackbox</value>
        </evidence>
        <evidence type="version" confidence="MEDIUM">
          <source>file</source>
          <name>name</name>
          <value>logback-core-blackbox</value>
        </evidence>
        <evidence type="version" confidence="HIGH">
          <source>file</source>
          <name>version</name>
          <value>1.3.13</value>
        </evidence>
      </evidenceCollected>
    </dependency>
    <dependency isVirtual="false">
      <fileName>logback-core-blackbox-1.3.13.jar</fileName>
      <filePath>/home/runner/work/H6060-Java-Logback/H6060-Java-Logback/upstream-repository/target/logback-core-blackbox/target/logback-core-blackbox-1.3.13.jar</filePath>
      <md5>745bb22feb24ebc18111df9d94c3ba2b</md5>
      <sha1>a62b60dfd4545e3617c96ff76c57f2c827dea1b9</sha1>
      <sha256>87fd3ed121ef90cf523c79052b8c825fc2d783fc8ac2d7b7e136cb7841d785ec</sha256>
      <description>Logback Core Blackbox Testing Module</description>
      <evidenceCollected>
        <evidence type="vendor" confidence="HIGH">
          <source>file</source>
          <name>name</name>
          <value>logback-core-blackbox</value>
        </evidence>
        <evidence type="vendor" confidence="LOW">
          <source>Manifest</source>
          <name>build-jdk-spec</name>
          <value>17</value>
        </evidence>
        <evidence type="vendor" confidence="HIGH">
          <source>Manifest</source>
          <name>Implementation-Vendor</name>
          <value>QOS.ch</value>
        </evidence>
        <evidence type="vendor" confidence="LOW">
          <source>Manifest</source>
          <name>specification-vendor</name>
          <value>QOS.ch</value>
        </evidence>
        <evidence type="vendor" confidence="LOW">
          <source>pom</source>
          <name>artifactid</name>
          <value>logback-core-blackbox</value>
        </evidence>
        <evidence type="vendor" confidence="HIGHEST">
          <source>pom</source>
          <name>groupid</name>
          <value>ch.qos.logback</value>
        </evidence>
        <evidence type="vendor" confidence="HIGH">
          <source>pom</source>
          <name>name</name>
          <value>Logback Core Blackbox Testing</value>
        </evidence>
        <evidence type="vendor" confidence="LOW">
          <source>pom</source>
          <name>parent-artifactid</name>
          <value>logback-parent</value>
        </evidence>
        <evidence type="product" confidence="HIGH">
          <source>file</source>
          <name>name</name>
          <value>logback-core-blackbox</value>
        </evidence>
        <evidence type="product" confidence="LOW">
          <source>Manifest</source>
          <name>build-jdk-spec</name>
          <value>17</value>
        </evidence>
        <evidence type="product" confidence="HIGH">
          <source>Manifest</source>
          <name>Implementation-Title</name>
          <value>Logback Core Blackbox Testing</value>
        </evidence>
        <evidence type="product" confidence="MEDIUM">
          <source>Manifest</source>
          <name>specification-title</name>
          <value>Logback Core Blackbox Testing</value>
        </evidence>
        <evidence type="product" confidence="HIGHEST">
          <source>pom</source>
          <name>artifactid</name>
          <value>logback-core-blackbox</value>
        </evidence>
        <evidence type="product" confidence="HIGHEST">
          <source>pom</source>
          <name>groupid</name>
          <value>ch.qos.logback</value>
        </evidence>
        <evidence type="product" confidence="HIGH">
          <source>pom</source>
          <name>name</name>
          <value>Logback Core Blackbox Testing</value>
        </evidence>
        <evidence type="product" confidence="MEDIUM">
          <source>pom</source>
          <name>parent-artifactid</name>
          <value>logback-parent</value>
        </evidence>
        <evidence type="version" confidence="HIGH">
          <source>file</source>
          <name>version</name>
          <value>1.3.13</value>
        </evidence>
        <evidence type="version" confidence="HIGH">
          <source>Manifest</source>
          <name>Implementation-Version</name>
          <value>1.3.13</value>
        </evidence>
        <evidence type="version" confidence="HIGHEST">
          <source>pom</source>
          <name>version</name>
          <value>1.3.13</value>
        </evidence>
      </evidenceCollected>
      <identifiers>
        <package confidence="HIGH">
          <id>pkg:maven/ch.qos.logback/logback-core-blackbox@1.3.13</id>
          <url>https://ossindex.sonatype.org/component/pkg:maven/ch.qos.logback/logback-core-blackbox@1.3.13?utm_source=dependency-check&amp;utm_medium=integration&amp;utm_content=10.0.3</url>
        </package>
        <vulnerabilityIds confidence="HIGHEST">
          <id>cpe:2.3:a:qos:logback:1.3.13:*:*:*:*:*:*:*</id>
          <url>https://nvd.nist.gov/vuln/search/results?form_type=Advanced&amp;results_type=overview&amp;search_type=all&amp;cpe_vendor=cpe%3A%2F%3Aqos&amp;cpe_product=cpe%3A%2F%3Aqos%3Alogback&amp;cpe_version=cpe%3A%2F%3Aqos%3Alogback%3A1.3.13</url>
        </vulnerabilityIds>
      </identifiers>
      <vulnerabilities>
        <vulnerability source="NVD">
          <name>CVE-2023-6481</name>
          <severity>HIGH</severity>
          <cvssV3>
            <baseScore>7.5</baseScore>
            <attackVector>NETWORK</attackVector>
            <attackComplexity>LOW</attackComplexity>
            <privilegesRequired>NONE</privilegesRequired>
            <userInteraction>NONE</userInteraction>
            <scope>UNCHANGED</scope>
            <confidentialityImpact>NONE</confidentialityImpact>
            <integrityImpact>NONE</integrityImpact>
            <availabilityImpact>HIGH</availabilityImpact>
            <baseSeverity>HIGH</baseSeverity>
            <exploitabilityScore>3.9</exploitabilityScore>
            <impactScore>3.6</impactScore>
            <version>3.1</version>
          </cvssV3>
          <cwes>
            <cwe>NVD-CWE-noinfo</cwe>
          </cwes>
          <description>A serialization vulnerability in logback receiver component part of 
logback version 1.4.13, 1.3.13 and 1.2.12 allows an attacker to mount a Denial-Of-Service 
attack by sending poisoned data.

</description>
          <references>
            <reference>
              <source>vulnerability@ncsc.ch</source>
              <url>https://logback.qos.ch/news.html#1.3.14</url>
              <name>RELEASE_NOTES</name>
            </reference>
            <reference>
              <source>vulnerability@ncsc.ch</source>
              <url>https://logback.qos.ch/news.html#1.3.12</url>
              <name>RELEASE_NOTES</name>
            </reference>
          </references>
          <vulnerableSoftware>
            <software>cpe:2.3:a:qos:logback:1.2.12:*:*:*:*:*:*:*</software>
            <software vulnerabilityIdMatched="true">cpe:2.3:a:qos:logback:1.3.13:*:*:*:*:*:*:*</software>
            <software>cpe:2.3:a:qos:logback:1.4.13:*:*:*:*:*:*:*</software>
          </vulnerableSoftware>
        </vulnerability>
      </vulnerabilities>
    </dependency>
    <dependency isVirtual="false">
      <fileName>logback-examples-1.3.13-sources.jar</fileName>
      <filePath>/home/runner/work/H6060-Java-Logback/H6060-Java-Logback/upstream-repository/target/logback-examples/target/logback-examples-1.3.13-sources.jar</filePath>
      <md5>847750fa027a6582b7b0c1ab8629f36e</md5>
      <sha1>8ea9b5b59784b7bdf59cf79f81d260dc22b8de34</sha1>
      <sha256>5889c0c0915af467979d443a59e8ce533d6bc1667e4dfc770141056aabe2ed7e</sha256>
      <evidenceCollected>
        <evidence type="vendor" confidence="HIGH">
          <source>file</source>
          <name>name</name>
          <value>logback-examples</value>
        </evidence>
        <evidence type="product" confidence="HIGH">
          <source>file</source>
          <name>name</name>
          <value>logback-examples</value>
        </evidence>
        <evidence type="version" confidence="MEDIUM">
          <source>file</source>
          <name>name</name>
          <value>logback-examples</value>
        </evidence>
        <evidence type="version" confidence="HIGH">
          <source>file</source>
          <name>version</name>
          <value>1.3.13</value>
        </evidence>
      </evidenceCollected>
    </dependency>
    <dependency isVirtual="false">
      <fileName>logback-examples-1.3.13.jar</fileName>
      <filePath>/home/runner/work/H6060-Java-Logback/H6060-Java-Logback/upstream-repository/target/logback-examples/target/logback-examples-1.3.13.jar</filePath>
      <md5>66039f3da4e701d46afc673b2547d295</md5>
      <sha1>0b0347b12f36bf9d15879a30c008fb5c5c51a759</sha1>
      <sha256>88bb7d0828f7de51460a3395ef9c7acb5e05a92ee5f44b6aad1abce6201d5883</sha256>
      <description>logback-examples module</description>
      <evidenceCollected>
        <evidence type="vendor" confidence="HIGH">
          <source>file</source>
          <name>name</name>
          <value>logback-examples</value>
        </evidence>
        <evidence type="vendor" confidence="LOW">
          <source>Manifest</source>
          <name>build-jdk-spec</name>
          <value>17</value>
        </evidence>
        <evidence type="vendor" confidence="HIGH">
          <source>Manifest</source>
          <name>Implementation-Vendor</name>
          <value>QOS.ch</value>
        </evidence>
        <evidence type="vendor" confidence="LOW">
          <source>Manifest</source>
          <name>specification-vendor</name>
          <value>QOS.ch</value>
        </evidence>
        <evidence type="vendor" confidence="LOW">
          <source>pom</source>
          <name>artifactid</name>
          <value>logback-examples</value>
        </evidence>
        <evidence type="vendor" confidence="HIGHEST">
          <source>pom</source>
          <name>groupid</name>
          <value>ch.qos.logback</value>
        </evidence>
        <evidence type="vendor" confidence="HIGH">
          <source>pom</source>
          <name>name</name>
          <value>Logback Examples Module</value>
        </evidence>
        <evidence type="vendor" confidence="LOW">
          <source>pom</source>
          <name>parent-artifactid</name>
          <value>logback-parent</value>
        </evidence>
        <evidence type="product" confidence="HIGH">
          <source>file</source>
          <name>name</name>
          <value>logback-examples</value>
        </evidence>
        <evidence type="product" confidence="LOW">
          <source>Manifest</source>
          <name>build-jdk-spec</name>
          <value>17</value>
        </evidence>
        <evidence type="product" confidence="HIGH">
          <source>Manifest</source>
          <name>Implementation-Title</name>
          <value>Logback Examples Module</value>
        </evidence>
        <evidence type="product" confidence="MEDIUM">
          <source>Manifest</source>
          <name>specification-title</name>
          <value>Logback Examples Module</value>
        </evidence>
        <evidence type="product" confidence="HIGHEST">
          <source>pom</source>
          <name>artifactid</name>
          <value>logback-examples</value>
        </evidence>
        <evidence type="product" confidence="HIGHEST">
          <source>pom</source>
          <name>groupid</name>
          <value>ch.qos.logback</value>
        </evidence>
        <evidence type="product" confidence="HIGH">
          <source>pom</source>
          <name>name</name>
          <value>Logback Examples Module</value>
        </evidence>
        <evidence type="product" confidence="MEDIUM">
          <source>pom</source>
          <name>parent-artifactid</name>
          <value>logback-parent</value>
        </evidence>
        <evidence type="version" confidence="HIGH">
          <source>file</source>
          <name>version</name>
          <value>1.3.13</value>
        </evidence>
        <evidence type="version" confidence="HIGH">
          <source>Manifest</source>
          <name>Implementation-Version</name>
          <value>1.3.13</value>
        </evidence>
        <evidence type="version" confidence="HIGHEST">
          <source>pom</source>
          <name>version</name>
          <value>1.3.13</value>
        </evidence>
      </evidenceCollected>
      <identifiers>
        <package confidence="HIGH">
          <id>pkg:maven/ch.qos.logback/logback-examples@1.3.13</id>
          <url>https://ossindex.sonatype.org/component/pkg:maven/ch.qos.logback/logback-examples@1.3.13?utm_source=dependency-check&amp;utm_medium=integration&amp;utm_content=10.0.3</url>
        </package>
        <vulnerabilityIds confidence="HIGHEST">
          <id>cpe:2.3:a:qos:logback:1.3.13:*:*:*:*:*:*:*</id>
          <url>https://nvd.nist.gov/vuln/search/results?form_type=Advanced&amp;results_type=overview&amp;search_type=all&amp;cpe_vendor=cpe%3A%2F%3Aqos&amp;cpe_product=cpe%3A%2F%3Aqos%3Alogback&amp;cpe_version=cpe%3A%2F%3Aqos%3Alogback%3A1.3.13</url>
        </vulnerabilityIds>
      </identifiers>
      <vulnerabilities>
        <vulnerability source="NVD">
          <name>CVE-2023-6481</name>
          <severity>HIGH</severity>
          <cvssV3>
            <baseScore>7.5</baseScore>
            <attackVector>NETWORK</attackVector>
            <attackComplexity>LOW</attackComplexity>
            <privilegesRequired>NONE</privilegesRequired>
            <userInteraction>NONE</userInteraction>
            <scope>UNCHANGED</scope>
            <confidentialityImpact>NONE</confidentialityImpact>
            <integrityImpact>NONE</integrityImpact>
            <availabilityImpact>HIGH</availabilityImpact>
            <baseSeverity>HIGH</baseSeverity>
            <exploitabilityScore>3.9</exploitabilityScore>
            <impactScore>3.6</impactScore>
            <version>3.1</version>
          </cvssV3>
          <cwes>
            <cwe>NVD-CWE-noinfo</cwe>
          </cwes>
          <description>A serialization vulnerability in logback receiver component part of 
logback version 1.4.13, 1.3.13 and 1.2.12 allows an attacker to mount a Denial-Of-Service 
attack by sending poisoned data.

</description>
          <references>
            <reference>
              <source>vulnerability@ncsc.ch</source>
              <url>https://logback.qos.ch/news.html#1.3.14</url>
              <name>RELEASE_NOTES</name>
            </reference>
            <reference>
              <source>OSSINDEX</source>
              <url>https://ossindex.sonatype.org/vulnerability/CVE-2023-6481?component-type=maven&amp;component-name=ch.qos.logback%2Flogback-core&amp;utm_source=dependency-check&amp;utm_medium=integration&amp;utm_content=10.0.3</url>
              <name>[CVE-2023-6481] CWE-noinfo</name>
            </reference>
            <reference>
              <source>OSSIndex</source>
              <url>https://logback.qos.ch/news.html#1.3.12</url>
              <name>https://logback.qos.ch/news.html#1.3.12</name>
            </reference>
            <reference>
              <source>vulnerability@ncsc.ch</source>
              <url>https://logback.qos.ch/news.html#1.3.12</url>
              <name>RELEASE_NOTES</name>
            </reference>
            <reference>
              <source>OSSIndex</source>
              <url>http://web.nvd.nist.gov/view/vuln/detail?vulnId=CVE-2023-6481</url>
              <name>http://web.nvd.nist.gov/view/vuln/detail?vulnId=CVE-2023-6481</name>
            </reference>
          </references>
          <vulnerableSoftware>
            <software>cpe:2.3:a:qos:logback:1.2.12:*:*:*:*:*:*:*</software>
            <software vulnerabilityIdMatched="true">cpe:2.3:a:qos:logback:1.3.13:*:*:*:*:*:*:*</software>
            <software>cpe:2.3:a:qos:logback:1.4.13:*:*:*:*:*:*:*</software>
          </vulnerableSoftware>
        </vulnerability>
      </vulnerabilities>
    </dependency>
  </dependencies>
</analysis>
