{"errors": [], "interfile_languages_used": [], "paths": {"scanned": [".deepsource.toml", ".github/workflows/H6060-Experiment-1.yml", ".gitignore", "CHANGELOG.md", "LICENSE", "README.md", "docker/Dockerfile", "docker/push.sh", "docs/backers.html", "docs/carbon.html", "docs/css/FaceType-PublicaPlay-Regular.woff", "docs/css/styles.css", "docs/img/display-console-logs-example-v3.png", "docs/img/footer-bg.jpg", "docs/img/info-bg.jpg", "docs/img/pre-bg.jpg", "docs/img/selenium-webdriver-architecture.png", "docs/img/sidebar-bg.jpg", "docs/img/toc-bg.jpg", "docs/img/wdm-vnc.png", "docs/img/wdm.png", "docs/img/webdrivermanager.png", "docs/index.html", "docs/mirror/geckodriver", "docs/mirror/operadriver", "docs/mirror/selenium", "docs/sponsors.html", "pom.xml", "src/doc/asciidoc/backers.html", "src/doc/asciidoc/carbon.html", "src/doc/asciidoc/css/FaceType-PublicaPlay-Regular.woff", "src/doc/asciidoc/css/styles.css", "src/doc/asciidoc/docinfo.html", "src/doc/asciidoc/img/display-console-logs-example-v3.png", "src/doc/asciidoc/img/footer-bg.jpg", "src/doc/asciidoc/img/info-bg.jpg", "src/doc/asciidoc/img/selenium-webdriver-architecture.png", "src/doc/asciidoc/img/toc-bg.jpg", "src/doc/asciidoc/img/wdm-vnc.png", "src/doc/asciidoc/img/wdm.png", "src/doc/asciidoc/img/webdrivermanager.png", "src/doc/asciidoc/index.adoc", "src/doc/asciidoc/sponsors.html", "src/main/java/io/github/bonigarcia/wdm/WdmAgent.java", "src/main/java/io/github/bonigarcia/wdm/WdmServer.java", "src/main/java/io/github/bonigarcia/wdm/WebDriverManager.java", "src/main/java/io/github/bonigarcia/wdm/cache/CacheHandler.java", "src/main/java/io/github/bonigarcia/wdm/cache/ResolutionCache.java", "src/main/java/io/github/bonigarcia/wdm/config/Architecture.java", "src/main/java/io/github/bonigarcia/wdm/config/Config.java", "src/main/java/io/github/bonigarcia/wdm/config/ConfigKey.java", "src/main/java/io/github/bonigarcia/wdm/config/DriverManagerType.java", "src/main/java/io/github/bonigarcia/wdm/config/OperatingSystem.java", "src/main/java/io/github/bonigarcia/wdm/config/WebDriverManagerException.java", "src/main/java/io/github/bonigarcia/wdm/docker/DockerContainer.java", "src/main/java/io/github/bonigarcia/wdm/docker/DockerHost.java", "src/main/java/io/github/bonigarcia/wdm/docker/DockerHubService.java", "src/main/java/io/github/bonigarcia/wdm/docker/DockerHubTags.java", "src/main/java/io/github/bonigarcia/wdm/docker/DockerService.java", "src/main/java/io/github/bonigarcia/wdm/managers/ChromeDriverManager.java", "src/main/java/io/github/bonigarcia/wdm/managers/ChromiumDriverManager.java", "src/main/java/io/github/bonigarcia/wdm/managers/EdgeDriverManager.java", "src/main/java/io/github/bonigarcia/wdm/managers/FirefoxDriverManager.java", "src/main/java/io/github/bonigarcia/wdm/managers/InternetExplorerDriverManager.java", "src/main/java/io/github/bonigarcia/wdm/managers/OperaDriverManager.java", "src/main/java/io/github/bonigarcia/wdm/managers/SafariDriverManager.java", "src/main/java/io/github/bonigarcia/wdm/managers/VoidDriverManager.java", "src/main/java/io/github/bonigarcia/wdm/online/Downloader.java", "src/main/java/io/github/bonigarcia/wdm/online/GeckodriverSupport.java", "src/main/java/io/github/bonigarcia/wdm/online/GitHubApi.java", "src/main/java/io/github/bonigarcia/wdm/online/GoodVersions.java", "src/main/java/io/github/bonigarcia/wdm/online/HttpClient.java", "src/main/java/io/github/bonigarcia/wdm/online/LastGoodVersions.java", "src/main/java/io/github/bonigarcia/wdm/online/NpmMirror.java", "src/main/java/io/github/bonigarcia/wdm/online/Parser.java", "src/main/java/io/github/bonigarcia/wdm/online/S3NamespaceContext.java", "src/main/java/io/github/bonigarcia/wdm/online/UrlHandler.java", "src/main/java/io/github/bonigarcia/wdm/versions/Shell.java", "src/main/java/io/github/bonigarcia/wdm/versions/UrlComparator.java", "src/main/java/io/github/bonigarcia/wdm/versions/VersionComparator.java", "src/main/java/io/github/bonigarcia/wdm/versions/VersionDetector.java", "src/main/java/io/github/bonigarcia/wdm/webdriver/OptionsWithArguments.java", "src/main/java/io/github/bonigarcia/wdm/webdriver/WebDriverBrowser.java", "src/main/java/io/github/bonigarcia/wdm/webdriver/WebDriverCreator.java", "src/main/resources/META-INF/MANIFEST.MF", "src/main/resources/assembly.xml", "src/main/resources/browserwatcher-1.2.0.crx", "src/main/resources/browserwatcher-csp-1.2.0.crx", "src/main/resources/browserwatcher-display-1.2.0.crx", "src/main/resources/browserwatcher-display-csp-1.2.0.crx", "src/main/resources/commands.properties", "src/main/resources/logback.xml", "src/main/resources/versions.properties", "src/main/resources/webdrivermanager.properties"]}, "results": [{"check_id": "html.security.audit.missing-integrity.missing-integrity", "end": {"col": 30, "line": 77, "offset": 1371}, "extra": {"engine_kind": "OSS", "fingerprint": "aed3df3b579b204c2bb5e6617222deaa58f44d392b0db5e93d8ef99edf5a61ae6f720dbda52a69ec29114662679d00f36453c348fc80656ba4201e4390f9f6cd_0", "is_ignored": false, "lines": "<script async type=\"text/javascript\"\n\tsrc=\"//cdn.carbonads.com/carbon.js?serve=CEADT23M&placement=bonigarciadev\"\n\tid=\"_carbonads_js\"></script>", "message": "This tag is missing an 'integrity' subresource integrity attribute. The 'integrity' attribute allows for the browser to verify that externally hosted files (for example from a CDN) are delivered without unexpected manipulation. Without this attribute, if an attacker can modify the externally hosted resource, this could lead to XSS and other types of attacks. To prevent this, include the base64-encoded cryptographic hash of the resource (file) you\u2019re telling the browser to fetch in the 'integrity' attribute for all externally hosted files.", "metadata": {"category": "security", "confidence": "LOW", "cwe": ["CWE-353: Missing Support for Integrity Check"], "impact": "LOW", "license": "Commons Clause License Condition v1.0[LGPL-2.1-only]", "likelihood": "LOW", "owasp": ["A08:2021 - Software and Data Integrity Failures"], "references": ["https://owasp.org/Top10/A08_2021-Software_and_Data_Integrity_Failures"], "semgrep.dev": {"rule": {"origin": "community", "r_id": 13728, "rule_id": "AbUQzj", "rv_id": 833890, "url": "https://semgrep.dev/playground/r/nWTy4vO/html.security.audit.missing-integrity.missing-integrity", "version_id": "nWTy4vO"}}, "shortlink": "https://sg.run/krXA", "source": "https://semgrep.dev/r/html.security.audit.missing-integrity.missing-integrity", "subcategory": ["audit"], "technology": ["html"], "vulnerability_class": ["Cryptographic Issues"]}, "metavars": {"$...A": {"abstract_content": " async type=\"text/javascript\"\r\n\tsrc=\"//cdn.carbonads.com/carbon.js?serve=CEADT23M&placement=bonigarciadev\"\r\n\tid=\"_carbonads_js\"", "end": {"col": 20, "line": 77, "offset": 1361}, "start": {"col": 8, "line": 75, "offset": 1234}}}, "severity": "WARNING", "validation_state": "NO_VALIDATOR"}, "path": "docs/carbon.html", "start": {"col": 1, "line": 75, "offset": 1227}}, {"check_id": "html.security.audit.missing-integrity.missing-integrity", "end": {"col": 114, "line": 673, "offset": 37628}, "extra": {"engine_kind": "OSS", "fingerprint": "93770d9cb9618d2f1f0b19bc9fbf21693b112c4c23dea310895e36ac0e8010194fc8c21854cbe658454487afddd2ed06039bc7a511e9ebe9c51223c5e9f245f0_0", "is_ignored": false, "lines": "<link rel=\"stylesheet\" href=\"https://cdnjs.cloudflare.com/ajax/libs/font-awesome/4.7.0/css/font-awesome.min.css\">", "message": "This tag is missing an 'integrity' subresource integrity attribute. The 'integrity' attribute allows for the browser to verify that externally hosted files (for example from a CDN) are delivered without unexpected manipulation. Without this attribute, if an attacker can modify the externally hosted resource, this could lead to XSS and other types of attacks. To prevent this, include the base64-encoded cryptographic hash of the resource (file) you\u2019re telling the browser to fetch in the 'integrity' attribute for all externally hosted files.", "metadata": {"category": "security", "confidence": "LOW", "cwe": ["CWE-353: Missing Support for Integrity Check"], "impact": "LOW", "license": "Commons Clause License Condition v1.0[LGPL-2.1-only]", "likelihood": "LOW", "owasp": ["A08:2021 - Software and Data Integrity Failures"], "references": ["https://owasp.org/Top10/A08_2021-Software_and_Data_Integrity_Failures"], "semgrep.dev": {"rule": {"origin": "community", "r_id": 13728, "rule_id": "AbUQzj", "rv_id": 833890, "url": "https://semgrep.dev/playground/r/nWTy4vO/html.security.audit.missing-integrity.missing-integrity", "version_id": "nWTy4vO"}}, "shortlink": "https://sg.run/krXA", "source": "https://semgrep.dev/r/html.security.audit.missing-integrity.missing-integrity", "subcategory": ["audit"], "technology": ["html"], "vulnerability_class": ["Cryptographic Issues"]}, "metavars": {"$...A": {"abstract_content": " rel=\"stylesheet\" href=\"https://cdnjs.cloudflare.com/ajax/libs/font-awesome/4.7.0/css/font-awesome.min.css\"", "end": {"col": 113, "line": 673, "offset": 37627}, "start": {"col": 6, "line": 673, "offset": 37520}}}, "severity": "WARNING", "validation_state": "NO_VALIDATOR"}, "path": "docs/index.html", "start": {"col": 1, "line": 673, "offset": 37515}}, {"check_id": "html.security.audit.missing-integrity.missing-integrity", "end": {"col": 84, "line": 763, "offset": 41303}, "extra": {"engine_kind": "OSS", "fingerprint": "d70b1634e9dc0dfbd77548c9f94ea55083b8f218143a443176d82112473ed83176da7cbe36c76582e0da79037b5421c30c316a286419e284809828a89ec37856_0", "is_ignored": false, "lines": "<link rel=\"icon\" type=\"image/png\" href=\"//bonigarcia.dev/img/webdrivermanager.png\">", "message": "This tag is missing an 'integrity' subresource integrity attribute. The 'integrity' attribute allows for the browser to verify that externally hosted files (for example from a CDN) are delivered without unexpected manipulation. Without this attribute, if an attacker can modify the externally hosted resource, this could lead to XSS and other types of attacks. To prevent this, include the base64-encoded cryptographic hash of the resource (file) you\u2019re telling the browser to fetch in the 'integrity' attribute for all externally hosted files.", "metadata": {"category": "security", "confidence": "LOW", "cwe": ["CWE-353: Missing Support for Integrity Check"], "impact": "LOW", "license": "Commons Clause License Condition v1.0[LGPL-2.1-only]", "likelihood": "LOW", "owasp": ["A08:2021 - Software and Data Integrity Failures"], "references": ["https://owasp.org/Top10/A08_2021-Software_and_Data_Integrity_Failures"], "semgrep.dev": {"rule": {"origin": "community", "r_id": 13728, "rule_id": "AbUQzj", "rv_id": 833890, "url": "https://semgrep.dev/playground/r/nWTy4vO/html.security.audit.missing-integrity.missing-integrity", "version_id": "nWTy4vO"}}, "shortlink": "https://sg.run/krXA", "source": "https://semgrep.dev/r/html.security.audit.missing-integrity.missing-integrity", "subcategory": ["audit"], "technology": ["html"], "vulnerability_class": ["Cryptographic Issues"]}, "metavars": {"$...A": {"abstract_content": " rel=\"icon\" type=\"image/png\" href=\"//bonigarcia.dev/img/webdrivermanager.png\"", "end": {"col": 83, "line": 763, "offset": 41302}, "start": {"col": 6, "line": 763, "offset": 41225}}}, "severity": "WARNING", "validation_state": "NO_VALIDATOR"}, "path": "docs/index.html", "start": {"col": 1, "line": 763, "offset": 41220}}, {"check_id": "html.security.audit.missing-integrity.missing-integrity", "end": {"col": 30, "line": 939, "offset": 47984}, "extra": {"engine_kind": "OSS", "fingerprint": "d28ae7af11cf1e3cbb23f1ba7ef3d0796ff55947ff524b4bccf06853128bbe4830e105740aac00d90d3c5d8da32b9df9676a23f143d7911d328238bf7e592999_0", "is_ignored": false, "lines": "<script async type=\"text/javascript\"\n\tsrc=\"//cdn.carbonads.com/carbon.js?serve=CEADT23M&placement=bonigarciadev\"\n\tid=\"_carbonads_js\"></script>", "message": "This tag is missing an 'integrity' subresource integrity attribute. The 'integrity' attribute allows for the browser to verify that externally hosted files (for example from a CDN) are delivered without unexpected manipulation. Without this attribute, if an attacker can modify the externally hosted resource, this could lead to XSS and other types of attacks. To prevent this, include the base64-encoded cryptographic hash of the resource (file) you\u2019re telling the browser to fetch in the 'integrity' attribute for all externally hosted files.", "metadata": {"category": "security", "confidence": "LOW", "cwe": ["CWE-353: Missing Support for Integrity Check"], "impact": "LOW", "license": "Commons Clause License Condition v1.0[LGPL-2.1-only]", "likelihood": "LOW", "owasp": ["A08:2021 - Software and Data Integrity Failures"], "references": ["https://owasp.org/Top10/A08_2021-Software_and_Data_Integrity_Failures"], "semgrep.dev": {"rule": {"origin": "community", "r_id": 13728, "rule_id": "AbUQzj", "rv_id": 833890, "url": "https://semgrep.dev/playground/r/nWTy4vO/html.security.audit.missing-integrity.missing-integrity", "version_id": "nWTy4vO"}}, "shortlink": "https://sg.run/krXA", "source": "https://semgrep.dev/r/html.security.audit.missing-integrity.missing-integrity", "subcategory": ["audit"], "technology": ["html"], "vulnerability_class": ["Cryptographic Issues"]}, "metavars": {"$...A": {"abstract_content": " async type=\"text/javascript\"\r\n\tsrc=\"//cdn.carbonads.com/carbon.js?serve=CEADT23M&placement=bonigarciadev\"\r\n\tid=\"_carbonads_js\"", "end": {"col": 20, "line": 939, "offset": 47974}, "start": {"col": 8, "line": 937, "offset": 47847}}}, "severity": "WARNING", "validation_state": "NO_VALIDATOR"}, "path": "docs/index.html", "start": {"col": 1, "line": 937, "offset": 47840}}, {"check_id": "html.security.plaintext-http-link.plaintext-http-link", "end": {"col": 400, "line": 1101, "offset": 63004}, "extra": {"engine_kind": "OSS", "fingerprint": "705bed4fcb5bba31f09c117142cc3d62ac867a25de0dbca6ad14470c486adcdec99ce60512b5aa796941b98c35527f663d5d9e56d5b7d979b14eb124be4e6554_0", "is_ignored": false, "lines": "Although not mandatory, it is highly recommended to use a logger library to trace your application and tests. In the case of WebDriverManager, you will see the relevant steps of the driver management following its traces. See for example the following <a href=\"https://www.stubbornjava.com/posts/logging-in-java-with-slf4j-and-logback)\">tutorial</a> to use <a href=\"http://www.slf4j.org/\">SLF4J </a> and <a href=\"http://logback.qos.ch/\">Logback</a>. Also, you can see an example of a WebDriverManager test using logging <a href=\"https://github.com/bonigarcia/webdrivermanager/blob/master/src/test/java/io/github/bonigarcia/wdm/test/firefox/FirefoxTest.java\">here</a> (this example uses this <a href=\"https://github.com/bonigarcia/webdrivermanager/blob/master/src/main/resources/logback.xml\">configuration file</a>).", "message": "This link points to a plaintext HTTP URL. Prefer an encrypted HTTPS URL if possible.", "metadata": {"category": "security", "confidence": "HIGH", "cwe": ["CWE-319: Cleartext Transmission of Sensitive Information"], "impact": "LOW", "license": "Commons Clause License Condition v1.0[LGPL-2.1-only]", "likelihood": "LOW", "owasp": ["A03:2017 - Sensitive Data Exposure", "A02:2021 - Cryptographic Failures"], "references": ["https://cwe.mitre.org/data/definitions/319.html"], "semgrep.dev": {"rule": {"origin": "community", "r_id": 39193, "rule_id": "AbUnNo", "rv_id": 833891, "url": "https://semgrep.dev/playground/r/ExTrDzp/html.security.plaintext-http-link.plaintext-http-link", "version_id": "ExTrDzp"}}, "shortlink": "https://sg.run/RA5q", "source": "https://semgrep.dev/r/html.security.plaintext-http-link.plaintext-http-link", "subcategory": ["vuln"], "technology": ["html"], "vulnerability_class": ["Mishandled Sensitive Information"]}, "metavars": {"$URL": {"abstract_content": "http://www.slf4j.org/", "end": {"col": 388, "line": 1101, "offset": 62992}, "start": {"col": 367, "line": 1101, "offset": 62971}}}, "severity": "WARNING", "validation_state": "NO_VALIDATOR"}, "path": "docs/index.html", "start": {"col": 358, "line": 1101, "offset": 62962}}, {"check_id": "html.security.plaintext-http-link.plaintext-http-link", "end": {"col": 449, "line": 1101, "offset": 63053}, "extra": {"engine_kind": "OSS", "fingerprint": "6c9af33a81152004cd6f71ffd27fe148f8199bb795d1038d636d7eeba553c1f60b90fe19ed5021f96bcca683c07a2e4c62892d42471a8335e480c4cf676cab42_0", "is_ignored": false, "lines": "Although not mandatory, it is highly recommended to use a logger library to trace your application and tests. In the case of WebDriverManager, you will see the relevant steps of the driver management following its traces. See for example the following <a href=\"https://www.stubbornjava.com/posts/logging-in-java-with-slf4j-and-logback)\">tutorial</a> to use <a href=\"http://www.slf4j.org/\">SLF4J </a> and <a href=\"http://logback.qos.ch/\">Logback</a>. Also, you can see an example of a WebDriverManager test using logging <a href=\"https://github.com/bonigarcia/webdrivermanager/blob/master/src/test/java/io/github/bonigarcia/wdm/test/firefox/FirefoxTest.java\">here</a> (this example uses this <a href=\"https://github.com/bonigarcia/webdrivermanager/blob/master/src/main/resources/logback.xml\">configuration file</a>).", "message": "This link points to a plaintext HTTP URL. Prefer an encrypted HTTPS URL if possible.", "metadata": {"category": "security", "confidence": "HIGH", "cwe": ["CWE-319: Cleartext Transmission of Sensitive Information"], "impact": "LOW", "license": "Commons Clause License Condition v1.0[LGPL-2.1-only]", "likelihood": "LOW", "owasp": ["A03:2017 - Sensitive Data Exposure", "A02:2021 - Cryptographic Failures"], "references": ["https://cwe.mitre.org/data/definitions/319.html"], "semgrep.dev": {"rule": {"origin": "community", "r_id": 39193, "rule_id": "AbUnNo", "rv_id": 833891, "url": "https://semgrep.dev/playground/r/ExTrDzp/html.security.plaintext-http-link.plaintext-http-link", "version_id": "ExTrDzp"}}, "shortlink": "https://sg.run/RA5q", "source": "https://semgrep.dev/r/html.security.plaintext-http-link.plaintext-http-link", "subcategory": ["vuln"], "technology": ["html"], "vulnerability_class": ["Mishandled Sensitive Information"]}, "metavars": {"$URL": {"abstract_content": "http://logback.qos.ch/", "end": {"col": 436, "line": 1101, "offset": 63040}, "start": {"col": 414, "line": 1101, "offset": 63018}}}, "severity": "WARNING", "validation_state": "NO_VALIDATOR"}, "path": "docs/index.html", "start": {"col": 405, "line": 1101, "offset": 63009}}, {"check_id": "html.security.plaintext-http-link.plaintext-http-link", "end": {"col": 87, "line": 2244, "offset": 137102}, "extra": {"engine_kind": "OSS", "fingerprint": "319a0591505ebea0f3d934b585c251accb205772d2332bfed93aeefc7df07b28dcec822a46992b08b529a9fe55ec370abb162661c58298901027d9ed93ee34c0_0", "is_ignored": false, "lines": "<p><a href=\"http://localhost:4444/chromedriver\">http://localhost:4444/chromedriver</a>: To resolve chromedriver.</p>", "message": "This link points to a plaintext HTTP URL. Prefer an encrypted HTTPS URL if possible.", "metadata": {"category": "security", "confidence": "HIGH", "cwe": ["CWE-319: Cleartext Transmission of Sensitive Information"], "impact": "LOW", "license": "Commons Clause License Condition v1.0[LGPL-2.1-only]", "likelihood": "LOW", "owasp": ["A03:2017 - Sensitive Data Exposure", "A02:2021 - Cryptographic Failures"], "references": ["https://cwe.mitre.org/data/definitions/319.html"], "semgrep.dev": {"rule": {"origin": "community", "r_id": 39193, "rule_id": "AbUnNo", "rv_id": 833891, "url": "https://semgrep.dev/playground/r/ExTrDzp/html.security.plaintext-http-link.plaintext-http-link", "version_id": "ExTrDzp"}}, "shortlink": "https://sg.run/RA5q", "source": "https://semgrep.dev/r/html.security.plaintext-http-link.plaintext-http-link", "subcategory": ["vuln"], "technology": ["html"], "vulnerability_class": ["Mishandled Sensitive Information"]}, "metavars": {"$URL": {"abstract_content": "http://localhost:4444/chromedriver", "end": {"col": 47, "line": 2244, "offset": 137062}, "start": {"col": 13, "line": 2244, "offset": 137028}}}, "severity": "WARNING", "validation_state": "NO_VALIDATOR"}, "path": "docs/index.html", "start": {"col": 4, "line": 2244, "offset": 137019}}, {"check_id": "html.security.plaintext-http-link.plaintext-http-link", "end": {"col": 89, "line": 2247, "offset": 137235}, "extra": {"engine_kind": "OSS", "fingerprint": "5e97c936456a58951198c2949d04cc239329e11f96bbb05282bd22318559e12cd7a2cbcba47cebbb134cec81795239d7d785505f5d822bea86ca08d15d53caca_0", "is_ignored": false, "lines": "<p><a href=\"http://localhost:4444/firefoxdriver\">http://localhost:4444/firefoxdriver</a>: To resolve geckodriver.</p>", "message": "This link points to a plaintext HTTP URL. Prefer an encrypted HTTPS URL if possible.", "metadata": {"category": "security", "confidence": "HIGH", "cwe": ["CWE-319: Cleartext Transmission of Sensitive Information"], "impact": "LOW", "license": "Commons Clause License Condition v1.0[LGPL-2.1-only]", "likelihood": "LOW", "owasp": ["A03:2017 - Sensitive Data Exposure", "A02:2021 - Cryptographic Failures"], "references": ["https://cwe.mitre.org/data/definitions/319.html"], "semgrep.dev": {"rule": {"origin": "community", "r_id": 39193, "rule_id": "AbUnNo", "rv_id": 833891, "url": "https://semgrep.dev/playground/r/ExTrDzp/html.security.plaintext-http-link.plaintext-http-link", "version_id": "ExTrDzp"}}, "shortlink": "https://sg.run/RA5q", "source": "https://semgrep.dev/r/html.security.plaintext-http-link.plaintext-http-link", "subcategory": ["vuln"], "technology": ["html"], "vulnerability_class": ["Mishandled Sensitive Information"]}, "metavars": {"$URL": {"abstract_content": "http://localhost:4444/firefoxdriver", "end": {"col": 48, "line": 2247, "offset": 137194}, "start": {"col": 13, "line": 2247, "offset": 137159}}}, "severity": "WARNING", "validation_state": "NO_VALIDATOR"}, "path": "docs/index.html", "start": {"col": 4, "line": 2247, "offset": 137150}}, {"check_id": "html.security.plaintext-http-link.plaintext-http-link", "end": {"col": 83, "line": 2250, "offset": 137361}, "extra": {"engine_kind": "OSS", "fingerprint": "5681bce202a10ecc6f07a0bf888df443635dd424349f43b82833b98a71533014965a7061eed8bf523deb4ba1ae1253131a4b59faf9752c93929c22414424bc4c_0", "is_ignored": false, "lines": "<p><a href=\"http://localhost:4444/edgedriver\">http://localhost:4444/edgedriver</a>: To resolve msedgedriver.</p>", "message": "This link points to a plaintext HTTP URL. Prefer an encrypted HTTPS URL if possible.", "metadata": {"category": "security", "confidence": "HIGH", "cwe": ["CWE-319: Cleartext Transmission of Sensitive Information"], "impact": "LOW", "license": "Commons Clause License Condition v1.0[LGPL-2.1-only]", "likelihood": "LOW", "owasp": ["A03:2017 - Sensitive Data Exposure", "A02:2021 - Cryptographic Failures"], "references": ["https://cwe.mitre.org/data/definitions/319.html"], "semgrep.dev": {"rule": {"origin": "community", "r_id": 39193, "rule_id": "AbUnNo", "rv_id": 833891, "url": "https://semgrep.dev/playground/r/ExTrDzp/html.security.plaintext-http-link.plaintext-http-link", "version_id": "ExTrDzp"}}, "shortlink": "https://sg.run/RA5q", "source": "https://semgrep.dev/r/html.security.plaintext-http-link.plaintext-http-link", "subcategory": ["vuln"], "technology": ["html"], "vulnerability_class": ["Mishandled Sensitive Information"]}, "metavars": {"$URL": {"abstract_content": "http://localhost:4444/edgedriver", "end": {"col": 45, "line": 2250, "offset": 137323}, "start": {"col": 13, "line": 2250, "offset": 137291}}}, "severity": "WARNING", "validation_state": "NO_VALIDATOR"}, "path": "docs/index.html", "start": {"col": 4, "line": 2250, "offset": 137282}}, {"check_id": "html.security.plaintext-http-link.plaintext-http-link", "end": {"col": 85, "line": 2253, "offset": 137490}, "extra": {"engine_kind": "OSS", "fingerprint": "ba21c0e02ad7e5eeeda59fc1be085e70b18f100f0ffbf91dc1026bda1cfc48023c97670b6d3003f0087a597313e084a8f79fdf96921c52296a41bec1d85438ae_0", "is_ignored": false, "lines": "<p><a href=\"http://localhost:4444/operadriver\">http://localhost:4444/operadriver</a>: To resolve geckodriver.</p>", "message": "This link points to a plaintext HTTP URL. Prefer an encrypted HTTPS URL if possible.", "metadata": {"category": "security", "confidence": "HIGH", "cwe": ["CWE-319: Cleartext Transmission of Sensitive Information"], "impact": "LOW", "license": "Commons Clause License Condition v1.0[LGPL-2.1-only]", "likelihood": "LOW", "owasp": ["A03:2017 - Sensitive Data Exposure", "A02:2021 - Cryptographic Failures"], "references": ["https://cwe.mitre.org/data/definitions/319.html"], "semgrep.dev": {"rule": {"origin": "community", "r_id": 39193, "rule_id": "AbUnNo", "rv_id": 833891, "url": "https://semgrep.dev/playground/r/ExTrDzp/html.security.plaintext-http-link.plaintext-http-link", "version_id": "ExTrDzp"}}, "shortlink": "https://sg.run/RA5q", "source": "https://semgrep.dev/r/html.security.plaintext-http-link.plaintext-http-link", "subcategory": ["vuln"], "technology": ["html"], "vulnerability_class": ["Mishandled Sensitive Information"]}, "metavars": {"$URL": {"abstract_content": "http://localhost:4444/operadriver", "end": {"col": 46, "line": 2253, "offset": 137451}, "start": {"col": 13, "line": 2253, "offset": 137418}}}, "severity": "WARNING", "validation_state": "NO_VALIDATOR"}, "path": "docs/index.html", "start": {"col": 4, "line": 2253, "offset": 137409}}, {"check_id": "html.security.plaintext-http-link.plaintext-http-link", "end": {"col": 79, "line": 2256, "offset": 137612}, "extra": {"engine_kind": "OSS", "fingerprint": "ea0fb93b93b0e4bf108ab8e6bd6204d71da4f204fb5ce8a0bb2bc8f84340edc325a8860345d0a7d7aafc3b81a50718711bf940d29c4af43ed79a1ee01239938c_0", "is_ignored": false, "lines": "<p><a href=\"http://localhost:4444/iedriver\">http://localhost:4444/iedriver</a>: To resolve geckodriver.</p>", "message": "This link points to a plaintext HTTP URL. Prefer an encrypted HTTPS URL if possible.", "metadata": {"category": "security", "confidence": "HIGH", "cwe": ["CWE-319: Cleartext Transmission of Sensitive Information"], "impact": "LOW", "license": "Commons Clause License Condition v1.0[LGPL-2.1-only]", "likelihood": "LOW", "owasp": ["A03:2017 - Sensitive Data Exposure", "A02:2021 - Cryptographic Failures"], "references": ["https://cwe.mitre.org/data/definitions/319.html"], "semgrep.dev": {"rule": {"origin": "community", "r_id": 39193, "rule_id": "AbUnNo", "rv_id": 833891, "url": "https://semgrep.dev/playground/r/ExTrDzp/html.security.plaintext-http-link.plaintext-http-link", "version_id": "ExTrDzp"}}, "shortlink": "https://sg.run/RA5q", "source": "https://semgrep.dev/r/html.security.plaintext-http-link.plaintext-http-link", "subcategory": ["vuln"], "technology": ["html"], "vulnerability_class": ["Mishandled Sensitive Information"]}, "metavars": {"$URL": {"abstract_content": "http://localhost:4444/iedriver", "end": {"col": 43, "line": 2256, "offset": 137576}, "start": {"col": 13, "line": 2256, "offset": 137546}}}, "severity": "WARNING", "validation_state": "NO_VALIDATOR"}, "path": "docs/index.html", "start": {"col": 4, "line": 2256, "offset": 137537}}, {"check_id": "html.security.plaintext-http-link.plaintext-http-link", "end": {"col": 444, "line": 2267, "offset": 138250}, "extra": {"engine_kind": "OSS", "fingerprint": "e4104b956c267084ad76ba49c25f4f32195f894c2c153a3df6b2771c03c8080461b9cfbd577877bd3f1a5ec2c5f65b90987dd5b040722aabcda1b4556569477e_0", "is_ignored": false, "lines": "You can parametrize these URLs using all the configuration keys available in WebDriverManager (see the <a href=\"#advanced-configuration\">advanced configuration</a> section) as parameters, but removing the <code>wdm.</code> preffix. For instance, the URL for requesting the resolution of chromedriver for Chrome 100 would be <a href=\"http://localhost:4444/chromedriver?chromeVersion=100\">http://localhost:4444/chromedriver?chromeVersion=100</a>.", "message": "This link points to a plaintext HTTP URL. Prefer an encrypted HTTPS URL if possible.", "metadata": {"category": "security", "confidence": "HIGH", "cwe": ["CWE-319: Cleartext Transmission of Sensitive Information"], "impact": "LOW", "license": "Commons Clause License Condition v1.0[LGPL-2.1-only]", "likelihood": "LOW", "owasp": ["A03:2017 - Sensitive Data Exposure", "A02:2021 - Cryptographic Failures"], "references": ["https://cwe.mitre.org/data/definitions/319.html"], "semgrep.dev": {"rule": {"origin": "community", "r_id": 39193, "rule_id": "AbUnNo", "rv_id": 833891, "url": "https://semgrep.dev/playground/r/ExTrDzp/html.security.plaintext-http-link.plaintext-http-link", "version_id": "ExTrDzp"}}, "shortlink": "https://sg.run/RA5q", "source": "https://semgrep.dev/r/html.security.plaintext-http-link.plaintext-http-link", "subcategory": ["vuln"], "technology": ["html"], "vulnerability_class": ["Mishandled Sensitive Information"]}, "metavars": {"$URL": {"abstract_content": "http://localhost:4444/chromedriver?chromeVersion=100", "end": {"col": 386, "line": 2267, "offset": 138192}, "start": {"col": 334, "line": 2267, "offset": 138140}}}, "severity": "WARNING", "validation_state": "NO_VALIDATOR"}, "path": "docs/index.html", "start": {"col": 325, "line": 2267, "offset": 138131}}, {"check_id": "html.security.plaintext-http-link.plaintext-http-link", "end": {"col": 535, "line": 2273, "offset": 138844}, "extra": {"engine_kind": "OSS", "fingerprint": "1d8c696c77923bd60c29b78be9914be7d0b0101d4e9bb19a73d56584f18b1a4d140153fa7b39a21117137d2c8b8b8efe6975edf6ebd37eed6eb86bc4c67e09ee_0", "is_ignored": false, "lines": "<p>Second, the WebDriverManager Server acts as a regular Selenium Server (i.e., a <em>hub</em> in the classical Selenium Grid architecture). This feature can create remote <code>WebDriver</code> instances using the WebDriverManager Server (even for different language bindings than Java). The following example shows a Node.js test using Selenium WebDriver and WebDriverManager Server (notice that by default, the WebDriverManager Server URL does not require any path, i.e., <a href=\"http://localhost:4444/\">http://localhost:4444/</a>):</p>", "message": "This link points to a plaintext HTTP URL. Prefer an encrypted HTTPS URL if possible.", "metadata": {"category": "security", "confidence": "HIGH", "cwe": ["CWE-319: Cleartext Transmission of Sensitive Information"], "impact": "LOW", "license": "Commons Clause License Condition v1.0[LGPL-2.1-only]", "likelihood": "LOW", "owasp": ["A03:2017 - Sensitive Data Exposure", "A02:2021 - Cryptographic Failures"], "references": ["https://cwe.mitre.org/data/definitions/319.html"], "semgrep.dev": {"rule": {"origin": "community", "r_id": 39193, "rule_id": "AbUnNo", "rv_id": 833891, "url": "https://semgrep.dev/playground/r/ExTrDzp/html.security.plaintext-http-link.plaintext-http-link", "version_id": "ExTrDzp"}}, "shortlink": "https://sg.run/RA5q", "source": "https://semgrep.dev/r/html.security.plaintext-http-link.plaintext-http-link", "subcategory": ["vuln"], "technology": ["html"], "vulnerability_class": ["Mishandled Sensitive Information"]}, "metavars": {"$URL": {"abstract_content": "http://localhost:4444/", "end": {"col": 507, "line": 2273, "offset": 138816}, "start": {"col": 485, "line": 2273, "offset": 138794}}}, "severity": "WARNING", "validation_state": "NO_VALIDATOR"}, "path": "docs/index.html", "start": {"col": 476, "line": 2273, "offset": 138785}}, {"check_id": "html.security.audit.missing-integrity.missing-integrity", "end": {"col": 30, "line": 77, "offset": 1371}, "extra": {"engine_kind": "OSS", "fingerprint": "d029b7485fe79451bd4c39ba90da6a720a2b5a9bb8738b82715e234e01eb9feb6f6f8f0629c91776dfc9ec6bb53a38add8c688111c57b5b2f5e6f5f9cbe810d0_0", "is_ignored": false, "lines": "<script async type=\"text/javascript\"\n\tsrc=\"//cdn.carbonads.com/carbon.js?serve=CEADT23M&placement=bonigarciadev\"\n\tid=\"_carbonads_js\"></script>", "message": "This tag is missing an 'integrity' subresource integrity attribute. The 'integrity' attribute allows for the browser to verify that externally hosted files (for example from a CDN) are delivered without unexpected manipulation. Without this attribute, if an attacker can modify the externally hosted resource, this could lead to XSS and other types of attacks. To prevent this, include the base64-encoded cryptographic hash of the resource (file) you\u2019re telling the browser to fetch in the 'integrity' attribute for all externally hosted files.", "metadata": {"category": "security", "confidence": "LOW", "cwe": ["CWE-353: Missing Support for Integrity Check"], "impact": "LOW", "license": "Commons Clause License Condition v1.0[LGPL-2.1-only]", "likelihood": "LOW", "owasp": ["A08:2021 - Software and Data Integrity Failures"], "references": ["https://owasp.org/Top10/A08_2021-Software_and_Data_Integrity_Failures"], "semgrep.dev": {"rule": {"origin": "community", "r_id": 13728, "rule_id": "AbUQzj", "rv_id": 833890, "url": "https://semgrep.dev/playground/r/nWTy4vO/html.security.audit.missing-integrity.missing-integrity", "version_id": "nWTy4vO"}}, "shortlink": "https://sg.run/krXA", "source": "https://semgrep.dev/r/html.security.audit.missing-integrity.missing-integrity", "subcategory": ["audit"], "technology": ["html"], "vulnerability_class": ["Cryptographic Issues"]}, "metavars": {"$...A": {"abstract_content": " async type=\"text/javascript\"\r\n\tsrc=\"//cdn.carbonads.com/carbon.js?serve=CEADT23M&placement=bonigarciadev\"\r\n\tid=\"_carbonads_js\"", "end": {"col": 20, "line": 77, "offset": 1361}, "start": {"col": 8, "line": 75, "offset": 1234}}}, "severity": "WARNING", "validation_state": "NO_VALIDATOR"}, "path": "src/doc/asciidoc/carbon.html", "start": {"col": 1, "line": 75, "offset": 1227}}, {"check_id": "html.security.audit.missing-integrity.missing-integrity", "end": {"col": 84, "line": 1, "offset": 83}, "extra": {"engine_kind": "OSS", "fingerprint": "40bb264eda731229219e3dde2691b749e6f9d17fe0e4e575b66b70dd98e2586edd53566d0758bd744dcec399833e11dacfbc7202cbf63a76fbef6961934aaa39_0", "is_ignored": false, "lines": "<link rel=\"icon\" type=\"image/png\" href=\"//bonigarcia.dev/img/webdrivermanager.png\">", "message": "This tag is missing an 'integrity' subresource integrity attribute. The 'integrity' attribute allows for the browser to verify that externally hosted files (for example from a CDN) are delivered without unexpected manipulation. Without this attribute, if an attacker can modify the externally hosted resource, this could lead to XSS and other types of attacks. To prevent this, include the base64-encoded cryptographic hash of the resource (file) you\u2019re telling the browser to fetch in the 'integrity' attribute for all externally hosted files.", "metadata": {"category": "security", "confidence": "LOW", "cwe": ["CWE-353: Missing Support for Integrity Check"], "impact": "LOW", "license": "Commons Clause License Condition v1.0[LGPL-2.1-only]", "likelihood": "LOW", "owasp": ["A08:2021 - Software and Data Integrity Failures"], "references": ["https://owasp.org/Top10/A08_2021-Software_and_Data_Integrity_Failures"], "semgrep.dev": {"rule": {"origin": "community", "r_id": 13728, "rule_id": "AbUQzj", "rv_id": 833890, "url": "https://semgrep.dev/playground/r/nWTy4vO/html.security.audit.missing-integrity.missing-integrity", "version_id": "nWTy4vO"}}, "shortlink": "https://sg.run/krXA", "source": "https://semgrep.dev/r/html.security.audit.missing-integrity.missing-integrity", "subcategory": ["audit"], "technology": ["html"], "vulnerability_class": ["Cryptographic Issues"]}, "metavars": {"$...A": {"abstract_content": " rel=\"icon\" type=\"image/png\" href=\"//bonigarcia.dev/img/webdrivermanager.png\"", "end": {"col": 83, "line": 1, "offset": 82}, "start": {"col": 6, "line": 1, "offset": 5}}}, "severity": "WARNING", "validation_state": "NO_VALIDATOR"}, "path": "src/doc/asciidoc/docinfo.html", "start": {"col": 1, "line": 1, "offset": 0}}, {"check_id": "java.lang.security.audit.xxe.documentbuilderfactory-disallow-doctype-decl-missing.documentbuilderfactory-disallow-doctype-decl-missing", "end": {"col": 64, "line": 1601, "offset": 58073}, "extra": {"dataflow_trace": {"intermediate_vars": [{"content": "factory", "location": {"end": {"col": 39, "line": 1599, "offset": 57926}, "path": "src/main/java/io/github/bonigarcia/wdm/WebDriverManager.java", "start": {"col": 32, "line": 1599, "offset": 57919}}}], "taint_sink": ["CliLoc", [{"end": {"col": 64, "line": 1601, "offset": 58073}, "path": "src/main/java/io/github/bonigarcia/wdm/WebDriverManager.java", "start": {"col": 9, "line": 1601, "offset": 58018}}, "DocumentBuilder builder = factory.newDocumentBuilder();"]], "taint_source": ["CliLoc", [{"end": {"col": 79, "line": 1599, "offset": 57966}, "path": "src/main/java/io/github/bonigarcia/wdm/WebDriverManager.java", "start": {"col": 9, "line": 1599, "offset": 57896}}, "DocumentBuilderFactory factory = DocumentBuilderFactory.newInstance();"]]}, "engine_kind": "OSS", "fingerprint": "78835a6496ae646df8eab4039ca085fbcc471ae9c3887266ab9db05216c7ae78df549a3abe0710e5726eafcaf94f8ddd1f66110da93bbefd41ce118d1c40f805_0", "fix": "factory.setFeature(\"http://apache.org/xml/features/disallow-doctype-decl\", true);\n        factory.newDocumentBuilder();", "is_ignored": false, "lines": "        DocumentBuilder builder = factory.newDocumentBuilder();", "message": "DOCTYPE declarations are enabled for this DocumentBuilderFactory. This is vulnerable to XML external entity attacks. Disable this by setting the feature \"http://apache.org/xml/features/disallow-doctype-decl\" to true. Alternatively, allow DOCTYPE declarations and only prohibit external entities declarations. This can be done by setting the features \"http://xml.org/sax/features/external-general-entities\" and \"http://xml.org/sax/features/external-parameter-entities\" to false.", "metadata": {"asvs": {"control_id": "5.5.2 Insecue XML Deserialization", "control_url": "https://github.com/OWASP/ASVS/blob/master/4.0/en/0x13-V5-Validation-Sanitization-Encoding.md#v55-deserialization-prevention", "section": "V5 Validation, Sanitization and Encoding", "version": "4"}, "category": "security", "confidence": "HIGH", "cwe": ["CWE-611: Improper Restriction of XML External Entity Reference"], "cwe2021-top25": true, "cwe2022-top25": true, "impact": "HIGH", "license": "Commons Clause License Condition v1.0[LGPL-2.1-only]", "likelihood": "LOW", "owasp": ["A04:2017 - XML External Entities (XXE)", "A05:2021 - Security Misconfiguration"], "references": ["https://semgrep.dev/blog/2022/xml-security-in-java", "https://semgrep.dev/docs/cheat-sheets/java-xxe/", "https://blog.sonarsource.com/secure-xml-processor", "https://xerces.apache.org/xerces2-j/features.html"], "semgrep.dev": {"rule": {"origin": "community", "r_id": 18245, "rule_id": "10UPQB", "rv_id": 833986, "url": "https://semgrep.dev/playground/r/O9TJWWv/java.lang.security.audit.xxe.documentbuilderfactory-disallow-doctype-decl-missing.documentbuilderfactory-disallow-doctype-decl-missing", "version_id": "O9TJWWv"}}, "shortlink": "https://sg.run/PYBz", "source": "https://semgrep.dev/r/java.lang.security.audit.xxe.documentbuilderfactory-disallow-doctype-decl-missing.documentbuilderfactory-disallow-doctype-decl-missing", "subcategory": ["vuln"], "technology": ["java", "xml"], "vulnerability_class": ["XML Injection"]}, "metavars": {"$FACTORY": {"abstract_content": "factory", "end": {"col": 39, "line": 1599, "offset": 57926}, "start": {"col": 32, "line": 1599, "offset": 57919}}}, "severity": "ERROR", "validation_state": "NO_VALIDATOR"}, "path": "src/main/java/io/github/bonigarcia/wdm/WebDriverManager.java", "start": {"col": 9, "line": 1601, "offset": 58018}}, {"check_id": "java.lang.security.audit.unsafe-reflection.unsafe-reflection", "end": {"col": 64, "line": 1963, "offset": 72825}, "extra": {"engine_kind": "OSS", "fingerprint": "fa2bec7bae9ff4be7c5ca843fdabe5f3bccd2db601bc02acf9609c77f35684c6bf38efade895979f6c791a9f0a2bf4136282a240d5c5c8d2dddd9effc0747e8b_0", "is_ignored": false, "lines": "                    : Class.forName(managerType.browserClass());", "message": "If an attacker can supply values that the application then uses to determine which class to instantiate or which method to invoke, the potential exists for the attacker to create control flow paths through the application that were not intended by the application developers. This attack vector may allow the attacker to bypass authentication or access control checks or otherwise cause the application to behave in an unexpected manner.", "metadata": {"category": "security", "confidence": "LOW", "cwe": ["CWE-470: Use of Externally-Controlled Input to Select Classes or Code ('Unsafe Reflection')"], "impact": "LOW", "license": "Commons Clause License Condition v1.0[LGPL-2.1-only]", "likelihood": "LOW", "owasp": ["A03:2021 - Injection"], "references": ["https://owasp.org/Top10/A03_2021-Injection"], "semgrep.dev": {"rule": {"origin": "community", "r_id": 9993, "rule_id": "DbUW1W", "rv_id": 833974, "url": "https://semgrep.dev/playground/r/2KT7xJ0/java.lang.security.audit.unsafe-reflection.unsafe-reflection", "version_id": "2KT7xJ0"}}, "shortlink": "https://sg.run/R8X8", "source": "https://semgrep.dev/r/java.lang.security.audit.unsafe-reflection.unsafe-reflection", "source-rule-url": "https://owasp.org/www-community/vulnerabilities/Unsafe_use_of_Reflection", "subcategory": ["audit"], "technology": ["java"], "vulnerability_class": ["Improper Authorization"]}, "metavars": {"$CLASS": {"abstract_content": "managerType.browserClass()", "end": {"col": 63, "line": 1963, "offset": 72824}, "start": {"col": 37, "line": 1963, "offset": 72798}}}, "severity": "WARNING", "validation_state": "NO_VALIDATOR"}, "path": "src/main/java/io/github/bonigarcia/wdm/WebDriverManager.java", "start": {"col": 23, "line": 1963, "offset": 72784}}, {"check_id": "problem-based-packs.insecure-transport.java-stdlib.disallow-old-tls-versions1.disallow-old-tls-versions1", "end": {"col": 48, "line": 109, "offset": 4574}, "extra": {"engine_kind": "OSS", "fingerprint": "4edf5922116ba9952680db51c563ef2710286ae700555e30a9fa588d532ca20679ec20cb38965f7dfe6579fa3826f630d37eeb31f858f48af1cd9c605934ff1f_0", "is_ignored": false, "lines": "            SSLConnectionSocketFactory sslsf = new SSLConnectionSocketFactory(\n                    sslContext, allHostsValid);", "message": "Detects direct creations of SSLConnectionSocketFactories that don't disallow SSL v2, SSL v3, and TLS v1. SSLSocketFactory can be used to validate the identity of the HTTPS server against a list of trusted certificates. These protocols are deprecated due to POODLE, man in the middle attacks, and other vulnerabilities.", "metadata": {"category": "security", "confidence": "MEDIUM", "cwe": "CWE-319: Cleartext Transmission of Sensitive Information", "impact": "MEDIUM", "license": "Commons Clause License Condition v1.0[LGPL-2.1-only]", "likelihood": "HIGH", "owasp": "A03:2017 - Sensitive Data Exposure", "references": ["https://stackoverflow.com/questions/26429751/java-http-clients-and-poodle"], "semgrep.dev": {"rule": {"origin": "community", "r_id": 9413, "rule_id": "j2Uv2K", "rv_id": 834322, "url": "https://semgrep.dev/playground/r/X0T5NP9/problem-based-packs.insecure-transport.java-stdlib.disallow-old-tls-versions1.disallow-old-tls-versions1", "version_id": "X0T5NP9"}}, "shortlink": "https://sg.run/l25E", "source": "https://semgrep.dev/r/problem-based-packs.insecure-transport.java-stdlib.disallow-old-tls-versions1.disallow-old-tls-versions1", "subcategory": ["vuln"], "technology": ["java"], "vulnerability": "Insecure Transport", "vulnerability_class": ["Mishandled Sensitive Information"]}, "metavars": {}, "severity": "WARNING", "validation_state": "NO_VALIDATOR"}, "path": "src/main/java/io/github/bonigarcia/wdm/online/HttpClient.java", "start": {"col": 13, "line": 108, "offset": 4459}}, {"check_id": "java.lang.security.audit.command-injection-process-builder.command-injection-process-builder", "end": {"col": 58, "line": 77, "offset": 2479}, "extra": {"engine_kind": "OSS", "fingerprint": "832a28bab2af67d23bfc9d5de9c84af6ed58150383be5fe7e947fd837879d2a37fa4bf9b67d50b3ebb833d535cd77f2a2dd3bbfb7ec6226252fe4eae88bf0216_0", "is_ignored": false, "lines": "            Process process = new ProcessBuilder(command).directory(folder)", "message": "A formatted or concatenated string was detected as input to a ProcessBuilder call. This is dangerous if a variable is controlled by user input and could result in a command injection. Ensure your variables are not controlled by users or sufficiently sanitized.", "metadata": {"category": "security", "confidence": "LOW", "cwe": ["CWE-78: Improper Neutralization of Special Elements used in an OS Command ('OS Command Injection')"], "cwe2021-top25": true, "cwe2022-top25": true, "impact": "HIGH", "license": "Commons Clause License Condition v1.0[LGPL-2.1-only]", "likelihood": "LOW", "owasp": ["A01:2017 - Injection", "A03:2021 - Injection"], "references": ["https://owasp.org/Top10/A03_2021-Injection"], "semgrep.dev": {"rule": {"origin": "community", "r_id": 9941, "rule_id": "4bUzzo", "rv_id": 833920, "url": "https://semgrep.dev/playground/r/1QTPL11/java.lang.security.audit.command-injection-process-builder.command-injection-process-builder", "version_id": "1QTPL11"}}, "shortlink": "https://sg.run/gJJe", "source": "https://semgrep.dev/r/java.lang.security.audit.command-injection-process-builder.command-injection-process-builder", "subcategory": ["audit"], "technology": ["java"], "vulnerability_class": ["Command Injection"]}, "metavars": {"$CMD": {"abstract_content": "command", "end": {"col": 57, "line": 77, "offset": 2478}, "start": {"col": 50, "line": 77, "offset": 2471}}}, "severity": "ERROR", "validation_state": "NO_VALIDATOR"}, "path": "src/main/java/io/github/bonigarcia/wdm/versions/Shell.java", "start": {"col": 31, "line": 77, "offset": 2452}}], "skipped_rules": [], "version": "1.81.0"}