{
	"vulasReport": {
		"generatedAt": "11.08.2024 16:01 +0000",
		"generatedFor": {
			"space": "542174F9B864524D77F35D220F501630",
			"groupId": "io.github.bonigarcia",
			"artifactId": "webdrivermanager",
			"version": "5.8.0"
		},
		"isAggregated": false,
	
		"aggregatedModules": [],
	
		"configuration": [
			{ "name": "exceptionThreshold",
			  "value": "noException" },
			{ "name": "exemptScopes",
			  "value": "PROVIDED, TEST" },
			{ "name": "exemptBugs",
			  "value": "" }
		],
	
		"vulnerabilities": [
		
			{
		
			"bug":{
				"id":"CVE-2018-11771",
				"cvssScore": "n/a" ,
				"cvssVersion": "n/a" 
			},
			"filename": "commons-compress-1.26.1.jar",
			"sha1": "44331C1130C370E726A2E1A3E6FBA6D2558EF04A",
			
			"modules": [
			
				{
			
				"groupId": "io.github.bonigarcia",
				"artifactId": "webdrivermanager",
				"version": "5.8.0",
				
				"href": "http://steady-ubuntu.b00158319.com:8033/backend/../apps/#/542174F9B864524D77F35D220F501630/io.github.bonigarcia/webdrivermanager/5.8.0",
				
				"scope": "COMPILE",
				"isTransitive": false,
				
					"containsVulnerableCode": "unknown",
				
						"potentiallyExecutesVulnerableCode": "noLibraryCodeAtAll",
				
						"actuallyExecutesVulnerableCode": "noLibraryCodeAtAll"
				}
			]
		}
			,
			{
		
			"bug":{
				"id":"CVE-2018-1324",
				"cvssScore": "n/a" ,
				"cvssVersion": "n/a" 
			},
			"filename": "commons-compress-1.26.1.jar",
			"sha1": "44331C1130C370E726A2E1A3E6FBA6D2558EF04A",
			
			"modules": [
			
				{
			
				"groupId": "io.github.bonigarcia",
				"artifactId": "webdrivermanager",
				"version": "5.8.0",
				
				"href": "http://steady-ubuntu.b00158319.com:8033/backend/../apps/#/542174F9B864524D77F35D220F501630/io.github.bonigarcia/webdrivermanager/5.8.0",
				
				"scope": "COMPILE",
				"isTransitive": false,
				
					"containsVulnerableCode": "unknown",
				
						"potentiallyExecutesVulnerableCode": "noLibraryCodeAtAll",
				
						"actuallyExecutesVulnerableCode": "noLibraryCodeAtAll"
				}
			]
		}
			,
			{
		
			"bug":{
				"id":"CVE-2019-12402",
				"cvssScore": "n/a" ,
				"cvssVersion": "n/a" 
			},
			"filename": "commons-compress-1.26.1.jar",
			"sha1": "44331C1130C370E726A2E1A3E6FBA6D2558EF04A",
			
			"modules": [
			
				{
			
				"groupId": "io.github.bonigarcia",
				"artifactId": "webdrivermanager",
				"version": "5.8.0",
				
				"href": "http://steady-ubuntu.b00158319.com:8033/backend/../apps/#/542174F9B864524D77F35D220F501630/io.github.bonigarcia/webdrivermanager/5.8.0",
				
				"scope": "COMPILE",
				"isTransitive": false,
				
					"containsVulnerableCode": "unknown",
				
						"potentiallyExecutesVulnerableCode": "noLibraryCodeAtAll",
				
						"actuallyExecutesVulnerableCode": "noLibraryCodeAtAll"
				}
			]
		}
			,
			{
		
			"bug":{
				"id":"CVE-2021-29425",
				"cvssScore": "n/a" ,
				"cvssVersion": "n/a" 
			},
			"filename": "commons-io-2.15.1.jar",
			"sha1": "F11560DA189AB563A5C8E351941415430E9304EA",
			
			"modules": [
			
				{
			
				"groupId": "io.github.bonigarcia",
				"artifactId": "webdrivermanager",
				"version": "5.8.0",
				
				"href": "http://steady-ubuntu.b00158319.com:8033/backend/../apps/#/542174F9B864524D77F35D220F501630/io.github.bonigarcia/webdrivermanager/5.8.0",
				
				"scope": "COMPILE",
				"isTransitive": true,
				
					"containsVulnerableCode": "unknown",
				
						"potentiallyExecutesVulnerableCode": "noLibraryCodeAtAll",
				
						"actuallyExecutesVulnerableCode": "noLibraryCodeAtAll"
				}
			]
		}
			,
			{
		
			"bug":{
				"id":"CVE-2018-10237",
				"cvssScore": "n/a" ,
				"cvssVersion": "n/a" 
			},
			"filename": "guava-33.1.0-jre.jar",
			"sha1": "9B7ED39143D59E8EABCC6F91FFE4D23DB2EFE558",
			
			"modules": [
			
				{
			
				"groupId": "io.github.bonigarcia",
				"artifactId": "webdrivermanager",
				"version": "5.8.0",
				
				"href": "http://steady-ubuntu.b00158319.com:8033/backend/../apps/#/542174F9B864524D77F35D220F501630/io.github.bonigarcia/webdrivermanager/5.8.0",
				
				"scope": "COMPILE",
				"isTransitive": true,
				
					"containsVulnerableCode": "unknown",
				
						"potentiallyExecutesVulnerableCode": "noLibraryCodeAtAll",
				
						"actuallyExecutesVulnerableCode": "noLibraryCodeAtAll"
				}
			]
		}
			,
			{
		
			"bug":{
				"id":"CVE-2013-4366",
				"cvssScore": "n/a" ,
				"cvssVersion": "n/a" 
			},
			"filename": "httpclient-4.5.13.jar",
			"sha1": "E5F6CAE5CA7ECAAC1EC2827A9E2D65AE2869CADA",
			
			"modules": [
			
				{
			
				"groupId": "io.github.bonigarcia",
				"artifactId": "webdrivermanager",
				"version": "5.8.0",
				
				"href": "http://steady-ubuntu.b00158319.com:8033/backend/../apps/#/542174F9B864524D77F35D220F501630/io.github.bonigarcia/webdrivermanager/5.8.0",
				
				"scope": "TEST",
				"isTransitive": true,
				
					"containsVulnerableCode": "unknown",
				
						"potentiallyExecutesVulnerableCode": "noLibraryCodeAtAll",
				
						"actuallyExecutesVulnerableCode": "noLibraryCodeAtAll"
				}
			]
		}
			,
			{
		
			"bug":{
				"id":"CVE-2017-17485",
				"cvssScore": "n/a" ,
				"cvssVersion": "n/a" 
			},
			"filename": "jackson-databind-2.10.3.jar",
			"sha1": "AAE92628B5447FA25AF79871CA98668DA6EDD439",
			
			"modules": [
			
				{
			
				"groupId": "io.github.bonigarcia",
				"artifactId": "webdrivermanager",
				"version": "5.8.0",
				
				"href": "http://steady-ubuntu.b00158319.com:8033/backend/../apps/#/542174F9B864524D77F35D220F501630/io.github.bonigarcia/webdrivermanager/5.8.0",
				
				"scope": "COMPILE",
				"isTransitive": true,
				
					"containsVulnerableCode": "unknown",
				
						"potentiallyExecutesVulnerableCode": "noLibraryCodeAtAll",
				
						"actuallyExecutesVulnerableCode": "noLibraryCodeAtAll"
				}
			]
		}
			,
			{
		
			"bug":{
				"id":"CVE-2017-7525",
				"cvssScore": "n/a" ,
				"cvssVersion": "n/a" 
			},
			"filename": "jackson-databind-2.10.3.jar",
			"sha1": "AAE92628B5447FA25AF79871CA98668DA6EDD439",
			
			"modules": [
			
				{
			
				"groupId": "io.github.bonigarcia",
				"artifactId": "webdrivermanager",
				"version": "5.8.0",
				
				"href": "http://steady-ubuntu.b00158319.com:8033/backend/../apps/#/542174F9B864524D77F35D220F501630/io.github.bonigarcia/webdrivermanager/5.8.0",
				
				"scope": "COMPILE",
				"isTransitive": true,
				
					"containsVulnerableCode": "unknown",
				
						"potentiallyExecutesVulnerableCode": "noLibraryCodeAtAll",
				
						"actuallyExecutesVulnerableCode": "noLibraryCodeAtAll"
				}
			]
		}
			,
			{
		
			"bug":{
				"id":"CVE-2018-11307",
				"cvssScore": "n/a" ,
				"cvssVersion": "n/a" 
			},
			"filename": "jackson-databind-2.10.3.jar",
			"sha1": "AAE92628B5447FA25AF79871CA98668DA6EDD439",
			
			"modules": [
			
				{
			
				"groupId": "io.github.bonigarcia",
				"artifactId": "webdrivermanager",
				"version": "5.8.0",
				
				"href": "http://steady-ubuntu.b00158319.com:8033/backend/../apps/#/542174F9B864524D77F35D220F501630/io.github.bonigarcia/webdrivermanager/5.8.0",
				
				"scope": "COMPILE",
				"isTransitive": true,
				
					"containsVulnerableCode": "unknown",
				
						"potentiallyExecutesVulnerableCode": "noLibraryCodeAtAll",
				
						"actuallyExecutesVulnerableCode": "noLibraryCodeAtAll"
				}
			]
		}
			,
			{
		
			"bug":{
				"id":"CVE-2018-12022",
				"cvssScore": "n/a" ,
				"cvssVersion": "n/a" 
			},
			"filename": "jackson-databind-2.10.3.jar",
			"sha1": "AAE92628B5447FA25AF79871CA98668DA6EDD439",
			
			"modules": [
			
				{
			
				"groupId": "io.github.bonigarcia",
				"artifactId": "webdrivermanager",
				"version": "5.8.0",
				
				"href": "http://steady-ubuntu.b00158319.com:8033/backend/../apps/#/542174F9B864524D77F35D220F501630/io.github.bonigarcia/webdrivermanager/5.8.0",
				
				"scope": "COMPILE",
				"isTransitive": true,
				
					"containsVulnerableCode": "unknown",
				
						"potentiallyExecutesVulnerableCode": "noLibraryCodeAtAll",
				
						"actuallyExecutesVulnerableCode": "noLibraryCodeAtAll"
				}
			]
		}
			,
			{
		
			"bug":{
				"id":"CVE-2018-12023",
				"cvssScore": "n/a" ,
				"cvssVersion": "n/a" 
			},
			"filename": "jackson-databind-2.10.3.jar",
			"sha1": "AAE92628B5447FA25AF79871CA98668DA6EDD439",
			
			"modules": [
			
				{
			
				"groupId": "io.github.bonigarcia",
				"artifactId": "webdrivermanager",
				"version": "5.8.0",
				
				"href": "http://steady-ubuntu.b00158319.com:8033/backend/../apps/#/542174F9B864524D77F35D220F501630/io.github.bonigarcia/webdrivermanager/5.8.0",
				
				"scope": "COMPILE",
				"isTransitive": true,
				
					"containsVulnerableCode": "unknown",
				
						"potentiallyExecutesVulnerableCode": "noLibraryCodeAtAll",
				
						"actuallyExecutesVulnerableCode": "noLibraryCodeAtAll"
				}
			]
		}
			,
			{
		
			"bug":{
				"id":"CVE-2018-5968",
				"cvssScore": "n/a" ,
				"cvssVersion": "n/a" 
			},
			"filename": "jackson-databind-2.10.3.jar",
			"sha1": "AAE92628B5447FA25AF79871CA98668DA6EDD439",
			
			"modules": [
			
				{
			
				"groupId": "io.github.bonigarcia",
				"artifactId": "webdrivermanager",
				"version": "5.8.0",
				
				"href": "http://steady-ubuntu.b00158319.com:8033/backend/../apps/#/542174F9B864524D77F35D220F501630/io.github.bonigarcia/webdrivermanager/5.8.0",
				
				"scope": "COMPILE",
				"isTransitive": true,
				
					"containsVulnerableCode": "unknown",
				
						"potentiallyExecutesVulnerableCode": "noLibraryCodeAtAll",
				
						"actuallyExecutesVulnerableCode": "noLibraryCodeAtAll"
				}
			]
		}
			,
			{
		
			"bug":{
				"id":"CVE-2018-7489",
				"cvssScore": "n/a" ,
				"cvssVersion": "n/a" 
			},
			"filename": "jackson-databind-2.10.3.jar",
			"sha1": "AAE92628B5447FA25AF79871CA98668DA6EDD439",
			
			"modules": [
			
				{
			
				"groupId": "io.github.bonigarcia",
				"artifactId": "webdrivermanager",
				"version": "5.8.0",
				
				"href": "http://steady-ubuntu.b00158319.com:8033/backend/../apps/#/542174F9B864524D77F35D220F501630/io.github.bonigarcia/webdrivermanager/5.8.0",
				
				"scope": "COMPILE",
				"isTransitive": true,
				
					"containsVulnerableCode": "unknown",
				
						"potentiallyExecutesVulnerableCode": "noLibraryCodeAtAll",
				
						"actuallyExecutesVulnerableCode": "noLibraryCodeAtAll"
				}
			]
		}
			,
			{
		
			"bug":{
				"id":"CVE-2019-14540",
				"cvssScore": "n/a" ,
				"cvssVersion": "n/a" 
			},
			"filename": "jackson-databind-2.10.3.jar",
			"sha1": "AAE92628B5447FA25AF79871CA98668DA6EDD439",
			
			"modules": [
			
				{
			
				"groupId": "io.github.bonigarcia",
				"artifactId": "webdrivermanager",
				"version": "5.8.0",
				
				"href": "http://steady-ubuntu.b00158319.com:8033/backend/../apps/#/542174F9B864524D77F35D220F501630/io.github.bonigarcia/webdrivermanager/5.8.0",
				
				"scope": "COMPILE",
				"isTransitive": true,
				
					"containsVulnerableCode": "unknown",
				
						"potentiallyExecutesVulnerableCode": "noLibraryCodeAtAll",
				
						"actuallyExecutesVulnerableCode": "noLibraryCodeAtAll"
				}
			]
		}
			,
			{
		
			"bug":{
				"id":"CVE-2019-16335",
				"cvssScore": "n/a" ,
				"cvssVersion": "n/a" 
			},
			"filename": "jackson-databind-2.10.3.jar",
			"sha1": "AAE92628B5447FA25AF79871CA98668DA6EDD439",
			
			"modules": [
			
				{
			
				"groupId": "io.github.bonigarcia",
				"artifactId": "webdrivermanager",
				"version": "5.8.0",
				
				"href": "http://steady-ubuntu.b00158319.com:8033/backend/../apps/#/542174F9B864524D77F35D220F501630/io.github.bonigarcia/webdrivermanager/5.8.0",
				
				"scope": "COMPILE",
				"isTransitive": true,
				
					"containsVulnerableCode": "unknown",
				
						"potentiallyExecutesVulnerableCode": "noLibraryCodeAtAll",
				
						"actuallyExecutesVulnerableCode": "noLibraryCodeAtAll"
				}
			]
		}
			,
			{
		
			"bug":{
				"id":"CVE-2020-36518",
				"cvssScore": "n/a" ,
				"cvssVersion": "n/a" 
			},
			"filename": "jackson-databind-2.10.3.jar",
			"sha1": "AAE92628B5447FA25AF79871CA98668DA6EDD439",
			
			"modules": [
			
				{
			
				"groupId": "io.github.bonigarcia",
				"artifactId": "webdrivermanager",
				"version": "5.8.0",
				
				"href": "http://steady-ubuntu.b00158319.com:8033/backend/../apps/#/542174F9B864524D77F35D220F501630/io.github.bonigarcia/webdrivermanager/5.8.0",
				
				"scope": "COMPILE",
				"isTransitive": true,
				
					"containsVulnerableCode": "true",
				
						"potentiallyExecutesVulnerableCode": "noLibraryCodeAtAll",
				
						"actuallyExecutesVulnerableCode": "noLibraryCodeAtAll"
				}
			]
		}
			,
			{
		
			"bug":{
				"id":"CVE-2018-1000873",
				"cvssScore": "n/a" ,
				"cvssVersion": "n/a" 
			},
			"filename": "jackson-datatype-jsr310-2.14.0.jar",
			"sha1": "171C5831341883B1CEBBBF5AAFBA62C0FCA33B95",
			
			"modules": [
			
				{
			
				"groupId": "io.github.bonigarcia",
				"artifactId": "webdrivermanager",
				"version": "5.8.0",
				
				"href": "http://steady-ubuntu.b00158319.com:8033/backend/../apps/#/542174F9B864524D77F35D220F501630/io.github.bonigarcia/webdrivermanager/5.8.0",
				
				"scope": "TEST",
				"isTransitive": true,
				
					"containsVulnerableCode": "unknown",
				
						"potentiallyExecutesVulnerableCode": "noLibraryCodeAtAll",
				
						"actuallyExecutesVulnerableCode": "noLibraryCodeAtAll"
				}
			]
		}
			,
			{
		
			"bug":{
				"id":"CVE-2014-0193",
				"cvssScore": "n/a" ,
				"cvssVersion": "n/a" 
			},
			"filename": "netty-codec-http-4.1.108.Final.jar",
			"sha1": "DD44733E94F3F6237C896F2BBE9927C1EBA48543",
			
			"modules": [
			
				{
			
				"groupId": "io.github.bonigarcia",
				"artifactId": "webdrivermanager",
				"version": "5.8.0",
				
				"href": "http://steady-ubuntu.b00158319.com:8033/backend/../apps/#/542174F9B864524D77F35D220F501630/io.github.bonigarcia/webdrivermanager/5.8.0",
				
				"scope": "TEST",
				"isTransitive": true,
				
					"containsVulnerableCode": "unknown",
				
						"potentiallyExecutesVulnerableCode": "noLibraryCodeAtAll",
				
						"actuallyExecutesVulnerableCode": "noLibraryCodeAtAll"
				}
			]
		}
			,
			{
		
			"bug":{
				"id":"CVE-2015-2156",
				"cvssScore": "n/a" ,
				"cvssVersion": "n/a" 
			},
			"filename": "netty-codec-http-4.1.108.Final.jar",
			"sha1": "DD44733E94F3F6237C896F2BBE9927C1EBA48543",
			
			"modules": [
			
				{
			
				"groupId": "io.github.bonigarcia",
				"artifactId": "webdrivermanager",
				"version": "5.8.0",
				
				"href": "http://steady-ubuntu.b00158319.com:8033/backend/../apps/#/542174F9B864524D77F35D220F501630/io.github.bonigarcia/webdrivermanager/5.8.0",
				
				"scope": "TEST",
				"isTransitive": true,
				
					"containsVulnerableCode": "unknown",
				
						"potentiallyExecutesVulnerableCode": "noLibraryCodeAtAll",
				
						"actuallyExecutesVulnerableCode": "noLibraryCodeAtAll"
				}
			]
		}
			,
			{
		
			"bug":{
				"id":"CVE-2019-16869",
				"cvssScore": "n/a" ,
				"cvssVersion": "n/a" 
			},
			"filename": "netty-codec-http-4.1.108.Final.jar",
			"sha1": "DD44733E94F3F6237C896F2BBE9927C1EBA48543",
			
			"modules": [
			
				{
			
				"groupId": "io.github.bonigarcia",
				"artifactId": "webdrivermanager",
				"version": "5.8.0",
				
				"href": "http://steady-ubuntu.b00158319.com:8033/backend/../apps/#/542174F9B864524D77F35D220F501630/io.github.bonigarcia/webdrivermanager/5.8.0",
				
				"scope": "TEST",
				"isTransitive": true,
				
					"containsVulnerableCode": "unknown",
				
						"potentiallyExecutesVulnerableCode": "noLibraryCodeAtAll",
				
						"actuallyExecutesVulnerableCode": "noLibraryCodeAtAll"
				}
			]
		}
			,
			{
		
			"bug":{
				"id":"CVE-2019-20445",
				"cvssScore": "n/a" ,
				"cvssVersion": "n/a" 
			},
			"filename": "netty-codec-http-4.1.108.Final.jar",
			"sha1": "DD44733E94F3F6237C896F2BBE9927C1EBA48543",
			
			"modules": [
			
				{
			
				"groupId": "io.github.bonigarcia",
				"artifactId": "webdrivermanager",
				"version": "5.8.0",
				
				"href": "http://steady-ubuntu.b00158319.com:8033/backend/../apps/#/542174F9B864524D77F35D220F501630/io.github.bonigarcia/webdrivermanager/5.8.0",
				
				"scope": "TEST",
				"isTransitive": true,
				
					"containsVulnerableCode": "unknown",
				
						"potentiallyExecutesVulnerableCode": "noLibraryCodeAtAll",
				
						"actuallyExecutesVulnerableCode": "noLibraryCodeAtAll"
				}
			]
		}
			,
			{
		
			"bug":{
				"id":"CVE-2020-7238",
				"cvssScore": "n/a" ,
				"cvssVersion": "n/a" 
			},
			"filename": "netty-codec-http-4.1.108.Final.jar",
			"sha1": "DD44733E94F3F6237C896F2BBE9927C1EBA48543",
			
			"modules": [
			
				{
			
				"groupId": "io.github.bonigarcia",
				"artifactId": "webdrivermanager",
				"version": "5.8.0",
				
				"href": "http://steady-ubuntu.b00158319.com:8033/backend/../apps/#/542174F9B864524D77F35D220F501630/io.github.bonigarcia/webdrivermanager/5.8.0",
				
				"scope": "TEST",
				"isTransitive": true,
				
					"containsVulnerableCode": "unknown",
				
						"potentiallyExecutesVulnerableCode": "noLibraryCodeAtAll",
				
						"actuallyExecutesVulnerableCode": "noLibraryCodeAtAll"
				}
			]
		}
			,
			{
		
			"bug":{
				"id":"CVE-2019-9514",
				"cvssScore": "n/a" ,
				"cvssVersion": "n/a" 
			},
			"filename": "netty-codec-http2-4.1.86.Final.jar",
			"sha1": "AC0CA067E4118533AD1038776FCD9D5F3058B7D4",
			
			"modules": [
			
				{
			
				"groupId": "io.github.bonigarcia",
				"artifactId": "webdrivermanager",
				"version": "5.8.0",
				
				"href": "http://steady-ubuntu.b00158319.com:8033/backend/../apps/#/542174F9B864524D77F35D220F501630/io.github.bonigarcia/webdrivermanager/5.8.0",
				
				"scope": "TEST",
				"isTransitive": true,
				
					"containsVulnerableCode": "unknown",
				
						"potentiallyExecutesVulnerableCode": "noLibraryCodeAtAll",
				
						"actuallyExecutesVulnerableCode": "noLibraryCodeAtAll"
				}
			]
		}
			,
			{
		
			"bug":{
				"id":"CVE-2019-9515",
				"cvssScore": "n/a" ,
				"cvssVersion": "n/a" 
			},
			"filename": "netty-codec-http2-4.1.86.Final.jar",
			"sha1": "AC0CA067E4118533AD1038776FCD9D5F3058B7D4",
			
			"modules": [
			
				{
			
				"groupId": "io.github.bonigarcia",
				"artifactId": "webdrivermanager",
				"version": "5.8.0",
				
				"href": "http://steady-ubuntu.b00158319.com:8033/backend/../apps/#/542174F9B864524D77F35D220F501630/io.github.bonigarcia/webdrivermanager/5.8.0",
				
				"scope": "TEST",
				"isTransitive": true,
				
					"containsVulnerableCode": "unknown",
				
						"potentiallyExecutesVulnerableCode": "noLibraryCodeAtAll",
				
						"actuallyExecutesVulnerableCode": "noLibraryCodeAtAll"
				}
			]
		}
			,
			{
		
			"bug":{
				"id":"CVE-2019-9518",
				"cvssScore": "n/a" ,
				"cvssVersion": "n/a" 
			},
			"filename": "netty-codec-http2-4.1.86.Final.jar",
			"sha1": "AC0CA067E4118533AD1038776FCD9D5F3058B7D4",
			
			"modules": [
			
				{
			
				"groupId": "io.github.bonigarcia",
				"artifactId": "webdrivermanager",
				"version": "5.8.0",
				
				"href": "http://steady-ubuntu.b00158319.com:8033/backend/../apps/#/542174F9B864524D77F35D220F501630/io.github.bonigarcia/webdrivermanager/5.8.0",
				
				"scope": "TEST",
				"isTransitive": true,
				
					"containsVulnerableCode": "unknown",
				
						"potentiallyExecutesVulnerableCode": "noLibraryCodeAtAll",
				
						"actuallyExecutesVulnerableCode": "noLibraryCodeAtAll"
				}
			]
		}
			,
			{
		
			"bug":{
				"id":"CVE-2016-4970",
				"cvssScore": "n/a" ,
				"cvssVersion": "n/a" 
			},
			"filename": "netty-handler-4.1.108.Final.jar",
			"sha1": "D186A0BE320E6A139C42D9B018596EF9D4A0B4CA",
			
			"modules": [
			
				{
			
				"groupId": "io.github.bonigarcia",
				"artifactId": "webdrivermanager",
				"version": "5.8.0",
				
				"href": "http://steady-ubuntu.b00158319.com:8033/backend/../apps/#/542174F9B864524D77F35D220F501630/io.github.bonigarcia/webdrivermanager/5.8.0",
				
				"scope": "TEST",
				"isTransitive": true,
				
					"containsVulnerableCode": "unknown",
				
						"potentiallyExecutesVulnerableCode": "noLibraryCodeAtAll",
				
						"actuallyExecutesVulnerableCode": "noLibraryCodeAtAll"
				}
			]
		}
			,
			{
		
			"bug":{
				"id":"CVE-2017-1000207",
				"cvssScore": "n/a" ,
				"cvssVersion": "n/a" 
			},
			"filename": "swagger-parser-1.0.64.jar",
			"sha1": "0D9087A3440A74F42155BB51E783F6D97F8C78CE",
			
			"modules": [
			
				{
			
				"groupId": "io.github.bonigarcia",
				"artifactId": "webdrivermanager",
				"version": "5.8.0",
				
				"href": "http://steady-ubuntu.b00158319.com:8033/backend/../apps/#/542174F9B864524D77F35D220F501630/io.github.bonigarcia/webdrivermanager/5.8.0",
				
				"scope": "TEST",
				"isTransitive": true,
				
					"containsVulnerableCode": "unknown",
				
						"potentiallyExecutesVulnerableCode": "noLibraryCodeAtAll",
				
						"actuallyExecutesVulnerableCode": "noLibraryCodeAtAll"
				}
			]
		}
			,
			{
		
			"bug":{
				"id":"CVE-2017-1000208",
				"cvssScore": "n/a" ,
				"cvssVersion": "n/a" 
			},
			"filename": "swagger-parser-1.0.64.jar",
			"sha1": "0D9087A3440A74F42155BB51E783F6D97F8C78CE",
			
			"modules": [
			
				{
			
				"groupId": "io.github.bonigarcia",
				"artifactId": "webdrivermanager",
				"version": "5.8.0",
				
				"href": "http://steady-ubuntu.b00158319.com:8033/backend/../apps/#/542174F9B864524D77F35D220F501630/io.github.bonigarcia/webdrivermanager/5.8.0",
				
				"scope": "TEST",
				"isTransitive": true,
				
					"containsVulnerableCode": "unknown",
				
						"potentiallyExecutesVulnerableCode": "noLibraryCodeAtAll",
				
						"actuallyExecutesVulnerableCode": "noLibraryCodeAtAll"
				}
			]
		}
		]
	}
}
