{
  "reportSchema" : "1.1",
  "scanInfo" : {
    "engineVersion" : "10.0.3",
    "dataSource" : [ {
      "name" : "NVD API Last Checked",
      "timestamp" : "2024-08-10T20:34:59Z"
    }, {
      "name" : "NVD API Last Modified",
      "timestamp" : "2024-08-10T16:35:04Z"
    } ]
  },
  "projectInfo" : {
    "name" : "H6060-Java-Logback",
    "reportDate" : "2024-08-10T20:35:08.169393Z",
    "credits" : {
      "NVD" : "This product uses the NVD API but is not endorsed or certified by the NVD. This report contains data retrieved from the National Vulnerability Database: https://nvd.nist.gov",
      "CISA" : "This report may contain data retrieved from the CISA Known Exploited Vulnerability Catalog: https://www.cisa.gov/known-exploited-vulnerabilities-catalog",
      "NPM" : "This report may contain data retrieved from the Github Advisory Database (via NPM Audit API): https://github.com/advisories/",
      "RETIREJS" : "This report may contain data retrieved from the RetireJS community: https://retirejs.github.io/retire.js/",
      "OSSINDEX" : "This report may contain data retrieved from the Sonatype OSS Index: https://ossindex.sonatype.org"
    }
  },
  "dependencies" : [ {
    "isVirtual" : false,
    "fileName" : "logback-access-1.3.13-sources.jar",
    "filePath" : "/Users/runner/work/H6060-Java-Logback/H6060-Java-Logback/upstream-repository/target/logback-access/target/logback-access-1.3.13-sources.jar",
    "md5" : "dfa2df4cb3266ea628dd5a1063e58845",
    "sha1" : "c5b20c7fa8a0720436587cdfde5caad31950aa48",
    "sha256" : "48fe972b80f0b9c68b9c7c6afb0314cc7b85ee1236509539f41943f08c797c76",
    "evidenceCollected" : {
      "vendorEvidence" : [ {
        "type" : "vendor",
        "confidence" : "HIGH",
        "source" : "file",
        "name" : "name",
        "value" : "logback-access"
      } ],
      "productEvidence" : [ {
        "type" : "product",
        "confidence" : "HIGH",
        "source" : "file",
        "name" : "name",
        "value" : "logback-access"
      } ],
      "versionEvidence" : [ {
        "type" : "version",
        "confidence" : "MEDIUM",
        "source" : "file",
        "name" : "name",
        "value" : "logback-access"
      }, {
        "type" : "version",
        "confidence" : "HIGH",
        "source" : "file",
        "name" : "version",
        "value" : "1.3.13"
      } ]
    }
  }, {
    "isVirtual" : false,
    "fileName" : "logback-access-1.3.13-test-sources.jar",
    "filePath" : "/Users/runner/work/H6060-Java-Logback/H6060-Java-Logback/upstream-repository/target/logback-access/target/logback-access-1.3.13-test-sources.jar",
    "md5" : "05fece580f976068f3bc072feee69831",
    "sha1" : "600bb5c6bb2f3039056bbbf5b8957b9f9e55fb11",
    "sha256" : "498fb1c30a3171057454bd32d8c14b4858f4d49039d6ae9e3009eda1022681d0",
    "evidenceCollected" : {
      "vendorEvidence" : [ {
        "type" : "vendor",
        "confidence" : "HIGH",
        "source" : "file",
        "name" : "name",
        "value" : "logback-access"
      } ],
      "productEvidence" : [ {
        "type" : "product",
        "confidence" : "HIGH",
        "source" : "file",
        "name" : "name",
        "value" : "logback-access"
      } ],
      "versionEvidence" : [ {
        "type" : "version",
        "confidence" : "MEDIUM",
        "source" : "file",
        "name" : "name",
        "value" : "logback-access"
      }, {
        "type" : "version",
        "confidence" : "HIGH",
        "source" : "file",
        "name" : "version",
        "value" : "1.3.13"
      } ]
    }
  }, {
    "isVirtual" : false,
    "fileName" : "logback-access-1.3.13.jar",
    "filePath" : "/Users/runner/work/H6060-Java-Logback/H6060-Java-Logback/upstream-repository/target/logback-access/target/logback-access-1.3.13.jar",
    "md5" : "815a0b0ef99bc7f859d26b7f2a0687f0",
    "sha1" : "19c69c65e3f2269e10178ef863155016f9ba007c",
    "sha256" : "eaf2f951f62b5828cffd10d3da9d315093b34056103ac5ee0698e53b94eeab7b",
    "description" : "logback-access module",
    "license" : "http://www.eclipse.org/legal/epl-v10.html, http://www.gnu.org/licenses/old-licenses/lgpl-2.1.html",
    "evidenceCollected" : {
      "vendorEvidence" : [ {
        "type" : "vendor",
        "confidence" : "HIGH",
        "source" : "file",
        "name" : "name",
        "value" : "logback-access"
      }, {
        "type" : "vendor",
        "confidence" : "HIGHEST",
        "source" : "jar",
        "name" : "package name",
        "value" : "access"
      }, {
        "type" : "vendor",
        "confidence" : "HIGHEST",
        "source" : "jar",
        "name" : "package name",
        "value" : "ch"
      }, {
        "type" : "vendor",
        "confidence" : "HIGHEST",
        "source" : "jar",
        "name" : "package name",
        "value" : "logback"
      }, {
        "type" : "vendor",
        "confidence" : "HIGHEST",
        "source" : "jar",
        "name" : "package name",
        "value" : "qos"
      }, {
        "type" : "vendor",
        "confidence" : "LOW",
        "source" : "Manifest",
        "name" : "build-jdk-spec",
        "value" : "17"
      }, {
        "type" : "vendor",
        "confidence" : "LOW",
        "source" : "Manifest",
        "name" : "bundle-docurl",
        "value" : "http://www.qos.ch"
      }, {
        "type" : "vendor",
        "confidence" : "MEDIUM",
        "source" : "Manifest",
        "name" : "bundle-symbolicname",
        "value" : "ch.qos.logback.access"
      }, {
        "type" : "vendor",
        "confidence" : "HIGH",
        "source" : "Manifest",
        "name" : "Implementation-Vendor",
        "value" : "QOS.ch"
      }, {
        "type" : "vendor",
        "confidence" : "LOW",
        "source" : "Manifest",
        "name" : "specification-vendor",
        "value" : "QOS.ch"
      }, {
        "type" : "vendor",
        "confidence" : "LOW",
        "source" : "pom",
        "name" : "artifactid",
        "value" : "logback-access"
      }, {
        "type" : "vendor",
        "confidence" : "HIGHEST",
        "source" : "pom",
        "name" : "groupid",
        "value" : "ch.qos.logback"
      }, {
        "type" : "vendor",
        "confidence" : "HIGH",
        "source" : "pom",
        "name" : "name",
        "value" : "Logback Access Module"
      }, {
        "type" : "vendor",
        "confidence" : "LOW",
        "source" : "pom",
        "name" : "parent-artifactid",
        "value" : "logback-parent"
      } ],
      "productEvidence" : [ {
        "type" : "product",
        "confidence" : "HIGH",
        "source" : "file",
        "name" : "name",
        "value" : "logback-access"
      }, {
        "type" : "product",
        "confidence" : "HIGHEST",
        "source" : "jar",
        "name" : "package name",
        "value" : "access"
      }, {
        "type" : "product",
        "confidence" : "HIGHEST",
        "source" : "jar",
        "name" : "package name",
        "value" : "ch"
      }, {
        "type" : "product",
        "confidence" : "HIGHEST",
        "source" : "jar",
        "name" : "package name",
        "value" : "logback"
      }, {
        "type" : "product",
        "confidence" : "HIGHEST",
        "source" : "jar",
        "name" : "package name",
        "value" : "qos"
      }, {
        "type" : "product",
        "confidence" : "LOW",
        "source" : "Manifest",
        "name" : "build-jdk-spec",
        "value" : "17"
      }, {
        "type" : "product",
        "confidence" : "LOW",
        "source" : "Manifest",
        "name" : "bundle-docurl",
        "value" : "http://www.qos.ch"
      }, {
        "type" : "product",
        "confidence" : "MEDIUM",
        "source" : "Manifest",
        "name" : "Bundle-Name",
        "value" : "Logback Access Module"
      }, {
        "type" : "product",
        "confidence" : "MEDIUM",
        "source" : "Manifest",
        "name" : "bundle-symbolicname",
        "value" : "ch.qos.logback.access"
      }, {
        "type" : "product",
        "confidence" : "HIGH",
        "source" : "Manifest",
        "name" : "Implementation-Title",
        "value" : "Logback Access Module"
      }, {
        "type" : "product",
        "confidence" : "MEDIUM",
        "source" : "Manifest",
        "name" : "specification-title",
        "value" : "Logback Access Module"
      }, {
        "type" : "product",
        "confidence" : "HIGHEST",
        "source" : "pom",
        "name" : "artifactid",
        "value" : "logback-access"
      }, {
        "type" : "product",
        "confidence" : "HIGHEST",
        "source" : "pom",
        "name" : "groupid",
        "value" : "ch.qos.logback"
      }, {
        "type" : "product",
        "confidence" : "HIGH",
        "source" : "pom",
        "name" : "name",
        "value" : "Logback Access Module"
      }, {
        "type" : "product",
        "confidence" : "MEDIUM",
        "source" : "pom",
        "name" : "parent-artifactid",
        "value" : "logback-parent"
      } ],
      "versionEvidence" : [ {
        "type" : "version",
        "confidence" : "HIGH",
        "source" : "file",
        "name" : "version",
        "value" : "1.3.13"
      }, {
        "type" : "version",
        "confidence" : "HIGH",
        "source" : "Manifest",
        "name" : "Bundle-Version",
        "value" : "1.3.13"
      }, {
        "type" : "version",
        "confidence" : "HIGH",
        "source" : "Manifest",
        "name" : "Implementation-Version",
        "value" : "1.3.13"
      }, {
        "type" : "version",
        "confidence" : "HIGHEST",
        "source" : "pom",
        "name" : "version",
        "value" : "1.3.13"
      } ]
    },
    "packages" : [ {
      "id" : "pkg:maven/ch.qos.logback/logback-access@1.3.13",
      "confidence" : "HIGH",
      "url" : "https://ossindex.sonatype.org/component/pkg:maven/ch.qos.logback/logback-access@1.3.13?utm_source=dependency-check&utm_medium=integration&utm_content=10.0.3"
    } ],
    "vulnerabilityIds" : [ {
      "id" : "cpe:2.3:a:qos:logback:1.3.13:*:*:*:*:*:*:*",
      "confidence" : "HIGHEST",
      "url" : "https://nvd.nist.gov/vuln/search/results?form_type=Advanced&results_type=overview&search_type=all&cpe_vendor=cpe%3A%2F%3Aqos&cpe_product=cpe%3A%2F%3Aqos%3Alogback&cpe_version=cpe%3A%2F%3Aqos%3Alogback%3A1.3.13"
    } ],
    "vulnerabilities" : [ {
      "source" : "NVD",
      "name" : "CVE-2023-6481",
      "severity" : "HIGH",
      "cvssv3" : {
        "baseScore" : 7.5,
        "attackVector" : "NETWORK",
        "attackComplexity" : "LOW",
        "privilegesRequired" : "NONE",
        "userInteraction" : "NONE",
        "scope" : "UNCHANGED",
        "confidentialityImpact" : "NONE",
        "integrityImpact" : "NONE",
        "availabilityImpact" : "HIGH",
        "baseSeverity" : "HIGH",
        "exploitabilityScore" : "3.9",
        "impactScore" : "3.6",
        "version" : "3.1"
      },
      "cwes" : [ "NVD-CWE-noinfo" ],
      "description" : "A serialization vulnerability in logback receiver component part of \nlogback version 1.4.13, 1.3.13 and 1.2.12 allows an attacker to mount a Denial-Of-Service \nattack by sending poisoned data.\n\n",
      "notes" : "",
      "references" : [ {
        "source" : "vulnerability@ncsc.ch",
        "url" : "https://logback.qos.ch/news.html#1.3.14",
        "name" : "RELEASE_NOTES"
      }, {
        "source" : "vulnerability@ncsc.ch",
        "url" : "https://logback.qos.ch/news.html#1.3.12",
        "name" : "RELEASE_NOTES"
      } ],
      "vulnerableSoftware" : [ {
        "software" : {
          "id" : "cpe:2.3:a:qos:logback:1.2.12:*:*:*:*:*:*:*"
        }
      }, {
        "software" : {
          "id" : "cpe:2.3:a:qos:logback:1.3.13:*:*:*:*:*:*:*",
          "vulnerabilityIdMatched" : "true"
        }
      }, {
        "software" : {
          "id" : "cpe:2.3:a:qos:logback:1.4.13:*:*:*:*:*:*:*"
        }
      } ]
    } ]
  }, {
    "isVirtual" : false,
    "fileName" : "logback-classic-1.3.13-sources.jar",
    "filePath" : "/Users/runner/work/H6060-Java-Logback/H6060-Java-Logback/upstream-repository/target/logback-classic/target/logback-classic-1.3.13-sources.jar",
    "md5" : "ad07851a0dff05326f870a20a5dc84c1",
    "sha1" : "7109c72d3ace23b7e3df991bf2c7b1176b4a24ed",
    "sha256" : "90ac81a90c03ed918f4a96460313ade035b513066bfcf31df6858c64b483c57a",
    "evidenceCollected" : {
      "vendorEvidence" : [ {
        "type" : "vendor",
        "confidence" : "HIGH",
        "source" : "file",
        "name" : "name",
        "value" : "logback-classic"
      } ],
      "productEvidence" : [ {
        "type" : "product",
        "confidence" : "HIGH",
        "source" : "file",
        "name" : "name",
        "value" : "logback-classic"
      } ],
      "versionEvidence" : [ {
        "type" : "version",
        "confidence" : "MEDIUM",
        "source" : "file",
        "name" : "name",
        "value" : "logback-classic"
      }, {
        "type" : "version",
        "confidence" : "HIGH",
        "source" : "file",
        "name" : "version",
        "value" : "1.3.13"
      } ]
    }
  }, {
    "isVirtual" : false,
    "fileName" : "logback-classic-1.3.13-test-sources.jar",
    "filePath" : "/Users/runner/work/H6060-Java-Logback/H6060-Java-Logback/upstream-repository/target/logback-classic/target/logback-classic-1.3.13-test-sources.jar",
    "md5" : "41781713f857d4411389f39b8d7fabca",
    "sha1" : "1b80659cda003a3281a010e54b25c8166ad8a9c9",
    "sha256" : "4ad525c9368f922f6da2deae240ee27dd54fc13f4cdbe5448835b4baf5f69e6f",
    "evidenceCollected" : {
      "vendorEvidence" : [ {
        "type" : "vendor",
        "confidence" : "HIGH",
        "source" : "file",
        "name" : "name",
        "value" : "logback-classic"
      } ],
      "productEvidence" : [ {
        "type" : "product",
        "confidence" : "HIGH",
        "source" : "file",
        "name" : "name",
        "value" : "logback-classic"
      } ],
      "versionEvidence" : [ {
        "type" : "version",
        "confidence" : "MEDIUM",
        "source" : "file",
        "name" : "name",
        "value" : "logback-classic"
      }, {
        "type" : "version",
        "confidence" : "HIGH",
        "source" : "file",
        "name" : "version",
        "value" : "1.3.13"
      } ]
    }
  }, {
    "isVirtual" : false,
    "fileName" : "logback-classic-1.3.13.jar",
    "filePath" : "/Users/runner/work/H6060-Java-Logback/H6060-Java-Logback/upstream-repository/target/logback-classic/target/logback-classic-1.3.13.jar",
    "md5" : "198fe12530a58aef9c09aed5671a59a9",
    "sha1" : "ef3fe3038aa0523decc11ab07f0bc7095f111ab6",
    "sha256" : "9c026fb6f87f66e35ca1cdcb41fc37058f29d021e84c238762f839d3dbe4bc26",
    "description" : "logback-classic module",
    "license" : "http://www.eclipse.org/legal/epl-v10.html, http://www.gnu.org/licenses/old-licenses/lgpl-2.1.html",
    "evidenceCollected" : {
      "vendorEvidence" : [ {
        "type" : "vendor",
        "confidence" : "HIGH",
        "source" : "file",
        "name" : "name",
        "value" : "logback-classic"
      }, {
        "type" : "vendor",
        "confidence" : "HIGHEST",
        "source" : "jar",
        "name" : "package name",
        "value" : "ch"
      }, {
        "type" : "vendor",
        "confidence" : "HIGHEST",
        "source" : "jar",
        "name" : "package name",
        "value" : "classic"
      }, {
        "type" : "vendor",
        "confidence" : "HIGHEST",
        "source" : "jar",
        "name" : "package name",
        "value" : "logback"
      }, {
        "type" : "vendor",
        "confidence" : "HIGHEST",
        "source" : "jar",
        "name" : "package name",
        "value" : "qos"
      }, {
        "type" : "vendor",
        "confidence" : "LOW",
        "source" : "Manifest",
        "name" : "build-jdk-spec",
        "value" : "17"
      }, {
        "type" : "vendor",
        "confidence" : "LOW",
        "source" : "Manifest",
        "name" : "bundle-docurl",
        "value" : "http://www.qos.ch"
      }, {
        "type" : "vendor",
        "confidence" : "MEDIUM",
        "source" : "Manifest",
        "name" : "bundle-symbolicname",
        "value" : "ch.qos.logback.classic"
      }, {
        "type" : "vendor",
        "confidence" : "HIGH",
        "source" : "Manifest",
        "name" : "Implementation-Vendor",
        "value" : "QOS.ch"
      }, {
        "type" : "vendor",
        "confidence" : "LOW",
        "source" : "Manifest",
        "name" : "multi-release",
        "value" : "true"
      }, {
        "type" : "vendor",
        "confidence" : "LOW",
        "source" : "Manifest",
        "name" : "provide-capability",
        "value" : "osgi.service;objectClass:List=\"jakarta.servlet.ServletContainerInitializer\";effective:=active,osgi.service;objectClass:List=\"org.slf4j.spi.SLF4JServiceProvider\";effective:=active,osgi.serviceloader;osgi.serviceloader=\"jakarta.servlet.ServletContainerInitializer\";register:=\"ch.qos.logback.classic.servlet.LogbackServletContainerInitializer\",osgi.serviceloader;osgi.serviceloader=\"org.slf4j.spi.SLF4JServiceProvider\";register:=\"ch.qos.logback.classic.spi.LogbackServiceProvider\""
      }, {
        "type" : "vendor",
        "confidence" : "LOW",
        "source" : "Manifest",
        "name" : "specification-vendor",
        "value" : "QOS.ch"
      }, {
        "type" : "vendor",
        "confidence" : "LOW",
        "source" : "pom",
        "name" : "artifactid",
        "value" : "logback-classic"
      }, {
        "type" : "vendor",
        "confidence" : "HIGHEST",
        "source" : "pom",
        "name" : "groupid",
        "value" : "ch.qos.logback"
      }, {
        "type" : "vendor",
        "confidence" : "HIGH",
        "source" : "pom",
        "name" : "name",
        "value" : "Logback Classic Module"
      }, {
        "type" : "vendor",
        "confidence" : "LOW",
        "source" : "pom",
        "name" : "parent-artifactid",
        "value" : "logback-parent"
      } ],
      "productEvidence" : [ {
        "type" : "product",
        "confidence" : "HIGH",
        "source" : "file",
        "name" : "name",
        "value" : "logback-classic"
      }, {
        "type" : "product",
        "confidence" : "HIGHEST",
        "source" : "jar",
        "name" : "package name",
        "value" : "ch"
      }, {
        "type" : "product",
        "confidence" : "HIGHEST",
        "source" : "jar",
        "name" : "package name",
        "value" : "classic"
      }, {
        "type" : "product",
        "confidence" : "HIGHEST",
        "source" : "jar",
        "name" : "package name",
        "value" : "logback"
      }, {
        "type" : "product",
        "confidence" : "HIGHEST",
        "source" : "jar",
        "name" : "package name",
        "value" : "qos"
      }, {
        "type" : "product",
        "confidence" : "LOW",
        "source" : "Manifest",
        "name" : "build-jdk-spec",
        "value" : "17"
      }, {
        "type" : "product",
        "confidence" : "LOW",
        "source" : "Manifest",
        "name" : "bundle-docurl",
        "value" : "http://www.qos.ch"
      }, {
        "type" : "product",
        "confidence" : "MEDIUM",
        "source" : "Manifest",
        "name" : "Bundle-Name",
        "value" : "Logback Classic Module"
      }, {
        "type" : "product",
        "confidence" : "MEDIUM",
        "source" : "Manifest",
        "name" : "bundle-symbolicname",
        "value" : "ch.qos.logback.classic"
      }, {
        "type" : "product",
        "confidence" : "HIGH",
        "source" : "Manifest",
        "name" : "Implementation-Title",
        "value" : "Logback Classic Module"
      }, {
        "type" : "product",
        "confidence" : "LOW",
        "source" : "Manifest",
        "name" : "multi-release",
        "value" : "true"
      }, {
        "type" : "product",
        "confidence" : "LOW",
        "source" : "Manifest",
        "name" : "provide-capability",
        "value" : "osgi.service;objectClass:List=\"jakarta.servlet.ServletContainerInitializer\";effective:=active,osgi.service;objectClass:List=\"org.slf4j.spi.SLF4JServiceProvider\";effective:=active,osgi.serviceloader;osgi.serviceloader=\"jakarta.servlet.ServletContainerInitializer\";register:=\"ch.qos.logback.classic.servlet.LogbackServletContainerInitializer\",osgi.serviceloader;osgi.serviceloader=\"org.slf4j.spi.SLF4JServiceProvider\";register:=\"ch.qos.logback.classic.spi.LogbackServiceProvider\""
      }, {
        "type" : "product",
        "confidence" : "MEDIUM",
        "source" : "Manifest",
        "name" : "specification-title",
        "value" : "Logback Classic Module"
      }, {
        "type" : "product",
        "confidence" : "HIGHEST",
        "source" : "pom",
        "name" : "artifactid",
        "value" : "logback-classic"
      }, {
        "type" : "product",
        "confidence" : "HIGHEST",
        "source" : "pom",
        "name" : "groupid",
        "value" : "ch.qos.logback"
      }, {
        "type" : "product",
        "confidence" : "HIGH",
        "source" : "pom",
        "name" : "name",
        "value" : "Logback Classic Module"
      }, {
        "type" : "product",
        "confidence" : "MEDIUM",
        "source" : "pom",
        "name" : "parent-artifactid",
        "value" : "logback-parent"
      } ],
      "versionEvidence" : [ {
        "type" : "version",
        "confidence" : "HIGH",
        "source" : "file",
        "name" : "version",
        "value" : "1.3.13"
      }, {
        "type" : "version",
        "confidence" : "HIGH",
        "source" : "Manifest",
        "name" : "Bundle-Version",
        "value" : "1.3.13"
      }, {
        "type" : "version",
        "confidence" : "HIGH",
        "source" : "Manifest",
        "name" : "Implementation-Version",
        "value" : "1.3.13"
      }, {
        "type" : "version",
        "confidence" : "HIGHEST",
        "source" : "pom",
        "name" : "version",
        "value" : "1.3.13"
      } ]
    },
    "packages" : [ {
      "id" : "pkg:maven/ch.qos.logback/logback-classic@1.3.13",
      "confidence" : "HIGH",
      "url" : "https://ossindex.sonatype.org/component/pkg:maven/ch.qos.logback/logback-classic@1.3.13?utm_source=dependency-check&utm_medium=integration&utm_content=10.0.3"
    } ],
    "vulnerabilityIds" : [ {
      "id" : "cpe:2.3:a:qos:logback:1.3.13:*:*:*:*:*:*:*",
      "confidence" : "HIGHEST",
      "url" : "https://nvd.nist.gov/vuln/search/results?form_type=Advanced&results_type=overview&search_type=all&cpe_vendor=cpe%3A%2F%3Aqos&cpe_product=cpe%3A%2F%3Aqos%3Alogback&cpe_version=cpe%3A%2F%3Aqos%3Alogback%3A1.3.13"
    } ],
    "vulnerabilities" : [ {
      "source" : "NVD",
      "name" : "CVE-2023-6481",
      "severity" : "HIGH",
      "cvssv3" : {
        "baseScore" : 7.5,
        "attackVector" : "NETWORK",
        "attackComplexity" : "LOW",
        "privilegesRequired" : "NONE",
        "userInteraction" : "NONE",
        "scope" : "UNCHANGED",
        "confidentialityImpact" : "NONE",
        "integrityImpact" : "NONE",
        "availabilityImpact" : "HIGH",
        "baseSeverity" : "HIGH",
        "exploitabilityScore" : "3.9",
        "impactScore" : "3.6",
        "version" : "3.1"
      },
      "cwes" : [ "NVD-CWE-noinfo" ],
      "description" : "A serialization vulnerability in logback receiver component part of \nlogback version 1.4.13, 1.3.13 and 1.2.12 allows an attacker to mount a Denial-Of-Service \nattack by sending poisoned data.\n\n",
      "notes" : "",
      "references" : [ {
        "source" : "vulnerability@ncsc.ch",
        "url" : "https://logback.qos.ch/news.html#1.3.14",
        "name" : "RELEASE_NOTES"
      }, {
        "source" : "OSSINDEX",
        "url" : "https://ossindex.sonatype.org/vulnerability/CVE-2023-6481?component-type=maven&component-name=ch.qos.logback%2Flogback-core&utm_source=dependency-check&utm_medium=integration&utm_content=10.0.3",
        "name" : "[CVE-2023-6481] CWE-noinfo"
      }, {
        "source" : "OSSIndex",
        "url" : "https://logback.qos.ch/news.html#1.3.12",
        "name" : "https://logback.qos.ch/news.html#1.3.12"
      }, {
        "source" : "vulnerability@ncsc.ch",
        "url" : "https://logback.qos.ch/news.html#1.3.12",
        "name" : "RELEASE_NOTES"
      }, {
        "source" : "OSSIndex",
        "url" : "http://web.nvd.nist.gov/view/vuln/detail?vulnId=CVE-2023-6481",
        "name" : "http://web.nvd.nist.gov/view/vuln/detail?vulnId=CVE-2023-6481"
      } ],
      "vulnerableSoftware" : [ {
        "software" : {
          "id" : "cpe:2.3:a:qos:logback:1.2.12:*:*:*:*:*:*:*"
        }
      }, {
        "software" : {
          "id" : "cpe:2.3:a:qos:logback:1.3.13:*:*:*:*:*:*:*",
          "vulnerabilityIdMatched" : "true"
        }
      }, {
        "software" : {
          "id" : "cpe:2.3:a:qos:logback:1.4.13:*:*:*:*:*:*:*"
        }
      } ]
    } ]
  }, {
    "isVirtual" : false,
    "fileName" : "logback-classic-blackbox-1.3.13-test-sources.jar",
    "filePath" : "/Users/runner/work/H6060-Java-Logback/H6060-Java-Logback/upstream-repository/target/logback-classic-blackbox/target/logback-classic-blackbox-1.3.13-test-sources.jar",
    "md5" : "dc785b874f69c81e081c74d9cab9ce2d",
    "sha1" : "e50294f96883d7d69a7be08d80b7ca78d8f28e02",
    "sha256" : "edf85dab13c6d29e76ef7afbdb1d84d695ddaefc1ae648e4970921e08976dbee",
    "evidenceCollected" : {
      "vendorEvidence" : [ {
        "type" : "vendor",
        "confidence" : "HIGH",
        "source" : "file",
        "name" : "name",
        "value" : "logback-classic-blackbox"
      } ],
      "productEvidence" : [ {
        "type" : "product",
        "confidence" : "HIGH",
        "source" : "file",
        "name" : "name",
        "value" : "logback-classic-blackbox"
      } ],
      "versionEvidence" : [ {
        "type" : "version",
        "confidence" : "MEDIUM",
        "source" : "file",
        "name" : "name",
        "value" : "logback-classic-blackbox"
      }, {
        "type" : "version",
        "confidence" : "HIGH",
        "source" : "file",
        "name" : "version",
        "value" : "1.3.13"
      } ]
    }
  }, {
    "isVirtual" : false,
    "fileName" : "logback-classic-blackbox-1.3.13.jar",
    "filePath" : "/Users/runner/work/H6060-Java-Logback/H6060-Java-Logback/upstream-repository/target/logback-classic-blackbox/target/logback-classic-blackbox-1.3.13.jar",
    "md5" : "d8ab02d55005412bd9bd91e8ff17d0fe",
    "sha1" : "cd267090cbf95e2d395efed013890793a046451e",
    "sha256" : "936e86b88ad47f272646509b21cd54bc56d9216a8600c04183b068a9db88fe20",
    "description" : "Logback Classic Blackbox Testing Module",
    "evidenceCollected" : {
      "vendorEvidence" : [ {
        "type" : "vendor",
        "confidence" : "HIGH",
        "source" : "file",
        "name" : "name",
        "value" : "logback-classic-blackbox"
      }, {
        "type" : "vendor",
        "confidence" : "LOW",
        "source" : "Manifest",
        "name" : "build-jdk-spec",
        "value" : "17"
      }, {
        "type" : "vendor",
        "confidence" : "HIGH",
        "source" : "Manifest",
        "name" : "Implementation-Vendor",
        "value" : "QOS.ch"
      }, {
        "type" : "vendor",
        "confidence" : "LOW",
        "source" : "Manifest",
        "name" : "specification-vendor",
        "value" : "QOS.ch"
      }, {
        "type" : "vendor",
        "confidence" : "LOW",
        "source" : "pom",
        "name" : "artifactid",
        "value" : "logback-classic-blackbox"
      }, {
        "type" : "vendor",
        "confidence" : "HIGHEST",
        "source" : "pom",
        "name" : "groupid",
        "value" : "ch.qos.logback"
      }, {
        "type" : "vendor",
        "confidence" : "HIGH",
        "source" : "pom",
        "name" : "name",
        "value" : "Logback Classic Blackbox Testing"
      }, {
        "type" : "vendor",
        "confidence" : "LOW",
        "source" : "pom",
        "name" : "parent-artifactid",
        "value" : "logback-parent"
      } ],
      "productEvidence" : [ {
        "type" : "product",
        "confidence" : "HIGH",
        "source" : "file",
        "name" : "name",
        "value" : "logback-classic-blackbox"
      }, {
        "type" : "product",
        "confidence" : "LOW",
        "source" : "Manifest",
        "name" : "build-jdk-spec",
        "value" : "17"
      }, {
        "type" : "product",
        "confidence" : "HIGH",
        "source" : "Manifest",
        "name" : "Implementation-Title",
        "value" : "Logback Classic Blackbox Testing"
      }, {
        "type" : "product",
        "confidence" : "MEDIUM",
        "source" : "Manifest",
        "name" : "specification-title",
        "value" : "Logback Classic Blackbox Testing"
      }, {
        "type" : "product",
        "confidence" : "HIGHEST",
        "source" : "pom",
        "name" : "artifactid",
        "value" : "logback-classic-blackbox"
      }, {
        "type" : "product",
        "confidence" : "HIGHEST",
        "source" : "pom",
        "name" : "groupid",
        "value" : "ch.qos.logback"
      }, {
        "type" : "product",
        "confidence" : "HIGH",
        "source" : "pom",
        "name" : "name",
        "value" : "Logback Classic Blackbox Testing"
      }, {
        "type" : "product",
        "confidence" : "MEDIUM",
        "source" : "pom",
        "name" : "parent-artifactid",
        "value" : "logback-parent"
      } ],
      "versionEvidence" : [ {
        "type" : "version",
        "confidence" : "HIGH",
        "source" : "file",
        "name" : "version",
        "value" : "1.3.13"
      }, {
        "type" : "version",
        "confidence" : "HIGH",
        "source" : "Manifest",
        "name" : "Implementation-Version",
        "value" : "1.3.13"
      }, {
        "type" : "version",
        "confidence" : "HIGHEST",
        "source" : "pom",
        "name" : "version",
        "value" : "1.3.13"
      } ]
    },
    "packages" : [ {
      "id" : "pkg:maven/ch.qos.logback/logback-classic-blackbox@1.3.13",
      "confidence" : "HIGH",
      "url" : "https://ossindex.sonatype.org/component/pkg:maven/ch.qos.logback/logback-classic-blackbox@1.3.13?utm_source=dependency-check&utm_medium=integration&utm_content=10.0.3"
    } ],
    "vulnerabilityIds" : [ {
      "id" : "cpe:2.3:a:qos:logback:1.3.13:*:*:*:*:*:*:*",
      "confidence" : "HIGHEST",
      "url" : "https://nvd.nist.gov/vuln/search/results?form_type=Advanced&results_type=overview&search_type=all&cpe_vendor=cpe%3A%2F%3Aqos&cpe_product=cpe%3A%2F%3Aqos%3Alogback&cpe_version=cpe%3A%2F%3Aqos%3Alogback%3A1.3.13"
    } ],
    "vulnerabilities" : [ {
      "source" : "NVD",
      "name" : "CVE-2023-6481",
      "severity" : "HIGH",
      "cvssv3" : {
        "baseScore" : 7.5,
        "attackVector" : "NETWORK",
        "attackComplexity" : "LOW",
        "privilegesRequired" : "NONE",
        "userInteraction" : "NONE",
        "scope" : "UNCHANGED",
        "confidentialityImpact" : "NONE",
        "integrityImpact" : "NONE",
        "availabilityImpact" : "HIGH",
        "baseSeverity" : "HIGH",
        "exploitabilityScore" : "3.9",
        "impactScore" : "3.6",
        "version" : "3.1"
      },
      "cwes" : [ "NVD-CWE-noinfo" ],
      "description" : "A serialization vulnerability in logback receiver component part of \nlogback version 1.4.13, 1.3.13 and 1.2.12 allows an attacker to mount a Denial-Of-Service \nattack by sending poisoned data.\n\n",
      "notes" : "",
      "references" : [ {
        "source" : "vulnerability@ncsc.ch",
        "url" : "https://logback.qos.ch/news.html#1.3.14",
        "name" : "RELEASE_NOTES"
      }, {
        "source" : "vulnerability@ncsc.ch",
        "url" : "https://logback.qos.ch/news.html#1.3.12",
        "name" : "RELEASE_NOTES"
      } ],
      "vulnerableSoftware" : [ {
        "software" : {
          "id" : "cpe:2.3:a:qos:logback:1.2.12:*:*:*:*:*:*:*"
        }
      }, {
        "software" : {
          "id" : "cpe:2.3:a:qos:logback:1.3.13:*:*:*:*:*:*:*",
          "vulnerabilityIdMatched" : "true"
        }
      }, {
        "software" : {
          "id" : "cpe:2.3:a:qos:logback:1.4.13:*:*:*:*:*:*:*"
        }
      } ]
    } ]
  }, {
    "isVirtual" : false,
    "fileName" : "logback-core-1.3.13-sources.jar",
    "filePath" : "/Users/runner/work/H6060-Java-Logback/H6060-Java-Logback/upstream-repository/target/logback-core/target/logback-core-1.3.13-sources.jar",
    "md5" : "6595218b9aab9e118625ddc864b21ecf",
    "sha1" : "0f7e935ef9637c3979cc05bf655442722472f1c1",
    "sha256" : "d4cbe55568807c84b11fb8939ff6fe7a635c374f6217fe8a5e4eefe178c20037",
    "evidenceCollected" : {
      "vendorEvidence" : [ {
        "type" : "vendor",
        "confidence" : "HIGH",
        "source" : "file",
        "name" : "name",
        "value" : "logback-core"
      } ],
      "productEvidence" : [ {
        "type" : "product",
        "confidence" : "HIGH",
        "source" : "file",
        "name" : "name",
        "value" : "logback-core"
      } ],
      "versionEvidence" : [ {
        "type" : "version",
        "confidence" : "MEDIUM",
        "source" : "file",
        "name" : "name",
        "value" : "logback-core"
      }, {
        "type" : "version",
        "confidence" : "HIGH",
        "source" : "file",
        "name" : "version",
        "value" : "1.3.13"
      } ]
    }
  }, {
    "isVirtual" : false,
    "fileName" : "logback-core-1.3.13-test-sources.jar",
    "filePath" : "/Users/runner/work/H6060-Java-Logback/H6060-Java-Logback/upstream-repository/target/logback-core/target/logback-core-1.3.13-test-sources.jar",
    "md5" : "fe4997ac5bb5b8fc3399c5f942159001",
    "sha1" : "646af1950f762824ad5646a945701aa43c8145cf",
    "sha256" : "89498b7d6ac3c43feb65e1b3f58b68c85319b180bb672420d83cd958169aff63",
    "evidenceCollected" : {
      "vendorEvidence" : [ {
        "type" : "vendor",
        "confidence" : "HIGH",
        "source" : "file",
        "name" : "name",
        "value" : "logback-core"
      } ],
      "productEvidence" : [ {
        "type" : "product",
        "confidence" : "HIGH",
        "source" : "file",
        "name" : "name",
        "value" : "logback-core"
      } ],
      "versionEvidence" : [ {
        "type" : "version",
        "confidence" : "MEDIUM",
        "source" : "file",
        "name" : "name",
        "value" : "logback-core"
      }, {
        "type" : "version",
        "confidence" : "HIGH",
        "source" : "file",
        "name" : "version",
        "value" : "1.3.13"
      } ]
    }
  }, {
    "isVirtual" : false,
    "fileName" : "logback-core-1.3.13.jar",
    "filePath" : "/Users/runner/work/H6060-Java-Logback/H6060-Java-Logback/upstream-repository/target/logback-core/target/logback-core-1.3.13.jar",
    "md5" : "ccd507763ecff059f497815a486db45c",
    "sha1" : "98bdfdcd1fc2b895f918ee63e4f9c2e818520586",
    "sha256" : "83159cd1b055424a774d767cf26d75895d690759ad9e590f49a6f4f20ca6646d",
    "description" : "logback-core module",
    "license" : "http://www.eclipse.org/legal/epl-v10.html, http://www.gnu.org/licenses/old-licenses/lgpl-2.1.html",
    "evidenceCollected" : {
      "vendorEvidence" : [ {
        "type" : "vendor",
        "confidence" : "HIGH",
        "source" : "file",
        "name" : "name",
        "value" : "logback-core"
      }, {
        "type" : "vendor",
        "confidence" : "HIGHEST",
        "source" : "jar",
        "name" : "package name",
        "value" : "ch"
      }, {
        "type" : "vendor",
        "confidence" : "HIGHEST",
        "source" : "jar",
        "name" : "package name",
        "value" : "core"
      }, {
        "type" : "vendor",
        "confidence" : "HIGHEST",
        "source" : "jar",
        "name" : "package name",
        "value" : "logback"
      }, {
        "type" : "vendor",
        "confidence" : "HIGHEST",
        "source" : "jar",
        "name" : "package name",
        "value" : "qos"
      }, {
        "type" : "vendor",
        "confidence" : "LOW",
        "source" : "Manifest",
        "name" : "build-jdk-spec",
        "value" : "17"
      }, {
        "type" : "vendor",
        "confidence" : "LOW",
        "source" : "Manifest",
        "name" : "bundle-docurl",
        "value" : "http://www.qos.ch"
      }, {
        "type" : "vendor",
        "confidence" : "MEDIUM",
        "source" : "Manifest",
        "name" : "bundle-symbolicname",
        "value" : "ch.qos.logback.core"
      }, {
        "type" : "vendor",
        "confidence" : "HIGH",
        "source" : "Manifest",
        "name" : "Implementation-Vendor",
        "value" : "QOS.ch"
      }, {
        "type" : "vendor",
        "confidence" : "LOW",
        "source" : "Manifest",
        "name" : "multi-release",
        "value" : "true"
      }, {
        "type" : "vendor",
        "confidence" : "LOW",
        "source" : "Manifest",
        "name" : "specification-vendor",
        "value" : "QOS.ch"
      }, {
        "type" : "vendor",
        "confidence" : "LOW",
        "source" : "pom",
        "name" : "artifactid",
        "value" : "logback-core"
      }, {
        "type" : "vendor",
        "confidence" : "HIGHEST",
        "source" : "pom",
        "name" : "groupid",
        "value" : "ch.qos.logback"
      }, {
        "type" : "vendor",
        "confidence" : "HIGH",
        "source" : "pom",
        "name" : "name",
        "value" : "Logback Core Module"
      }, {
        "type" : "vendor",
        "confidence" : "LOW",
        "source" : "pom",
        "name" : "parent-artifactid",
        "value" : "logback-parent"
      } ],
      "productEvidence" : [ {
        "type" : "product",
        "confidence" : "HIGH",
        "source" : "file",
        "name" : "name",
        "value" : "logback-core"
      }, {
        "type" : "product",
        "confidence" : "HIGHEST",
        "source" : "jar",
        "name" : "package name",
        "value" : "ch"
      }, {
        "type" : "product",
        "confidence" : "HIGHEST",
        "source" : "jar",
        "name" : "package name",
        "value" : "core"
      }, {
        "type" : "product",
        "confidence" : "HIGHEST",
        "source" : "jar",
        "name" : "package name",
        "value" : "logback"
      }, {
        "type" : "product",
        "confidence" : "HIGHEST",
        "source" : "jar",
        "name" : "package name",
        "value" : "qos"
      }, {
        "type" : "product",
        "confidence" : "LOW",
        "source" : "Manifest",
        "name" : "build-jdk-spec",
        "value" : "17"
      }, {
        "type" : "product",
        "confidence" : "LOW",
        "source" : "Manifest",
        "name" : "bundle-docurl",
        "value" : "http://www.qos.ch"
      }, {
        "type" : "product",
        "confidence" : "MEDIUM",
        "source" : "Manifest",
        "name" : "Bundle-Name",
        "value" : "Logback Core Module"
      }, {
        "type" : "product",
        "confidence" : "MEDIUM",
        "source" : "Manifest",
        "name" : "bundle-symbolicname",
        "value" : "ch.qos.logback.core"
      }, {
        "type" : "product",
        "confidence" : "HIGH",
        "source" : "Manifest",
        "name" : "Implementation-Title",
        "value" : "Logback Core Module"
      }, {
        "type" : "product",
        "confidence" : "LOW",
        "source" : "Manifest",
        "name" : "multi-release",
        "value" : "true"
      }, {
        "type" : "product",
        "confidence" : "MEDIUM",
        "source" : "Manifest",
        "name" : "specification-title",
        "value" : "Logback Core Module"
      }, {
        "type" : "product",
        "confidence" : "HIGHEST",
        "source" : "pom",
        "name" : "artifactid",
        "value" : "logback-core"
      }, {
        "type" : "product",
        "confidence" : "HIGHEST",
        "source" : "pom",
        "name" : "groupid",
        "value" : "ch.qos.logback"
      }, {
        "type" : "product",
        "confidence" : "HIGH",
        "source" : "pom",
        "name" : "name",
        "value" : "Logback Core Module"
      }, {
        "type" : "product",
        "confidence" : "MEDIUM",
        "source" : "pom",
        "name" : "parent-artifactid",
        "value" : "logback-parent"
      } ],
      "versionEvidence" : [ {
        "type" : "version",
        "confidence" : "HIGH",
        "source" : "file",
        "name" : "version",
        "value" : "1.3.13"
      }, {
        "type" : "version",
        "confidence" : "HIGH",
        "source" : "Manifest",
        "name" : "Bundle-Version",
        "value" : "1.3.13"
      }, {
        "type" : "version",
        "confidence" : "HIGH",
        "source" : "Manifest",
        "name" : "Implementation-Version",
        "value" : "1.3.13"
      }, {
        "type" : "version",
        "confidence" : "HIGHEST",
        "source" : "pom",
        "name" : "version",
        "value" : "1.3.13"
      } ]
    },
    "packages" : [ {
      "id" : "pkg:maven/ch.qos.logback/logback-core@1.3.13",
      "confidence" : "HIGH",
      "url" : "https://ossindex.sonatype.org/component/pkg:maven/ch.qos.logback/logback-core@1.3.13?utm_source=dependency-check&utm_medium=integration&utm_content=10.0.3"
    } ],
    "vulnerabilityIds" : [ {
      "id" : "cpe:2.3:a:qos:logback:1.3.13:*:*:*:*:*:*:*",
      "confidence" : "HIGHEST",
      "url" : "https://nvd.nist.gov/vuln/search/results?form_type=Advanced&results_type=overview&search_type=all&cpe_vendor=cpe%3A%2F%3Aqos&cpe_product=cpe%3A%2F%3Aqos%3Alogback&cpe_version=cpe%3A%2F%3Aqos%3Alogback%3A1.3.13"
    } ],
    "vulnerabilities" : [ {
      "source" : "NVD",
      "name" : "CVE-2023-6481",
      "severity" : "HIGH",
      "cvssv3" : {
        "baseScore" : 7.5,
        "attackVector" : "NETWORK",
        "attackComplexity" : "LOW",
        "privilegesRequired" : "NONE",
        "userInteraction" : "NONE",
        "scope" : "UNCHANGED",
        "confidentialityImpact" : "NONE",
        "integrityImpact" : "NONE",
        "availabilityImpact" : "HIGH",
        "baseSeverity" : "HIGH",
        "exploitabilityScore" : "3.9",
        "impactScore" : "3.6",
        "version" : "3.1"
      },
      "cwes" : [ "NVD-CWE-noinfo" ],
      "description" : "A serialization vulnerability in logback receiver component part of \nlogback version 1.4.13, 1.3.13 and 1.2.12 allows an attacker to mount a Denial-Of-Service \nattack by sending poisoned data.\n\n",
      "notes" : "",
      "references" : [ {
        "source" : "vulnerability@ncsc.ch",
        "url" : "https://logback.qos.ch/news.html#1.3.14",
        "name" : "RELEASE_NOTES"
      }, {
        "source" : "OSSINDEX",
        "url" : "https://ossindex.sonatype.org/vulnerability/CVE-2023-6481?component-type=maven&component-name=ch.qos.logback%2Flogback-core&utm_source=dependency-check&utm_medium=integration&utm_content=10.0.3",
        "name" : "[CVE-2023-6481] CWE-noinfo"
      }, {
        "source" : "OSSIndex",
        "url" : "https://logback.qos.ch/news.html#1.3.12",
        "name" : "https://logback.qos.ch/news.html#1.3.12"
      }, {
        "source" : "vulnerability@ncsc.ch",
        "url" : "https://logback.qos.ch/news.html#1.3.12",
        "name" : "RELEASE_NOTES"
      }, {
        "source" : "OSSIndex",
        "url" : "http://web.nvd.nist.gov/view/vuln/detail?vulnId=CVE-2023-6481",
        "name" : "http://web.nvd.nist.gov/view/vuln/detail?vulnId=CVE-2023-6481"
      } ],
      "vulnerableSoftware" : [ {
        "software" : {
          "id" : "cpe:2.3:a:qos:logback:1.2.12:*:*:*:*:*:*:*"
        }
      }, {
        "software" : {
          "id" : "cpe:2.3:a:qos:logback:1.3.13:*:*:*:*:*:*:*",
          "vulnerabilityIdMatched" : "true"
        }
      }, {
        "software" : {
          "id" : "cpe:2.3:a:qos:logback:1.4.13:*:*:*:*:*:*:*"
        }
      } ]
    } ]
  }, {
    "isVirtual" : false,
    "fileName" : "logback-core-blackbox-1.3.13-test-sources.jar",
    "filePath" : "/Users/runner/work/H6060-Java-Logback/H6060-Java-Logback/upstream-repository/target/logback-core-blackbox/target/logback-core-blackbox-1.3.13-test-sources.jar",
    "md5" : "550fd0e0a7a096d6761277ede31c122f",
    "sha1" : "0945d69971df83d0b13427cb5638a85d0c25f55b",
    "sha256" : "0db88300b2574e6cbff8e230c745b8b2bf117e669e1d65bb96e6b8e41495eac3",
    "evidenceCollected" : {
      "vendorEvidence" : [ {
        "type" : "vendor",
        "confidence" : "HIGH",
        "source" : "file",
        "name" : "name",
        "value" : "logback-core-blackbox"
      } ],
      "productEvidence" : [ {
        "type" : "product",
        "confidence" : "HIGH",
        "source" : "file",
        "name" : "name",
        "value" : "logback-core-blackbox"
      } ],
      "versionEvidence" : [ {
        "type" : "version",
        "confidence" : "MEDIUM",
        "source" : "file",
        "name" : "name",
        "value" : "logback-core-blackbox"
      }, {
        "type" : "version",
        "confidence" : "HIGH",
        "source" : "file",
        "name" : "version",
        "value" : "1.3.13"
      } ]
    }
  }, {
    "isVirtual" : false,
    "fileName" : "logback-core-blackbox-1.3.13.jar",
    "filePath" : "/Users/runner/work/H6060-Java-Logback/H6060-Java-Logback/upstream-repository/target/logback-core-blackbox/target/logback-core-blackbox-1.3.13.jar",
    "md5" : "745bb22feb24ebc18111df9d94c3ba2b",
    "sha1" : "a62b60dfd4545e3617c96ff76c57f2c827dea1b9",
    "sha256" : "87fd3ed121ef90cf523c79052b8c825fc2d783fc8ac2d7b7e136cb7841d785ec",
    "description" : "Logback Core Blackbox Testing Module",
    "evidenceCollected" : {
      "vendorEvidence" : [ {
        "type" : "vendor",
        "confidence" : "HIGH",
        "source" : "file",
        "name" : "name",
        "value" : "logback-core-blackbox"
      }, {
        "type" : "vendor",
        "confidence" : "LOW",
        "source" : "Manifest",
        "name" : "build-jdk-spec",
        "value" : "17"
      }, {
        "type" : "vendor",
        "confidence" : "HIGH",
        "source" : "Manifest",
        "name" : "Implementation-Vendor",
        "value" : "QOS.ch"
      }, {
        "type" : "vendor",
        "confidence" : "LOW",
        "source" : "Manifest",
        "name" : "specification-vendor",
        "value" : "QOS.ch"
      }, {
        "type" : "vendor",
        "confidence" : "LOW",
        "source" : "pom",
        "name" : "artifactid",
        "value" : "logback-core-blackbox"
      }, {
        "type" : "vendor",
        "confidence" : "HIGHEST",
        "source" : "pom",
        "name" : "groupid",
        "value" : "ch.qos.logback"
      }, {
        "type" : "vendor",
        "confidence" : "HIGH",
        "source" : "pom",
        "name" : "name",
        "value" : "Logback Core Blackbox Testing"
      }, {
        "type" : "vendor",
        "confidence" : "LOW",
        "source" : "pom",
        "name" : "parent-artifactid",
        "value" : "logback-parent"
      } ],
      "productEvidence" : [ {
        "type" : "product",
        "confidence" : "HIGH",
        "source" : "file",
        "name" : "name",
        "value" : "logback-core-blackbox"
      }, {
        "type" : "product",
        "confidence" : "LOW",
        "source" : "Manifest",
        "name" : "build-jdk-spec",
        "value" : "17"
      }, {
        "type" : "product",
        "confidence" : "HIGH",
        "source" : "Manifest",
        "name" : "Implementation-Title",
        "value" : "Logback Core Blackbox Testing"
      }, {
        "type" : "product",
        "confidence" : "MEDIUM",
        "source" : "Manifest",
        "name" : "specification-title",
        "value" : "Logback Core Blackbox Testing"
      }, {
        "type" : "product",
        "confidence" : "HIGHEST",
        "source" : "pom",
        "name" : "artifactid",
        "value" : "logback-core-blackbox"
      }, {
        "type" : "product",
        "confidence" : "HIGHEST",
        "source" : "pom",
        "name" : "groupid",
        "value" : "ch.qos.logback"
      }, {
        "type" : "product",
        "confidence" : "HIGH",
        "source" : "pom",
        "name" : "name",
        "value" : "Logback Core Blackbox Testing"
      }, {
        "type" : "product",
        "confidence" : "MEDIUM",
        "source" : "pom",
        "name" : "parent-artifactid",
        "value" : "logback-parent"
      } ],
      "versionEvidence" : [ {
        "type" : "version",
        "confidence" : "HIGH",
        "source" : "file",
        "name" : "version",
        "value" : "1.3.13"
      }, {
        "type" : "version",
        "confidence" : "HIGH",
        "source" : "Manifest",
        "name" : "Implementation-Version",
        "value" : "1.3.13"
      }, {
        "type" : "version",
        "confidence" : "HIGHEST",
        "source" : "pom",
        "name" : "version",
        "value" : "1.3.13"
      } ]
    },
    "packages" : [ {
      "id" : "pkg:maven/ch.qos.logback/logback-core-blackbox@1.3.13",
      "confidence" : "HIGH",
      "url" : "https://ossindex.sonatype.org/component/pkg:maven/ch.qos.logback/logback-core-blackbox@1.3.13?utm_source=dependency-check&utm_medium=integration&utm_content=10.0.3"
    } ],
    "vulnerabilityIds" : [ {
      "id" : "cpe:2.3:a:qos:logback:1.3.13:*:*:*:*:*:*:*",
      "confidence" : "HIGHEST",
      "url" : "https://nvd.nist.gov/vuln/search/results?form_type=Advanced&results_type=overview&search_type=all&cpe_vendor=cpe%3A%2F%3Aqos&cpe_product=cpe%3A%2F%3Aqos%3Alogback&cpe_version=cpe%3A%2F%3Aqos%3Alogback%3A1.3.13"
    } ],
    "vulnerabilities" : [ {
      "source" : "NVD",
      "name" : "CVE-2023-6481",
      "severity" : "HIGH",
      "cvssv3" : {
        "baseScore" : 7.5,
        "attackVector" : "NETWORK",
        "attackComplexity" : "LOW",
        "privilegesRequired" : "NONE",
        "userInteraction" : "NONE",
        "scope" : "UNCHANGED",
        "confidentialityImpact" : "NONE",
        "integrityImpact" : "NONE",
        "availabilityImpact" : "HIGH",
        "baseSeverity" : "HIGH",
        "exploitabilityScore" : "3.9",
        "impactScore" : "3.6",
        "version" : "3.1"
      },
      "cwes" : [ "NVD-CWE-noinfo" ],
      "description" : "A serialization vulnerability in logback receiver component part of \nlogback version 1.4.13, 1.3.13 and 1.2.12 allows an attacker to mount a Denial-Of-Service \nattack by sending poisoned data.\n\n",
      "notes" : "",
      "references" : [ {
        "source" : "vulnerability@ncsc.ch",
        "url" : "https://logback.qos.ch/news.html#1.3.14",
        "name" : "RELEASE_NOTES"
      }, {
        "source" : "OSSINDEX",
        "url" : "https://ossindex.sonatype.org/vulnerability/CVE-2023-6481?component-type=maven&component-name=ch.qos.logback%2Flogback-core&utm_source=dependency-check&utm_medium=integration&utm_content=10.0.3",
        "name" : "[CVE-2023-6481] CWE-noinfo"
      }, {
        "source" : "OSSIndex",
        "url" : "https://logback.qos.ch/news.html#1.3.12",
        "name" : "https://logback.qos.ch/news.html#1.3.12"
      }, {
        "source" : "vulnerability@ncsc.ch",
        "url" : "https://logback.qos.ch/news.html#1.3.12",
        "name" : "RELEASE_NOTES"
      }, {
        "source" : "OSSIndex",
        "url" : "http://web.nvd.nist.gov/view/vuln/detail?vulnId=CVE-2023-6481",
        "name" : "http://web.nvd.nist.gov/view/vuln/detail?vulnId=CVE-2023-6481"
      } ],
      "vulnerableSoftware" : [ {
        "software" : {
          "id" : "cpe:2.3:a:qos:logback:1.2.12:*:*:*:*:*:*:*"
        }
      }, {
        "software" : {
          "id" : "cpe:2.3:a:qos:logback:1.3.13:*:*:*:*:*:*:*",
          "vulnerabilityIdMatched" : "true"
        }
      }, {
        "software" : {
          "id" : "cpe:2.3:a:qos:logback:1.4.13:*:*:*:*:*:*:*"
        }
      } ]
    } ]
  }, {
    "isVirtual" : false,
    "fileName" : "logback-examples-1.3.13-sources.jar",
    "filePath" : "/Users/runner/work/H6060-Java-Logback/H6060-Java-Logback/upstream-repository/target/logback-examples/target/logback-examples-1.3.13-sources.jar",
    "md5" : "847750fa027a6582b7b0c1ab8629f36e",
    "sha1" : "8ea9b5b59784b7bdf59cf79f81d260dc22b8de34",
    "sha256" : "5889c0c0915af467979d443a59e8ce533d6bc1667e4dfc770141056aabe2ed7e",
    "evidenceCollected" : {
      "vendorEvidence" : [ {
        "type" : "vendor",
        "confidence" : "HIGH",
        "source" : "file",
        "name" : "name",
        "value" : "logback-examples"
      } ],
      "productEvidence" : [ {
        "type" : "product",
        "confidence" : "HIGH",
        "source" : "file",
        "name" : "name",
        "value" : "logback-examples"
      } ],
      "versionEvidence" : [ {
        "type" : "version",
        "confidence" : "MEDIUM",
        "source" : "file",
        "name" : "name",
        "value" : "logback-examples"
      }, {
        "type" : "version",
        "confidence" : "HIGH",
        "source" : "file",
        "name" : "version",
        "value" : "1.3.13"
      } ]
    }
  }, {
    "isVirtual" : false,
    "fileName" : "logback-examples-1.3.13.jar",
    "filePath" : "/Users/runner/work/H6060-Java-Logback/H6060-Java-Logback/upstream-repository/target/logback-examples/target/logback-examples-1.3.13.jar",
    "md5" : "aabe2edf7c0529a570375f39b791dcc8",
    "sha1" : "6b36aac70db4f4a45d17939736d8a64a6777418a",
    "sha256" : "126e9923ed9bf9d3b7f28f6a8dfa2bd76567b8c3ee67845c4cef460bdefbeac0",
    "description" : "logback-examples module",
    "evidenceCollected" : {
      "vendorEvidence" : [ {
        "type" : "vendor",
        "confidence" : "HIGH",
        "source" : "file",
        "name" : "name",
        "value" : "logback-examples"
      }, {
        "type" : "vendor",
        "confidence" : "LOW",
        "source" : "Manifest",
        "name" : "build-jdk-spec",
        "value" : "17"
      }, {
        "type" : "vendor",
        "confidence" : "HIGH",
        "source" : "Manifest",
        "name" : "Implementation-Vendor",
        "value" : "QOS.ch"
      }, {
        "type" : "vendor",
        "confidence" : "LOW",
        "source" : "Manifest",
        "name" : "specification-vendor",
        "value" : "QOS.ch"
      }, {
        "type" : "vendor",
        "confidence" : "LOW",
        "source" : "pom",
        "name" : "artifactid",
        "value" : "logback-examples"
      }, {
        "type" : "vendor",
        "confidence" : "HIGHEST",
        "source" : "pom",
        "name" : "groupid",
        "value" : "ch.qos.logback"
      }, {
        "type" : "vendor",
        "confidence" : "HIGH",
        "source" : "pom",
        "name" : "name",
        "value" : "Logback Examples Module"
      }, {
        "type" : "vendor",
        "confidence" : "LOW",
        "source" : "pom",
        "name" : "parent-artifactid",
        "value" : "logback-parent"
      } ],
      "productEvidence" : [ {
        "type" : "product",
        "confidence" : "HIGH",
        "source" : "file",
        "name" : "name",
        "value" : "logback-examples"
      }, {
        "type" : "product",
        "confidence" : "LOW",
        "source" : "Manifest",
        "name" : "build-jdk-spec",
        "value" : "17"
      }, {
        "type" : "product",
        "confidence" : "HIGH",
        "source" : "Manifest",
        "name" : "Implementation-Title",
        "value" : "Logback Examples Module"
      }, {
        "type" : "product",
        "confidence" : "MEDIUM",
        "source" : "Manifest",
        "name" : "specification-title",
        "value" : "Logback Examples Module"
      }, {
        "type" : "product",
        "confidence" : "HIGHEST",
        "source" : "pom",
        "name" : "artifactid",
        "value" : "logback-examples"
      }, {
        "type" : "product",
        "confidence" : "HIGHEST",
        "source" : "pom",
        "name" : "groupid",
        "value" : "ch.qos.logback"
      }, {
        "type" : "product",
        "confidence" : "HIGH",
        "source" : "pom",
        "name" : "name",
        "value" : "Logback Examples Module"
      }, {
        "type" : "product",
        "confidence" : "MEDIUM",
        "source" : "pom",
        "name" : "parent-artifactid",
        "value" : "logback-parent"
      } ],
      "versionEvidence" : [ {
        "type" : "version",
        "confidence" : "HIGH",
        "source" : "file",
        "name" : "version",
        "value" : "1.3.13"
      }, {
        "type" : "version",
        "confidence" : "HIGH",
        "source" : "Manifest",
        "name" : "Implementation-Version",
        "value" : "1.3.13"
      }, {
        "type" : "version",
        "confidence" : "HIGHEST",
        "source" : "pom",
        "name" : "version",
        "value" : "1.3.13"
      } ]
    },
    "packages" : [ {
      "id" : "pkg:maven/ch.qos.logback/logback-examples@1.3.13",
      "confidence" : "HIGH",
      "url" : "https://ossindex.sonatype.org/component/pkg:maven/ch.qos.logback/logback-examples@1.3.13?utm_source=dependency-check&utm_medium=integration&utm_content=10.0.3"
    } ],
    "vulnerabilityIds" : [ {
      "id" : "cpe:2.3:a:qos:logback:1.3.13:*:*:*:*:*:*:*",
      "confidence" : "HIGHEST",
      "url" : "https://nvd.nist.gov/vuln/search/results?form_type=Advanced&results_type=overview&search_type=all&cpe_vendor=cpe%3A%2F%3Aqos&cpe_product=cpe%3A%2F%3Aqos%3Alogback&cpe_version=cpe%3A%2F%3Aqos%3Alogback%3A1.3.13"
    } ],
    "vulnerabilities" : [ {
      "source" : "NVD",
      "name" : "CVE-2023-6481",
      "severity" : "HIGH",
      "cvssv3" : {
        "baseScore" : 7.5,
        "attackVector" : "NETWORK",
        "attackComplexity" : "LOW",
        "privilegesRequired" : "NONE",
        "userInteraction" : "NONE",
        "scope" : "UNCHANGED",
        "confidentialityImpact" : "NONE",
        "integrityImpact" : "NONE",
        "availabilityImpact" : "HIGH",
        "baseSeverity" : "HIGH",
        "exploitabilityScore" : "3.9",
        "impactScore" : "3.6",
        "version" : "3.1"
      },
      "cwes" : [ "NVD-CWE-noinfo" ],
      "description" : "A serialization vulnerability in logback receiver component part of \nlogback version 1.4.13, 1.3.13 and 1.2.12 allows an attacker to mount a Denial-Of-Service \nattack by sending poisoned data.\n\n",
      "notes" : "",
      "references" : [ {
        "source" : "vulnerability@ncsc.ch",
        "url" : "https://logback.qos.ch/news.html#1.3.14",
        "name" : "RELEASE_NOTES"
      }, {
        "source" : "OSSINDEX",
        "url" : "https://ossindex.sonatype.org/vulnerability/CVE-2023-6481?component-type=maven&component-name=ch.qos.logback%2Flogback-core&utm_source=dependency-check&utm_medium=integration&utm_content=10.0.3",
        "name" : "[CVE-2023-6481] CWE-noinfo"
      }, {
        "source" : "OSSIndex",
        "url" : "https://logback.qos.ch/news.html#1.3.12",
        "name" : "https://logback.qos.ch/news.html#1.3.12"
      }, {
        "source" : "vulnerability@ncsc.ch",
        "url" : "https://logback.qos.ch/news.html#1.3.12",
        "name" : "RELEASE_NOTES"
      }, {
        "source" : "OSSIndex",
        "url" : "http://web.nvd.nist.gov/view/vuln/detail?vulnId=CVE-2023-6481",
        "name" : "http://web.nvd.nist.gov/view/vuln/detail?vulnId=CVE-2023-6481"
      } ],
      "vulnerableSoftware" : [ {
        "software" : {
          "id" : "cpe:2.3:a:qos:logback:1.2.12:*:*:*:*:*:*:*"
        }
      }, {
        "software" : {
          "id" : "cpe:2.3:a:qos:logback:1.3.13:*:*:*:*:*:*:*",
          "vulnerabilityIdMatched" : "true"
        }
      }, {
        "software" : {
          "id" : "cpe:2.3:a:qos:logback:1.4.13:*:*:*:*:*:*:*"
        }
      } ]
    } ]
  } ]
}