"Project","ScanDate","DependencyName","DependencyPath","Description","License","Md5","Sha1","Identifiers","CPE","CVE","CWE","Vulnerability","Source","CVSSv2_Severity","CVSSv2_Score","CVSSv2","CVSSv3_BaseSeverity","CVSSv3_BaseScore","CVSSv3","CPE Confidence","Evidence Count","VendorProject","Product","Name","DateAdded","ShortDescription","RequiredAction","DueDate","Notes"
H6060-Java-Logback,"Sat, 10 Aug 2024 20:35:08 GMT",logback-access-1.3.13.jar,/Users/runner/work/H6060-Java-Logback/H6060-Java-Logback/upstream-repository/target/logback-access/target/logback-access-1.3.13.jar,logback-access module,"http://www.eclipse.org/legal/epl-v10.html, http://www.gnu.org/licenses/old-licenses/lgpl-2.1.html",815a0b0ef99bc7f859d26b7f2a0687f0,19c69c65e3f2269e10178ef863155016f9ba007c,pkg:maven/ch.qos.logback/logback-access@1.3.13,cpe:2.3:a:qos:logback:1.3.13:*:*:*:*:*:*:*,CVE-2023-6481,NVD-CWE-noinfo,"A serialization vulnerability in logback receiver component part of  logback version 1.4.13, 1.3.13 and 1.2.12 allows an attacker to mount a Denial-Of-Service  attack by sending poisoned data.",NVD,"","","",HIGH,7.5,CVSS:3.1/AV:N/AC:L/PR:N/UI:N/S:U/C:N/I:N/A:H/E:3.9/RC:R/MAV:A,HIGH,33,"","","","","","","",""
H6060-Java-Logback,"Sat, 10 Aug 2024 20:35:08 GMT",logback-classic-1.3.13.jar,/Users/runner/work/H6060-Java-Logback/H6060-Java-Logback/upstream-repository/target/logback-classic/target/logback-classic-1.3.13.jar,logback-classic module,"http://www.eclipse.org/legal/epl-v10.html, http://www.gnu.org/licenses/old-licenses/lgpl-2.1.html",198fe12530a58aef9c09aed5671a59a9,ef3fe3038aa0523decc11ab07f0bc7095f111ab6,pkg:maven/ch.qos.logback/logback-classic@1.3.13,cpe:2.3:a:qos:logback:1.3.13:*:*:*:*:*:*:*,CVE-2023-6481,NVD-CWE-noinfo,"A serialization vulnerability in logback receiver component part of  logback version 1.4.13, 1.3.13 and 1.2.12 allows an attacker to mount a Denial-Of-Service  attack by sending poisoned data.",NVD,"","","",HIGH,7.5,CVSS:3.1/AV:N/AC:L/PR:N/UI:N/S:U/C:N/I:N/A:H/E:3.9/RC:R/MAV:A,HIGH,37,"","","","","","","",""
H6060-Java-Logback,"Sat, 10 Aug 2024 20:35:08 GMT",logback-classic-blackbox-1.3.13.jar,/Users/runner/work/H6060-Java-Logback/H6060-Java-Logback/upstream-repository/target/logback-classic-blackbox/target/logback-classic-blackbox-1.3.13.jar,Logback Classic Blackbox Testing Module,"",d8ab02d55005412bd9bd91e8ff17d0fe,cd267090cbf95e2d395efed013890793a046451e,pkg:maven/ch.qos.logback/logback-classic-blackbox@1.3.13,cpe:2.3:a:qos:logback:1.3.13:*:*:*:*:*:*:*,CVE-2023-6481,NVD-CWE-noinfo,"A serialization vulnerability in logback receiver component part of  logback version 1.4.13, 1.3.13 and 1.2.12 allows an attacker to mount a Denial-Of-Service  attack by sending poisoned data.",NVD,"","","",HIGH,7.5,CVSS:3.1/AV:N/AC:L/PR:N/UI:N/S:U/C:N/I:N/A:H/E:3.9/RC:R/MAV:A,HIGH,19,"","","","","","","",""
H6060-Java-Logback,"Sat, 10 Aug 2024 20:35:08 GMT",logback-core-1.3.13.jar,/Users/runner/work/H6060-Java-Logback/H6060-Java-Logback/upstream-repository/target/logback-core/target/logback-core-1.3.13.jar,logback-core module,"http://www.eclipse.org/legal/epl-v10.html, http://www.gnu.org/licenses/old-licenses/lgpl-2.1.html",ccd507763ecff059f497815a486db45c,98bdfdcd1fc2b895f918ee63e4f9c2e818520586,pkg:maven/ch.qos.logback/logback-core@1.3.13,cpe:2.3:a:qos:logback:1.3.13:*:*:*:*:*:*:*,CVE-2023-6481,NVD-CWE-noinfo,"A serialization vulnerability in logback receiver component part of  logback version 1.4.13, 1.3.13 and 1.2.12 allows an attacker to mount a Denial-Of-Service  attack by sending poisoned data.",NVD,"","","",HIGH,7.5,CVSS:3.1/AV:N/AC:L/PR:N/UI:N/S:U/C:N/I:N/A:H/E:3.9/RC:R/MAV:A,HIGH,35,"","","","","","","",""
H6060-Java-Logback,"Sat, 10 Aug 2024 20:35:08 GMT",logback-core-blackbox-1.3.13.jar,/Users/runner/work/H6060-Java-Logback/H6060-Java-Logback/upstream-repository/target/logback-core-blackbox/target/logback-core-blackbox-1.3.13.jar,Logback Core Blackbox Testing Module,"",745bb22feb24ebc18111df9d94c3ba2b,a62b60dfd4545e3617c96ff76c57f2c827dea1b9,pkg:maven/ch.qos.logback/logback-core-blackbox@1.3.13,cpe:2.3:a:qos:logback:1.3.13:*:*:*:*:*:*:*,CVE-2023-6481,NVD-CWE-noinfo,"A serialization vulnerability in logback receiver component part of  logback version 1.4.13, 1.3.13 and 1.2.12 allows an attacker to mount a Denial-Of-Service  attack by sending poisoned data.",NVD,"","","",HIGH,7.5,CVSS:3.1/AV:N/AC:L/PR:N/UI:N/S:U/C:N/I:N/A:H/E:3.9/RC:R/MAV:A,HIGH,19,"","","","","","","",""
H6060-Java-Logback,"Sat, 10 Aug 2024 20:35:08 GMT",logback-examples-1.3.13.jar,/Users/runner/work/H6060-Java-Logback/H6060-Java-Logback/upstream-repository/target/logback-examples/target/logback-examples-1.3.13.jar,logback-examples module,"",aabe2edf7c0529a570375f39b791dcc8,6b36aac70db4f4a45d17939736d8a64a6777418a,pkg:maven/ch.qos.logback/logback-examples@1.3.13,cpe:2.3:a:qos:logback:1.3.13:*:*:*:*:*:*:*,CVE-2023-6481,NVD-CWE-noinfo,"A serialization vulnerability in logback receiver component part of  logback version 1.4.13, 1.3.13 and 1.2.12 allows an attacker to mount a Denial-Of-Service  attack by sending poisoned data.",NVD,"","","",HIGH,7.5,CVSS:3.1/AV:N/AC:L/PR:N/UI:N/S:U/C:N/I:N/A:H/E:3.9/RC:R/MAV:A,HIGH,19,"","","","","","","",""
