{"errors": [{"code": 3, "level": "warn", "message": "Syntax error at line templates/default.js:1:\n `;(function (global, factory) {\n    typeof exports === 'object' && typeof module !== 'undefined' ? module.exports = factory() :\n    typeof define === 'function' && define.amd ? define(factory) :\n    global.moment = factory()\n}(this, (function () { 'use strict';\n` was unexpected", "path": "templates/default.js", "type": "Syntax error"}, {"code": 3, "level": "warn", "message": "Syntax error at line templates/locale-header.js:1:\n `;(function (global, factory) {\n   typeof exports === 'object' && typeof module !== 'undefined'\n       && typeof require === 'function' ? factory(require('../moment')) :\n   typeof define === 'function' && define.amd ? define(['../moment'], factory) :\n   factory(global.moment)\n}(this, (function (moment) { 'use strict';\n` was unexpected", "path": "templates/locale-header.js", "type": "Syntax error"}, {"code": 3, "level": "warn", "message": "Syntax error at line templates/test-header.js:1:\n `;(function (global, factory) {\n   typeof exports === 'object' && typeof module !== 'undefined'\n       && typeof require === 'function' ? factory(require('../../moment')) :\n   typeof define === 'function' && define.amd ? define(['../../moment'], factory) :\n   factory(global.moment)\n}(this, (function (moment) { 'use strict';\n` was unexpected", "path": "templates/test-header.js", "type": "Syntax error"}], "interfile_languages_used": [], "paths": {"scanned": [".deepsource.toml", ".editorconfig", ".eslintrc.json", ".gitattributes", ".github/workflows/H6060-Experiment-3.yml", ".gitignore", ".npmignore", ".prettierrc", ".spmignore", ".travis.yml", "CHANGELOG.md", "CONTRIBUTING.md", "FAQ.md", "Gruntfile.js", "LICENSE", "Moment.js.nuspec", "README.md", "benchmarks/add.js", "benchmarks/clone.js", "benchmarks/compare.js", "benchmarks/endOf.js", "benchmarks/fromDate.js", "benchmarks/fromDateUtc.js", "benchmarks/get.js", "benchmarks/isObjectEmpty.js", "benchmarks/load-missing.js", "benchmarks/makeDuration.js", "benchmarks/query.js", "benchmarks/set.js", "benchmarks/startOf.js", "benchmarks/subtract.js", "benchmarks/zeroFill.js", "bower.json", "component.json", "composer.json", "ender.js", "locale/af.js", "locale/ar-dz.js", "locale/ar-kw.js", "locale/ar-ly.js", "locale/ar-ma.js", "locale/ar-sa.js", "locale/ar-tn.js", "locale/ar.js", "locale/az.js", "locale/be.js", "locale/bg.js", "locale/bm.js", "locale/bn-bd.js", "locale/bn.js", "locale/bo.js", "locale/br.js", "locale/bs.js", "locale/ca.js", "locale/cs.js", "locale/cv.js", "locale/cy.js", "locale/da.js", "locale/de-at.js", "locale/de-ch.js", "locale/de.js", "locale/dv.js", "locale/el.js", "locale/en-au.js", "locale/en-ca.js", "locale/en-gb.js", "locale/en-ie.js", "locale/en-il.js", "locale/en-in.js", "locale/en-nz.js", "locale/en-sg.js", "locale/eo.js", "locale/es-do.js", "locale/es-mx.js", "locale/es-us.js", "locale/es.js", "locale/et.js", "locale/eu.js", "locale/fa.js", "locale/fi.js", "locale/fil.js", "locale/fo.js", "locale/fr-ca.js", "locale/fr-ch.js", "locale/fr.js", "locale/fy.js", "locale/ga.js", "locale/gd.js", "locale/gl.js", "locale/gom-deva.js", "locale/gom-latn.js", "locale/gu.js", "locale/he.js", "locale/hi.js", "locale/hr.js", "locale/hu.js", "locale/hy-am.js", "locale/id.js", "locale/is.js", "locale/it-ch.js", "locale/it.js", "locale/ja.js", "locale/jv.js", "locale/ka.js", "locale/kk.js", "locale/km.js", "locale/kn.js", "locale/ko.js", "locale/ku.js", "locale/ky.js", "locale/lb.js", "locale/lo.js", "locale/lt.js", "locale/lv.js", "locale/me.js", "locale/mi.js", "locale/mk.js", "locale/ml.js", "locale/mn.js", "locale/mr.js", "locale/ms-my.js", "locale/ms.js", "locale/mt.js", "locale/my.js", "locale/nb.js", "locale/ne.js", "locale/nl-be.js", "locale/nl.js", "locale/nn.js", "locale/oc-lnc.js", "locale/pa-in.js", "locale/pl.js", "locale/pt-br.js", "locale/pt.js", "locale/ro.js", "locale/ru.js", "locale/sd.js", "locale/se.js", "locale/si.js", "locale/sk.js", "locale/sl.js", "locale/sq.js", "locale/sr-cyrl.js", "locale/sr.js", "locale/ss.js", "locale/sv.js", "locale/sw.js", "locale/ta.js", "locale/te.js", "locale/tet.js", "locale/tg.js", "locale/th.js", "locale/tk.js", "locale/tl-ph.js", "locale/tlh.js", "locale/tr.js", "locale/tzl.js", "locale/tzm-latn.js", "locale/tzm.js", "locale/ug-cn.js", "locale/uk.js", "locale/ur.js", "locale/uz-latn.js", "locale/uz.js", "locale/vi.js", "locale/x-pseudo.js", "locale/yo.js", "locale/zh-cn.js", "locale/zh-hk.js", "locale/zh-mo.js", "locale/zh-tw.js", "meteor/README.md", "meteor/export.js", "meteor/package.js", "meteor/test.js", "min/locales.js", "min/locales.min.js.map", "min/moment-with-locales.js", "min/moment-with-locales.min.js.map", "min/moment.min.js.map", "moment.d.ts", "moment.js", "package-lock.json", "package.js", "package.json", "scripts/locales.js", "scripts/npm_prepublish.sh", "src/lib/create/check-overflow.js", "src/lib/create/date-from-array.js", "src/lib/create/from-anything.js", "src/lib/create/from-array.js", "src/lib/create/from-object.js", "src/lib/create/from-string-and-array.js", "src/lib/create/from-string-and-format.js", "src/lib/create/from-string.js", "src/lib/create/local.js", "src/lib/create/parsing-flags.js", "src/lib/create/utc.js", "src/lib/create/valid.js", "src/lib/duration/abs.js", "src/lib/duration/add-subtract.js", "src/lib/duration/as.js", "src/lib/duration/bubble.js", "src/lib/duration/clone.js", "src/lib/duration/constructor.js", "src/lib/duration/create.js", "src/lib/duration/duration.js", "src/lib/duration/get.js", "src/lib/duration/humanize.js", "src/lib/duration/iso-string.js", "src/lib/duration/prototype.js", "src/lib/duration/valid.js", "src/lib/format/format.js", "src/lib/locale/base-config.js", "src/lib/locale/calendar.js", "src/lib/locale/constructor.js", "src/lib/locale/en.js", "src/lib/locale/formats.js", "src/lib/locale/invalid.js", "src/lib/locale/lists.js", "src/lib/locale/locale.js", "src/lib/locale/locales.js", "src/lib/locale/ordinal.js", "src/lib/locale/pre-post-format.js", "src/lib/locale/prototype.js", "src/lib/locale/relative.js", "src/lib/locale/set.js", "src/lib/moment/add-subtract.js", "src/lib/moment/calendar.js", "src/lib/moment/clone.js", "src/lib/moment/compare.js", "src/lib/moment/constructor.js", "src/lib/moment/creation-data.js", "src/lib/moment/diff.js", "src/lib/moment/format.js", "src/lib/moment/from.js", "src/lib/moment/get-set.js", "src/lib/moment/locale.js", "src/lib/moment/min-max.js", "src/lib/moment/moment.js", "src/lib/moment/now.js", "src/lib/moment/prototype.js", "src/lib/moment/start-end-of.js", "src/lib/moment/to-type.js", "src/lib/moment/to.js", "src/lib/moment/valid.js", "src/lib/parse/regex.js", "src/lib/parse/token.js", "src/lib/units/aliases.js", "src/lib/units/constants.js", "src/lib/units/day-of-month.js", "src/lib/units/day-of-week.js", "src/lib/units/day-of-year.js", "src/lib/units/era.js", "src/lib/units/hour.js", "src/lib/units/millisecond.js", "src/lib/units/minute.js", "src/lib/units/month.js", "src/lib/units/offset.js", "src/lib/units/priorities.js", "src/lib/units/quarter.js", "src/lib/units/second.js", "src/lib/units/timestamp.js", "src/lib/units/timezone.js", "src/lib/units/units.js", "src/lib/units/week-calendar-utils.js", "src/lib/units/week-year.js", "src/lib/units/week.js", "src/lib/units/year.js", "src/lib/utils/abs-ceil.js", "src/lib/utils/abs-floor.js", "src/lib/utils/abs-round.js", "src/lib/utils/compare-arrays.js", "src/lib/utils/defaults.js", "src/lib/utils/deprecate.js", "src/lib/utils/extend.js", "src/lib/utils/has-own-prop.js", "src/lib/utils/hooks.js", "src/lib/utils/index-of.js", "src/lib/utils/is-array.js", "src/lib/utils/is-calendar-spec.js", "src/lib/utils/is-date.js", "src/lib/utils/is-function.js", "src/lib/utils/is-leap-year.js", "src/lib/utils/is-moment-input.js", "src/lib/utils/is-number.js", "src/lib/utils/is-object-empty.js", "src/lib/utils/is-object.js", "src/lib/utils/is-string.js", "src/lib/utils/is-undefined.js", "src/lib/utils/keys.js", "src/lib/utils/map.js", "src/lib/utils/mod.js", "src/lib/utils/some.js", "src/lib/utils/to-int.js", "src/lib/utils/zero-fill.js", "src/locale/af.js", "src/locale/ar-dz.js", "src/locale/ar-kw.js", "src/locale/ar-ly.js", "src/locale/ar-ma.js", "src/locale/ar-sa.js", "src/locale/ar-tn.js", "src/locale/ar.js", "src/locale/az.js", "src/locale/be.js", "src/locale/bg.js", "src/locale/bm.js", "src/locale/bn-bd.js", "src/locale/bn.js", "src/locale/bo.js", "src/locale/br.js", "src/locale/bs.js", "src/locale/ca.js", "src/locale/cs.js", "src/locale/cv.js", "src/locale/cy.js", "src/locale/da.js", "src/locale/de-at.js", "src/locale/de-ch.js", "src/locale/de.js", "src/locale/dv.js", "src/locale/el.js", "src/locale/en-au.js", "src/locale/en-ca.js", "src/locale/en-gb.js", "src/locale/en-ie.js", "src/locale/en-il.js", "src/locale/en-in.js", "src/locale/en-nz.js", "src/locale/en-sg.js", "src/locale/eo.js", "src/locale/es-do.js", "src/locale/es-mx.js", "src/locale/es-us.js", "src/locale/es.js", "src/locale/et.js", "src/locale/eu.js", "src/locale/fa.js", "src/locale/fi.js", "src/locale/fil.js", "src/locale/fo.js", "src/locale/fr-ca.js", "src/locale/fr-ch.js", "src/locale/fr.js", "src/locale/fy.js", "src/locale/ga.js", "src/locale/gd.js", "src/locale/gl.js", "src/locale/gom-deva.js", "src/locale/gom-latn.js", "src/locale/gu.js", "src/locale/he.js", "src/locale/hi.js", "src/locale/hr.js", "src/locale/hu.js", "src/locale/hy-am.js", "src/locale/id.js", "src/locale/is.js", "src/locale/it-ch.js", "src/locale/it.js", "src/locale/ja.js", "src/locale/jv.js", "src/locale/ka.js", "src/locale/kk.js", "src/locale/km.js", "src/locale/kn.js", "src/locale/ko.js", "src/locale/ku.js", "src/locale/ky.js", "src/locale/lb.js", "src/locale/lo.js", "src/locale/lt.js", "src/locale/lv.js", "src/locale/me.js", "src/locale/mi.js", "src/locale/mk.js", "src/locale/ml.js", "src/locale/mn.js", "src/locale/mr.js", "src/locale/ms-my.js", "src/locale/ms.js", "src/locale/mt.js", "src/locale/my.js", "src/locale/nb.js", "src/locale/ne.js", "src/locale/nl-be.js", "src/locale/nl.js", "src/locale/nn.js", "src/locale/oc-lnc.js", "src/locale/pa-in.js", "src/locale/pl.js", "src/locale/pt-br.js", "src/locale/pt.js", "src/locale/ro.js", "src/locale/ru.js", "src/locale/sd.js", "src/locale/se.js", "src/locale/si.js", "src/locale/sk.js", "src/locale/sl.js", "src/locale/sq.js", "src/locale/sr-cyrl.js", "src/locale/sr.js", "src/locale/ss.js", "src/locale/sv.js", "src/locale/sw.js", "src/locale/ta.js", "src/locale/te.js", "src/locale/tet.js", "src/locale/tg.js", "src/locale/th.js", "src/locale/tk.js", "src/locale/tl-ph.js", "src/locale/tlh.js", "src/locale/tr.js", "src/locale/tzl.js", "src/locale/tzm-latn.js", "src/locale/tzm.js", "src/locale/ug-cn.js", "src/locale/uk.js", "src/locale/ur.js", "src/locale/uz-latn.js", "src/locale/uz.js", "src/locale/vi.js", "src/locale/x-pseudo.js", "src/locale/yo.js", "src/locale/zh-cn.js", "src/locale/zh-hk.js", "src/locale/zh-mo.js", "src/locale/zh-tw.js", "src/moment.js", "tasks/bump_version.js", "tasks/check_sauce_creds.js", "tasks/component.js", "tasks/nuget.js", "tasks/qtest.js", "tasks/transpile.js", "tasks/update_index.js", "templates/default.js", "templates/empty.js", "templates/locale-header.js", "templates/test-header.js", "ts3.1-typing-tests/moment-tests.ts", "ts3.1-typing-tests/tsconfig.json", "ts3.1-typings/moment.d.ts"]}, "results": [{"check_id": "javascript.lang.security.audit.detect-non-literal-regexp.detect-non-literal-regexp", "end": {"col": 53, "line": 793, "offset": 23281}, "extra": {"dataflow_trace": {"intermediate_vars": [{"content": "token", "location": {"end": {"col": 41, "line": 791, "offset": 23174}, "path": "min/moment-with-locales.js", "start": {"col": 36, "line": 791, "offset": 23169}}}], "taint_sink": ["CliLoc", [{"end": {"col": 53, "line": 793, "offset": 23281}, "path": "min/moment-with-locales.js", "start": {"col": 20, "line": 793, "offset": 23248}}, "new RegExp(unescapeFormat(token))"]], "taint_source": ["CliLoc", [{"end": {"col": 41, "line": 791, "offset": 23174}, "path": "min/moment-with-locales.js", "start": {"col": 36, "line": 791, "offset": 23169}}, "token"]]}, "engine_kind": "OSS", "fingerprint": "6069d175a9e2d95a3805852902fd30a52aabee26308f5e8be3c35dbb68a6912413468c4a2349d03c5a07429f0e479a340e8968aa35e5b5dcfe12ee44b15ec611_0", "is_ignored": false, "lines": "            return new RegExp(unescapeFormat(token));", "message": "RegExp() called with a `token` function argument, this might allow an attacker to cause a Regular Expression Denial-of-Service (ReDoS) within your application as RegExP blocks the main thread. For this reason, it is recommended to use hardcoded regexes instead. If your regex is run on user-controlled input, consider performing input validation or use a regex checking/sanitization library such as https://www.npmjs.com/package/recheck to verify that the regex does not appear vulnerable to ReDoS.", "metadata": {"category": "security", "confidence": "LOW", "cwe": ["CWE-1333: Inefficient Regular Expression Complexity"], "impact": "MEDIUM", "license": "Commons Clause License Condition v1.0[LGPL-2.1-only]", "likelihood": "MEDIUM", "owasp": ["A05:2021 - Security Misconfiguration", "A06:2017 - Security Misconfiguration"], "references": ["https://owasp.org/www-community/attacks/Regular_expression_Denial_of_Service_-_ReDoS"], "semgrep.dev": {"rule": {"origin": "community", "r_id": 12685, "rule_id": "zdU1gD", "rv_id": 834140, "url": "https://semgrep.dev/playground/r/8KTGkZw/javascript.lang.security.audit.detect-non-literal-regexp.detect-non-literal-regexp", "version_id": "8KTGkZw"}}, "shortlink": "https://sg.run/gr65", "source": "https://semgrep.dev/r/javascript.lang.security.audit.detect-non-literal-regexp.detect-non-literal-regexp", "source-rule-url": "https://github.com/nodesecurity/eslint-plugin-security/blob/master/rules/detect-non-literal-regexp.js", "subcategory": ["vuln"], "technology": ["javascript"], "vulnerability_class": ["Denial-of-Service (DoS)"]}, "metavars": {"$ARG": {"abstract_content": "token", "end": {"col": 41, "line": 791, "offset": 23174}, "start": {"col": 36, "line": 791, "offset": 23169}}}, "severity": "WARNING", "validation_state": "NO_VALIDATOR"}, "path": "min/moment-with-locales.js", "start": {"col": 20, "line": 793, "offset": 23248}}, {"check_id": "javascript.lang.security.audit.detect-non-literal-regexp.detect-non-literal-regexp", "end": {"col": 53, "line": 799, "offset": 23415}, "extra": {"dataflow_trace": {"intermediate_vars": [{"content": "token", "location": {"end": {"col": 41, "line": 797, "offset": 23308}, "path": "moment.js", "start": {"col": 36, "line": 797, "offset": 23303}}}], "taint_sink": ["CliLoc", [{"end": {"col": 53, "line": 799, "offset": 23415}, "path": "moment.js", "start": {"col": 20, "line": 799, "offset": 23382}}, "new RegExp(unescapeFormat(token))"]], "taint_source": ["CliLoc", [{"end": {"col": 41, "line": 797, "offset": 23308}, "path": "moment.js", "start": {"col": 36, "line": 797, "offset": 23303}}, "token"]]}, "engine_kind": "OSS", "fingerprint": "4c392e15054c87a9123f6ff925ffed89f6e3df5f042ea29ff97d52d751003915bb7a4c2b51c6572aa1ae6e37f88c07f5fb67724965f3e3aa9053b26edb685371_0", "is_ignored": false, "lines": "            return new RegExp(unescapeFormat(token));", "message": "RegExp() called with a `token` function argument, this might allow an attacker to cause a Regular Expression Denial-of-Service (ReDoS) within your application as RegExP blocks the main thread. For this reason, it is recommended to use hardcoded regexes instead. If your regex is run on user-controlled input, consider performing input validation or use a regex checking/sanitization library such as https://www.npmjs.com/package/recheck to verify that the regex does not appear vulnerable to ReDoS.", "metadata": {"category": "security", "confidence": "LOW", "cwe": ["CWE-1333: Inefficient Regular Expression Complexity"], "impact": "MEDIUM", "license": "Commons Clause License Condition v1.0[LGPL-2.1-only]", "likelihood": "MEDIUM", "owasp": ["A05:2021 - Security Misconfiguration", "A06:2017 - Security Misconfiguration"], "references": ["https://owasp.org/www-community/attacks/Regular_expression_Denial_of_Service_-_ReDoS"], "semgrep.dev": {"rule": {"origin": "community", "r_id": 12685, "rule_id": "zdU1gD", "rv_id": 834140, "url": "https://semgrep.dev/playground/r/8KTGkZw/javascript.lang.security.audit.detect-non-literal-regexp.detect-non-literal-regexp", "version_id": "8KTGkZw"}}, "shortlink": "https://sg.run/gr65", "source": "https://semgrep.dev/r/javascript.lang.security.audit.detect-non-literal-regexp.detect-non-literal-regexp", "source-rule-url": "https://github.com/nodesecurity/eslint-plugin-security/blob/master/rules/detect-non-literal-regexp.js", "subcategory": ["vuln"], "technology": ["javascript"], "vulnerability_class": ["Denial-of-Service (DoS)"]}, "metavars": {"$ARG": {"abstract_content": "token", "end": {"col": 41, "line": 797, "offset": 23308}, "start": {"col": 36, "line": 797, "offset": 23303}}}, "severity": "WARNING", "validation_state": "NO_VALIDATOR"}, "path": "moment.js", "start": {"col": 20, "line": 799, "offset": 23382}}, {"check_id": "javascript.lang.security.audit.path-traversal.path-join-resolve-traversal.path-join-resolve-traversal", "end": {"col": 66, "line": 20, "offset": 716}, "extra": {"dataflow_trace": {"intermediate_vars": [{"content": "locale", "location": {"end": {"col": 55, "line": 19, "offset": 647}, "path": "scripts/locales.js", "start": {"col": 49, "line": 19, "offset": 641}}}], "taint_sink": ["CliLoc", [{"end": {"col": 66, "line": 20, "offset": 716}, "path": "scripts/locales.js", "start": {"col": 60, "line": 20, "offset": 710}}, "locale"]], "taint_source": ["CliLoc", [{"end": {"col": 55, "line": 19, "offset": 647}, "path": "scripts/locales.js", "start": {"col": 49, "line": 19, "offset": 641}}, "locale"]]}, "engine_kind": "OSS", "fingerprint": "ce5033927764112ef257ccaf10fbece4df13569bd7ebaf146f017fc37987cba7198c1e5099057ea470b266ae0ddb743db57d4c53aa0e6ff00cc0ee0be4fa86ff_0", "is_ignored": false, "lines": "        var content = fs.readFileSync(path.join(localeDir, locale), {encoding: 'utf-8'}),", "message": "Detected possible user input going into a `path.join` or `path.resolve` function. This could possibly lead to a path traversal vulnerability,  where the attacker can access arbitrary files stored in the file system. Instead, be sure to sanitize or validate user input first.", "metadata": {"category": "security", "confidence": "LOW", "cwe": ["CWE-22: Improper Limitation of a Pathname to a Restricted Directory ('Path Traversal')"], "cwe2021-top25": true, "cwe2022-top25": true, "impact": "MEDIUM", "license": "Commons Clause License Condition v1.0[LGPL-2.1-only]", "likelihood": "HIGH", "owasp": ["A05:2017 - Broken Access Control", "A01:2021 - Broken Access Control"], "references": ["https://owasp.org/www-community/attacks/Path_Traversal"], "semgrep.dev": {"rule": {"origin": "community", "r_id": 9331, "rule_id": "8GUjrq", "rv_id": 834146, "url": "https://semgrep.dev/playground/r/JdTlrjW/javascript.lang.security.audit.path-traversal.path-join-resolve-traversal.path-join-resolve-traversal", "version_id": "JdTlrjW"}}, "shortlink": "https://sg.run/OPqk", "source": "https://semgrep.dev/r/javascript.lang.security.audit.path-traversal.path-join-resolve-traversal.path-join-resolve-traversal", "subcategory": ["vuln"], "technology": ["javascript", "node.js"], "vulnerability_class": ["Path Traversal"]}, "metavars": {"$PATH": {"abstract_content": "path", "end": {"col": 43, "line": 20, "offset": 693}, "start": {"col": 39, "line": 20, "offset": 689}}, "$SINK": {"abstract_content": "locale", "end": {"col": 66, "line": 20, "offset": 716}, "start": {"col": 60, "line": 20, "offset": 710}}, "$X": {"abstract_content": "locale", "end": {"col": 55, "line": 19, "offset": 647}, "start": {"col": 49, "line": 19, "offset": 641}}}, "severity": "WARNING", "validation_state": "NO_VALIDATOR"}, "path": "scripts/locales.js", "start": {"col": 60, "line": 20, "offset": 710}}, {"check_id": "javascript.lang.security.audit.detect-non-literal-regexp.detect-non-literal-regexp", "end": {"col": 49, "line": 57, "offset": 1911}, "extra": {"dataflow_trace": {"intermediate_vars": [{"content": "token", "location": {"end": {"col": 44, "line": 55, "offset": 1812}, "path": "src/lib/parse/regex.js", "start": {"col": 39, "line": 55, "offset": 1807}}}], "taint_sink": ["CliLoc", [{"end": {"col": 49, "line": 57, "offset": 1911}, "path": "src/lib/parse/regex.js", "start": {"col": 16, "line": 57, "offset": 1878}}, "new RegExp(unescapeFormat(token))"]], "taint_source": ["CliLoc", [{"end": {"col": 44, "line": 55, "offset": 1812}, "path": "src/lib/parse/regex.js", "start": {"col": 39, "line": 55, "offset": 1807}}, "token"]]}, "engine_kind": "OSS", "fingerprint": "6e41df2c1b6657beec273be246306abe63d6e104564e04f1da0e354cb6cb6530b3ef57538aefebc9168de0c7ac9186e554e71327f4c0d55400adeaac674328e2_0", "is_ignored": false, "lines": "        return new RegExp(unescapeFormat(token));", "message": "RegExp() called with a `token` function argument, this might allow an attacker to cause a Regular Expression Denial-of-Service (ReDoS) within your application as RegExP blocks the main thread. For this reason, it is recommended to use hardcoded regexes instead. If your regex is run on user-controlled input, consider performing input validation or use a regex checking/sanitization library such as https://www.npmjs.com/package/recheck to verify that the regex does not appear vulnerable to ReDoS.", "metadata": {"category": "security", "confidence": "LOW", "cwe": ["CWE-1333: Inefficient Regular Expression Complexity"], "impact": "MEDIUM", "license": "Commons Clause License Condition v1.0[LGPL-2.1-only]", "likelihood": "MEDIUM", "owasp": ["A05:2021 - Security Misconfiguration", "A06:2017 - Security Misconfiguration"], "references": ["https://owasp.org/www-community/attacks/Regular_expression_Denial_of_Service_-_ReDoS"], "semgrep.dev": {"rule": {"origin": "community", "r_id": 12685, "rule_id": "zdU1gD", "rv_id": 834140, "url": "https://semgrep.dev/playground/r/8KTGkZw/javascript.lang.security.audit.detect-non-literal-regexp.detect-non-literal-regexp", "version_id": "8KTGkZw"}}, "shortlink": "https://sg.run/gr65", "source": "https://semgrep.dev/r/javascript.lang.security.audit.detect-non-literal-regexp.detect-non-literal-regexp", "source-rule-url": "https://github.com/nodesecurity/eslint-plugin-security/blob/master/rules/detect-non-literal-regexp.js", "subcategory": ["vuln"], "technology": ["javascript"], "vulnerability_class": ["Denial-of-Service (DoS)"]}, "metavars": {"$ARG": {"abstract_content": "token", "end": {"col": 44, "line": 55, "offset": 1812}, "start": {"col": 39, "line": 55, "offset": 1807}}}, "severity": "WARNING", "validation_state": "NO_VALIDATOR"}, "path": "src/lib/parse/regex.js", "start": {"col": 16, "line": 57, "offset": 1878}}, {"check_id": "javascript.lang.security.audit.path-traversal.path-join-resolve-traversal.path-join-resolve-traversal", "end": {"col": 40, "line": 78, "offset": 2553}, "extra": {"dataflow_trace": {"intermediate_vars": [{"content": "opts", "location": {"end": {"col": 28, "line": 67, "offset": 2047}, "path": "tasks/transpile.js", "start": {"col": 24, "line": 67, "offset": 2043}}}], "taint_sink": ["CliLoc", [{"end": {"col": 40, "line": 78, "offset": 2553}, "path": "tasks/transpile.js", "start": {"col": 31, "line": 78, "offset": 2544}}, "opts.base"]], "taint_source": ["CliLoc", [{"end": {"col": 28, "line": 67, "offset": 2047}, "path": "tasks/transpile.js", "start": {"col": 24, "line": 67, "offset": 2043}}, "opts"]]}, "engine_kind": "OSS", "fingerprint": "a2ce86869d479803bbb64653fd14f1e2bec9e00a4d4f3f8c355c634073dda9ced8b0538ef8d63a5d9bdc3e175867ad9da4d8f5cdd15504d8d832796842ddc594_0", "is_ignored": false, "lines": "            entry = path.join(opts.base, opts.entry);", "message": "Detected possible user input going into a `path.join` or `path.resolve` function. This could possibly lead to a path traversal vulnerability,  where the attacker can access arbitrary files stored in the file system. Instead, be sure to sanitize or validate user input first.", "metadata": {"category": "security", "confidence": "LOW", "cwe": ["CWE-22: Improper Limitation of a Pathname to a Restricted Directory ('Path Traversal')"], "cwe2021-top25": true, "cwe2022-top25": true, "impact": "MEDIUM", "license": "Commons Clause License Condition v1.0[LGPL-2.1-only]", "likelihood": "HIGH", "owasp": ["A05:2017 - Broken Access Control", "A01:2021 - Broken Access Control"], "references": ["https://owasp.org/www-community/attacks/Path_Traversal"], "semgrep.dev": {"rule": {"origin": "community", "r_id": 9331, "rule_id": "8GUjrq", "rv_id": 834146, "url": "https://semgrep.dev/playground/r/JdTlrjW/javascript.lang.security.audit.path-traversal.path-join-resolve-traversal.path-join-resolve-traversal", "version_id": "JdTlrjW"}}, "shortlink": "https://sg.run/OPqk", "source": "https://semgrep.dev/r/javascript.lang.security.audit.path-traversal.path-join-resolve-traversal.path-join-resolve-traversal", "subcategory": ["vuln"], "technology": ["javascript", "node.js"], "vulnerability_class": ["Path Traversal"]}, "metavars": {"$PATH": {"abstract_content": "path", "end": {"col": 25, "line": 78, "offset": 2538}, "start": {"col": 21, "line": 78, "offset": 2534}}, "$SINK": {"abstract_content": "opts.base", "end": {"col": 40, "line": 78, "offset": 2553}, "start": {"col": 31, "line": 78, "offset": 2544}}, "$X": {"abstract_content": "opts", "end": {"col": 28, "line": 67, "offset": 2047}, "start": {"col": 24, "line": 67, "offset": 2043}}}, "severity": "WARNING", "validation_state": "NO_VALIDATOR"}, "path": "tasks/transpile.js", "start": {"col": 31, "line": 78, "offset": 2544}}, {"check_id": "javascript.lang.security.audit.path-traversal.path-join-resolve-traversal.path-join-resolve-traversal", "end": {"col": 52, "line": 78, "offset": 2565}, "extra": {"dataflow_trace": {"intermediate_vars": [{"content": "opts", "location": {"end": {"col": 28, "line": 67, "offset": 2047}, "path": "tasks/transpile.js", "start": {"col": 24, "line": 67, "offset": 2043}}}], "taint_sink": ["CliLoc", [{"end": {"col": 52, "line": 78, "offset": 2565}, "path": "tasks/transpile.js", "start": {"col": 42, "line": 78, "offset": 2555}}, "opts.entry"]], "taint_source": ["CliLoc", [{"end": {"col": 28, "line": 67, "offset": 2047}, "path": "tasks/transpile.js", "start": {"col": 24, "line": 67, "offset": 2043}}, "opts"]]}, "engine_kind": "OSS", "fingerprint": "4cd4933f318b855b5662c7e1019c4807f2748aaf4f0bd729a0340fb4ef3a45d3b1e1995fa2a2c36adaf28f7103d4073386ef37cc1e8d235a5d01379c20d78e08_0", "is_ignored": false, "lines": "            entry = path.join(opts.base, opts.entry);", "message": "Detected possible user input going into a `path.join` or `path.resolve` function. This could possibly lead to a path traversal vulnerability,  where the attacker can access arbitrary files stored in the file system. Instead, be sure to sanitize or validate user input first.", "metadata": {"category": "security", "confidence": "LOW", "cwe": ["CWE-22: Improper Limitation of a Pathname to a Restricted Directory ('Path Traversal')"], "cwe2021-top25": true, "cwe2022-top25": true, "impact": "MEDIUM", "license": "Commons Clause License Condition v1.0[LGPL-2.1-only]", "likelihood": "HIGH", "owasp": ["A05:2017 - Broken Access Control", "A01:2021 - Broken Access Control"], "references": ["https://owasp.org/www-community/attacks/Path_Traversal"], "semgrep.dev": {"rule": {"origin": "community", "r_id": 9331, "rule_id": "8GUjrq", "rv_id": 834146, "url": "https://semgrep.dev/playground/r/JdTlrjW/javascript.lang.security.audit.path-traversal.path-join-resolve-traversal.path-join-resolve-traversal", "version_id": "JdTlrjW"}}, "shortlink": "https://sg.run/OPqk", "source": "https://semgrep.dev/r/javascript.lang.security.audit.path-traversal.path-join-resolve-traversal.path-join-resolve-traversal", "subcategory": ["vuln"], "technology": ["javascript", "node.js"], "vulnerability_class": ["Path Traversal"]}, "metavars": {"$PATH": {"abstract_content": "path", "end": {"col": 25, "line": 78, "offset": 2538}, "start": {"col": 21, "line": 78, "offset": 2534}}, "$SINK": {"abstract_content": "opts.entry", "end": {"col": 52, "line": 78, "offset": 2565}, "start": {"col": 42, "line": 78, "offset": 2555}}, "$X": {"abstract_content": "opts", "end": {"col": 28, "line": 67, "offset": 2047}, "start": {"col": 24, "line": 67, "offset": 2043}}}, "severity": "WARNING", "validation_state": "NO_VALIDATOR"}, "path": "tasks/transpile.js", "start": {"col": 42, "line": 78, "offset": 2555}}, {"check_id": "javascript.lang.security.audit.path-traversal.path-join-resolve-traversal.path-join-resolve-traversal", "end": {"col": 71, "line": 110, "offset": 3925}, "extra": {"dataflow_trace": {"intermediate_vars": [{"content": "file", "location": {"end": {"col": 73, "line": 102, "offset": 3464}, "path": "tasks/transpile.js", "start": {"col": 69, "line": 102, "offset": 3460}}}], "taint_sink": ["CliLoc", [{"end": {"col": 71, "line": 110, "offset": 3925}, "path": "tasks/transpile.js", "start": {"col": 67, "line": 110, "offset": 3921}}, "file"]], "taint_source": ["CliLoc", [{"end": {"col": 73, "line": 102, "offset": 3464}, "path": "tasks/transpile.js", "start": {"col": 69, "line": 102, "offset": 3460}}, "file"]]}, "engine_kind": "OSS", "fingerprint": "c27de1e04c15dd2ef160181e51dab12ccccc1675ec280dbf54159c94bc9d2d2e59ba11834a47ac1b15da3ea2d971c1aae6707f7649af6094b8f0a0117f16a02a_0", "is_ignored": false, "lines": "                                target: path.join(opts.targetDir, file),", "message": "Detected possible user input going into a `path.join` or `path.resolve` function. This could possibly lead to a path traversal vulnerability,  where the attacker can access arbitrary files stored in the file system. Instead, be sure to sanitize or validate user input first.", "metadata": {"category": "security", "confidence": "LOW", "cwe": ["CWE-22: Improper Limitation of a Pathname to a Restricted Directory ('Path Traversal')"], "cwe2021-top25": true, "cwe2022-top25": true, "impact": "MEDIUM", "license": "Commons Clause License Condition v1.0[LGPL-2.1-only]", "likelihood": "HIGH", "owasp": ["A05:2017 - Broken Access Control", "A01:2021 - Broken Access Control"], "references": ["https://owasp.org/www-community/attacks/Path_Traversal"], "semgrep.dev": {"rule": {"origin": "community", "r_id": 9331, "rule_id": "8GUjrq", "rv_id": 834146, "url": "https://semgrep.dev/playground/r/JdTlrjW/javascript.lang.security.audit.path-traversal.path-join-resolve-traversal.path-join-resolve-traversal", "version_id": "JdTlrjW"}}, "shortlink": "https://sg.run/OPqk", "source": "https://semgrep.dev/r/javascript.lang.security.audit.path-traversal.path-join-resolve-traversal.path-join-resolve-traversal", "subcategory": ["vuln"], "technology": ["javascript", "node.js"], "vulnerability_class": ["Path Traversal"]}, "metavars": {"$PATH": {"abstract_content": "path", "end": {"col": 45, "line": 110, "offset": 3899}, "start": {"col": 41, "line": 110, "offset": 3895}}, "$SINK": {"abstract_content": "file", "end": {"col": 71, "line": 110, "offset": 3925}, "start": {"col": 67, "line": 110, "offset": 3921}}, "$X": {"abstract_content": "file", "end": {"col": 73, "line": 102, "offset": 3464}, "start": {"col": 69, "line": 102, "offset": 3460}}}, "severity": "WARNING", "validation_state": "NO_VALIDATOR"}, "path": "tasks/transpile.js", "start": {"col": 67, "line": 110, "offset": 3921}}, {"check_id": "javascript.lang.security.audit.path-traversal.path-join-resolve-traversal.path-join-resolve-traversal", "end": {"col": 43, "line": 131, "offset": 4454}, "extra": {"dataflow_trace": {"intermediate_vars": [{"content": "base", "location": {"end": {"col": 30, "line": 124, "offset": 4202}, "path": "tasks/transpile.js", "start": {"col": 26, "line": 124, "offset": 4198}}}], "taint_sink": ["CliLoc", [{"end": {"col": 43, "line": 131, "offset": 4454}, "path": "tasks/transpile.js", "start": {"col": 39, "line": 131, "offset": 4450}}, "base"]], "taint_source": ["CliLoc", [{"end": {"col": 30, "line": 124, "offset": 4202}, "path": "tasks/transpile.js", "start": {"col": 26, "line": 124, "offset": 4198}}, "base"]]}, "engine_kind": "OSS", "fingerprint": "5363274cba32bf46096c7e15b6aa0f545ec0800508d690760732c17f7571766e43215af9dc1d97626d6b235b8fdc5c1e1e47a9aeb17c936ee3de306ca576908d_0", "is_ignored": false, "lines": "            grunt.file.copy(path.join(base, file), path.join(tmpDir, file));", "message": "Detected possible user input going into a `path.join` or `path.resolve` function. This could possibly lead to a path traversal vulnerability,  where the attacker can access arbitrary files stored in the file system. Instead, be sure to sanitize or validate user input first.", "metadata": {"category": "security", "confidence": "LOW", "cwe": ["CWE-22: Improper Limitation of a Pathname to a Restricted Directory ('Path Traversal')"], "cwe2021-top25": true, "cwe2022-top25": true, "impact": "MEDIUM", "license": "Commons Clause License Condition v1.0[LGPL-2.1-only]", "likelihood": "HIGH", "owasp": ["A05:2017 - Broken Access Control", "A01:2021 - Broken Access Control"], "references": ["https://owasp.org/www-community/attacks/Path_Traversal"], "semgrep.dev": {"rule": {"origin": "community", "r_id": 9331, "rule_id": "8GUjrq", "rv_id": 834146, "url": "https://semgrep.dev/playground/r/JdTlrjW/javascript.lang.security.audit.path-traversal.path-join-resolve-traversal.path-join-resolve-traversal", "version_id": "JdTlrjW"}}, "shortlink": "https://sg.run/OPqk", "source": "https://semgrep.dev/r/javascript.lang.security.audit.path-traversal.path-join-resolve-traversal.path-join-resolve-traversal", "subcategory": ["vuln"], "technology": ["javascript", "node.js"], "vulnerability_class": ["Path Traversal"]}, "metavars": {"$PATH": {"abstract_content": "path", "end": {"col": 33, "line": 131, "offset": 4444}, "start": {"col": 29, "line": 131, "offset": 4440}}, "$SINK": {"abstract_content": "base", "end": {"col": 43, "line": 131, "offset": 4454}, "start": {"col": 39, "line": 131, "offset": 4450}}, "$X": {"abstract_content": "base", "end": {"col": 30, "line": 124, "offset": 4202}, "start": {"col": 26, "line": 124, "offset": 4198}}}, "severity": "WARNING", "validation_state": "NO_VALIDATOR"}, "path": "tasks/transpile.js", "start": {"col": 39, "line": 131, "offset": 4450}}, {"check_id": "javascript.lang.security.audit.path-traversal.path-join-resolve-traversal.path-join-resolve-traversal", "end": {"col": 49, "line": 131, "offset": 4460}, "extra": {"dataflow_trace": {"intermediate_vars": [{"content": "file", "location": {"end": {"col": 37, "line": 130, "offset": 4408}, "path": "tasks/transpile.js", "start": {"col": 33, "line": 130, "offset": 4404}}}], "taint_sink": ["CliLoc", [{"end": {"col": 49, "line": 131, "offset": 4460}, "path": "tasks/transpile.js", "start": {"col": 45, "line": 131, "offset": 4456}}, "file"]], "taint_source": ["CliLoc", [{"end": {"col": 37, "line": 130, "offset": 4408}, "path": "tasks/transpile.js", "start": {"col": 33, "line": 130, "offset": 4404}}, "file"]]}, "engine_kind": "OSS", "fingerprint": "c27de1e04c15dd2ef160181e51dab12ccccc1675ec280dbf54159c94bc9d2d2e59ba11834a47ac1b15da3ea2d971c1aae6707f7649af6094b8f0a0117f16a02a_1", "is_ignored": false, "lines": "            grunt.file.copy(path.join(base, file), path.join(tmpDir, file));", "message": "Detected possible user input going into a `path.join` or `path.resolve` function. This could possibly lead to a path traversal vulnerability,  where the attacker can access arbitrary files stored in the file system. Instead, be sure to sanitize or validate user input first.", "metadata": {"category": "security", "confidence": "LOW", "cwe": ["CWE-22: Improper Limitation of a Pathname to a Restricted Directory ('Path Traversal')"], "cwe2021-top25": true, "cwe2022-top25": true, "impact": "MEDIUM", "license": "Commons Clause License Condition v1.0[LGPL-2.1-only]", "likelihood": "HIGH", "owasp": ["A05:2017 - Broken Access Control", "A01:2021 - Broken Access Control"], "references": ["https://owasp.org/www-community/attacks/Path_Traversal"], "semgrep.dev": {"rule": {"origin": "community", "r_id": 9331, "rule_id": "8GUjrq", "rv_id": 834146, "url": "https://semgrep.dev/playground/r/JdTlrjW/javascript.lang.security.audit.path-traversal.path-join-resolve-traversal.path-join-resolve-traversal", "version_id": "JdTlrjW"}}, "shortlink": "https://sg.run/OPqk", "source": "https://semgrep.dev/r/javascript.lang.security.audit.path-traversal.path-join-resolve-traversal.path-join-resolve-traversal", "subcategory": ["vuln"], "technology": ["javascript", "node.js"], "vulnerability_class": ["Path Traversal"]}, "metavars": {"$PATH": {"abstract_content": "path", "end": {"col": 33, "line": 131, "offset": 4444}, "start": {"col": 29, "line": 131, "offset": 4440}}, "$SINK": {"abstract_content": "file", "end": {"col": 49, "line": 131, "offset": 4460}, "start": {"col": 45, "line": 131, "offset": 4456}}, "$X": {"abstract_content": "file", "end": {"col": 37, "line": 130, "offset": 4408}, "start": {"col": 33, "line": 130, "offset": 4404}}}, "severity": "WARNING", "validation_state": "NO_VALIDATOR"}, "path": "tasks/transpile.js", "start": {"col": 45, "line": 131, "offset": 4456}}, {"check_id": "javascript.lang.security.audit.path-traversal.path-join-resolve-traversal.path-join-resolve-traversal", "end": {"col": 74, "line": 131, "offset": 4485}, "extra": {"dataflow_trace": {"intermediate_vars": [{"content": "file", "location": {"end": {"col": 37, "line": 130, "offset": 4408}, "path": "tasks/transpile.js", "start": {"col": 33, "line": 130, "offset": 4404}}}], "taint_sink": ["CliLoc", [{"end": {"col": 74, "line": 131, "offset": 4485}, "path": "tasks/transpile.js", "start": {"col": 70, "line": 131, "offset": 4481}}, "file"]], "taint_source": ["CliLoc", [{"end": {"col": 37, "line": 130, "offset": 4408}, "path": "tasks/transpile.js", "start": {"col": 33, "line": 130, "offset": 4404}}, "file"]]}, "engine_kind": "OSS", "fingerprint": "c27de1e04c15dd2ef160181e51dab12ccccc1675ec280dbf54159c94bc9d2d2e59ba11834a47ac1b15da3ea2d971c1aae6707f7649af6094b8f0a0117f16a02a_2", "is_ignored": false, "lines": "            grunt.file.copy(path.join(base, file), path.join(tmpDir, file));", "message": "Detected possible user input going into a `path.join` or `path.resolve` function. This could possibly lead to a path traversal vulnerability,  where the attacker can access arbitrary files stored in the file system. Instead, be sure to sanitize or validate user input first.", "metadata": {"category": "security", "confidence": "LOW", "cwe": ["CWE-22: Improper Limitation of a Pathname to a Restricted Directory ('Path Traversal')"], "cwe2021-top25": true, "cwe2022-top25": true, "impact": "MEDIUM", "license": "Commons Clause License Condition v1.0[LGPL-2.1-only]", "likelihood": "HIGH", "owasp": ["A05:2017 - Broken Access Control", "A01:2021 - Broken Access Control"], "references": ["https://owasp.org/www-community/attacks/Path_Traversal"], "semgrep.dev": {"rule": {"origin": "community", "r_id": 9331, "rule_id": "8GUjrq", "rv_id": 834146, "url": "https://semgrep.dev/playground/r/JdTlrjW/javascript.lang.security.audit.path-traversal.path-join-resolve-traversal.path-join-resolve-traversal", "version_id": "JdTlrjW"}}, "shortlink": "https://sg.run/OPqk", "source": "https://semgrep.dev/r/javascript.lang.security.audit.path-traversal.path-join-resolve-traversal.path-join-resolve-traversal", "subcategory": ["vuln"], "technology": ["javascript", "node.js"], "vulnerability_class": ["Path Traversal"]}, "metavars": {"$PATH": {"abstract_content": "path", "end": {"col": 56, "line": 131, "offset": 4467}, "start": {"col": 52, "line": 131, "offset": 4463}}, "$SINK": {"abstract_content": "file", "end": {"col": 74, "line": 131, "offset": 4485}, "start": {"col": 70, "line": 131, "offset": 4481}}, "$X": {"abstract_content": "file", "end": {"col": 37, "line": 130, "offset": 4408}, "start": {"col": 33, "line": 130, "offset": 4404}}}, "severity": "WARNING", "validation_state": "NO_VALIDATOR"}, "path": "tasks/transpile.js", "start": {"col": 70, "line": 131, "offset": 4481}}, {"check_id": "javascript.lang.security.audit.path-traversal.path-join-resolve-traversal.path-join-resolve-traversal", "end": {"col": 50, "line": 138, "offset": 4686}, "extra": {"dataflow_trace": {"intermediate_vars": [{"content": "opts", "location": {"end": {"col": 32, "line": 135, "offset": 4539}, "path": "tasks/transpile.js", "start": {"col": 28, "line": 135, "offset": 4535}}}, {"content": "entry", "location": {"end": {"col": 18, "line": 136, "offset": 4560}, "path": "tasks/transpile.js", "start": {"col": 13, "line": 136, "offset": 4555}}}], "taint_sink": ["CliLoc", [{"end": {"col": 50, "line": 138, "offset": 4686}, "path": "tasks/transpile.js", "start": {"col": 45, "line": 138, "offset": 4681}}, "entry"]], "taint_source": ["CliLoc", [{"end": {"col": 32, "line": 135, "offset": 4539}, "path": "tasks/transpile.js", "start": {"col": 28, "line": 135, "offset": 4535}}, "opts"]]}, "engine_kind": "OSS", "fingerprint": "27a225bbe781b6dc26e7ed8d78afa2c585ce0d2300f46923051222deeba38964a3da07bec19fc67784f5b9f24b3fe2aea215aae934299c6dc75288836d36125a_0", "is_ignored": false, "lines": "        grunt.file.write(path.join(TMP_DIR, entry), opts.code);", "message": "Detected possible user input going into a `path.join` or `path.resolve` function. This could possibly lead to a path traversal vulnerability,  where the attacker can access arbitrary files stored in the file system. Instead, be sure to sanitize or validate user input first.", "metadata": {"category": "security", "confidence": "LOW", "cwe": ["CWE-22: Improper Limitation of a Pathname to a Restricted Directory ('Path Traversal')"], "cwe2021-top25": true, "cwe2022-top25": true, "impact": "MEDIUM", "license": "Commons Clause License Condition v1.0[LGPL-2.1-only]", "likelihood": "HIGH", "owasp": ["A05:2017 - Broken Access Control", "A01:2021 - Broken Access Control"], "references": ["https://owasp.org/www-community/attacks/Path_Traversal"], "semgrep.dev": {"rule": {"origin": "community", "r_id": 9331, "rule_id": "8GUjrq", "rv_id": 834146, "url": "https://semgrep.dev/playground/r/JdTlrjW/javascript.lang.security.audit.path-traversal.path-join-resolve-traversal.path-join-resolve-traversal", "version_id": "JdTlrjW"}}, "shortlink": "https://sg.run/OPqk", "source": "https://semgrep.dev/r/javascript.lang.security.audit.path-traversal.path-join-resolve-traversal.path-join-resolve-traversal", "subcategory": ["vuln"], "technology": ["javascript", "node.js"], "vulnerability_class": ["Path Traversal"]}, "metavars": {"$PATH": {"abstract_content": "path", "end": {"col": 30, "line": 138, "offset": 4666}, "start": {"col": 26, "line": 138, "offset": 4662}}, "$SINK": {"abstract_content": "entry", "end": {"col": 50, "line": 138, "offset": 4686}, "propagated_value": {"svalue_abstract_content": "opts.entry||path.basename(opts.target)", "svalue_end": {"col": 61, "line": 136, "offset": 4603}, "svalue_start": {"col": 21, "line": 136, "offset": 4563}}, "start": {"col": 45, "line": 138, "offset": 4681}}, "$X": {"abstract_content": "opts", "end": {"col": 32, "line": 135, "offset": 4539}, "start": {"col": 28, "line": 135, "offset": 4535}}}, "severity": "WARNING", "validation_state": "NO_VALIDATOR"}, "path": "tasks/transpile.js", "start": {"col": 45, "line": 138, "offset": 4681}}], "skipped_rules": [], "version": "1.81.0"}