{
 "matches": [
  {
   "vulnerability": {
    "id": "CVE-2023-6378",
    "dataSource": "https://nvd.nist.gov/vuln/detail/CVE-2023-6378",
    "namespace": "nvd:cpe",
    "severity": "High",
    "urls": [
     "https://logback.qos.ch/news.html#1.3.12"
    ],
    "description": "A serialization vulnerability in logback receiver component part of \nlogback version 1.4.11 allows an attacker to mount a Denial-Of-Service \nattack by sending poisoned data.\n\n",
    "cvss": [
     {
      "source": "nvd@nist.gov",
      "type": "Primary",
      "version": "3.1",
      "vector": "CVSS:3.1/AV:N/AC:L/PR:N/UI:N/S:U/C:N/I:N/A:H",
      "metrics": {
       "baseScore": 7.5,
       "exploitabilityScore": 3.9,
       "impactScore": 3.6
      },
      "vendorMetadata": {}
     },
     {
      "source": "vulnerability@ncsc.ch",
      "type": "Secondary",
      "version": "3.1",
      "vector": "CVSS:3.1/AV:L/AC:L/PR:N/UI:N/S:C/C:N/I:N/A:H",
      "metrics": {
       "baseScore": 7.1,
       "exploitabilityScore": 2.5,
       "impactScore": 4
      },
      "vendorMetadata": {}
     }
    ],
    "fix": {
     "versions": [
      "1.3.12"
     ],
     "state": "fixed"
    },
    "advisories": []
   },
   "relatedVulnerabilities": [
    {
     "id": "GHSA-vmq6-5m68-f53m",
     "dataSource": "https://github.com/advisories/GHSA-vmq6-5m68-f53m",
     "namespace": "github:language:java",
     "severity": "High",
     "urls": [
      "https://github.com/advisories/GHSA-vmq6-5m68-f53m"
     ],
     "description": "logback serialization vulnerability",
     "cvss": [
      {
       "version": "3.1",
       "vector": "CVSS:3.1/AV:L/AC:L/PR:N/UI:N/S:C/C:N/I:N/A:H",
       "metrics": {
        "baseScore": 7.1,
        "exploitabilityScore": 2.5,
        "impactScore": 4
       },
       "vendorMetadata": {
        "base_severity": "High",
        "status": "N/A"
       }
      }
     ]
    }
   ],
   "matchDetails": [
    {
     "type": "exact-direct-match",
     "matcher": "java-matcher",
     "searchedBy": {
      "language": "java",
      "namespace": "github:language:java",
      "package": {
       "name": "logback-classic",
       "version": "1.3.11"
      }
     },
     "found": {
      "versionConstraint": ">=1.3.0,<1.3.12 (unknown)",
      "vulnerabilityID": "GHSA-vmq6-5m68-f53m"
     }
    }
   ],
   "artifact": {
    "id": "e09ce0683ee36b4c",
    "name": "logback-classic",
    "version": "1.3.11",
    "type": "java-archive",
    "locations": [
     {
      "path": "/pom.xml"
     }
    ],
    "language": "java",
    "licenses": [],
    "cpes": [
     "cpe:2.3:a:logback-classic:logback-classic:1.3.11:*:*:*:*:*:*:*",
     "cpe:2.3:a:logback-classic:logback_classic:1.3.11:*:*:*:*:*:*:*",
     "cpe:2.3:a:logback_classic:logback-classic:1.3.11:*:*:*:*:*:*:*",
     "cpe:2.3:a:logback_classic:logback_classic:1.3.11:*:*:*:*:*:*:*",
     "cpe:2.3:a:logback:logback-classic:1.3.11:*:*:*:*:*:*:*",
     "cpe:2.3:a:logback:logback_classic:1.3.11:*:*:*:*:*:*:*"
    ],
    "purl": "pkg:maven/ch.qos.logback/logback-classic@1.3.11",
    "upstreams": [],
    "metadataType": "JavaMetadata",
    "metadata": {
     "virtualPath": "",
     "pomArtifactID": "logback-classic",
     "pomGroupID": "ch.qos.logback",
     "manifestName": "",
     "archiveDigests": null
    }
   }
  }
 ],
 "source": {
  "type": "directory",
  "target": "upstream-repository"
 },
 "distro": {
  "name": "",
  "version": "",
  "idLike": null
 },
 "descriptor": {
  "name": "grype",
  "version": "0.74.4",
  "configuration": {
   "output": [
    "json"
   ],
   "file": "",
   "distro": "",
   "add-cpes-if-none": true,
   "output-template-file": "",
   "check-for-app-update": false,
   "only-fixed": false,
   "only-notfixed": false,
   "ignore-wontfix": "",
   "platform": "",
   "search": {
    "scope": "squashed",
    "unindexed-archives": false,
    "indexed-archives": true
   },
   "ignore": null,
   "exclude": [],
   "db": {
    "cache-dir": "/Users/runner/Library/Caches/grype/db",
    "update-url": "https://toolbox-data.anchore.io/grype/databases/listing.json",
    "ca-cert": "",
    "auto-update": true,
    "validate-by-hash-on-start": false,
    "validate-age": true,
    "max-allowed-built-age": 432000000000000
   },
   "externalSources": {
    "enable": false,
    "maven": {
     "searchUpstreamBySha1": true,
     "baseUrl": "https://search.maven.org/solrsearch/select"
    }
   },
   "match": {
    "java": {
     "using-cpes": false
    },
    "dotnet": {
     "using-cpes": false
    },
    "golang": {
     "using-cpes": false,
     "always-use-cpe-for-stdlib": true
    },
    "javascript": {
     "using-cpes": false
    },
    "python": {
     "using-cpes": false
    },
    "ruby": {
     "using-cpes": false
    },
    "rust": {
     "using-cpes": false
    },
    "stock": {
     "using-cpes": true
    }
   },
   "fail-on-severity": "critical",
   "registry": {
    "insecure-skip-tls-verify": false,
    "insecure-use-http": false,
    "auth": null,
    "ca-cert": ""
   },
   "show-suppressed": false,
   "by-cve": true,
   "name": "",
   "default-image-pull-source": "",
   "vex-documents": [],
   "vex-add": []
  },
  "db": {
   "built": "2024-08-11T01:31:21Z",
   "schemaVersion": 5,
   "location": "/Users/runner/Library/Caches/grype/db/5",
   "checksum": "sha256:2c7a01667ad23ae56a1188864ffb803858afed0154f7040ce9abad066ca6688f",
   "error": null
  },
  "timestamp": "2024-08-11T15:58:46.779035Z"
 }
}
