{"version": "15.0.6","schema": "https://gitlab.com/gitlab-org/security-products/security-report-schemas/-/raw/v15.0.6/dist/dependency-scanning-report-format.json?ref_type=tags", "scan": {"scanner": {"id": "org.owasp.dependency-check","name": "Dependency-Check Core","version": "10.0.3","vendor": {"name": "OWASP"},"url": "https://github.com/jeremylong/DependencyCheck/"},"analyzer": {"id": "org.owasp.dependency-check","name": "Dependency-Check Core","version": "10.0.3","vendor": {"name": "OWASP"},"url": "https://github.com/jeremylong/DependencyCheck/"},"end_time": "2024-08-14T14:23:05","start_time": "2024-08-14T14:23:05","status":  "success"  ,"type": "dependency_scanning"},"vulnerabilities": [{"id": "CVE-2021-35042","identifiers": [{"type": "OSSINDEX", "name": "CVE-2021-35042", "value": "ef8f267a3922d310704e0d46f3c9b12e1a72fc3b"}],"location": {"file": "\/home\/runner\/work\/H6060-Python-Django\/H6060-Python-Django\/upstream-repository\/dist\/Django-3.1.2-py3-none-any.whl","dependency": {"package": {"name": "Django"},"version": "3.1.2"}},"name": "CVE-2021-35042","description": "Django 3.1.x before 3.1.13 and 3.2.x before 3.2.5 allows QuerySet.order_by SQL injection if order_by is untrusted input from a client of a web application.","severity": "Critical","links": [{"name": "[CVE-2021-35042] CWE-89: Improper Neutralization of Special Elements used in an SQL Command ('SQL Injection')","url": "https:\/\/ossindex.sonatype.org\/vulnerability\/CVE-2021-35042?component-type=pypi&component-name=django&utm_source=dependency-check&utm_medium=integration&utm_content=10.0.3"},{"name": "http:\/\/web.nvd.nist.gov\/view\/vuln\/detail?vulnId=CVE-2021-35042","url": "http:\/\/web.nvd.nist.gov\/view\/vuln\/detail?vulnId=CVE-2021-35042"},{"name": "https:\/\/docs.djangoproject.com\/en\/dev\/releases\/3.1.13\/","url": "https:\/\/docs.djangoproject.com\/en\/dev\/releases\/3.1.13\/"},{"name": "https:\/\/docs.djangoproject.com\/en\/dev\/releases\/3.2.5\/","url": "https:\/\/docs.djangoproject.com\/en\/dev\/releases\/3.2.5\/"},{"name": "https:\/\/www.djangoproject.com\/weblog\/2021\/jul\/01\/security-releases\/","url": "https:\/\/www.djangoproject.com\/weblog\/2021\/jul\/01\/security-releases\/"}]},{"id": "CVE-2022-28346","identifiers": [{"type": "OSSINDEX", "name": "CVE-2022-28346", "value": "ef8f267a3922d310704e0d46f3c9b12e1a72fc3b"}],"location": {"file": "\/home\/runner\/work\/H6060-Python-Django\/H6060-Python-Django\/upstream-repository\/dist\/Django-3.1.2-py3-none-any.whl","dependency": {"package": {"name": "Django"},"version": "3.1.2"}},"name": "CVE-2022-28346","description": "An issue was discovered in Django 2.2 before 2.2.28, 3.2 before 3.2.13, and 4.0 before 4.0.4. QuerySet.annotate(), aggregate(), and extra() methods are subject to SQL injection in column aliases via a crafted dictionary (with dictionary expansion) as the passed **kwargs.","severity": "Critical","links": [{"name": "[CVE-2022-28346] CWE-89: Improper Neutralization of Special Elements used in an SQL Command ('SQL Injection')","url": "https:\/\/ossindex.sonatype.org\/vulnerability\/CVE-2022-28346?component-type=pypi&component-name=django&utm_source=dependency-check&utm_medium=integration&utm_content=10.0.3"},{"name": "http:\/\/web.nvd.nist.gov\/view\/vuln\/detail?vulnId=CVE-2022-28346","url": "http:\/\/web.nvd.nist.gov\/view\/vuln\/detail?vulnId=CVE-2022-28346"},{"name": "https:\/\/www.djangoproject.com\/weblog\/2022\/apr\/11\/security-releases\/","url": "https:\/\/www.djangoproject.com\/weblog\/2022\/apr\/11\/security-releases\/"}]},{"id": "CVE-2022-28347","identifiers": [{"type": "OSSINDEX", "name": "CVE-2022-28347", "value": "ef8f267a3922d310704e0d46f3c9b12e1a72fc3b"}],"location": {"file": "\/home\/runner\/work\/H6060-Python-Django\/H6060-Python-Django\/upstream-repository\/dist\/Django-3.1.2-py3-none-any.whl","dependency": {"package": {"name": "Django"},"version": "3.1.2"}},"name": "CVE-2022-28347","description": "A SQL injection issue was discovered in QuerySet.explain() in Django 2.2 before 2.2.28, 3.2 before 3.2.13, and 4.0 before 4.0.4. This occurs by passing a crafted dictionary (with dictionary expansion) as the **options argument, and placing the injection payload in an option name.","severity": "Critical","links": [{"name": "[CVE-2022-28347] CWE-89: Improper Neutralization of Special Elements used in an SQL Command ('SQL Injection')","url": "https:\/\/ossindex.sonatype.org\/vulnerability\/CVE-2022-28347?component-type=pypi&component-name=django&utm_source=dependency-check&utm_medium=integration&utm_content=10.0.3"},{"name": "http:\/\/web.nvd.nist.gov\/view\/vuln\/detail?vulnId=CVE-2022-28347","url": "http:\/\/web.nvd.nist.gov\/view\/vuln\/detail?vulnId=CVE-2022-28347"},{"name": "https:\/\/www.djangoproject.com\/weblog\/2022\/apr\/11\/security-releases\/","url": "https:\/\/www.djangoproject.com\/weblog\/2022\/apr\/11\/security-releases\/"}]},{"id": "CVE-2022-34265","identifiers": [{"type": "OSSINDEX", "name": "CVE-2022-34265", "value": "ef8f267a3922d310704e0d46f3c9b12e1a72fc3b"}],"location": {"file": "\/home\/runner\/work\/H6060-Python-Django\/H6060-Python-Django\/upstream-repository\/dist\/Django-3.1.2-py3-none-any.whl","dependency": {"package": {"name": "Django"},"version": "3.1.2"}},"name": "CVE-2022-34265","description": "An issue was discovered in Django 3.2 before 3.2.14 and 4.0 before 4.0.6. The Trunc() and Extract() database functions are subject to SQL injection if untrusted data is used as a kind\/lookup_name value. Applications that constrain the lookup name and kind choice to a known safe list are unaffected.\n\nSonatype's research suggests that this CVE's details differ from those defined at NVD. See https:\/\/ossindex.sonatype.org\/vulnerability\/CVE-2022-34265 for details","severity": "Critical","links": [{"name": "[CVE-2022-34265] CWE-89: Improper Neutralization of Special Elements used in an SQL Command ('SQL Injection')","url": "https:\/\/ossindex.sonatype.org\/vulnerability\/CVE-2022-34265?component-type=pypi&component-name=django&utm_source=dependency-check&utm_medium=integration&utm_content=10.0.3"},{"name": "http:\/\/web.nvd.nist.gov\/view\/vuln\/detail?vulnId=CVE-2022-34265","url": "http:\/\/web.nvd.nist.gov\/view\/vuln\/detail?vulnId=CVE-2022-34265"},{"name": "https:\/\/bugzilla.redhat.com\/show_bug.cgi?id=2102896","url": "https:\/\/bugzilla.redhat.com\/show_bug.cgi?id=2102896"},{"name": "https:\/\/docs.djangoproject.com\/en\/dev\/releases\/3.2.14\/","url": "https:\/\/docs.djangoproject.com\/en\/dev\/releases\/3.2.14\/"},{"name": "https:\/\/docs.djangoproject.com\/en\/dev\/releases\/4.0.6\/","url": "https:\/\/docs.djangoproject.com\/en\/dev\/releases\/4.0.6\/"},{"name": "https:\/\/www.djangoproject.com\/weblog\/2022\/jul\/04\/security-releases\/","url": "https:\/\/www.djangoproject.com\/weblog\/2022\/jul\/04\/security-releases\/"}]},{"id": "CVE-2023-31047","identifiers": [{"type": "OSSINDEX", "name": "CVE-2023-31047", "value": "ef8f267a3922d310704e0d46f3c9b12e1a72fc3b"}],"location": {"file": "\/home\/runner\/work\/H6060-Python-Django\/H6060-Python-Django\/upstream-repository\/dist\/Django-3.1.2-py3-none-any.whl","dependency": {"package": {"name": "Django"},"version": "3.1.2"}},"name": "CVE-2023-31047","description": "In Django 3.2 before 3.2.19, 4.x before 4.1.9, and 4.2 before 4.2.1, it was possible to bypass validation when using one form field to upload multiple files. This multiple upload has never been supported by forms.FileField or forms.ImageField (only the last uploaded file was validated). However, Django's \"Uploading multiple files\" documentation suggested otherwise.","severity": "Critical","links": [{"name": "[CVE-2023-31047] CWE-20: Improper Input Validation","url": "https:\/\/ossindex.sonatype.org\/vulnerability\/CVE-2023-31047?component-type=pypi&component-name=django&utm_source=dependency-check&utm_medium=integration&utm_content=10.0.3"},{"name": "http:\/\/web.nvd.nist.gov\/view\/vuln\/detail?vulnId=CVE-2023-31047","url": "http:\/\/web.nvd.nist.gov\/view\/vuln\/detail?vulnId=CVE-2023-31047"},{"name": "https:\/\/docs.djangoproject.com\/en\/4.2\/topics\/http\/file-uploads\/#uploading-multiple-files","url": "https:\/\/docs.djangoproject.com\/en\/4.2\/topics\/http\/file-uploads\/#uploading-multiple-files"},{"name": "https:\/\/github.com\/django\/django\/commit\/21b1b1fc03e5f9e9f8c977ee6e35618dd3b353dd","url": "https:\/\/github.com\/django\/django\/commit\/21b1b1fc03e5f9e9f8c977ee6e35618dd3b353dd"},{"name": "https:\/\/www.djangoproject.com\/weblog\/2023\/may\/03\/security-releases\/","url": "https:\/\/www.djangoproject.com\/weblog\/2023\/may\/03\/security-releases\/"}]},{"id": "CVE-2024-42005","identifiers": [{"type": "OSSINDEX", "name": "CVE-2024-42005", "value": "ef8f267a3922d310704e0d46f3c9b12e1a72fc3b"}],"location": {"file": "\/home\/runner\/work\/H6060-Python-Django\/H6060-Python-Django\/upstream-repository\/dist\/Django-3.1.2-py3-none-any.whl","dependency": {"package": {"name": "Django"},"version": "3.1.2"}},"name": "CVE-2024-42005","description": "An issue was discovered in Django 5.0 before 5.0.8 and 4.2 before 4.2.15. QuerySet.values() and values_list() methods on models with a JSONField are subject to SQL injection in column aliases via a crafted JSON object key as a passed *arg.","severity": "Critical","links": [{"name": "[CVE-2024-42005] CWE-89: Improper Neutralization of Special Elements used in an SQL Command ('SQL Injection')","url": "https:\/\/ossindex.sonatype.org\/vulnerability\/CVE-2024-42005?component-type=pypi&component-name=django&utm_source=dependency-check&utm_medium=integration&utm_content=10.0.3"},{"name": "http:\/\/web.nvd.nist.gov\/view\/vuln\/detail?vulnId=CVE-2024-42005","url": "http:\/\/web.nvd.nist.gov\/view\/vuln\/detail?vulnId=CVE-2024-42005"},{"name": "https:\/\/www.djangoproject.com\/weblog\/2024\/aug\/06\/security-releases\/#s-cve-2024-42005-potential-sql-injection-in-queryset-values-and-values-list","url": "https:\/\/www.djangoproject.com\/weblog\/2024\/aug\/06\/security-releases\/#s-cve-2024-42005-potential-sql-injection-in-queryset-values-and-values-list"}]},{"id": "CVE-2022-36359","identifiers": [{"type": "OSSINDEX", "name": "CVE-2022-36359", "value": "ef8f267a3922d310704e0d46f3c9b12e1a72fc3b"}],"location": {"file": "\/home\/runner\/work\/H6060-Python-Django\/H6060-Python-Django\/upstream-repository\/dist\/Django-3.1.2-py3-none-any.whl","dependency": {"package": {"name": "Django"},"version": "3.1.2"}},"name": "CVE-2022-36359","description": "An issue was discovered in the HTTP FileResponse class in Django 3.2 before 3.2.15 and 4.0 before 4.0.7. An application is vulnerable to a reflected file download (RFD) attack that sets the Content-Disposition header of a FileResponse when the filename is derived from user-supplied input.\n\nSonatype's research suggests that this CVE's details differ from those defined at NVD. See https:\/\/ossindex.sonatype.org\/vulnerability\/CVE-2022-36359 for details","severity": "High","links": [{"name": "[CVE-2022-36359] CWE-494: Download of Code Without Integrity Check","url": "https:\/\/ossindex.sonatype.org\/vulnerability\/CVE-2022-36359?component-type=pypi&component-name=django&utm_source=dependency-check&utm_medium=integration&utm_content=10.0.3"},{"name": "http:\/\/web.nvd.nist.gov\/view\/vuln\/detail?vulnId=CVE-2022-36359","url": "http:\/\/web.nvd.nist.gov\/view\/vuln\/detail?vulnId=CVE-2022-36359"},{"name": "https:\/\/seclists.org\/oss-sec\/2022\/q3\/78","url": "https:\/\/seclists.org\/oss-sec\/2022\/q3\/78"},{"name": "https:\/\/www.djangoproject.com\/weblog\/2022\/aug\/03\/security-releases\/","url": "https:\/\/www.djangoproject.com\/weblog\/2022\/aug\/03\/security-releases\/"}]},{"id": "CVE-2021-31542","identifiers": [{"type": "OSSINDEX", "name": "CVE-2021-31542", "value": "ef8f267a3922d310704e0d46f3c9b12e1a72fc3b"}],"location": {"file": "\/home\/runner\/work\/H6060-Python-Django\/H6060-Python-Django\/upstream-repository\/dist\/Django-3.1.2-py3-none-any.whl","dependency": {"package": {"name": "Django"},"version": "3.1.2"}},"name": "CVE-2021-31542","description": "In Django 2.2 before 2.2.21, 3.1 before 3.1.9, and 3.2 before 3.2.1, MultiPartParser, UploadedFile, and FieldFile allowed directory traversal via uploaded files with suitably crafted file names.","severity": "High","links": [{"name": "[CVE-2021-31542] CWE-22: Improper Limitation of a Pathname to a Restricted Directory ('Path Traversal')","url": "https:\/\/ossindex.sonatype.org\/vulnerability\/CVE-2021-31542?component-type=pypi&component-name=django&utm_source=dependency-check&utm_medium=integration&utm_content=10.0.3"},{"name": "http:\/\/web.nvd.nist.gov\/view\/vuln\/detail?vulnId=CVE-2021-31542","url": "http:\/\/web.nvd.nist.gov\/view\/vuln\/detail?vulnId=CVE-2021-31542"},{"name": "https:\/\/bugzilla.redhat.com\/show_bug.cgi?id=1954294","url": "https:\/\/bugzilla.redhat.com\/show_bug.cgi?id=1954294"},{"name": "https:\/\/www.djangoproject.com\/weblog\/2021\/may\/04\/security-releases\/","url": "https:\/\/www.djangoproject.com\/weblog\/2021\/may\/04\/security-releases\/"}]},{"id": "CVE-2021-33571","identifiers": [{"type": "OSSINDEX", "name": "CVE-2021-33571", "value": "ef8f267a3922d310704e0d46f3c9b12e1a72fc3b"}],"location": {"file": "\/home\/runner\/work\/H6060-Python-Django\/H6060-Python-Django\/upstream-repository\/dist\/Django-3.1.2-py3-none-any.whl","dependency": {"package": {"name": "Django"},"version": "3.1.2"}},"name": "CVE-2021-33571","description": "In Django 2.2 before 2.2.24, 3.x before 3.1.12, and 3.2 before 3.2.4, URLValidator, validate_ipv4_address, and validate_ipv46_address do not prohibit leading zero characters in octal literals. This may allow a bypass of access control that is based on IP addresses. (validate_ipv4_address and validate_ipv46_address are unaffected with Python 3.9.5+..) .","severity": "High","links": [{"name": "[CVE-2021-33571] CWE-918: Server-Side Request Forgery (SSRF)","url": "https:\/\/ossindex.sonatype.org\/vulnerability\/CVE-2021-33571?component-type=pypi&component-name=django&utm_source=dependency-check&utm_medium=integration&utm_content=10.0.3"},{"name": "http:\/\/web.nvd.nist.gov\/view\/vuln\/detail?vulnId=CVE-2021-33571","url": "http:\/\/web.nvd.nist.gov\/view\/vuln\/detail?vulnId=CVE-2021-33571"},{"name": "https:\/\/github.com\/django\/django\/releases\/tag\/2.2.24","url": "https:\/\/github.com\/django\/django\/releases\/tag\/2.2.24"},{"name": "https:\/\/www.djangoproject.com\/weblog\/2021\/jun\/02\/security-releases\/","url": "https:\/\/www.djangoproject.com\/weblog\/2021\/jun\/02\/security-releases\/"}]},{"id": "CVE-2021-45115","identifiers": [{"type": "OSSINDEX", "name": "CVE-2021-45115", "value": "ef8f267a3922d310704e0d46f3c9b12e1a72fc3b"}],"location": {"file": "\/home\/runner\/work\/H6060-Python-Django\/H6060-Python-Django\/upstream-repository\/dist\/Django-3.1.2-py3-none-any.whl","dependency": {"package": {"name": "Django"},"version": "3.1.2"}},"name": "CVE-2021-45115","description": "An issue was discovered in Django 2.2 before 2.2.26, 3.2 before 3.2.11, and 4.0 before 4.0.1. UserAttributeSimilarityValidator incurred significant overhead in evaluating a submitted password that was artificially large in relation to the comparison values. In a situation where access to user registration was unrestricted, this provided a potential vector for a denial-of-service attack.","severity": "High","links": [{"name": "[CVE-2021-45115] CWE-Other","url": "https:\/\/ossindex.sonatype.org\/vulnerability\/CVE-2021-45115?component-type=pypi&component-name=django&utm_source=dependency-check&utm_medium=integration&utm_content=10.0.3"},{"name": "http:\/\/web.nvd.nist.gov\/view\/vuln\/detail?vulnId=CVE-2021-45115","url": "http:\/\/web.nvd.nist.gov\/view\/vuln\/detail?vulnId=CVE-2021-45115"},{"name": "https:\/\/www.djangoproject.com\/weblog\/2022\/jan\/04\/security-releases\/","url": "https:\/\/www.djangoproject.com\/weblog\/2022\/jan\/04\/security-releases\/"}]},{"id": "CVE-2021-45116","identifiers": [{"type": "OSSINDEX", "name": "CVE-2021-45116", "value": "ef8f267a3922d310704e0d46f3c9b12e1a72fc3b"}],"location": {"file": "\/home\/runner\/work\/H6060-Python-Django\/H6060-Python-Django\/upstream-repository\/dist\/Django-3.1.2-py3-none-any.whl","dependency": {"package": {"name": "Django"},"version": "3.1.2"}},"name": "CVE-2021-45116","description": "An issue was discovered in Django 2.2 before 2.2.26, 3.2 before 3.2.11, and 4.0 before 4.0.1. Due to leveraging the Django Template Language's variable resolution logic, the dictsort template filter was potentially vulnerable to information disclosure, or an unintended method call, if passed a suitably crafted key.","severity": "High","links": [{"name": "[CVE-2021-45116] CWE-20: Improper Input Validation","url": "https:\/\/ossindex.sonatype.org\/vulnerability\/CVE-2021-45116?component-type=pypi&component-name=django&utm_source=dependency-check&utm_medium=integration&utm_content=10.0.3"},{"name": "http:\/\/web.nvd.nist.gov\/view\/vuln\/detail?vulnId=CVE-2021-45116","url": "http:\/\/web.nvd.nist.gov\/view\/vuln\/detail?vulnId=CVE-2021-45116"},{"name": "https:\/\/www.djangoproject.com\/weblog\/2022\/jan\/04\/security-releases\/","url": "https:\/\/www.djangoproject.com\/weblog\/2022\/jan\/04\/security-releases\/"}]},{"id": "CVE-2022-23833","identifiers": [{"type": "OSSINDEX", "name": "CVE-2022-23833", "value": "ef8f267a3922d310704e0d46f3c9b12e1a72fc3b"}],"location": {"file": "\/home\/runner\/work\/H6060-Python-Django\/H6060-Python-Django\/upstream-repository\/dist\/Django-3.1.2-py3-none-any.whl","dependency": {"package": {"name": "Django"},"version": "3.1.2"}},"name": "CVE-2022-23833","description": "An issue was discovered in MultiPartParser in Django 2.2 before 2.2.27, 3.2 before 3.2.12, and 4.0 before 4.0.2. Passing certain inputs to multipart forms could result in an infinite loop when parsing files.","severity": "High","links": [{"name": "[CVE-2022-23833] CWE-835: Loop with Unreachable Exit Condition ('Infinite Loop')","url": "https:\/\/ossindex.sonatype.org\/vulnerability\/CVE-2022-23833?component-type=pypi&component-name=django&utm_source=dependency-check&utm_medium=integration&utm_content=10.0.3"},{"name": "http:\/\/web.nvd.nist.gov\/view\/vuln\/detail?vulnId=CVE-2022-23833","url": "http:\/\/web.nvd.nist.gov\/view\/vuln\/detail?vulnId=CVE-2022-23833"},{"name": "https:\/\/www.djangoproject.com\/weblog\/2022\/feb\/01\/security-releases\/","url": "https:\/\/www.djangoproject.com\/weblog\/2022\/feb\/01\/security-releases\/"}]},{"id": "CVE-2022-41323","identifiers": [{"type": "OSSINDEX", "name": "CVE-2022-41323", "value": "ef8f267a3922d310704e0d46f3c9b12e1a72fc3b"}],"location": {"file": "\/home\/runner\/work\/H6060-Python-Django\/H6060-Python-Django\/upstream-repository\/dist\/Django-3.1.2-py3-none-any.whl","dependency": {"package": {"name": "Django"},"version": "3.1.2"}},"name": "CVE-2022-41323","description": "In Django 3.2 before 3.2.16, 4.0 before 4.0.8, and 4.1 before 4.1.2, internationalized URLs were subject to a potential denial of service attack via the locale parameter, which is treated as a regular expression.","severity": "High","links": [{"name": "[CVE-2022-41323] CWE-Other","url": "https:\/\/ossindex.sonatype.org\/vulnerability\/CVE-2022-41323?component-type=pypi&component-name=django&utm_source=dependency-check&utm_medium=integration&utm_content=10.0.3"},{"name": "http:\/\/web.nvd.nist.gov\/view\/vuln\/detail?vulnId=CVE-2022-41323","url": "http:\/\/web.nvd.nist.gov\/view\/vuln\/detail?vulnId=CVE-2022-41323"},{"name": "https:\/\/github.com\/django\/django\/blob\/9d656ea51d9ea7105c0c0785783ac29d426a7d25\/docs\/releases\/3.2.16.txt#L7","url": "https:\/\/github.com\/django\/django\/blob\/9d656ea51d9ea7105c0c0785783ac29d426a7d25\/docs\/releases\/3.2.16.txt#L7"},{"name": "https:\/\/github.com\/django\/django\/blob\/9d656ea51d9ea7105c0c0785783ac29d426a7d25\/docs\/releases\/4.0.8.txt#L7","url": "https:\/\/github.com\/django\/django\/blob\/9d656ea51d9ea7105c0c0785783ac29d426a7d25\/docs\/releases\/4.0.8.txt#L7"},{"name": "https:\/\/github.com\/django\/django\/blob\/9d656ea51d9ea7105c0c0785783ac29d426a7d25\/docs\/releases\/4.1.2.txt#L7","url": "https:\/\/github.com\/django\/django\/blob\/9d656ea51d9ea7105c0c0785783ac29d426a7d25\/docs\/releases\/4.1.2.txt#L7"},{"name": "https:\/\/www.djangoproject.com\/weblog\/2022\/oct\/04\/security-releases\/","url": "https:\/\/www.djangoproject.com\/weblog\/2022\/oct\/04\/security-releases\/"}]},{"id": "CVE-2023-23969","identifiers": [{"type": "OSSINDEX", "name": "CVE-2023-23969", "value": "ef8f267a3922d310704e0d46f3c9b12e1a72fc3b"}],"location": {"file": "\/home\/runner\/work\/H6060-Python-Django\/H6060-Python-Django\/upstream-repository\/dist\/Django-3.1.2-py3-none-any.whl","dependency": {"package": {"name": "Django"},"version": "3.1.2"}},"name": "CVE-2023-23969","description": "In Django 3.2 before 3.2.17, 4.0 before 4.0.9, and 4.1 before 4.1.6, the parsed values of Accept-Language headers are cached in order to avoid repetitive parsing. This leads to a potential denial-of-service vector via excessive memory usage if the raw value of Accept-Language headers is very large.\n\nSonatype's research suggests that this CVE's details differ from those defined at NVD. See https:\/\/ossindex.sonatype.org\/vulnerability\/CVE-2023-23969 for details","severity": "High","links": [{"name": "[CVE-2023-23969] CWE-770: Allocation of Resources Without Limits or Throttling","url": "https:\/\/ossindex.sonatype.org\/vulnerability\/CVE-2023-23969?component-type=pypi&component-name=django&utm_source=dependency-check&utm_medium=integration&utm_content=10.0.3"},{"name": "http:\/\/web.nvd.nist.gov\/view\/vuln\/detail?vulnId=CVE-2023-23969","url": "http:\/\/web.nvd.nist.gov\/view\/vuln\/detail?vulnId=CVE-2023-23969"},{"name": "https:\/\/www.djangoproject.com\/weblog\/2023\/feb\/01\/security-releases\/","url": "https:\/\/www.djangoproject.com\/weblog\/2023\/feb\/01\/security-releases\/"}]},{"id": "CVE-2023-24580","identifiers": [{"type": "OSSINDEX", "name": "CVE-2023-24580", "value": "ef8f267a3922d310704e0d46f3c9b12e1a72fc3b"}],"location": {"file": "\/home\/runner\/work\/H6060-Python-Django\/H6060-Python-Django\/upstream-repository\/dist\/Django-3.1.2-py3-none-any.whl","dependency": {"package": {"name": "Django"},"version": "3.1.2"}},"name": "CVE-2023-24580","description": "An issue was discovered in the Multipart Request Parser in Django 3.2 before 3.2.18, 4.0 before 4.0.10, and 4.1 before 4.1.7. Passing certain inputs (e.g., an excessive number of parts) to multipart forms could result in too many open files or memory exhaustion, and provided a potential vector for a denial-of-service attack.","severity": "High","links": [{"name": "[CVE-2023-24580] CWE-400: Uncontrolled Resource Consumption ('Resource Exhaustion')","url": "https:\/\/ossindex.sonatype.org\/vulnerability\/CVE-2023-24580?component-type=pypi&component-name=django&utm_source=dependency-check&utm_medium=integration&utm_content=10.0.3"},{"name": "http:\/\/web.nvd.nist.gov\/view\/vuln\/detail?vulnId=CVE-2023-24580","url": "http:\/\/web.nvd.nist.gov\/view\/vuln\/detail?vulnId=CVE-2023-24580"},{"name": "https:\/\/www.djangoproject.com\/weblog\/2023\/feb\/14\/security-releases\/","url": "https:\/\/www.djangoproject.com\/weblog\/2023\/feb\/14\/security-releases\/"},{"name": "https:\/\/www.openwall.com\/lists\/oss-security\/2023\/02\/14\/1","url": "https:\/\/www.openwall.com\/lists\/oss-security\/2023\/02\/14\/1"}]},{"id": "CVE-2023-36053","identifiers": [{"type": "OSSINDEX", "name": "CVE-2023-36053", "value": "ef8f267a3922d310704e0d46f3c9b12e1a72fc3b"}],"location": {"file": "\/home\/runner\/work\/H6060-Python-Django\/H6060-Python-Django\/upstream-repository\/dist\/Django-3.1.2-py3-none-any.whl","dependency": {"package": {"name": "Django"},"version": "3.1.2"}},"name": "CVE-2023-36053","description": "In Django 3.2 before 3.2.20, 4 before 4.1.10, and 4.2 before 4.2.3, EmailValidator and URLValidator are subject to a potential ReDoS (regular expression denial of service) attack via a very large number of domain name labels of emails and URLs.\n\nSonatype's research suggests that this CVE's details differ from those defined at NVD. See https:\/\/ossindex.sonatype.org\/vulnerability\/CVE-2023-36053 for details","severity": "High","links": [{"name": "[CVE-2023-36053] CWE-1333","url": "https:\/\/ossindex.sonatype.org\/vulnerability\/CVE-2023-36053?component-type=pypi&component-name=django&utm_source=dependency-check&utm_medium=integration&utm_content=10.0.3"},{"name": "http:\/\/web.nvd.nist.gov\/view\/vuln\/detail?vulnId=CVE-2023-36053","url": "http:\/\/web.nvd.nist.gov\/view\/vuln\/detail?vulnId=CVE-2023-36053"},{"name": "https:\/\/docs.djangoproject.com\/en\/4.2\/releases\/security\/","url": "https:\/\/docs.djangoproject.com\/en\/4.2\/releases\/security\/"},{"name": "https:\/\/groups.google.com\/forum\/#!forum\/django-announce","url": "https:\/\/groups.google.com\/forum\/#!forum\/django-announce"},{"name": "https:\/\/www.djangoproject.com\/weblog\/2023\/jul\/03\/security-releases\/","url": "https:\/\/www.djangoproject.com\/weblog\/2023\/jul\/03\/security-releases\/"}]},{"id": "CVE-2023-41164","identifiers": [{"type": "OSSINDEX", "name": "CVE-2023-41164", "value": "ef8f267a3922d310704e0d46f3c9b12e1a72fc3b"}],"location": {"file": "\/home\/runner\/work\/H6060-Python-Django\/H6060-Python-Django\/upstream-repository\/dist\/Django-3.1.2-py3-none-any.whl","dependency": {"package": {"name": "Django"},"version": "3.1.2"}},"name": "CVE-2023-41164","description": "In Django 3.2 before 3.2.21, 4.1 before 4.1.11, and 4.2 before 4.2.5, django.utils.encoding.uri_to_iri() is subject to a potential DoS (denial of service) attack via certain inputs with a very large number of Unicode characters.","severity": "High","links": [{"name": "[CVE-2023-41164] CWE-1284","url": "https:\/\/ossindex.sonatype.org\/vulnerability\/CVE-2023-41164?component-type=pypi&component-name=django&utm_source=dependency-check&utm_medium=integration&utm_content=10.0.3"},{"name": "http:\/\/web.nvd.nist.gov\/view\/vuln\/detail?vulnId=CVE-2023-41164","url": "http:\/\/web.nvd.nist.gov\/view\/vuln\/detail?vulnId=CVE-2023-41164"},{"name": "https:\/\/www.djangoproject.com\/weblog\/2023\/sep\/04\/security-releases\/","url": "https:\/\/www.djangoproject.com\/weblog\/2023\/sep\/04\/security-releases\/"}]},{"id": "CVE-2023-43665","identifiers": [{"type": "OSSINDEX", "name": "CVE-2023-43665", "value": "ef8f267a3922d310704e0d46f3c9b12e1a72fc3b"}],"location": {"file": "\/home\/runner\/work\/H6060-Python-Django\/H6060-Python-Django\/upstream-repository\/dist\/Django-3.1.2-py3-none-any.whl","dependency": {"package": {"name": "Django"},"version": "3.1.2"}},"name": "CVE-2023-43665","description": "In Django 3.2 before 3.2.22, 4.1 before 4.1.12, and 4.2 before 4.2.6, the django.utils.text.Truncator chars() and words() methods (when used with html=True) are subject to a potential DoS (denial of service) attack via certain inputs with very long, potentially malformed HTML text. The chars() and words() methods are used to implement the truncatechars_html and truncatewords_html template filters, which are thus also vulnerable. NOTE: this issue exists because of an incomplete fix for CVE-2019-14232.","severity": "High","links": [{"name": "[CVE-2023-43665] CWE-1284","url": "https:\/\/ossindex.sonatype.org\/vulnerability\/CVE-2023-43665?component-type=pypi&component-name=django&utm_source=dependency-check&utm_medium=integration&utm_content=10.0.3"},{"name": "http:\/\/web.nvd.nist.gov\/view\/vuln\/detail?vulnId=CVE-2023-43665","url": "http:\/\/web.nvd.nist.gov\/view\/vuln\/detail?vulnId=CVE-2023-43665"},{"name": "https:\/\/bugzilla.redhat.com\/show_bug.cgi?id=2241046","url": "https:\/\/bugzilla.redhat.com\/show_bug.cgi?id=2241046"},{"name": "https:\/\/www.djangoproject.com\/weblog\/2023\/oct\/04\/security-releases\/","url": "https:\/\/www.djangoproject.com\/weblog\/2023\/oct\/04\/security-releases\/"}]},{"id": "CVE-2023-46695","identifiers": [{"type": "OSSINDEX", "name": "CVE-2023-46695", "value": "ef8f267a3922d310704e0d46f3c9b12e1a72fc3b"}],"location": {"file": "\/home\/runner\/work\/H6060-Python-Django\/H6060-Python-Django\/upstream-repository\/dist\/Django-3.1.2-py3-none-any.whl","dependency": {"package": {"name": "Django"},"version": "3.1.2"}},"name": "CVE-2023-46695","description": "An issue was discovered in Django 3.2 before 3.2.23, 4.1 before 4.1.13, and 4.2 before 4.2.7. The NFKC normalization is slow on Windows. As a consequence, django.contrib.auth.forms.UsernameField is subject to a potential DoS (denial of service) attack via certain inputs with a very large number of Unicode characters.","severity": "High","links": [{"name": "[CVE-2023-46695] CWE-770: Allocation of Resources Without Limits or Throttling","url": "https:\/\/ossindex.sonatype.org\/vulnerability\/CVE-2023-46695?component-type=pypi&component-name=django&utm_source=dependency-check&utm_medium=integration&utm_content=10.0.3"},{"name": "http:\/\/web.nvd.nist.gov\/view\/vuln\/detail?vulnId=CVE-2023-46695","url": "http:\/\/web.nvd.nist.gov\/view\/vuln\/detail?vulnId=CVE-2023-46695"},{"name": "https:\/\/www.djangoproject.com\/weblog\/2023\/nov\/01\/security-releases\/","url": "https:\/\/www.djangoproject.com\/weblog\/2023\/nov\/01\/security-releases\/"}]},{"id": "CVE-2024-24680","identifiers": [{"type": "OSSINDEX", "name": "CVE-2024-24680", "value": "ef8f267a3922d310704e0d46f3c9b12e1a72fc3b"}],"location": {"file": "\/home\/runner\/work\/H6060-Python-Django\/H6060-Python-Django\/upstream-repository\/dist\/Django-3.1.2-py3-none-any.whl","dependency": {"package": {"name": "Django"},"version": "3.1.2"}},"name": "CVE-2024-24680","description": "An issue was discovered in Django 3.2 before 3.2.24, 4.2 before 4.2.10, and Django 5.0 before 5.0.2. The intcomma template filter was subject to a potential denial-of-service attack when used with very long strings.\n\nSonatype's research suggests that this CVE's details differ from those defined at NVD. See https:\/\/ossindex.sonatype.org\/vulnerability\/CVE-2024-24680 for details","severity": "High","links": [{"name": "[CVE-2024-24680] CWE-noinfo","url": "https:\/\/ossindex.sonatype.org\/vulnerability\/CVE-2024-24680?component-type=pypi&component-name=django&utm_source=dependency-check&utm_medium=integration&utm_content=10.0.3"},{"name": "http:\/\/web.nvd.nist.gov\/view\/vuln\/detail?vulnId=CVE-2024-24680","url": "http:\/\/web.nvd.nist.gov\/view\/vuln\/detail?vulnId=CVE-2024-24680"},{"name": "https:\/\/www.djangoproject.com\/weblog\/2024\/feb\/06\/security-releases\/","url": "https:\/\/www.djangoproject.com\/weblog\/2024\/feb\/06\/security-releases\/"}]},{"id": "CVE-2024-38875","identifiers": [{"type": "OSSINDEX", "name": "CVE-2024-38875", "value": "ef8f267a3922d310704e0d46f3c9b12e1a72fc3b"}],"location": {"file": "\/home\/runner\/work\/H6060-Python-Django\/H6060-Python-Django\/upstream-repository\/dist\/Django-3.1.2-py3-none-any.whl","dependency": {"package": {"name": "Django"},"version": "3.1.2"}},"name": "CVE-2024-38875","description": "An issue was discovered in Django 4.2 before 4.2.14 and 5.0 before 5.0.7. urlize and urlizetrunc were subject to a potential denial of service attack via certain inputs with a very large number of brackets.\n\nSonatype's research suggests that this CVE's details differ from those defined at NVD. See https:\/\/ossindex.sonatype.org\/vulnerability\/CVE-2024-38875 for details","severity": "High","links": [{"name": "[CVE-2024-38875] CWE-130: Improper Handling of Length Parameter Inconsistency ","url": "https:\/\/ossindex.sonatype.org\/vulnerability\/CVE-2024-38875?component-type=pypi&component-name=django&utm_source=dependency-check&utm_medium=integration&utm_content=10.0.3"},{"name": "http:\/\/web.nvd.nist.gov\/view\/vuln\/detail?vulnId=CVE-2024-38875","url": "http:\/\/web.nvd.nist.gov\/view\/vuln\/detail?vulnId=CVE-2024-38875"},{"name": "https:\/\/www.djangoproject.com\/weblog\/2024\/jul\/09\/security-releases\/","url": "https:\/\/www.djangoproject.com\/weblog\/2024\/jul\/09\/security-releases\/"}]},{"id": "CVE-2024-39614","identifiers": [{"type": "OSSINDEX", "name": "CVE-2024-39614", "value": "ef8f267a3922d310704e0d46f3c9b12e1a72fc3b"}],"location": {"file": "\/home\/runner\/work\/H6060-Python-Django\/H6060-Python-Django\/upstream-repository\/dist\/Django-3.1.2-py3-none-any.whl","dependency": {"package": {"name": "Django"},"version": "3.1.2"}},"name": "CVE-2024-39614","description": "An issue was discovered in Django 5.0 before 5.0.7 and 4.2 before 4.2.14. get_supported_language_variant() was subject to a potential denial-of-service attack when used with very long strings containing specific characters.","severity": "High","links": [{"name": "[CVE-2024-39614] CWE-130: Improper Handling of Length Parameter Inconsistency ","url": "https:\/\/ossindex.sonatype.org\/vulnerability\/CVE-2024-39614?component-type=pypi&component-name=django&utm_source=dependency-check&utm_medium=integration&utm_content=10.0.3"},{"name": "http:\/\/web.nvd.nist.gov\/view\/vuln\/detail?vulnId=CVE-2024-39614","url": "http:\/\/web.nvd.nist.gov\/view\/vuln\/detail?vulnId=CVE-2024-39614"},{"name": "https:\/\/www.djangoproject.com\/weblog\/2024\/jul\/09\/security-releases\/","url": "https:\/\/www.djangoproject.com\/weblog\/2024\/jul\/09\/security-releases\/"}]},{"id": "CVE-2024-41989","identifiers": [{"type": "OSSINDEX", "name": "CVE-2024-41989", "value": "ef8f267a3922d310704e0d46f3c9b12e1a72fc3b"}],"location": {"file": "\/home\/runner\/work\/H6060-Python-Django\/H6060-Python-Django\/upstream-repository\/dist\/Django-3.1.2-py3-none-any.whl","dependency": {"package": {"name": "Django"},"version": "3.1.2"}},"name": "CVE-2024-41989","description": "An issue was discovered in Django 5.0 before 5.0.8 and 4.2 before 4.2.15. The floatformat template filter is subject to significant memory consumption when given a string representation of a number in scientific notation with a large exponent.","severity": "High","links": [{"name": "[CVE-2024-41989] CWE-noinfo","url": "https:\/\/ossindex.sonatype.org\/vulnerability\/CVE-2024-41989?component-type=pypi&component-name=django&utm_source=dependency-check&utm_medium=integration&utm_content=10.0.3"},{"name": "http:\/\/web.nvd.nist.gov\/view\/vuln\/detail?vulnId=CVE-2024-41989","url": "http:\/\/web.nvd.nist.gov\/view\/vuln\/detail?vulnId=CVE-2024-41989"},{"name": "https:\/\/www.djangoproject.com\/weblog\/2024\/aug\/06\/security-releases\/#s-cve-2024-41989-memory-exhaustion-in-django-utils-numberformat-floatformat","url": "https:\/\/www.djangoproject.com\/weblog\/2024\/aug\/06\/security-releases\/#s-cve-2024-41989-memory-exhaustion-in-django-utils-numberformat-floatformat"}]},{"id": "CVE-2024-41990","identifiers": [{"type": "OSSINDEX", "name": "CVE-2024-41990", "value": "ef8f267a3922d310704e0d46f3c9b12e1a72fc3b"}],"location": {"file": "\/home\/runner\/work\/H6060-Python-Django\/H6060-Python-Django\/upstream-repository\/dist\/Django-3.1.2-py3-none-any.whl","dependency": {"package": {"name": "Django"},"version": "3.1.2"}},"name": "CVE-2024-41990","description": "An issue was discovered in Django 5.0 before 5.0.8 and 4.2 before 4.2.15. The urlize() and urlizetrunc() template filters are subject to a potential denial-of-service attack via very large inputs with a specific sequence of characters.","severity": "High","links": [{"name": "[CVE-2024-41990] CWE-130: Improper Handling of Length Parameter Inconsistency ","url": "https:\/\/ossindex.sonatype.org\/vulnerability\/CVE-2024-41990?component-type=pypi&component-name=django&utm_source=dependency-check&utm_medium=integration&utm_content=10.0.3"},{"name": "http:\/\/web.nvd.nist.gov\/view\/vuln\/detail?vulnId=CVE-2024-41990","url": "http:\/\/web.nvd.nist.gov\/view\/vuln\/detail?vulnId=CVE-2024-41990"},{"name": "https:\/\/www.djangoproject.com\/weblog\/2024\/aug\/06\/security-releases\/#s-cve-2024-41990-potential-denial-of-service-in-django-utils-html-urlize","url": "https:\/\/www.djangoproject.com\/weblog\/2024\/aug\/06\/security-releases\/#s-cve-2024-41990-potential-denial-of-service-in-django-utils-html-urlize"}]},{"id": "CVE-2024-41991","identifiers": [{"type": "OSSINDEX", "name": "CVE-2024-41991", "value": "ef8f267a3922d310704e0d46f3c9b12e1a72fc3b"}],"location": {"file": "\/home\/runner\/work\/H6060-Python-Django\/H6060-Python-Django\/upstream-repository\/dist\/Django-3.1.2-py3-none-any.whl","dependency": {"package": {"name": "Django"},"version": "3.1.2"}},"name": "CVE-2024-41991","description": "An issue was discovered in Django 5.0 before 5.0.8 and 4.2 before 4.2.15. The urlize and urlizetrunc template filters, and the AdminURLFieldWidget widget, are subject to a potential denial-of-service attack via certain inputs with a very large number of Unicode characters.","severity": "High","links": [{"name": "[CVE-2024-41991] CWE-1284 CWE-130","url": "https:\/\/ossindex.sonatype.org\/vulnerability\/CVE-2024-41991?component-type=pypi&component-name=django&utm_source=dependency-check&utm_medium=integration&utm_content=10.0.3"},{"name": "http:\/\/web.nvd.nist.gov\/view\/vuln\/detail?vulnId=CVE-2024-41991","url": "http:\/\/web.nvd.nist.gov\/view\/vuln\/detail?vulnId=CVE-2024-41991"},{"name": "https:\/\/www.djangoproject.com\/weblog\/2024\/aug\/06\/security-releases\/#s-cve-2024-41991-potential-denial-of-service-vulnerability-in-django-utils-html-urlize-and-adminurlfieldwidget","url": "https:\/\/www.djangoproject.com\/weblog\/2024\/aug\/06\/security-releases\/#s-cve-2024-41991-potential-denial-of-service-vulnerability-in-django-utils-html-urlize-and-adminurlfieldwidget"}]},{"id": "CVE-2021-44420","identifiers": [{"type": "OSSINDEX", "name": "CVE-2021-44420", "value": "ef8f267a3922d310704e0d46f3c9b12e1a72fc3b"}],"location": {"file": "\/home\/runner\/work\/H6060-Python-Django\/H6060-Python-Django\/upstream-repository\/dist\/Django-3.1.2-py3-none-any.whl","dependency": {"package": {"name": "Django"},"version": "3.1.2"}},"name": "CVE-2021-44420","description": "In Django 2.2 before 2.2.25, 3.1 before 3.1.14, and 3.2 before 3.2.10, HTTP requests for URLs with trailing newlines could bypass upstream access control based on URL paths.","severity": "High","links": [{"name": "[CVE-2021-44420] CWE-Other","url": "https:\/\/ossindex.sonatype.org\/vulnerability\/CVE-2021-44420?component-type=pypi&component-name=django&utm_source=dependency-check&utm_medium=integration&utm_content=10.0.3"},{"name": "http:\/\/web.nvd.nist.gov\/view\/vuln\/detail?vulnId=CVE-2021-44420","url": "http:\/\/web.nvd.nist.gov\/view\/vuln\/detail?vulnId=CVE-2021-44420"},{"name": "https:\/\/www.djangoproject.com\/weblog\/2021\/dec\/07\/security-releases\/","url": "https:\/\/www.djangoproject.com\/weblog\/2021\/dec\/07\/security-releases\/"}]},{"id": "CVE-2024-39330","identifiers": [{"type": "OSSINDEX", "name": "CVE-2024-39330", "value": "ef8f267a3922d310704e0d46f3c9b12e1a72fc3b"}],"location": {"file": "\/home\/runner\/work\/H6060-Python-Django\/H6060-Python-Django\/upstream-repository\/dist\/Django-3.1.2-py3-none-any.whl","dependency": {"package": {"name": "Django"},"version": "3.1.2"}},"name": "CVE-2024-39330","description": "An issue was discovered in Django 5.0 before 5.0.7 and 4.2 before 4.2.14. Derived classes of the django.core.files.storage.Storage base class, when they override generate_filename() without replicating the file-path validations from the parent class, potentially allow directory traversal via certain inputs during a save() call. (Built-in Storage sub-classes are unaffected.)\n\nSonatype's research suggests that this CVE's details differ from those defined at NVD. See https:\/\/ossindex.sonatype.org\/vulnerability\/CVE-2024-39330 for details","severity": "High","links": [{"name": "[CVE-2024-39330] CWE-35: Path Traversal: '...\/...\/\/'","url": "https:\/\/ossindex.sonatype.org\/vulnerability\/CVE-2024-39330?component-type=pypi&component-name=django&utm_source=dependency-check&utm_medium=integration&utm_content=10.0.3"},{"name": "http:\/\/web.nvd.nist.gov\/view\/vuln\/detail?vulnId=CVE-2024-39330","url": "http:\/\/web.nvd.nist.gov\/view\/vuln\/detail?vulnId=CVE-2024-39330"},{"name": "https:\/\/docs.djangoproject.com\/en\/dev\/releases\/security\/#july-9-2024-cve-2024-39330","url": "https:\/\/docs.djangoproject.com\/en\/dev\/releases\/security\/#july-9-2024-cve-2024-39330"},{"name": "https:\/\/www.djangoproject.com\/weblog\/2024\/jul\/09\/security-releases\/","url": "https:\/\/www.djangoproject.com\/weblog\/2024\/jul\/09\/security-releases\/"}]},{"id": "CVE-2021-32052","identifiers": [{"type": "OSSINDEX", "name": "CVE-2021-32052", "value": "ef8f267a3922d310704e0d46f3c9b12e1a72fc3b"}],"location": {"file": "\/home\/runner\/work\/H6060-Python-Django\/H6060-Python-Django\/upstream-repository\/dist\/Django-3.1.2-py3-none-any.whl","dependency": {"package": {"name": "Django"},"version": "3.1.2"}},"name": "CVE-2021-32052","description": "In Django 2.2 before 2.2.22, 3.1 before 3.1.10, and 3.2 before 3.2.2 (with Python 3.9.5+), URLValidator does not prohibit newlines and tabs (unless the URLField form field is used). If an application uses values with newlines in an HTTP response, header injection can occur. Django itself is unaffected because HttpResponse prohibits newlines in HTTP headers.","severity": "Medium","links": [{"name": "[CVE-2021-32052] CWE-79: Improper Neutralization of Input During Web Page Generation ('Cross-site Scripting')","url": "https:\/\/ossindex.sonatype.org\/vulnerability\/CVE-2021-32052?component-type=pypi&component-name=django&utm_source=dependency-check&utm_medium=integration&utm_content=10.0.3"},{"name": "http:\/\/web.nvd.nist.gov\/view\/vuln\/detail?vulnId=CVE-2021-32052","url": "http:\/\/web.nvd.nist.gov\/view\/vuln\/detail?vulnId=CVE-2021-32052"},{"name": "https:\/\/github.com\/django\/django\/pull\/14349","url": "https:\/\/github.com\/django\/django\/pull\/14349"},{"name": "https:\/\/www.djangoproject.com\/weblog\/2021\/may\/06\/security-releases\/","url": "https:\/\/www.djangoproject.com\/weblog\/2021\/may\/06\/security-releases\/"}]},{"id": "CVE-2022-22818","identifiers": [{"type": "OSSINDEX", "name": "CVE-2022-22818", "value": "ef8f267a3922d310704e0d46f3c9b12e1a72fc3b"}],"location": {"file": "\/home\/runner\/work\/H6060-Python-Django\/H6060-Python-Django\/upstream-repository\/dist\/Django-3.1.2-py3-none-any.whl","dependency": {"package": {"name": "Django"},"version": "3.1.2"}},"name": "CVE-2022-22818","description": "The {% debug %} template tag in Django 2.2 before 2.2.27, 3.2 before 3.2.12, and 4.0 before 4.0.2 does not properly encode the current context. This may lead to XSS.","severity": "Medium","links": [{"name": "[CVE-2022-22818] CWE-79: Improper Neutralization of Input During Web Page Generation ('Cross-site Scripting')","url": "https:\/\/ossindex.sonatype.org\/vulnerability\/CVE-2022-22818?component-type=pypi&component-name=django&utm_source=dependency-check&utm_medium=integration&utm_content=10.0.3"},{"name": "http:\/\/web.nvd.nist.gov\/view\/vuln\/detail?vulnId=CVE-2022-22818","url": "http:\/\/web.nvd.nist.gov\/view\/vuln\/detail?vulnId=CVE-2022-22818"},{"name": "https:\/\/www.djangoproject.com\/weblog\/2022\/feb\/01\/security-releases\/","url": "https:\/\/www.djangoproject.com\/weblog\/2022\/feb\/01\/security-releases\/"}]},{"id": "CVE-2021-28658","identifiers": [{"type": "OSSINDEX", "name": "CVE-2021-28658", "value": "ef8f267a3922d310704e0d46f3c9b12e1a72fc3b"}],"location": {"file": "\/home\/runner\/work\/H6060-Python-Django\/H6060-Python-Django\/upstream-repository\/dist\/Django-3.1.2-py3-none-any.whl","dependency": {"package": {"name": "Django"},"version": "3.1.2"}},"name": "CVE-2021-28658","description": "In Django 2.2 before 2.2.20, 3.0 before 3.0.14, and 3.1 before 3.1.8, MultiPartParser allowed directory traversal via uploaded files with suitably crafted file names. Built-in upload handlers were not affected by this vulnerability.","severity": "Medium","links": [{"name": "[CVE-2021-28658] CWE-22: Improper Limitation of a Pathname to a Restricted Directory ('Path Traversal')","url": "https:\/\/ossindex.sonatype.org\/vulnerability\/CVE-2021-28658?component-type=pypi&component-name=django&utm_source=dependency-check&utm_medium=integration&utm_content=10.0.3"},{"name": "http:\/\/web.nvd.nist.gov\/view\/vuln\/detail?vulnId=CVE-2021-28658","url": "http:\/\/web.nvd.nist.gov\/view\/vuln\/detail?vulnId=CVE-2021-28658"},{"name": "https:\/\/docs.djangoproject.com\/en\/3.1\/releases\/security\/#april-6-2021-cve-2021-28658","url": "https:\/\/docs.djangoproject.com\/en\/3.1\/releases\/security\/#april-6-2021-cve-2021-28658"},{"name": "https:\/\/groups.google.com\/g\/django-announce\/c\/ePr5j-ngdPU","url": "https:\/\/groups.google.com\/g\/django-announce\/c\/ePr5j-ngdPU"},{"name": "https:\/\/www.djangoproject.com\/weblog\/2021\/apr\/06\/security-releases\/","url": "https:\/\/www.djangoproject.com\/weblog\/2021\/apr\/06\/security-releases\/"}]},{"id": "CVE-2021-3281","identifiers": [{"type": "OSSINDEX", "name": "CVE-2021-3281", "value": "ef8f267a3922d310704e0d46f3c9b12e1a72fc3b"}],"location": {"file": "\/home\/runner\/work\/H6060-Python-Django\/H6060-Python-Django\/upstream-repository\/dist\/Django-3.1.2-py3-none-any.whl","dependency": {"package": {"name": "Django"},"version": "3.1.2"}},"name": "CVE-2021-3281","description": "In Django 2.2 before 2.2.18, 3.0 before 3.0.12, and 3.1 before 3.1.6, the django.utils.archive.extract method (used by \"startapp --template\" and \"startproject --template\") allows directory traversal via an archive with absolute paths or relative paths with dot segments.","severity": "Medium","links": [{"name": "[CVE-2021-3281] CWE-22: Improper Limitation of a Pathname to a Restricted Directory ('Path Traversal')","url": "https:\/\/ossindex.sonatype.org\/vulnerability\/CVE-2021-3281?component-type=pypi&component-name=django&utm_source=dependency-check&utm_medium=integration&utm_content=10.0.3"},{"name": "http:\/\/web.nvd.nist.gov\/view\/vuln\/detail?vulnId=CVE-2021-3281","url": "http:\/\/web.nvd.nist.gov\/view\/vuln\/detail?vulnId=CVE-2021-3281"},{"name": "https:\/\/bugzilla.redhat.com\/show_bug.cgi?id=1919969","url": "https:\/\/bugzilla.redhat.com\/show_bug.cgi?id=1919969"},{"name": "https:\/\/www.djangoproject.com\/weblog\/2021\/feb\/01\/security-releases\/","url": "https:\/\/www.djangoproject.com\/weblog\/2021\/feb\/01\/security-releases\/"}]},{"id": "CVE-2021-45452","identifiers": [{"type": "OSSINDEX", "name": "CVE-2021-45452", "value": "ef8f267a3922d310704e0d46f3c9b12e1a72fc3b"}],"location": {"file": "\/home\/runner\/work\/H6060-Python-Django\/H6060-Python-Django\/upstream-repository\/dist\/Django-3.1.2-py3-none-any.whl","dependency": {"package": {"name": "Django"},"version": "3.1.2"}},"name": "CVE-2021-45452","description": "Storage.save in Django 2.2 before 2.2.26, 3.2 before 3.2.11, and 4.0 before 4.0.1 allows directory traversal if crafted filenames are directly passed to it.","severity": "Medium","links": [{"name": "[CVE-2021-45452] CWE-22: Improper Limitation of a Pathname to a Restricted Directory ('Path Traversal')","url": "https:\/\/ossindex.sonatype.org\/vulnerability\/CVE-2021-45452?component-type=pypi&component-name=django&utm_source=dependency-check&utm_medium=integration&utm_content=10.0.3"},{"name": "http:\/\/web.nvd.nist.gov\/view\/vuln\/detail?vulnId=CVE-2021-45452","url": "http:\/\/web.nvd.nist.gov\/view\/vuln\/detail?vulnId=CVE-2021-45452"},{"name": "https:\/\/www.djangoproject.com\/weblog\/2022\/jan\/04\/security-releases\/","url": "https:\/\/www.djangoproject.com\/weblog\/2022\/jan\/04\/security-releases\/"}]},{"id": "CVE-2024-27351","identifiers": [{"type": "OSSINDEX", "name": "CVE-2024-27351", "value": "ef8f267a3922d310704e0d46f3c9b12e1a72fc3b"}],"location": {"file": "\/home\/runner\/work\/H6060-Python-Django\/H6060-Python-Django\/upstream-repository\/dist\/Django-3.1.2-py3-none-any.whl","dependency": {"package": {"name": "Django"},"version": "3.1.2"}},"name": "CVE-2024-27351","description": "In Django 3.2 before 3.2.25, 4.2 before 4.2.11, and 5.0 before 5.0.3, the django.utils.text.Truncator.words() method (with html=True) and the truncatewords_html template filter are subject to a potential regular expression denial-of-service attack via a crafted string. NOTE: this issue exists because of an incomplete fix for CVE-2019-14232 and CVE-2023-43665.","severity": "Medium","links": [{"name": "[CVE-2024-27351] CWE-1333","url": "https:\/\/ossindex.sonatype.org\/vulnerability\/CVE-2024-27351?component-type=pypi&component-name=django&utm_source=dependency-check&utm_medium=integration&utm_content=10.0.3"},{"name": "http:\/\/web.nvd.nist.gov\/view\/vuln\/detail?vulnId=CVE-2024-27351","url": "http:\/\/web.nvd.nist.gov\/view\/vuln\/detail?vulnId=CVE-2024-27351"},{"name": "https:\/\/docs.djangoproject.com\/en\/5.0\/releases\/security\/#march-4-2024-cve-2024-27351","url": "https:\/\/docs.djangoproject.com\/en\/5.0\/releases\/security\/#march-4-2024-cve-2024-27351"},{"name": "https:\/\/www.djangoproject.com\/weblog\/2024\/mar\/04\/security-releases\/","url": "https:\/\/www.djangoproject.com\/weblog\/2024\/mar\/04\/security-releases\/"}]},{"id": "CVE-2021-33203","identifiers": [{"type": "OSSINDEX", "name": "CVE-2021-33203", "value": "ef8f267a3922d310704e0d46f3c9b12e1a72fc3b"}],"location": {"file": "\/home\/runner\/work\/H6060-Python-Django\/H6060-Python-Django\/upstream-repository\/dist\/Django-3.1.2-py3-none-any.whl","dependency": {"package": {"name": "Django"},"version": "3.1.2"}},"name": "CVE-2021-33203","description": "Django before 2.2.24, 3.x before 3.1.12, and 3.2.x before 3.2.4 has a potential directory traversal via django.contrib.admindocs. Staff members could use the TemplateDetailView view to check the existence of arbitrary files. Additionally, if (and only if) the default admindocs templates have been customized by application developers to also show file contents, then not only the existence but also the file contents would have been exposed. In other words, there is directory traversal outside of the template root directories.","severity": "Medium","links": [{"name": "[CVE-2021-33203] CWE-22: Improper Limitation of a Pathname to a Restricted Directory ('Path Traversal')","url": "https:\/\/ossindex.sonatype.org\/vulnerability\/CVE-2021-33203?component-type=pypi&component-name=django&utm_source=dependency-check&utm_medium=integration&utm_content=10.0.3"},{"name": "http:\/\/web.nvd.nist.gov\/view\/vuln\/detail?vulnId=CVE-2021-33203","url": "http:\/\/web.nvd.nist.gov\/view\/vuln\/detail?vulnId=CVE-2021-33203"},{"name": "https:\/\/www.djangoproject.com\/weblog\/2021\/jun\/02\/security-releases\/","url": "https:\/\/www.djangoproject.com\/weblog\/2021\/jun\/02\/security-releases\/"}]},{"id": "CVE-2023-30608","identifiers": [{"type": "NVD", "name": "CVE-2023-30608", "value": "815eb7733cd57a25943f51d2a284bd81a27af36b", "url": "https://web.nvd.nist.gov/view/vuln/detail?vulnId=CVE-2023-30608"}],"location": {"file": "\/home\/runner\/work\/H6060-Python-Django\/H6060-Python-Django\/upstream-repository\/requirements.txt:sqlparse\/0.2.2","dependency": {"package": {"name": "sqlparse"},"version": "0.2.2"}},"name": "CVE-2023-30608","description": "sqlparse is a non-validating SQL parser module for Python. In affected versions the SQL parser contains a regular expression that is vulnerable to ReDoS (Regular Expression Denial of Service). This issue was introduced by commit `e75e358`. The vulnerability may lead to Denial of Service (DoS). This issues has been fixed in sqlparse 0.4.4 by commit `c457abd5f`. Users are advised to upgrade. There are no known workarounds for this issue.\n","severity": "High","links": [{"name": "[CVE-2023-30608] CWE-1333","url": "https:\/\/ossindex.sonatype.org\/vulnerability\/CVE-2023-30608?component-type=pypi&component-name=sqlparse&utm_source=dependency-check&utm_medium=integration&utm_content=10.0.3"},{"name": "http:\/\/web.nvd.nist.gov\/view\/vuln\/detail?vulnId=CVE-2023-30608","url": "http:\/\/web.nvd.nist.gov\/view\/vuln\/detail?vulnId=CVE-2023-30608"},{"name": "https:\/\/github.com\/andialbrecht\/sqlparse\/pull\/174","url": "https:\/\/github.com\/andialbrecht\/sqlparse\/pull\/174"},{"name": "https:\/\/github.com\/andialbrecht\/sqlparse\/security\/advisories\/GHSA-rrm6-wvj7-cwh2","url": "https:\/\/github.com\/andialbrecht\/sqlparse\/security\/advisories\/GHSA-rrm6-wvj7-cwh2"},{"name": "MAILING_LIST,THIRD_PARTY_ADVISORY","url": "https:\/\/lists.debian.org\/debian-lts-announce\/2023\/05\/msg00017.html"},{"name": "PATCH","url": "https:\/\/github.com\/andialbrecht\/sqlparse\/commit\/c457abd5f097dd13fb21543381e7cfafe7d31cfb"},{"name": "PATCH","url": "https:\/\/github.com\/andialbrecht\/sqlparse\/commit\/e75e35869473832a1eb67772b1adfee2db11b85a"},{"name": "PATCH,VENDOR_ADVISORY","url": "https:\/\/github.com\/andialbrecht\/sqlparse\/security\/advisories\/GHSA-rrm6-wvj7-cwh2"},{"name": "TECHNICAL_DESCRIPTION","url": "https:\/\/owasp.org\/www-community\/attacks\/Regular_expression_Denial_of_Service_-_ReDoS"}]}],"dependency_files": [{"path": "pom.xml","package_manager": "maven","dependencies": [{"package": {"name": "Django"},"version": "3.1.2"},{"package": {"name": "django"},"version": "$enc.json($dependency.version)"},{"package": {"name": "apps"},"version": "$enc.json($dependency.version)"},{"package": {"name": "conf"},"version": "$enc.json($dependency.version)"},{"package": {"name": "locale"},"version": "$enc.json($dependency.version)"},{"package": {"name": "urls"},"version": "$enc.json($dependency.version)"},{"package": {"name": "contrib"},"version": "$enc.json($dependency.version)"},{"package": {"name": "admin"},"version": "$enc.json($dependency.version)"},{"package": {"name": "admindocs"},"version": "$enc.json($dependency.version)"},{"package": {"name": "auth"},"version": "$enc.json($dependency.version)"},{"package": {"name": "management"},"version": "$enc.json($dependency.version)"},{"package": {"name": "contenttypes"},"version": "$enc.json($dependency.version)"},{"package": {"name": "management"},"version": "$enc.json($dependency.version)"},{"package": {"name": "flatpages"},"version": "$enc.json($dependency.version)"},{"package": {"name": "gis"},"version": "$enc.json($dependency.version)"},{"package": {"name": "admin"},"version": "$enc.json($dependency.version)"},{"package": {"name": "models"},"version": "$enc.json($dependency.version)"},{"package": {"name": "sql"},"version": "$enc.json($dependency.version)"},{"package": {"name": "forms"},"version": "$enc.json($dependency.version)"},{"package": {"name": "gdal"},"version": "$enc.json($dependency.version)"},{"package": {"name": "geoip2"},"version": "$enc.json($dependency.version)"},{"package": {"name": "geos"},"version": "$enc.json($dependency.version)"},{"package": {"name": "prototypes"},"version": "$enc.json($dependency.version)"},{"package": {"name": "sitemaps"},"version": "$enc.json($dependency.version)"},{"package": {"name": "utils"},"version": "$enc.json($dependency.version)"},{"package": {"name": "humanize"},"version": "$enc.json($dependency.version)"},{"package": {"name": "messages"},"version": "$enc.json($dependency.version)"},{"package": {"name": "storage"},"version": "$enc.json($dependency.version)"},{"package": {"name": "postgres"},"version": "$enc.json($dependency.version)"},{"package": {"name": "aggregates"},"version": "$enc.json($dependency.version)"},{"package": {"name": "fields"},"version": "$enc.json($dependency.version)"},{"package": {"name": "forms"},"version": "$enc.json($dependency.version)"},{"package": {"name": "redirects"},"version": "$enc.json($dependency.version)"},{"package": {"name": "sessions"},"version": "$enc.json($dependency.version)"},{"package": {"name": "sitemaps"},"version": "$enc.json($dependency.version)"},{"package": {"name": "sites"},"version": "$enc.json($dependency.version)"},{"package": {"name": "staticfiles"},"version": "$enc.json($dependency.version)"},{"package": {"name": "syndication"},"version": "$enc.json($dependency.version)"},{"package": {"name": "cache"},"version": "$enc.json($dependency.version)"},{"package": {"name": "checks"},"version": "$enc.json($dependency.version)"},{"package": {"name": "files"},"version": "$enc.json($dependency.version)"},{"package": {"name": "mail"},"version": "$enc.json($dependency.version)"},{"package": {"name": "backends"},"version": "$enc.json($dependency.version)"},{"package": {"name": "management"},"version": "$enc.json($dependency.version)"},{"package": {"name": "serializers"},"version": "$enc.json($dependency.version)"},{"package": {"name": "db"},"version": "$enc.json($dependency.version)"},{"package": {"name": "migrations"},"version": "$enc.json($dependency.version)"},{"package": {"name": "operations"},"version": "$enc.json($dependency.version)"},{"package": {"name": "models"},"version": "$enc.json($dependency.version)"},{"package": {"name": "fields"},"version": "$enc.json($dependency.version)"},{"package": {"name": "functions"},"version": "$enc.json($dependency.version)"},{"package": {"name": "sql"},"version": "$enc.json($dependency.version)"},{"package": {"name": "dispatch"},"version": "$enc.json($dependency.version)"},{"package": {"name": "forms"},"version": "$enc.json($dependency.version)"},{"package": {"name": "http"},"version": "$enc.json($dependency.version)"},{"package": {"name": "template"},"version": "$enc.json($dependency.version)"},{"package": {"name": "test"},"version": "$enc.json($dependency.version)"},{"package": {"name": "urls"},"version": "$enc.json($dependency.version)"},{"package": {"name": "translation"},"version": "$enc.json($dependency.version)"},{"package": {"name": "views"},"version": "$enc.json($dependency.version)"},{"package": {"name": "generic"},"version": "$enc.json($dependency.version)"},{"package": {"name": "models"},"version": "$enc.json($dependency.version)"},{"package": {"name": "default_config_app"},"version": "$enc.json($dependency.version)"},{"package": {"name": "auth_tests"},"version": "$enc.json($dependency.version)"},{"package": {"name": "models"},"version": "$enc.json($dependency.version)"},{"package": {"name": "models"},"version": "$enc.json($dependency.version)"},{"package": {"name": "models"},"version": "$enc.json($dependency.version)"},{"package": {"name": "field_tests"},"version": "$enc.json($dependency.version)"},{"package": {"name": "commands"},"version": "$enc.json($dependency.version)"},{"package": {"name": "exclude"},"version": "$enc.json($dependency.version)"},{"package": {"name": "project_dir"},"version": "$enc.json($dependency.version)"},{"package": {"name": "import_error_package"},"version": "$enc.json($dependency.version)"},{"package": {"name": "models"},"version": "$enc.json($dependency.version)"},{"package": {"name": "postgres_tests"},"version": "$enc.json($dependency.version)"},{"package": {"name": "models"},"version": "$enc.json($dependency.version)"},{"package": {"name": "test_module"},"version": "$enc.json($dependency.version)"},{"package": {"name": "validation"},"version": "$enc.json($dependency.version)"},{"package": {"name": "argon2-cffi"},"version": "16.1.0"},{"package": {"name": "asgiref"},"version": "3.2.10"},{"package": {"name": "bcrypt"},"version": "4.2.0"},{"package": {"name": "brokenapp"},"version": "1.0"},{"package": {"name": "commandegg"},"version": "1.0"},{"package": {"name": "modelapp"},"version": "1.0"},{"package": {"name": "modelapp"},"version": "1.0"},{"package": {"name": "nomodelapp"},"version": "1.0"},{"package": {"name": "omelet"},"version": "1.0"},{"package": {"name": "pytz"},"version": "2024.1"},{"package": {"name": "sqlparse"},"version": "0.2.2"},{"package": {"name": "tagsegg"},"version": "1.0"}]}],"remediations": [] }