"Project","ScanDate","DependencyName","DependencyPath","Description","License","Md5","Sha1","Identifiers","CPE","CVE","CWE","Vulnerability","Source","CVSSv2_Severity","CVSSv2_Score","CVSSv2","CVSSv3_BaseSeverity","CVSSv3_BaseScore","CVSSv3","CPE Confidence","Evidence Count","VendorProject","Product","Name","DateAdded","ShortDescription","RequiredAction","DueDate","Notes"
H6060-Python-Django,"Wed, 14 Aug 2024 14:23:05 GMT",Django:3.1.2,/home/runner/work/H6060-Python-Django/H6060-Python-Django/upstream-repository/dist/Django-3.1.2-py3-none-any.whl,"A high-level Python Web framework that encourages rapid development and clean, pragmatic design.","",a18aeb62328bf38d39550b0cad7dca60,ef8f267a3922d310704e0d46f3c9b12e1a72fc3b,pkg:pypi/django@3.1.2,cpe:2.3:a:django_project:django:3.1.2:*:*:*:*:*:*:*,CVE-2021-35042,CWE-89 Improper Neutralization of Special Elements used in an SQL Command ('SQL Injection'),Django 3.1.x before 3.1.13 and 3.2.x before 3.2.5 allows QuerySet.order_by SQL injection if order_by is untrusted input from a client of a web application.,OSSINDEX,"","","",CRITICAL,9.800000190734863,CVSS:3.1/AV:N/AC:L/PR:N/UI:N/S:U/C:H/I:H/A:H,HIGHEST,7,"","","","","","","",""
H6060-Python-Django,"Wed, 14 Aug 2024 14:23:05 GMT",Django:3.1.2,/home/runner/work/H6060-Python-Django/H6060-Python-Django/upstream-repository/dist/Django-3.1.2-py3-none-any.whl,"A high-level Python Web framework that encourages rapid development and clean, pragmatic design.","",a18aeb62328bf38d39550b0cad7dca60,ef8f267a3922d310704e0d46f3c9b12e1a72fc3b,pkg:pypi/django@3.1.2,cpe:2.3:a:django_project:django:3.1.2:*:*:*:*:*:*:*,CVE-2022-28346,CWE-89 Improper Neutralization of Special Elements used in an SQL Command ('SQL Injection'),"An issue was discovered in Django 2.2 before 2.2.28, 3.2 before 3.2.13, and 4.0 before 4.0.4. QuerySet.annotate(), aggregate(), and extra() methods are subject to SQL injection in column aliases via a crafted dictionary (with dictionary expansion) as the passed **kwargs.",OSSINDEX,"","","",CRITICAL,9.800000190734863,CVSS:3.1/AV:N/AC:L/PR:N/UI:N/S:U/C:H/I:H/A:H,HIGHEST,7,"","","","","","","",""
H6060-Python-Django,"Wed, 14 Aug 2024 14:23:05 GMT",Django:3.1.2,/home/runner/work/H6060-Python-Django/H6060-Python-Django/upstream-repository/dist/Django-3.1.2-py3-none-any.whl,"A high-level Python Web framework that encourages rapid development and clean, pragmatic design.","",a18aeb62328bf38d39550b0cad7dca60,ef8f267a3922d310704e0d46f3c9b12e1a72fc3b,pkg:pypi/django@3.1.2,cpe:2.3:a:django_project:django:3.1.2:*:*:*:*:*:*:*,CVE-2022-28347,CWE-89 Improper Neutralization of Special Elements used in an SQL Command ('SQL Injection'),"A SQL injection issue was discovered in QuerySet.explain() in Django 2.2 before 2.2.28, 3.2 before 3.2.13, and 4.0 before 4.0.4. This occurs by passing a crafted dictionary (with dictionary expansion) as the **options argument, and placing the injection payload in an option name.",OSSINDEX,"","","",CRITICAL,9.800000190734863,CVSS:3.1/AV:N/AC:L/PR:N/UI:N/S:U/C:H/I:H/A:H,HIGHEST,7,"","","","","","","",""
H6060-Python-Django,"Wed, 14 Aug 2024 14:23:05 GMT",Django:3.1.2,/home/runner/work/H6060-Python-Django/H6060-Python-Django/upstream-repository/dist/Django-3.1.2-py3-none-any.whl,"A high-level Python Web framework that encourages rapid development and clean, pragmatic design.","",a18aeb62328bf38d39550b0cad7dca60,ef8f267a3922d310704e0d46f3c9b12e1a72fc3b,pkg:pypi/django@3.1.2,cpe:2.3:a:django_project:django:3.1.2:*:*:*:*:*:*:*,CVE-2022-34265,CWE-89 Improper Neutralization of Special Elements used in an SQL Command ('SQL Injection'),An issue was discovered in Django 3.2 before 3.2.14 and 4.0 before 4.0.6. The Trunc() and Extract() database functions are subject to SQL injection if untrusted data is used as a kind/lookup_name value. Applications that constrain the lookup name and kind choice to a known safe list are unaffected.  Sonatype's research suggests that this CVE's details differ from those defined at NVD. See https://ossindex.sonatype.org/vulnerability/CVE-2022-34265 for details,OSSINDEX,"","","",CRITICAL,9.800000190734863,CVSS:3.1/AV:N/AC:L/PR:N/UI:N/S:U/C:H/I:H/A:H,HIGHEST,7,"","","","","","","",""
H6060-Python-Django,"Wed, 14 Aug 2024 14:23:05 GMT",Django:3.1.2,/home/runner/work/H6060-Python-Django/H6060-Python-Django/upstream-repository/dist/Django-3.1.2-py3-none-any.whl,"A high-level Python Web framework that encourages rapid development and clean, pragmatic design.","",a18aeb62328bf38d39550b0cad7dca60,ef8f267a3922d310704e0d46f3c9b12e1a72fc3b,pkg:pypi/django@3.1.2,cpe:2.3:a:django_project:django:3.1.2:*:*:*:*:*:*:*,CVE-2023-31047,CWE-20 Improper Input Validation,"In Django 3.2 before 3.2.19, 4.x before 4.1.9, and 4.2 before 4.2.1, it was possible to bypass validation when using one form field to upload multiple files. This multiple upload has never been supported by forms.FileField or forms.ImageField (only the last uploaded file was validated). However, Django's ""Uploading multiple files"" documentation suggested otherwise.",OSSINDEX,"","","",CRITICAL,9.800000190734863,CVSS:3.1/AV:N/AC:L/PR:N/UI:N/S:U/C:H/I:H/A:H,HIGHEST,7,"","","","","","","",""
H6060-Python-Django,"Wed, 14 Aug 2024 14:23:05 GMT",Django:3.1.2,/home/runner/work/H6060-Python-Django/H6060-Python-Django/upstream-repository/dist/Django-3.1.2-py3-none-any.whl,"A high-level Python Web framework that encourages rapid development and clean, pragmatic design.","",a18aeb62328bf38d39550b0cad7dca60,ef8f267a3922d310704e0d46f3c9b12e1a72fc3b,pkg:pypi/django@3.1.2,cpe:2.3:a:django_project:django:3.1.2:*:*:*:*:*:*:*,CVE-2024-42005,CWE-89 Improper Neutralization of Special Elements used in an SQL Command ('SQL Injection'),An issue was discovered in Django 5.0 before 5.0.8 and 4.2 before 4.2.15. QuerySet.values() and values_list() methods on models with a JSONField are subject to SQL injection in column aliases via a crafted JSON object key as a passed *arg.,OSSINDEX,"","","",CRITICAL,9.800000190734863,CVSS:3.1/AV:N/AC:L/PR:N/UI:N/S:U/C:H/I:H/A:H,HIGHEST,7,"","","","","","","",""
H6060-Python-Django,"Wed, 14 Aug 2024 14:23:05 GMT",Django:3.1.2,/home/runner/work/H6060-Python-Django/H6060-Python-Django/upstream-repository/dist/Django-3.1.2-py3-none-any.whl,"A high-level Python Web framework that encourages rapid development and clean, pragmatic design.","",a18aeb62328bf38d39550b0cad7dca60,ef8f267a3922d310704e0d46f3c9b12e1a72fc3b,pkg:pypi/django@3.1.2,cpe:2.3:a:django_project:django:3.1.2:*:*:*:*:*:*:*,CVE-2022-36359,CWE-494 Download of Code Without Integrity Check,An issue was discovered in the HTTP FileResponse class in Django 3.2 before 3.2.15 and 4.0 before 4.0.7. An application is vulnerable to a reflected file download (RFD) attack that sets the Content-Disposition header of a FileResponse when the filename is derived from user-supplied input.  Sonatype's research suggests that this CVE's details differ from those defined at NVD. See https://ossindex.sonatype.org/vulnerability/CVE-2022-36359 for details,OSSINDEX,"","","",HIGH,8.800000190734863,CVSS:3.1/AV:N/AC:L/PR:N/UI:R/S:U/C:H/I:H/A:H,HIGHEST,7,"","","","","","","",""
H6060-Python-Django,"Wed, 14 Aug 2024 14:23:05 GMT",Django:3.1.2,/home/runner/work/H6060-Python-Django/H6060-Python-Django/upstream-repository/dist/Django-3.1.2-py3-none-any.whl,"A high-level Python Web framework that encourages rapid development and clean, pragmatic design.","",a18aeb62328bf38d39550b0cad7dca60,ef8f267a3922d310704e0d46f3c9b12e1a72fc3b,pkg:pypi/django@3.1.2,cpe:2.3:a:django_project:django:3.1.2:*:*:*:*:*:*:*,CVE-2021-31542,CWE-22 Improper Limitation of a Pathname to a Restricted Directory ('Path Traversal'),"In Django 2.2 before 2.2.21, 3.1 before 3.1.9, and 3.2 before 3.2.1, MultiPartParser, UploadedFile, and FieldFile allowed directory traversal via uploaded files with suitably crafted file names.",OSSINDEX,"","","",HIGH,7.5,CVSS:3.1/AV:N/AC:L/PR:N/UI:N/S:U/C:H/I:N/A:N,HIGHEST,7,"","","","","","","",""
H6060-Python-Django,"Wed, 14 Aug 2024 14:23:05 GMT",Django:3.1.2,/home/runner/work/H6060-Python-Django/H6060-Python-Django/upstream-repository/dist/Django-3.1.2-py3-none-any.whl,"A high-level Python Web framework that encourages rapid development and clean, pragmatic design.","",a18aeb62328bf38d39550b0cad7dca60,ef8f267a3922d310704e0d46f3c9b12e1a72fc3b,pkg:pypi/django@3.1.2,cpe:2.3:a:django_project:django:3.1.2:*:*:*:*:*:*:*,CVE-2021-33571,CWE-918 Server-Side Request Forgery (SSRF),"In Django 2.2 before 2.2.24, 3.x before 3.1.12, and 3.2 before 3.2.4, URLValidator, validate_ipv4_address, and validate_ipv46_address do not prohibit leading zero characters in octal literals. This may allow a bypass of access control that is based on IP addresses. (validate_ipv4_address and validate_ipv46_address are unaffected with Python 3.9.5+..) .",OSSINDEX,"","","",HIGH,7.5,CVSS:3.1/AV:N/AC:L/PR:N/UI:N/S:U/C:N/I:H/A:N,HIGHEST,7,"","","","","","","",""
H6060-Python-Django,"Wed, 14 Aug 2024 14:23:05 GMT",Django:3.1.2,/home/runner/work/H6060-Python-Django/H6060-Python-Django/upstream-repository/dist/Django-3.1.2-py3-none-any.whl,"A high-level Python Web framework that encourages rapid development and clean, pragmatic design.","",a18aeb62328bf38d39550b0cad7dca60,ef8f267a3922d310704e0d46f3c9b12e1a72fc3b,pkg:pypi/django@3.1.2,cpe:2.3:a:django_project:django:3.1.2:*:*:*:*:*:*:*,CVE-2021-45115,CWE-Other,"An issue was discovered in Django 2.2 before 2.2.26, 3.2 before 3.2.11, and 4.0 before 4.0.1. UserAttributeSimilarityValidator incurred significant overhead in evaluating a submitted password that was artificially large in relation to the comparison values. In a situation where access to user registration was unrestricted, this provided a potential vector for a denial-of-service attack.",OSSINDEX,"","","",HIGH,7.5,CVSS:3.1/AV:N/AC:L/PR:N/UI:N/S:U/C:N/I:N/A:H,HIGHEST,7,"","","","","","","",""
H6060-Python-Django,"Wed, 14 Aug 2024 14:23:05 GMT",Django:3.1.2,/home/runner/work/H6060-Python-Django/H6060-Python-Django/upstream-repository/dist/Django-3.1.2-py3-none-any.whl,"A high-level Python Web framework that encourages rapid development and clean, pragmatic design.","",a18aeb62328bf38d39550b0cad7dca60,ef8f267a3922d310704e0d46f3c9b12e1a72fc3b,pkg:pypi/django@3.1.2,cpe:2.3:a:django_project:django:3.1.2:*:*:*:*:*:*:*,CVE-2021-45116,CWE-20 Improper Input Validation,"An issue was discovered in Django 2.2 before 2.2.26, 3.2 before 3.2.11, and 4.0 before 4.0.1. Due to leveraging the Django Template Language's variable resolution logic, the dictsort template filter was potentially vulnerable to information disclosure, or an unintended method call, if passed a suitably crafted key.",OSSINDEX,"","","",HIGH,7.5,CVSS:3.1/AV:N/AC:L/PR:N/UI:N/S:U/C:H/I:N/A:N,HIGHEST,7,"","","","","","","",""
H6060-Python-Django,"Wed, 14 Aug 2024 14:23:05 GMT",Django:3.1.2,/home/runner/work/H6060-Python-Django/H6060-Python-Django/upstream-repository/dist/Django-3.1.2-py3-none-any.whl,"A high-level Python Web framework that encourages rapid development and clean, pragmatic design.","",a18aeb62328bf38d39550b0cad7dca60,ef8f267a3922d310704e0d46f3c9b12e1a72fc3b,pkg:pypi/django@3.1.2,cpe:2.3:a:django_project:django:3.1.2:*:*:*:*:*:*:*,CVE-2022-23833,CWE-835 Loop with Unreachable Exit Condition ('Infinite Loop'),"An issue was discovered in MultiPartParser in Django 2.2 before 2.2.27, 3.2 before 3.2.12, and 4.0 before 4.0.2. Passing certain inputs to multipart forms could result in an infinite loop when parsing files.",OSSINDEX,"","","",HIGH,7.5,CVSS:3.1/AV:N/AC:L/PR:N/UI:N/S:U/C:N/I:N/A:H,HIGHEST,7,"","","","","","","",""
H6060-Python-Django,"Wed, 14 Aug 2024 14:23:05 GMT",Django:3.1.2,/home/runner/work/H6060-Python-Django/H6060-Python-Django/upstream-repository/dist/Django-3.1.2-py3-none-any.whl,"A high-level Python Web framework that encourages rapid development and clean, pragmatic design.","",a18aeb62328bf38d39550b0cad7dca60,ef8f267a3922d310704e0d46f3c9b12e1a72fc3b,pkg:pypi/django@3.1.2,cpe:2.3:a:django_project:django:3.1.2:*:*:*:*:*:*:*,CVE-2022-41323,CWE-Other,"In Django 3.2 before 3.2.16, 4.0 before 4.0.8, and 4.1 before 4.1.2, internationalized URLs were subject to a potential denial of service attack via the locale parameter, which is treated as a regular expression.",OSSINDEX,"","","",HIGH,7.5,CVSS:3.1/AV:N/AC:L/PR:N/UI:N/S:U/C:N/I:N/A:H,HIGHEST,7,"","","","","","","",""
H6060-Python-Django,"Wed, 14 Aug 2024 14:23:05 GMT",Django:3.1.2,/home/runner/work/H6060-Python-Django/H6060-Python-Django/upstream-repository/dist/Django-3.1.2-py3-none-any.whl,"A high-level Python Web framework that encourages rapid development and clean, pragmatic design.","",a18aeb62328bf38d39550b0cad7dca60,ef8f267a3922d310704e0d46f3c9b12e1a72fc3b,pkg:pypi/django@3.1.2,cpe:2.3:a:django_project:django:3.1.2:*:*:*:*:*:*:*,CVE-2023-23969,CWE-770 Allocation of Resources Without Limits or Throttling,"In Django 3.2 before 3.2.17, 4.0 before 4.0.9, and 4.1 before 4.1.6, the parsed values of Accept-Language headers are cached in order to avoid repetitive parsing. This leads to a potential denial-of-service vector via excessive memory usage if the raw value of Accept-Language headers is very large.  Sonatype's research suggests that this CVE's details differ from those defined at NVD. See https://ossindex.sonatype.org/vulnerability/CVE-2023-23969 for details",OSSINDEX,"","","",HIGH,7.5,CVSS:3.1/AV:N/AC:L/PR:N/UI:N/S:U/C:N/I:N/A:H,HIGHEST,7,"","","","","","","",""
H6060-Python-Django,"Wed, 14 Aug 2024 14:23:05 GMT",Django:3.1.2,/home/runner/work/H6060-Python-Django/H6060-Python-Django/upstream-repository/dist/Django-3.1.2-py3-none-any.whl,"A high-level Python Web framework that encourages rapid development and clean, pragmatic design.","",a18aeb62328bf38d39550b0cad7dca60,ef8f267a3922d310704e0d46f3c9b12e1a72fc3b,pkg:pypi/django@3.1.2,cpe:2.3:a:django_project:django:3.1.2:*:*:*:*:*:*:*,CVE-2023-24580,CWE-400 Uncontrolled Resource Consumption,"An issue was discovered in the Multipart Request Parser in Django 3.2 before 3.2.18, 4.0 before 4.0.10, and 4.1 before 4.1.7. Passing certain inputs (e.g., an excessive number of parts) to multipart forms could result in too many open files or memory exhaustion, and provided a potential vector for a denial-of-service attack.",OSSINDEX,"","","",HIGH,7.5,CVSS:3.1/AV:N/AC:L/PR:N/UI:N/S:U/C:N/I:N/A:H,HIGHEST,7,"","","","","","","",""
H6060-Python-Django,"Wed, 14 Aug 2024 14:23:05 GMT",Django:3.1.2,/home/runner/work/H6060-Python-Django/H6060-Python-Django/upstream-repository/dist/Django-3.1.2-py3-none-any.whl,"A high-level Python Web framework that encourages rapid development and clean, pragmatic design.","",a18aeb62328bf38d39550b0cad7dca60,ef8f267a3922d310704e0d46f3c9b12e1a72fc3b,pkg:pypi/django@3.1.2,cpe:2.3:a:django_project:django:3.1.2:*:*:*:*:*:*:*,CVE-2023-36053,CWE-1333 Inefficient Regular Expression Complexity,"In Django 3.2 before 3.2.20, 4 before 4.1.10, and 4.2 before 4.2.3, EmailValidator and URLValidator are subject to a potential ReDoS (regular expression denial of service) attack via a very large number of domain name labels of emails and URLs.  Sonatype's research suggests that this CVE's details differ from those defined at NVD. See https://ossindex.sonatype.org/vulnerability/CVE-2023-36053 for details",OSSINDEX,"","","",HIGH,7.5,CVSS:3.1/AV:N/AC:L/PR:N/UI:N/S:U/C:N/I:N/A:H,HIGHEST,7,"","","","","","","",""
H6060-Python-Django,"Wed, 14 Aug 2024 14:23:05 GMT",Django:3.1.2,/home/runner/work/H6060-Python-Django/H6060-Python-Django/upstream-repository/dist/Django-3.1.2-py3-none-any.whl,"A high-level Python Web framework that encourages rapid development and clean, pragmatic design.","",a18aeb62328bf38d39550b0cad7dca60,ef8f267a3922d310704e0d46f3c9b12e1a72fc3b,pkg:pypi/django@3.1.2,cpe:2.3:a:django_project:django:3.1.2:*:*:*:*:*:*:*,CVE-2023-41164,CWE-1284 Improper Validation of Specified Quantity in Input,"In Django 3.2 before 3.2.21, 4.1 before 4.1.11, and 4.2 before 4.2.5, django.utils.encoding.uri_to_iri() is subject to a potential DoS (denial of service) attack via certain inputs with a very large number of Unicode characters.",OSSINDEX,"","","",HIGH,7.5,CVSS:3.1/AV:N/AC:L/PR:N/UI:N/S:U/C:N/I:N/A:H,HIGHEST,7,"","","","","","","",""
H6060-Python-Django,"Wed, 14 Aug 2024 14:23:05 GMT",Django:3.1.2,/home/runner/work/H6060-Python-Django/H6060-Python-Django/upstream-repository/dist/Django-3.1.2-py3-none-any.whl,"A high-level Python Web framework that encourages rapid development and clean, pragmatic design.","",a18aeb62328bf38d39550b0cad7dca60,ef8f267a3922d310704e0d46f3c9b12e1a72fc3b,pkg:pypi/django@3.1.2,cpe:2.3:a:django_project:django:3.1.2:*:*:*:*:*:*:*,CVE-2023-43665,CWE-1284 Improper Validation of Specified Quantity in Input,"In Django 3.2 before 3.2.22, 4.1 before 4.1.12, and 4.2 before 4.2.6, the django.utils.text.Truncator chars() and words() methods (when used with html=True) are subject to a potential DoS (denial of service) attack via certain inputs with very long, potentially malformed HTML text. The chars() and words() methods are used to implement the truncatechars_html and truncatewords_html template filters, which are thus also vulnerable. NOTE: this issue exists because of an incomplete fix for CVE-2019-14232.",OSSINDEX,"","","",HIGH,7.5,CVSS:3.1/AV:N/AC:L/PR:N/UI:N/S:U/C:N/I:N/A:H,HIGHEST,7,"","","","","","","",""
H6060-Python-Django,"Wed, 14 Aug 2024 14:23:05 GMT",Django:3.1.2,/home/runner/work/H6060-Python-Django/H6060-Python-Django/upstream-repository/dist/Django-3.1.2-py3-none-any.whl,"A high-level Python Web framework that encourages rapid development and clean, pragmatic design.","",a18aeb62328bf38d39550b0cad7dca60,ef8f267a3922d310704e0d46f3c9b12e1a72fc3b,pkg:pypi/django@3.1.2,cpe:2.3:a:django_project:django:3.1.2:*:*:*:*:*:*:*,CVE-2023-46695,CWE-770 Allocation of Resources Without Limits or Throttling,"An issue was discovered in Django 3.2 before 3.2.23, 4.1 before 4.1.13, and 4.2 before 4.2.7. The NFKC normalization is slow on Windows. As a consequence, django.contrib.auth.forms.UsernameField is subject to a potential DoS (denial of service) attack via certain inputs with a very large number of Unicode characters.",OSSINDEX,"","","",HIGH,7.5,CVSS:3.1/AV:N/AC:L/PR:N/UI:N/S:U/C:N/I:N/A:H,HIGHEST,7,"","","","","","","",""
H6060-Python-Django,"Wed, 14 Aug 2024 14:23:05 GMT",Django:3.1.2,/home/runner/work/H6060-Python-Django/H6060-Python-Django/upstream-repository/dist/Django-3.1.2-py3-none-any.whl,"A high-level Python Web framework that encourages rapid development and clean, pragmatic design.","",a18aeb62328bf38d39550b0cad7dca60,ef8f267a3922d310704e0d46f3c9b12e1a72fc3b,pkg:pypi/django@3.1.2,cpe:2.3:a:django_project:django:3.1.2:*:*:*:*:*:*:*,CVE-2024-24680,CWE-noinfo,"An issue was discovered in Django 3.2 before 3.2.24, 4.2 before 4.2.10, and Django 5.0 before 5.0.2. The intcomma template filter was subject to a potential denial-of-service attack when used with very long strings.  Sonatype's research suggests that this CVE's details differ from those defined at NVD. See https://ossindex.sonatype.org/vulnerability/CVE-2024-24680 for details",OSSINDEX,"","","",HIGH,7.5,CVSS:3.1/AV:N/AC:L/PR:N/UI:N/S:U/C:N/I:N/A:H,HIGHEST,7,"","","","","","","",""
H6060-Python-Django,"Wed, 14 Aug 2024 14:23:05 GMT",Django:3.1.2,/home/runner/work/H6060-Python-Django/H6060-Python-Django/upstream-repository/dist/Django-3.1.2-py3-none-any.whl,"A high-level Python Web framework that encourages rapid development and clean, pragmatic design.","",a18aeb62328bf38d39550b0cad7dca60,ef8f267a3922d310704e0d46f3c9b12e1a72fc3b,pkg:pypi/django@3.1.2,cpe:2.3:a:django_project:django:3.1.2:*:*:*:*:*:*:*,CVE-2024-38875,CWE-130 Improper Handling of Length Parameter Inconsistency,An issue was discovered in Django 4.2 before 4.2.14 and 5.0 before 5.0.7. urlize and urlizetrunc were subject to a potential denial of service attack via certain inputs with a very large number of brackets.  Sonatype's research suggests that this CVE's details differ from those defined at NVD. See https://ossindex.sonatype.org/vulnerability/CVE-2024-38875 for details,OSSINDEX,"","","",HIGH,7.5,CVSS:3.1/AV:N/AC:L/PR:N/UI:N/S:U/C:N/I:N/A:H,HIGHEST,7,"","","","","","","",""
H6060-Python-Django,"Wed, 14 Aug 2024 14:23:05 GMT",Django:3.1.2,/home/runner/work/H6060-Python-Django/H6060-Python-Django/upstream-repository/dist/Django-3.1.2-py3-none-any.whl,"A high-level Python Web framework that encourages rapid development and clean, pragmatic design.","",a18aeb62328bf38d39550b0cad7dca60,ef8f267a3922d310704e0d46f3c9b12e1a72fc3b,pkg:pypi/django@3.1.2,cpe:2.3:a:django_project:django:3.1.2:*:*:*:*:*:*:*,CVE-2024-39614,CWE-130 Improper Handling of Length Parameter Inconsistency,An issue was discovered in Django 5.0 before 5.0.7 and 4.2 before 4.2.14. get_supported_language_variant() was subject to a potential denial-of-service attack when used with very long strings containing specific characters.,OSSINDEX,"","","",HIGH,7.5,CVSS:3.1/AV:N/AC:L/PR:N/UI:N/S:U/C:N/I:N/A:H,HIGHEST,7,"","","","","","","",""
H6060-Python-Django,"Wed, 14 Aug 2024 14:23:05 GMT",Django:3.1.2,/home/runner/work/H6060-Python-Django/H6060-Python-Django/upstream-repository/dist/Django-3.1.2-py3-none-any.whl,"A high-level Python Web framework that encourages rapid development and clean, pragmatic design.","",a18aeb62328bf38d39550b0cad7dca60,ef8f267a3922d310704e0d46f3c9b12e1a72fc3b,pkg:pypi/django@3.1.2,cpe:2.3:a:django_project:django:3.1.2:*:*:*:*:*:*:*,CVE-2024-41989,CWE-noinfo,An issue was discovered in Django 5.0 before 5.0.8 and 4.2 before 4.2.15. The floatformat template filter is subject to significant memory consumption when given a string representation of a number in scientific notation with a large exponent.,OSSINDEX,"","","",HIGH,7.5,CVSS:3.1/AV:N/AC:L/PR:N/UI:N/S:U/C:N/I:N/A:H,HIGHEST,7,"","","","","","","",""
H6060-Python-Django,"Wed, 14 Aug 2024 14:23:05 GMT",Django:3.1.2,/home/runner/work/H6060-Python-Django/H6060-Python-Django/upstream-repository/dist/Django-3.1.2-py3-none-any.whl,"A high-level Python Web framework that encourages rapid development and clean, pragmatic design.","",a18aeb62328bf38d39550b0cad7dca60,ef8f267a3922d310704e0d46f3c9b12e1a72fc3b,pkg:pypi/django@3.1.2,cpe:2.3:a:django_project:django:3.1.2:*:*:*:*:*:*:*,CVE-2024-41990,CWE-130 Improper Handling of Length Parameter Inconsistency,An issue was discovered in Django 5.0 before 5.0.8 and 4.2 before 4.2.15. The urlize() and urlizetrunc() template filters are subject to a potential denial-of-service attack via very large inputs with a specific sequence of characters.,OSSINDEX,"","","",HIGH,7.5,CVSS:3.1/AV:N/AC:L/PR:N/UI:N/S:U/C:N/I:N/A:H,HIGHEST,7,"","","","","","","",""
H6060-Python-Django,"Wed, 14 Aug 2024 14:23:05 GMT",Django:3.1.2,/home/runner/work/H6060-Python-Django/H6060-Python-Django/upstream-repository/dist/Django-3.1.2-py3-none-any.whl,"A high-level Python Web framework that encourages rapid development and clean, pragmatic design.","",a18aeb62328bf38d39550b0cad7dca60,ef8f267a3922d310704e0d46f3c9b12e1a72fc3b,pkg:pypi/django@3.1.2,cpe:2.3:a:django_project:django:3.1.2:*:*:*:*:*:*:*,CVE-2024-41991,CWE-1284 Improper Validation of Specified Quantity in Input,"An issue was discovered in Django 5.0 before 5.0.8 and 4.2 before 4.2.15. The urlize and urlizetrunc template filters, and the AdminURLFieldWidget widget, are subject to a potential denial-of-service attack via certain inputs with a very large number of Unicode characters.",OSSINDEX,"","","",HIGH,7.5,CVSS:3.1/AV:N/AC:L/PR:N/UI:N/S:U/C:N/I:N/A:H,HIGHEST,7,"","","","","","","",""
H6060-Python-Django,"Wed, 14 Aug 2024 14:23:05 GMT",Django:3.1.2,/home/runner/work/H6060-Python-Django/H6060-Python-Django/upstream-repository/dist/Django-3.1.2-py3-none-any.whl,"A high-level Python Web framework that encourages rapid development and clean, pragmatic design.","",a18aeb62328bf38d39550b0cad7dca60,ef8f267a3922d310704e0d46f3c9b12e1a72fc3b,pkg:pypi/django@3.1.2,cpe:2.3:a:django_project:django:3.1.2:*:*:*:*:*:*:*,CVE-2021-44420,CWE-Other,"In Django 2.2 before 2.2.25, 3.1 before 3.1.14, and 3.2 before 3.2.10, HTTP requests for URLs with trailing newlines could bypass upstream access control based on URL paths.",OSSINDEX,"","","",HIGH,7.300000190734863,CVSS:3.1/AV:N/AC:L/PR:N/UI:N/S:U/C:L/I:L/A:L,HIGHEST,7,"","","","","","","",""
H6060-Python-Django,"Wed, 14 Aug 2024 14:23:05 GMT",Django:3.1.2,/home/runner/work/H6060-Python-Django/H6060-Python-Django/upstream-repository/dist/Django-3.1.2-py3-none-any.whl,"A high-level Python Web framework that encourages rapid development and clean, pragmatic design.","",a18aeb62328bf38d39550b0cad7dca60,ef8f267a3922d310704e0d46f3c9b12e1a72fc3b,pkg:pypi/django@3.1.2,cpe:2.3:a:django_project:django:3.1.2:*:*:*:*:*:*:*,CVE-2024-39330,CWE-35 Path Traversal: '.../...//',"An issue was discovered in Django 5.0 before 5.0.7 and 4.2 before 4.2.14. Derived classes of the django.core.files.storage.Storage base class, when they override generate_filename() without replicating the file-path validations from the parent class, potentially allow directory traversal via certain inputs during a save() call. (Built-in Storage sub-classes are unaffected.)  Sonatype's research suggests that this CVE's details differ from those defined at NVD. See https://ossindex.sonatype.org/vulnerability/CVE-2024-39330 for details",OSSINDEX,HIGH,7.099999904632568,CVSS:4.0/AV:N/AC:L/AT:N/PR:L/UI:N/VC:H/VI:L/VA:N/SC:N/SI:N/SA:N,"","","",HIGHEST,7,"","","","","","","",""
H6060-Python-Django,"Wed, 14 Aug 2024 14:23:05 GMT",Django:3.1.2,/home/runner/work/H6060-Python-Django/H6060-Python-Django/upstream-repository/dist/Django-3.1.2-py3-none-any.whl,"A high-level Python Web framework that encourages rapid development and clean, pragmatic design.","",a18aeb62328bf38d39550b0cad7dca60,ef8f267a3922d310704e0d46f3c9b12e1a72fc3b,pkg:pypi/django@3.1.2,cpe:2.3:a:django_project:django:3.1.2:*:*:*:*:*:*:*,CVE-2021-32052,CWE-79 Improper Neutralization of Input During Web Page Generation ('Cross-site Scripting'),"In Django 2.2 before 2.2.22, 3.1 before 3.1.10, and 3.2 before 3.2.2 (with Python 3.9.5+), URLValidator does not prohibit newlines and tabs (unless the URLField form field is used). If an application uses values with newlines in an HTTP response, header injection can occur. Django itself is unaffected because HttpResponse prohibits newlines in HTTP headers.",OSSINDEX,"","","",MEDIUM,6.099999904632568,CVSS:3.1/AV:N/AC:L/PR:N/UI:R/S:C/C:L/I:L/A:N,HIGHEST,7,"","","","","","","",""
H6060-Python-Django,"Wed, 14 Aug 2024 14:23:05 GMT",Django:3.1.2,/home/runner/work/H6060-Python-Django/H6060-Python-Django/upstream-repository/dist/Django-3.1.2-py3-none-any.whl,"A high-level Python Web framework that encourages rapid development and clean, pragmatic design.","",a18aeb62328bf38d39550b0cad7dca60,ef8f267a3922d310704e0d46f3c9b12e1a72fc3b,pkg:pypi/django@3.1.2,cpe:2.3:a:django_project:django:3.1.2:*:*:*:*:*:*:*,CVE-2022-22818,CWE-79 Improper Neutralization of Input During Web Page Generation ('Cross-site Scripting'),"The {% debug %} template tag in Django 2.2 before 2.2.27, 3.2 before 3.2.12, and 4.0 before 4.0.2 does not properly encode the current context. This may lead to XSS.",OSSINDEX,"","","",MEDIUM,6.099999904632568,CVSS:3.1/AV:N/AC:L/PR:N/UI:R/S:C/C:L/I:L/A:N,HIGHEST,7,"","","","","","","",""
H6060-Python-Django,"Wed, 14 Aug 2024 14:23:05 GMT",Django:3.1.2,/home/runner/work/H6060-Python-Django/H6060-Python-Django/upstream-repository/dist/Django-3.1.2-py3-none-any.whl,"A high-level Python Web framework that encourages rapid development and clean, pragmatic design.","",a18aeb62328bf38d39550b0cad7dca60,ef8f267a3922d310704e0d46f3c9b12e1a72fc3b,pkg:pypi/django@3.1.2,cpe:2.3:a:django_project:django:3.1.2:*:*:*:*:*:*:*,CVE-2021-28658,CWE-22 Improper Limitation of a Pathname to a Restricted Directory ('Path Traversal'),"In Django 2.2 before 2.2.20, 3.0 before 3.0.14, and 3.1 before 3.1.8, MultiPartParser allowed directory traversal via uploaded files with suitably crafted file names. Built-in upload handlers were not affected by this vulnerability.",OSSINDEX,"","","",MEDIUM,5.300000190734863,CVSS:3.1/AV:N/AC:L/PR:N/UI:N/S:U/C:L/I:N/A:N,HIGHEST,7,"","","","","","","",""
H6060-Python-Django,"Wed, 14 Aug 2024 14:23:05 GMT",Django:3.1.2,/home/runner/work/H6060-Python-Django/H6060-Python-Django/upstream-repository/dist/Django-3.1.2-py3-none-any.whl,"A high-level Python Web framework that encourages rapid development and clean, pragmatic design.","",a18aeb62328bf38d39550b0cad7dca60,ef8f267a3922d310704e0d46f3c9b12e1a72fc3b,pkg:pypi/django@3.1.2,cpe:2.3:a:django_project:django:3.1.2:*:*:*:*:*:*:*,CVE-2021-3281,CWE-22 Improper Limitation of a Pathname to a Restricted Directory ('Path Traversal'),"In Django 2.2 before 2.2.18, 3.0 before 3.0.12, and 3.1 before 3.1.6, the django.utils.archive.extract method (used by ""startapp --template"" and ""startproject --template"") allows directory traversal via an archive with absolute paths or relative paths with dot segments.",OSSINDEX,"","","",MEDIUM,5.300000190734863,CVSS:3.1/AV:N/AC:L/PR:N/UI:N/S:U/C:N/I:L/A:N,HIGHEST,7,"","","","","","","",""
H6060-Python-Django,"Wed, 14 Aug 2024 14:23:05 GMT",Django:3.1.2,/home/runner/work/H6060-Python-Django/H6060-Python-Django/upstream-repository/dist/Django-3.1.2-py3-none-any.whl,"A high-level Python Web framework that encourages rapid development and clean, pragmatic design.","",a18aeb62328bf38d39550b0cad7dca60,ef8f267a3922d310704e0d46f3c9b12e1a72fc3b,pkg:pypi/django@3.1.2,cpe:2.3:a:django_project:django:3.1.2:*:*:*:*:*:*:*,CVE-2021-45452,CWE-22 Improper Limitation of a Pathname to a Restricted Directory ('Path Traversal'),"Storage.save in Django 2.2 before 2.2.26, 3.2 before 3.2.11, and 4.0 before 4.0.1 allows directory traversal if crafted filenames are directly passed to it.",OSSINDEX,"","","",MEDIUM,5.300000190734863,CVSS:3.1/AV:N/AC:L/PR:N/UI:N/S:U/C:L/I:N/A:N,HIGHEST,7,"","","","","","","",""
H6060-Python-Django,"Wed, 14 Aug 2024 14:23:05 GMT",Django:3.1.2,/home/runner/work/H6060-Python-Django/H6060-Python-Django/upstream-repository/dist/Django-3.1.2-py3-none-any.whl,"A high-level Python Web framework that encourages rapid development and clean, pragmatic design.","",a18aeb62328bf38d39550b0cad7dca60,ef8f267a3922d310704e0d46f3c9b12e1a72fc3b,pkg:pypi/django@3.1.2,cpe:2.3:a:django_project:django:3.1.2:*:*:*:*:*:*:*,CVE-2024-27351,CWE-1333 Inefficient Regular Expression Complexity,"In Django 3.2 before 3.2.25, 4.2 before 4.2.11, and 5.0 before 5.0.3, the django.utils.text.Truncator.words() method (with html=True) and the truncatewords_html template filter are subject to a potential regular expression denial-of-service attack via a crafted string. NOTE: this issue exists because of an incomplete fix for CVE-2019-14232 and CVE-2023-43665.",OSSINDEX,"","","",MEDIUM,5.300000190734863,CVSS:3.1/AV:N/AC:H/PR:N/UI:R/S:U/C:N/I:N/A:H,HIGHEST,7,"","","","","","","",""
H6060-Python-Django,"Wed, 14 Aug 2024 14:23:05 GMT",Django:3.1.2,/home/runner/work/H6060-Python-Django/H6060-Python-Django/upstream-repository/dist/Django-3.1.2-py3-none-any.whl,"A high-level Python Web framework that encourages rapid development and clean, pragmatic design.","",a18aeb62328bf38d39550b0cad7dca60,ef8f267a3922d310704e0d46f3c9b12e1a72fc3b,pkg:pypi/django@3.1.2,cpe:2.3:a:django_project:django:3.1.2:*:*:*:*:*:*:*,CVE-2021-33203,CWE-22 Improper Limitation of a Pathname to a Restricted Directory ('Path Traversal'),"Django before 2.2.24, 3.x before 3.1.12, and 3.2.x before 3.2.4 has a potential directory traversal via django.contrib.admindocs. Staff members could use the TemplateDetailView view to check the existence of arbitrary files. Additionally, if (and only if) the default admindocs templates have been customized by application developers to also show file contents, then not only the existence but also the file contents would have been exposed. In other words, there is directory traversal outside of the template root directories.",OSSINDEX,"","","",MEDIUM,4.900000095367432,CVSS:3.1/AV:N/AC:L/PR:H/UI:N/S:U/C:H/I:N/A:N,HIGHEST,7,"","","","","","","",""
H6060-Python-Django,"Wed, 14 Aug 2024 14:23:05 GMT",sqlparse:0.2.2,/home/runner/work/H6060-Python-Django/H6060-Python-Django/upstream-repository/requirements.txt:sqlparse/0.2.2,"","","","",pkg:pypi/sqlparse@0.2.2,cpe:2.3:a:sqlparse_project:sqlparse:0.2.2:*:*:*:*:*:*:*,CVE-2023-30608,CWE-1333 Inefficient Regular Expression Complexity,sqlparse is a non-validating SQL parser module for Python. In affected versions the SQL parser contains a regular expression that is vulnerable to ReDoS (Regular Expression Denial of Service). This issue was introduced by commit `e75e358`. The vulnerability may lead to Denial of Service (DoS). This issues has been fixed in sqlparse 0.4.4 by commit `c457abd5f`. Users are advised to upgrade. There are no known workarounds for this issue.,NVD,"","","",HIGH,7.5,CVSS:3.1/AV:N/AC:L/PR:N/UI:N/S:U/C:N/I:N/A:H/E:3.9/RC:R/MAV:A,HIGHEST,3,"","","","","","","",""
