Experiment ID,Experiment Date,Experiment Runner Environment,Experiment Runner Operating System,Experiment Runner Architecture,Experiment Project Name,Experiment Package Manager,GitHub Repository URL,GitHub Organisation,GitHub Repository Name,GitHub Repository Tag Name,GitHub Repository Tag Commit,GitHub Repository Tag Date,GitHub Repository Tag Author,GitHub Repository Tag Verified,GitHub Repository Tag Reason
1,2024-08-12,Github-Hosted,Windows,X64,H6060-Java-Xnio,Maven,https://github.com/xnio/xnio,xnio,xnio,2.0.0.GA,d87cc062122d4a669713bd05c013fba7b96b2234,2011-08-04T16:19:35Z,david.lloyd@redhat.com,False,unsigned
1,2024-08-12,Github-Hosted,Windows,X64,H6060-Java-Xnio,Maven,https://github.com/xnio/xnio,xnio,xnio,2.0.1.GA,57f8074e91816130bb0ceefbec4e4a9a319917ff,2011-08-04T16:19:48Z,david.lloyd@redhat.com,False,unsigned
1,2024-08-12,Github-Hosted,Windows,X64,H6060-Java-Xnio,Maven,https://github.com/xnio/xnio,xnio,xnio,2.0.2.GA,3b693de5fda43761a98b527f490c9ee110a59670,2011-08-04T16:19:59Z,david.lloyd@redhat.com,False,unsigned
1,2024-08-12,Github-Hosted,Windows,X64,H6060-Java-Xnio,Maven,https://github.com/xnio/xnio,xnio,xnio,2.1.0.CR1,b24769e44c12b1ea36885af5b8a0818381ac42ea,2011-08-04T16:13:33Z,david.lloyd@redhat.com,False,unsigned
1,2024-08-12,Github-Hosted,Windows,X64,H6060-Java-Xnio,Maven,https://github.com/xnio/xnio,xnio,xnio,2.1.0.CR2,695ee2728379ead12b0bd84b5602c9ce4128ce18,2011-08-04T16:13:05Z,david.lloyd@redhat.com,False,unsigned
1,2024-08-12,Github-Hosted,Windows,X64,H6060-Java-Xnio,Maven,https://github.com/xnio/xnio,xnio,xnio,3.0.0.Beta1,22c70e5b5103d1fb31a385b55ee081328729eb69,2011-06-21T23:29:30Z,david.lloyd@redhat.com,False,unsigned
1,2024-08-12,Github-Hosted,Windows,X64,H6060-Java-Xnio,Maven,https://github.com/xnio/xnio,xnio,xnio,3.0.0.Beta2,b0ffdd6e271a4c0824f3177ccec211b875268075,2011-06-21T23:28:55Z,david.lloyd@redhat.com,False,unsigned
1,2024-08-12,Github-Hosted,Windows,X64,H6060-Java-Xnio,Maven,https://github.com/xnio/xnio,xnio,xnio,3.0.0.Beta3,46a953dfa9c2ef226fa8e2b72be9bd956c954ab3,2011-06-23T18:44:42Z,david.lloyd@redhat.com,False,unsigned
1,2024-08-12,Github-Hosted,Windows,X64,H6060-Java-Xnio,Maven,https://github.com/xnio/xnio,xnio,xnio,3.0.0.Beta4,5d095ffdc3f41f1ae28a8c0de6768b06dd1bc9b8,2011-08-04T14:05:12Z,david.lloyd@redhat.com,False,unsigned
1,2024-08-12,Github-Hosted,Windows,X64,H6060-Java-Xnio,Maven,https://github.com/xnio/xnio,xnio,xnio,3.0.0.Beta5,dc5977598a84b7c8234d12b9bb9c42ea0de913fe,2011-10-11T14:36:38Z,david.lloyd@redhat.com,False,unsigned
1,2024-08-12,Github-Hosted,Windows,X64,H6060-Java-Xnio,Maven,https://github.com/xnio/xnio,xnio,xnio,3.0.0.Beta6,30b665b261d6a74bf9a9af77a98c597a328d5ddb,2011-10-23T22:36:56Z,david.lloyd@redhat.com,False,unsigned
1,2024-08-12,Github-Hosted,Windows,X64,H6060-Java-Xnio,Maven,https://github.com/xnio/xnio,xnio,xnio,3.0.0.Beta7,3b8e1f5acfdaba95f44b812dc5bc98e2d0ca0c3c,2011-10-25T04:22:04Z,david.lloyd@redhat.com,False,unsigned
1,2024-08-12,Github-Hosted,Windows,X64,H6060-Java-Xnio,Maven,https://github.com/xnio/xnio,xnio,xnio,3.0.0.Beta8,5c0a584585fbdc21795914c4cce0bcb83fa016ca,2011-10-31T14:16:59Z,david.lloyd@redhat.com,False,unsigned
1,2024-08-12,Github-Hosted,Windows,X64,H6060-Java-Xnio,Maven,https://github.com/xnio/xnio,xnio,xnio,3.0.0.Beta9,feee21ced804b49455d3fabb6bb264281fa57128,2011-11-02T05:24:25Z,david.lloyd@redhat.com,False,unsigned
1,2024-08-12,Github-Hosted,Windows,X64,H6060-Java-Xnio,Maven,https://github.com/xnio/xnio,xnio,xnio,3.0.0.CR1,800b21252cc698b004f19f350d1963ef2f7548d5,2011-11-08T07:28:44Z,david.lloyd@redhat.com,False,unsigned
1,2024-08-12,Github-Hosted,Windows,X64,H6060-Java-Xnio,Maven,https://github.com/xnio/xnio,xnio,xnio,3.0.0.CR2,84bb31941efd1ee36e435e01c56f1c4de64a6ba9,2011-11-11T19:24:29Z,david.lloyd@redhat.com,False,unsigned
1,2024-08-12,Github-Hosted,Windows,X64,H6060-Java-Xnio,Maven,https://github.com/xnio/xnio,xnio,xnio,3.0.0.CR3,942ee0b7e1d1bbafe82288355b961c6b23410ebf,2011-11-11T21:20:09Z,david.lloyd@redhat.com,False,unsigned
1,2024-08-12,Github-Hosted,Windows,X64,H6060-Java-Xnio,Maven,https://github.com/xnio/xnio,xnio,xnio,3.0.0.CR4,50df7ddf834a87635bd0ab8ca7f51bf3beca4e02,2011-11-17T15:30:07Z,david.lloyd@redhat.com,False,unsigned
1,2024-08-12,Github-Hosted,Windows,X64,H6060-Java-Xnio,Maven,https://github.com/xnio/xnio,xnio,xnio,3.0.0.CR5,c1235ce1b6a31595aa44de54b549c35cd7adc3a1,2011-11-30T15:14:22Z,david.lloyd@redhat.com,False,unsigned
1,2024-08-12,Github-Hosted,Windows,X64,H6060-Java-Xnio,Maven,https://github.com/xnio/xnio,xnio,xnio,3.0.0.CR6,a01f710761ca62a0b120cbc9831f5be8d22f1f95,2011-12-21T20:20:21Z,david.lloyd@redhat.com,False,unsigned
1,2024-08-12,Github-Hosted,Windows,X64,H6060-Java-Xnio,Maven,https://github.com/xnio/xnio,xnio,xnio,3.0.0.CR7,71f7d5331258b405dd9048a95cdac1a29b9c1dc5,2011-12-23T19:24:13Z,david.lloyd@redhat.com,False,unsigned
1,2024-08-12,Github-Hosted,Windows,X64,H6060-Java-Xnio,Maven,https://github.com/xnio/xnio,xnio,xnio,3.0.0.GA,e7fb2fe5aad2c18df00cf22297606b9cd9a02577,2012-01-02T18:56:22Z,david.lloyd@redhat.com,False,unsigned
1,2024-08-12,Github-Hosted,Windows,X64,H6060-Java-Xnio,Maven,https://github.com/xnio/xnio,xnio,xnio,3.0.1.GA,654adf9accd118b95663e3fccf94590e13a403c9,2012-02-13T18:46:28Z,david.lloyd@redhat.com,False,unsigned
1,2024-08-12,Github-Hosted,Windows,X64,H6060-Java-Xnio,Maven,https://github.com/xnio/xnio,xnio,xnio,3.0.10.GA,74fae33a61d09a10739f0f8901dff22ddce09528,2014-05-20T17:11:08Z,david.lloyd@redhat.com,False,unsigned
1,2024-08-12,Github-Hosted,Windows,X64,H6060-Java-Xnio,Maven,https://github.com/xnio/xnio,xnio,xnio,3.0.11.GA,ece5d60105b0187343794588396094fa09f12709,2014-09-23T12:48:27Z,david.lloyd@redhat.com,False,unsigned
1,2024-08-12,Github-Hosted,Windows,X64,H6060-Java-Xnio,Maven,https://github.com/xnio/xnio,xnio,xnio,3.0.12.GA,7c04f627a32c83c3c7dd1236acfd90fa4d98384c,2014-11-14T15:27:22Z,david.lloyd@redhat.com,False,unsigned
1,2024-08-12,Github-Hosted,Windows,X64,H6060-Java-Xnio,Maven,https://github.com/xnio/xnio,xnio,xnio,3.0.13.GA,7a1d59c0c549b18c09058b3aa3650aabfd9176ac,2015-02-13T13:00:22Z,david.lloyd@redhat.com,False,unsigned
1,2024-08-12,Github-Hosted,Windows,X64,H6060-Java-Xnio,Maven,https://github.com/xnio/xnio,xnio,xnio,3.0.14.GA,e22c73420ebb51ba1253049926805ea4b49a803f,2015-04-27T11:44:07Z,david.lloyd@redhat.com,False,unsigned
1,2024-08-12,Github-Hosted,Windows,X64,H6060-Java-Xnio,Maven,https://github.com/xnio/xnio,xnio,xnio,3.0.15.GA,a1740ea8e2a0bb36797c6f9be882c34d9eeb6dbc,2015-10-26T10:51:48Z,david.lloyd@redhat.com,False,unsigned
1,2024-08-12,Github-Hosted,Windows,X64,H6060-Java-Xnio,Maven,https://github.com/xnio/xnio,xnio,xnio,3.0.16.GA,886a93cc545dbde417838588d54b821bbbf66f8b,2017-03-28T15:18:24Z,david.lloyd@redhat.com,False,unsigned
1,2024-08-12,Github-Hosted,Windows,X64,H6060-Java-Xnio,Maven,https://github.com/xnio/xnio,xnio,xnio,3.0.17.GA,47c8dfff33b3a8bcf963645f9d740dbd7b80dddc,2018-08-07T13:20:45Z,david.lloyd@redhat.com,False,unsigned
1,2024-08-12,Github-Hosted,Windows,X64,H6060-Java-Xnio,Maven,https://github.com/xnio/xnio,xnio,xnio,3.0.2.GA,fef992e92e5f35817d15e7a117524bdd74535c6f,2012-02-15T02:14:17Z,david.lloyd@redhat.com,False,unsigned
1,2024-08-12,Github-Hosted,Windows,X64,H6060-Java-Xnio,Maven,https://github.com/xnio/xnio,xnio,xnio,3.0.3.GA,7594a3b3b8be74bfba14c68661bc54d1187381aa,2012-02-15T17:10:14Z,david.lloyd@redhat.com,False,unsigned
1,2024-08-12,Github-Hosted,Windows,X64,H6060-Java-Xnio,Maven,https://github.com/xnio/xnio,xnio,xnio,3.0.4.GA,36dd409df860cf7925f0f780d383119b06182b4e,2012-05-23T02:00:16Z,david.lloyd@redhat.com,False,unsigned
1,2024-08-12,Github-Hosted,Windows,X64,H6060-Java-Xnio,Maven,https://github.com/xnio/xnio,xnio,xnio,3.0.5.GA,89b667131e5f3506843db027ba1412003eab5685,2012-07-06T14:30:52Z,david.lloyd@redhat.com,False,unsigned
1,2024-08-12,Github-Hosted,Windows,X64,H6060-Java-Xnio,Maven,https://github.com/xnio/xnio,xnio,xnio,3.0.6.GA,ffd38d98baf21147933674b9f1f27bf4d2284dbc,2012-08-09T02:34:53Z,david.lloyd@redhat.com,False,unsigned
1,2024-08-12,Github-Hosted,Windows,X64,H6060-Java-Xnio,Maven,https://github.com/xnio/xnio,xnio,xnio,3.0.7.GA,bc13767e0bdc58b9aa50ea1c091c582ddab2da12,2012-10-04T14:21:44Z,david.lloyd@redhat.com,False,unsigned
1,2024-08-12,Github-Hosted,Windows,X64,H6060-Java-Xnio,Maven,https://github.com/xnio/xnio,xnio,xnio,3.0.8.GA,6e60d92bc3e8dd8d118980c50256c691916cca32,2013-04-02T16:49:19Z,david.lloyd@redhat.com,False,unsigned
1,2024-08-12,Github-Hosted,Windows,X64,H6060-Java-Xnio,Maven,https://github.com/xnio/xnio,xnio,xnio,3.0.9.GA,724204681cd01ee114c54088800e0a35e6535afb,2013-11-12T16:22:00Z,david.lloyd@redhat.com,False,unsigned
1,2024-08-12,Github-Hosted,Windows,X64,H6060-Java-Xnio,Maven,https://github.com/xnio/xnio,xnio,xnio,3.1.0.Beta1,54463ced84e5ef82295bd8d5763931a6c6e8df84,2012-06-13T19:21:50Z,david.lloyd@redhat.com,False,unsigned
1,2024-08-12,Github-Hosted,Windows,X64,H6060-Java-Xnio,Maven,https://github.com/xnio/xnio,xnio,xnio,3.1.0.Beta2,51c87040599f9e57d8b2c23d4499f4043f0f969c,2012-07-26T15:48:51Z,david.lloyd@redhat.com,False,unsigned
1,2024-08-12,Github-Hosted,Windows,X64,H6060-Java-Xnio,Maven,https://github.com/xnio/xnio,xnio,xnio,3.1.0.Beta3,bbe33d5f81d9c3384d89783c0b2efb36bc4aeccd,2012-08-03T04:18:47Z,david.lloyd@redhat.com,False,unsigned
1,2024-08-12,Github-Hosted,Windows,X64,H6060-Java-Xnio,Maven,https://github.com/xnio/xnio,xnio,xnio,3.1.0.Beta4,569f206aca1c82163a2eda0951063d1dc6271c52,2012-08-07T21:42:35Z,david.lloyd@redhat.com,False,unsigned
1,2024-08-12,Github-Hosted,Windows,X64,H6060-Java-Xnio,Maven,https://github.com/xnio/xnio,xnio,xnio,3.1.0.Beta5,252da51fb95d751a3470d7dce5715236c420be37,2012-08-11T14:39:00Z,david.lloyd@redhat.com,False,unsigned
1,2024-08-12,Github-Hosted,Windows,X64,H6060-Java-Xnio,Maven,https://github.com/xnio/xnio,xnio,xnio,3.1.0.Beta6,1a689e50398f2648989f58628ee3909689882b4a,2012-09-11T14:31:22Z,david.lloyd@redhat.com,False,unsigned
1,2024-08-12,Github-Hosted,Windows,X64,H6060-Java-Xnio,Maven,https://github.com/xnio/xnio,xnio,xnio,3.1.0.Beta7,22cfd72be1adfae156f171249be907459f2223b3,2012-11-01T01:23:19Z,david.lloyd@redhat.com,False,unsigned
1,2024-08-12,Github-Hosted,Windows,X64,H6060-Java-Xnio,Maven,https://github.com/xnio/xnio,xnio,xnio,3.1.0.Beta8,0173411e0d9ee92b5971a665ed3f36ae4e82a66f,2013-01-11T07:07:08Z,david.lloyd@redhat.com,False,unsigned
1,2024-08-12,Github-Hosted,Windows,X64,H6060-Java-Xnio,Maven,https://github.com/xnio/xnio,xnio,xnio,3.1.0.Beta9,20366955100b974b1f883908313791b4d4f3329a,2013-02-12T23:12:19Z,david.lloyd@redhat.com,False,unsigned
1,2024-08-12,Github-Hosted,Windows,X64,H6060-Java-Xnio,Maven,https://github.com/xnio/xnio,xnio,xnio,3.1.0.CR1,b5994ad68c50eb216b327017b69213e14e2847b3,2013-03-29T01:32:07Z,david.lloyd@redhat.com,False,unsigned
1,2024-08-12,Github-Hosted,Windows,X64,H6060-Java-Xnio,Maven,https://github.com/xnio/xnio,xnio,xnio,3.1.0.CR2,f62a94492b585718ea129741041cc7518bc0b55e,2013-04-09T15:26:01Z,david.lloyd@redhat.com,False,unsigned
1,2024-08-12,Github-Hosted,Windows,X64,H6060-Java-Xnio,Maven,https://github.com/xnio/xnio,xnio,xnio,3.1.0.CR3,4ef8ff11a52fb1ef996497380feeb2366bce1100,2013-04-19T01:40:24Z,david.lloyd@redhat.com,False,unsigned
1,2024-08-12,Github-Hosted,Windows,X64,H6060-Java-Xnio,Maven,https://github.com/xnio/xnio,xnio,xnio,3.1.0.CR4,fbcf376f48367eda9d756c409dad334a44e2722e,2013-04-30T02:23:23Z,david.lloyd@redhat.com,False,unsigned
1,2024-08-12,Github-Hosted,Windows,X64,H6060-Java-Xnio,Maven,https://github.com/xnio/xnio,xnio,xnio,3.1.0.CR5,ddff51ac0cd4ad941c558651e031cae82e32fabf,2013-05-15T00:51:09Z,david.lloyd@redhat.com,False,unsigned
1,2024-08-12,Github-Hosted,Windows,X64,H6060-Java-Xnio,Maven,https://github.com/xnio/xnio,xnio,xnio,3.1.0.CR6,3d2f83bd187055680b053a5ab047fe726e05fb1e,2013-07-24T15:03:12Z,david.lloyd@redhat.com,False,unsigned
1,2024-08-12,Github-Hosted,Windows,X64,H6060-Java-Xnio,Maven,https://github.com/xnio/xnio,xnio,xnio,3.1.0.CR7,256d9959df2e95e51085bbdd49692a0dcff84e95,2013-09-10T22:59:04Z,david.lloyd@redhat.com,False,unsigned
1,2024-08-12,Github-Hosted,Windows,X64,H6060-Java-Xnio,Maven,https://github.com/xnio/xnio,xnio,xnio,3.1.0.Final,7210b47deab54185a691003c675e866f8426a5b0,2013-10-10T18:31:49Z,david.lloyd@redhat.com,False,unsigned
1,2024-08-12,Github-Hosted,Windows,X64,H6060-Java-Xnio,Maven,https://github.com/xnio/xnio,xnio,xnio,3.2.0.Beta1,c5358320bf3a04c2e0d17ee12e5474e827595095,2013-10-29T22:58:27Z,david.lloyd@redhat.com,False,unsigned
1,2024-08-12,Github-Hosted,Windows,X64,H6060-Java-Xnio,Maven,https://github.com/xnio/xnio,xnio,xnio,3.2.0.Beta2,dcb392fa8c6762da36ceef282ab618b2c7a30056,2013-11-05T16:45:00Z,david.lloyd@redhat.com,False,unsigned
1,2024-08-12,Github-Hosted,Windows,X64,H6060-Java-Xnio,Maven,https://github.com/xnio/xnio,xnio,xnio,3.2.0.Beta3,99e9d8f7be369066856b20c30821f76dc0d8333b,2013-11-13T15:16:06Z,david.lloyd@redhat.com,False,unsigned
1,2024-08-12,Github-Hosted,Windows,X64,H6060-Java-Xnio,Maven,https://github.com/xnio/xnio,xnio,xnio,3.2.0.Beta4,98589b800f865847825aa773073e5c0366aab6c5,2013-12-18T20:25:03Z,david.lloyd@redhat.com,False,unsigned
1,2024-08-12,Github-Hosted,Windows,X64,H6060-Java-Xnio,Maven,https://github.com/xnio/xnio,xnio,xnio,3.2.0.Final,4a43c2029d595a57501b80db803ef0be02f5c2fe,2014-01-24T20:29:17Z,david.lloyd@redhat.com,False,unsigned
1,2024-08-12,Github-Hosted,Windows,X64,H6060-Java-Xnio,Maven,https://github.com/xnio/xnio,xnio,xnio,3.2.1.Final,8c709f3b523f897bcd378d7a267169c4df436a1b,2014-03-21T01:01:48Z,david.lloyd@redhat.com,False,unsigned
1,2024-08-12,Github-Hosted,Windows,X64,H6060-Java-Xnio,Maven,https://github.com/xnio/xnio,xnio,xnio,3.2.2.Final,fa8bc8d4e2ada0122000384a9e7f6f92555ea764,2014-04-10T21:09:22Z,david.lloyd@redhat.com,False,unsigned
1,2024-08-12,Github-Hosted,Windows,X64,H6060-Java-Xnio,Maven,https://github.com/xnio/xnio,xnio,xnio,3.2.3.Final,a55bce308c9df8c427bb58e7d13af6936d809c31,2014-08-05T15:20:14Z,david.lloyd@redhat.com,False,unsigned
1,2024-08-12,Github-Hosted,Windows,X64,H6060-Java-Xnio,Maven,https://github.com/xnio/xnio,xnio,xnio,3.3.0.Beta1,a980698a3ec76eacc5b91a443300721904c3a4c1,2014-03-25T12:11:08Z,david.lloyd@redhat.com,False,unsigned
1,2024-08-12,Github-Hosted,Windows,X64,H6060-Java-Xnio,Maven,https://github.com/xnio/xnio,xnio,xnio,3.3.0.Beta2,820f4245e58b154f20aa88ac71f28e3492cf7ddd,2014-08-05T15:16:02Z,david.lloyd@redhat.com,False,unsigned
1,2024-08-12,Github-Hosted,Windows,X64,H6060-Java-Xnio,Maven,https://github.com/xnio/xnio,xnio,xnio,3.3.0.Beta3,4681e15aec71b89d81f655f225e9f8315bbad0f6,2014-09-15T21:21:20Z,david.lloyd@redhat.com,False,unsigned
1,2024-08-12,Github-Hosted,Windows,X64,H6060-Java-Xnio,Maven,https://github.com/xnio/xnio,xnio,xnio,3.3.0.Beta4,b64cffd89a4455286feb4fb27cc00ea2b75599f4,2014-10-03T12:56:57Z,david.lloyd@redhat.com,False,unsigned
1,2024-08-12,Github-Hosted,Windows,X64,H6060-Java-Xnio,Maven,https://github.com/xnio/xnio,xnio,xnio,3.3.0.Beta5,9a98ac0a5455bbceb6df9770d3ced69c462c3aa4,2014-10-28T01:15:44Z,david.lloyd@redhat.com,False,unsigned
1,2024-08-12,Github-Hosted,Windows,X64,H6060-Java-Xnio,Maven,https://github.com/xnio/xnio,xnio,xnio,3.3.0.Final,e56518041829918d1d0134a4d7e7b17bff3e0ffe,2014-11-12T23:15:40Z,david.lloyd@redhat.com,False,unsigned
1,2024-08-12,Github-Hosted,Windows,X64,H6060-Java-Xnio,Maven,https://github.com/xnio/xnio,xnio,xnio,3.3.1.Final,c365e03b16f15344a137c6752837ab1d5ec69d05,2015-03-31T13:46:56Z,david.lloyd@redhat.com,False,unsigned
1,2024-08-12,Github-Hosted,Windows,X64,H6060-Java-Xnio,Maven,https://github.com/xnio/xnio,xnio,xnio,3.3.2.Final,b5dfb64844750ae4ef9d790f5e08a37499077ebd,2015-08-28T22:32:46Z,david.lloyd@redhat.com,False,unsigned
1,2024-08-12,Github-Hosted,Windows,X64,H6060-Java-Xnio,Maven,https://github.com/xnio/xnio,xnio,xnio,3.3.3.Final,4c7f787b87bf98c5a26eeee9d17eadd51c2acd12,2015-12-01T01:41:48Z,david.lloyd@redhat.com,False,unsigned
1,2024-08-12,Github-Hosted,Windows,X64,H6060-Java-Xnio,Maven,https://github.com/xnio/xnio,xnio,xnio,3.3.4.Final,bca2a1333ff0fbfb7ef7aa9752136e1c21cdf876,2015-12-21T22:30:06Z,david.lloyd@redhat.com,False,unsigned
1,2024-08-12,Github-Hosted,Windows,X64,H6060-Java-Xnio,Maven,https://github.com/xnio/xnio,xnio,xnio,3.3.5.Final,d613d5ded193b41fe632eeea16c6133c59a28d01,2016-02-25T20:18:05Z,david.lloyd@redhat.com,False,unsigned
1,2024-08-12,Github-Hosted,Windows,X64,H6060-Java-Xnio,Maven,https://github.com/xnio/xnio,xnio,xnio,3.3.6.Final,75bef95630e43cf37dc31791314724ad29220caa,2016-03-16T07:03:14Z,david.lloyd@redhat.com,False,unsigned
1,2024-08-12,Github-Hosted,Windows,X64,H6060-Java-Xnio,Maven,https://github.com/xnio/xnio,xnio,xnio,3.3.7.Final,ac15494e3fbaba3d18f8097488d8e6f051e60634,2016-06-15T16:19:36Z,david.lloyd@redhat.com,False,unsigned
1,2024-08-12,Github-Hosted,Windows,X64,H6060-Java-Xnio,Maven,https://github.com/xnio/xnio,xnio,xnio,3.3.8.Final,369095123dc34abcc836c11b747076beceb0a8b4,2017-06-28T12:52:44Z,david.lloyd@redhat.com,False,unsigned
1,2024-08-12,Github-Hosted,Windows,X64,H6060-Java-Xnio,Maven,https://github.com/xnio/xnio,xnio,xnio,3.4.0.Beta1,e45dec6116c5ebd4975f4ed2fc2110f657b444de,2015-07-23T23:44:59Z,david.lloyd@redhat.com,False,unsigned
1,2024-08-12,Github-Hosted,Windows,X64,H6060-Java-Xnio,Maven,https://github.com/xnio/xnio,xnio,xnio,3.4.0.Beta2,5be621123d6d119970a3354bc67e36949f6ca5e8,2016-04-04T14:35:20Z,david.lloyd@redhat.com,False,unsigned
1,2024-08-12,Github-Hosted,Windows,X64,H6060-Java-Xnio,Maven,https://github.com/xnio/xnio,xnio,xnio,3.4.0.Beta3,72198f26ead627a9647095aaf063149e81a05776,2016-06-15T13:23:05Z,david.lloyd@redhat.com,False,unsigned
1,2024-08-12,Github-Hosted,Windows,X64,H6060-Java-Xnio,Maven,https://github.com/xnio/xnio,xnio,xnio,3.4.0.Final,6b69a5aae47a0c829a7d0f5981af1344f1415433,2016-08-01T15:57:08Z,david.lloyd@redhat.com,False,unsigned
1,2024-08-12,Github-Hosted,Windows,X64,H6060-Java-Xnio,Maven,https://github.com/xnio/xnio,xnio,xnio,3.4.1.Final,2d7ee72c77696b30be641da80ab7dffcf6fa88db,2016-10-24T14:17:07Z,david.lloyd@redhat.com,False,unsigned
1,2024-08-12,Github-Hosted,Windows,X64,H6060-Java-Xnio,Maven,https://github.com/xnio/xnio,xnio,xnio,3.4.2.Final,90a1613cc56a4aec548adb8c751085af2b069064,2016-12-02T01:28:06Z,david.lloyd@redhat.com,False,unsigned
1,2024-08-12,Github-Hosted,Windows,X64,H6060-Java-Xnio,Maven,https://github.com/xnio/xnio,xnio,xnio,3.4.3.Final,582f95dd3e539e4549a354fedaf0b89c3b305a1a,2016-12-20T15:10:55Z,david.lloyd@redhat.com,False,unsigned
1,2024-08-12,Github-Hosted,Windows,X64,H6060-Java-Xnio,Maven,https://github.com/xnio/xnio,xnio,xnio,3.4.4.Final,bc575e088129370c2d2c13a927897222bd5b0f55,2017-03-22T15:59:11Z,david.lloyd@redhat.com,False,unsigned
1,2024-08-12,Github-Hosted,Windows,X64,H6060-Java-Xnio,Maven,https://github.com/xnio/xnio,xnio,xnio,3.4.5.Final,388b9ad01177022955ed7849228d9b9b69ea6a07,2017-03-28T15:21:50Z,david.lloyd@redhat.com,False,unsigned
1,2024-08-12,Github-Hosted,Windows,X64,H6060-Java-Xnio,Maven,https://github.com/xnio/xnio,xnio,xnio,3.4.6.Final,22bb48464fdb17da81ce4b6959836d416c8d3f0f,2017-06-16T13:23:37Z,david.lloyd@redhat.com,False,unsigned
1,2024-08-12,Github-Hosted,Windows,X64,H6060-Java-Xnio,Maven,https://github.com/xnio/xnio,xnio,xnio,3.4.7.Final,e2f3699baf93a966dc2dd45653b9789ed95abe90,2017-11-08T14:02:46Z,david.lloyd@redhat.com,False,unsigned
1,2024-08-12,Github-Hosted,Windows,X64,H6060-Java-Xnio,Maven,https://github.com/xnio/xnio,xnio,xnio,3.5.0.Beta1,b78776d795b7246d2f67071b447bd3f6b65d4363,2017-02-07T18:33:50Z,david.lloyd@redhat.com,False,unsigned
1,2024-08-12,Github-Hosted,Windows,X64,H6060-Java-Xnio,Maven,https://github.com/xnio/xnio,xnio,xnio,3.5.0.Beta2,d450c9ee57ce6598f939e577154a5e01799ccae7,2017-02-22T22:25:06Z,david.lloyd@redhat.com,False,unsigned
1,2024-08-12,Github-Hosted,Windows,X64,H6060-Java-Xnio,Maven,https://github.com/xnio/xnio,xnio,xnio,3.5.0.Beta3,9abbcfca9e450a7395564af746414289f1b3fd44,2017-03-02T04:44:19Z,david.lloyd@redhat.com,False,unsigned
1,2024-08-12,Github-Hosted,Windows,X64,H6060-Java-Xnio,Maven,https://github.com/xnio/xnio,xnio,xnio,3.5.0.Beta4,48a9f3adac2afb876e9563e7d7d5963dead898e0,2017-04-01T15:54:02Z,david.lloyd@redhat.com,False,unsigned
1,2024-08-12,Github-Hosted,Windows,X64,H6060-Java-Xnio,Maven,https://github.com/xnio/xnio,xnio,xnio,3.5.0.Beta5,4d04ec6c52f611ea58af1b5ea007f0ec4600a95d,2017-04-20T16:00:04Z,david.lloyd@redhat.com,False,unsigned
1,2024-08-12,Github-Hosted,Windows,X64,H6060-Java-Xnio,Maven,https://github.com/xnio/xnio,xnio,xnio,3.5.0.Beta6,d22aeb0cd941408ce7aa186b145ea595b4c3e6a2,2017-05-03T21:07:13Z,david.lloyd@redhat.com,False,unsigned
1,2024-08-12,Github-Hosted,Windows,X64,H6060-Java-Xnio,Maven,https://github.com/xnio/xnio,xnio,xnio,3.5.0.Beta7,89faadf230a6ed972e5c8ad286d71fc81dd3bd7a,2017-06-05T18:46:21Z,david.lloyd@redhat.com,False,unsigned
1,2024-08-12,Github-Hosted,Windows,X64,H6060-Java-Xnio,Maven,https://github.com/xnio/xnio,xnio,xnio,3.5.0.CR1,44d072fd730d291aadd4a0b211408e005ac04d6d,2017-06-21T07:30:04Z,david.lloyd@redhat.com,False,unsigned
1,2024-08-12,Github-Hosted,Windows,X64,H6060-Java-Xnio,Maven,https://github.com/xnio/xnio,xnio,xnio,3.5.0.CR2,56a5fc4e3d7951e1ecf64ea4799e29a2bc77b986,2017-06-27T11:45:24Z,david.lloyd@redhat.com,False,unsigned
1,2024-08-12,Github-Hosted,Windows,X64,H6060-Java-Xnio,Maven,https://github.com/xnio/xnio,xnio,xnio,3.5.2.Final,16e6321be6e1de4e0a7926a146fd587d18d07517,2017-10-06T12:14:47Z,david.lloyd@redhat.com,False,unsigned
1,2024-08-12,Github-Hosted,Windows,X64,H6060-Java-Xnio,Maven,https://github.com/xnio/xnio,xnio,xnio,3.5.3.Final,b8e43c5d70a660edead3f5def1d73d509f9f278b,2017-10-18T13:53:28Z,david.lloyd@redhat.com,False,unsigned
1,2024-08-12,Github-Hosted,Windows,X64,H6060-Java-Xnio,Maven,https://github.com/xnio/xnio,xnio,xnio,3.5.4.Final,1079ebde2e9f89072eb67a19c61032dbdb005bc6,2017-10-19T13:57:37Z,david.lloyd@redhat.com,False,unsigned
1,2024-08-12,Github-Hosted,Windows,X64,H6060-Java-Xnio,Maven,https://github.com/xnio/xnio,xnio,xnio,3.5.5.Final,f9aeb494e7d6eb19ef091213d9675dc7f11bb0b9,2018-03-12T13:11:46Z,david.lloyd@redhat.com,False,unsigned
1,2024-08-12,Github-Hosted,Windows,X64,H6060-Java-Xnio,Maven,https://github.com/xnio/xnio,xnio,xnio,3.5.7.Final,53c61eb23119ac8b9d8db9c9f369155044e3d98c,2019-10-03T00:08:59Z,david.lloyd@redhat.com,False,unsigned
1,2024-08-12,Github-Hosted,Windows,X64,H6060-Java-Xnio,Maven,https://github.com/xnio/xnio,xnio,xnio,3.5.8.Final,a56519e02b9a4e2238ecacd0e69fb1b00379a7e6,2019-10-08T00:59:20Z,david.lloyd@redhat.com,False,unsigned
1,2024-08-12,Github-Hosted,Windows,X64,H6060-Java-Xnio,Maven,https://github.com/xnio/xnio,xnio,xnio,3.5.9.Final,9091878e4e9c4d8f187f2ebe3d9e22d31473d8db,2019-10-09T14:23:42Z,david.lloyd@redhat.com,False,unsigned
1,2024-08-12,Github-Hosted,Windows,X64,H6060-Java-Xnio,Maven,https://github.com/xnio/xnio,xnio,xnio,3.6.0.Beta1,e805078fbc46adfb2f75df92d88541139ed6d77e,2017-11-02T21:53:44Z,david.lloyd@redhat.com,False,unsigned
1,2024-08-12,Github-Hosted,Windows,X64,H6060-Java-Xnio,Maven,https://github.com/xnio/xnio,xnio,xnio,3.6.0.Beta2,1c7f46b236a25225d049ffbf5b22b1eefe9fddc9,2017-11-06T19:57:49Z,david.lloyd@redhat.com,False,unsigned
1,2024-08-12,Github-Hosted,Windows,X64,H6060-Java-Xnio,Maven,https://github.com/xnio/xnio,xnio,xnio,3.6.0.Final,a3c8436bf65c4376e174dd96cb0a46fea9d04c0d,2018-01-26T14:04:29Z,david.lloyd@redhat.com,False,unsigned
1,2024-08-12,Github-Hosted,Windows,X64,H6060-Java-Xnio,Maven,https://github.com/xnio/xnio,xnio,xnio,3.6.1.Final,3c41bda2b46def3ce1f2edab1182d93ea418afd9,2018-02-05T17:28:58Z,david.lloyd@redhat.com,False,unsigned
1,2024-08-12,Github-Hosted,Windows,X64,H6060-Java-Xnio,Maven,https://github.com/xnio/xnio,xnio,xnio,3.6.2.Final,bb39686ef09b22b26e2d45bbf820f0fc63128c00,2018-02-15T12:44:57Z,david.lloyd@redhat.com,False,unsigned
1,2024-08-12,Github-Hosted,Windows,X64,H6060-Java-Xnio,Maven,https://github.com/xnio/xnio,xnio,xnio,3.6.3.Final,05c2793494d5932d3509c3a4f6c9eb3fa0cc6394,2018-05-11T13:32:00Z,david.lloyd@redhat.com,False,unsigned
1,2024-08-12,Github-Hosted,Windows,X64,H6060-Java-Xnio,Maven,https://github.com/xnio/xnio,xnio,xnio,3.6.6.Final,98d6ba08564f5386c20068ded206a69fc58e0dee,2019-04-25T15:45:44Z,frainone@redhat.com,False,unsigned
1,2024-08-12,Github-Hosted,Windows,X64,H6060-Java-Xnio,Maven,https://github.com/xnio/xnio,xnio,xnio,3.6.7.Final,99fec5abbc1861f99e81c29640b1625fe9c5cfeb,2019-10-03T00:13:05Z,david.lloyd@redhat.com,False,unsigned
1,2024-08-12,Github-Hosted,Windows,X64,H6060-Java-Xnio,Maven,https://github.com/xnio/xnio,xnio,xnio,3.6.8.Final,bc196a01b622846133618e048729ab84f1b32810,2019-10-08T01:27:54Z,david.lloyd@redhat.com,False,unsigned
1,2024-08-12,Github-Hosted,Windows,X64,H6060-Java-Xnio,Maven,https://github.com/xnio/xnio,xnio,xnio,3.6.9.Final,3773bb00ce7afa0d850bdf71b5092fb05ab533d1,2019-10-09T14:26:51Z,david.lloyd@redhat.com,False,unsigned
1,2024-08-12,Github-Hosted,Windows,X64,H6060-Java-Xnio,Maven,https://github.com/xnio/xnio,xnio,xnio,3.7.0.Final,2c6bcaf49fea6266a4e84e49f34a1815e1b706e1,2019-02-07T13:20:45Z,david.lloyd@redhat.com,False,unsigned
1,2024-08-12,Github-Hosted,Windows,X64,H6060-Java-Xnio,Maven,https://github.com/xnio/xnio,xnio,xnio,3.7.1.Final,aceb8de38656e61b02193f5d873a91a155f28ae1,2019-03-28T15:20:34Z,david.lloyd@redhat.com,False,unsigned
1,2024-08-12,Github-Hosted,Windows,X64,H6060-Java-Xnio,Maven,https://github.com/xnio/xnio,xnio,xnio,3.7.10.Final,a031dbb03769660c951ff02d7367eef7906c92da,2020-09-11T08:47:45Z,frainone@redhat.com,False,unsigned
1,2024-08-12,Github-Hosted,Windows,X64,H6060-Java-Xnio,Maven,https://github.com/xnio/xnio,xnio,xnio,3.7.11.Final,fc472e3f27488b48b0bf75849967576d2244fae2,2020-09-24T14:44:53Z,david.lloyd@redhat.com,False,unsigned
1,2024-08-12,Github-Hosted,Windows,X64,H6060-Java-Xnio,Maven,https://github.com/xnio/xnio,xnio,xnio,3.7.12.Final,a96d6014d96826a1e2c74b6f6914683a455b2e23,2020-12-01T12:51:25Z,david.lloyd@redhat.com,False,unsigned
1,2024-08-12,Github-Hosted,Windows,X64,H6060-Java-Xnio,Maven,https://github.com/xnio/xnio,xnio,xnio,3.7.2.Final,912597d8cf02bead2184cf66edd00c9450ea4024,2019-05-24T05:06:41Z,frainone@redhat.com,False,unsigned
1,2024-08-12,Github-Hosted,Windows,X64,H6060-Java-Xnio,Maven,https://github.com/xnio/xnio,xnio,xnio,3.7.3.Final,f9fd452c5be589e5205e54499addcc6a1bf1f595,2019-08-12T06:24:24Z,frainone@redhat.com,False,unsigned
1,2024-08-12,Github-Hosted,Windows,X64,H6060-Java-Xnio,Maven,https://github.com/xnio/xnio,xnio,xnio,3.7.4.Final,45f999618f763c87e8e5c63606c7bca640592c7f,2019-10-03T00:15:52Z,david.lloyd@redhat.com,False,unsigned
1,2024-08-12,Github-Hosted,Windows,X64,H6060-Java-Xnio,Maven,https://github.com/xnio/xnio,xnio,xnio,3.7.5.Final,568e0da971b0bb04c4564e825e1def9d604bacd4,2019-10-08T01:42:12Z,david.lloyd@redhat.com,False,unsigned
1,2024-08-12,Github-Hosted,Windows,X64,H6060-Java-Xnio,Maven,https://github.com/xnio/xnio,xnio,xnio,3.7.6.Final,e3dbed6d4a9718f4c0818d483e2ced31c2b2ad43,2019-10-09T14:36:24Z,david.lloyd@redhat.com,False,unsigned
1,2024-08-12,Github-Hosted,Windows,X64,H6060-Java-Xnio,Maven,https://github.com/xnio/xnio,xnio,xnio,3.7.7.Final,d3a77fa1dfb37517adde330bba4fa9c064affd01,2019-11-19T22:00:19Z,frainone@redhat.com,False,unsigned
1,2024-08-12,Github-Hosted,Windows,X64,H6060-Java-Xnio,Maven,https://github.com/xnio/xnio,xnio,xnio,3.7.8.Final,57a1af6250b919b5991ed1a12ab66f825ecea11a,2020-06-11T03:22:43Z,frainone@redhat.com,False,unsigned
1,2024-08-12,Github-Hosted,Windows,X64,H6060-Java-Xnio,Maven,https://github.com/xnio/xnio,xnio,xnio,3.7.9.Final,4e6f3a102021bb82ee7edc42509d403c135d596b,2020-08-24T06:26:51Z,frainone@redhat.com,False,unsigned
1,2024-08-12,Github-Hosted,Windows,X64,H6060-Java-Xnio,Maven,https://github.com/xnio/xnio,xnio,xnio,3.8.0.Final,bfe4adb2cb41a79b5cae8492508fe2be681d819c,2020-03-19T08:18:10Z,frainone@redhat.com,False,unsigned
1,2024-08-12,Github-Hosted,Windows,X64,H6060-Java-Xnio,Maven,https://github.com/xnio/xnio,xnio,xnio,3.8.1.Final,eb03cce884d1b369a83dbcfbe45b7cbd5701caf3,2020-05-15T07:52:03Z,frainone@redhat.com,False,unsigned
1,2024-08-12,Github-Hosted,Windows,X64,H6060-Java-Xnio,Maven,https://github.com/xnio/xnio,xnio,xnio,3.8.10.Final,2debfed4549d8448b60f1f651a7c21565a13fa45,2023-08-17T04:59:15Z,frainone@redhat.com,False,unsigned
1,2024-08-12,Github-Hosted,Windows,X64,H6060-Java-Xnio,Maven,https://github.com/xnio/xnio,xnio,xnio,3.8.11.Final,40065f1bc94c207478e62f54a6445e3d902750e5,2023-10-10T15:46:03Z,frainone@redhat.com,False,unsigned
1,2024-08-12,Github-Hosted,Windows,X64,H6060-Java-Xnio,Maven,https://github.com/xnio/xnio,xnio,xnio,3.8.12.Final,17090f5c842c36483a1e66d9bd0e6ad9266dee1b,2023-10-23T06:42:45Z,frainone@redhat.com,False,unsigned
1,2024-08-12,Github-Hosted,Windows,X64,H6060-Java-Xnio,Maven,https://github.com/xnio/xnio,xnio,xnio,3.8.13.Final,d7082e6f0bd5a76de0cf3ea36bc1a47da66af6ce,2024-02-21T04:37:20Z,frainone@redhat.com,False,unsigned
1,2024-08-12,Github-Hosted,Windows,X64,H6060-Java-Xnio,Maven,https://github.com/xnio/xnio,xnio,xnio,3.8.14.Final,4bda97da01301a763cf6cda1248303f6fff248f0,2024-04-23T00:56:22Z,frainone@redhat.com,False,unsigned
1,2024-08-12,Github-Hosted,Windows,X64,H6060-Java-Xnio,Maven,https://github.com/xnio/xnio,xnio,xnio,3.8.15.Final,ac5718567067224183f3a30a266882802a5bbd25,2024-05-24T05:57:07Z,frainone@redhat.com,False,unsigned
1,2024-08-12,Github-Hosted,Windows,X64,H6060-Java-Xnio,Maven,https://github.com/xnio/xnio,xnio,xnio,3.8.16.Final,22432179e035bb672546590d069745835720ab43,2024-06-14T04:51:09Z,frainone@redhat.com,False,unsigned
1,2024-08-12,Github-Hosted,Windows,X64,H6060-Java-Xnio,Maven,https://github.com/xnio/xnio,xnio,xnio,3.8.2.Final,269898281c8ad30ef83fcc66eb95f83ac8d2fcee,2020-09-10T18:05:54Z,frainone@redhat.com,False,unsigned
1,2024-08-12,Github-Hosted,Windows,X64,H6060-Java-Xnio,Maven,https://github.com/xnio/xnio,xnio,xnio,3.8.3.Final,00dc42cec4c00340d8e95199536e030742fe48bc,2020-11-30T14:10:20Z,david.lloyd@redhat.com,False,unsigned
1,2024-08-12,Github-Hosted,Windows,X64,H6060-Java-Xnio,Maven,https://github.com/xnio/xnio,xnio,xnio,3.8.4.Final,0918c049e042f15ab514361a8350ce6ec768ff95,2020-12-01T17:13:48Z,david.lloyd@redhat.com,False,unsigned
1,2024-08-12,Github-Hosted,Windows,X64,H6060-Java-Xnio,Maven,https://github.com/xnio/xnio,xnio,xnio,3.8.5.Final,7c899809c184d29a372569c6d55bcb75dd5d9cca,2021-11-26T14:20:47Z,frainone@redhat.com,False,unsigned
1,2024-08-12,Github-Hosted,Windows,X64,H6060-Java-Xnio,Maven,https://github.com/xnio/xnio,xnio,xnio,3.8.6.Final,f86badc177211eaa981bb16675892360474bb7c4,2022-02-05T05:27:02Z,frainone@redhat.com,False,unsigned
1,2024-08-12,Github-Hosted,Windows,X64,H6060-Java-Xnio,Maven,https://github.com/xnio/xnio,xnio,xnio,3.8.7.Final,cf6de9811d860f4d47eff6598e233def7ff4b399,2022-04-24T10:42:28Z,frainone@redhat.com,False,unsigned
1,2024-08-12,Github-Hosted,Windows,X64,H6060-Java-Xnio,Maven,https://github.com/xnio/xnio,xnio,xnio,3.8.8.Final,8420883176c635fbb303a584b1816e7c9669f3f9,2022-09-16T08:31:26Z,frainone@redhat.com,False,unsigned
1,2024-08-12,Github-Hosted,Windows,X64,H6060-Java-Xnio,Maven,https://github.com/xnio/xnio,xnio,xnio,3.8.9.Final,0d9f0e08defee22b669a04cc29cb021408c08ad7,2023-03-31T21:33:49Z,frainone@redhat.com,False,unsigned
