{
	"vulasReport": {
		"generatedAt": "14.08.2024 20:46 +0000",
		"generatedFor": {
			"space": "E3BF0BFE3B1AB86AB672F60A5BC42BB1",
			"groupId": "requests",
			"artifactId": "requests",
			"version": "2.19.0"
		},
		"isAggregated": false,
	
		"aggregatedModules": [],
	
		"configuration": [
			{ "name": "exceptionThreshold",
			  "value": "dependsOn" },
			{ "name": "exemptScopes",
			  "value": "PROVIDED, TEST" },
			{ "name": "exemptBugs",
			  "value": " (*)" }
		],
	
		"vulnerabilities": [
		
		]
	}
}
