[
  {
    "vulnerabilities": [],
    "ok": true,
    "dependencyCount": 0,
    "org": "seansmith39",
    "policy": "# Snyk (https://snyk.io) policy file, patches or ignores known vulnerabilities.\nversion: v1.25.1\nignore: {}\npatch: {}\n",
    "isPrivate": true,
    "licensesPolicy": {
      "severities": {},
      "orgLicenseRules": {
        "AGPL-1.0": {
          "licenseType": "AGPL-1.0",
          "severity": "high",
          "instructions": ""
        },
        "AGPL-3.0": {
          "licenseType": "AGPL-3.0",
          "severity": "high",
          "instructions": ""
        },
        "Artistic-1.0": {
          "licenseType": "Artistic-1.0",
          "severity": "medium",
          "instructions": ""
        },
        "Artistic-2.0": {
          "licenseType": "Artistic-2.0",
          "severity": "medium",
          "instructions": ""
        },
        "CDDL-1.0": {
          "licenseType": "CDDL-1.0",
          "severity": "medium",
          "instructions": ""
        },
        "CPOL-1.02": {
          "licenseType": "CPOL-1.02",
          "severity": "high",
          "instructions": ""
        },
        "EPL-1.0": {
          "licenseType": "EPL-1.0",
          "severity": "medium",
          "instructions": ""
        },
        "GPL-2.0": {
          "licenseType": "GPL-2.0",
          "severity": "high",
          "instructions": ""
        },
        "GPL-3.0": {
          "licenseType": "GPL-3.0",
          "severity": "high",
          "instructions": ""
        },
        "LGPL-2.0": {
          "licenseType": "LGPL-2.0",
          "severity": "medium",
          "instructions": ""
        },
        "LGPL-2.1": {
          "licenseType": "LGPL-2.1",
          "severity": "medium",
          "instructions": ""
        },
        "LGPL-3.0": {
          "licenseType": "LGPL-3.0",
          "severity": "medium",
          "instructions": ""
        },
        "MPL-1.1": {
          "licenseType": "MPL-1.1",
          "severity": "medium",
          "instructions": ""
        },
        "MPL-2.0": {
          "licenseType": "MPL-2.0",
          "severity": "medium",
          "instructions": ""
        },
        "MS-RL": {
          "licenseType": "MS-RL",
          "severity": "medium",
          "instructions": ""
        },
        "SimPL-2.0": {
          "licenseType": "SimPL-2.0",
          "severity": "high",
          "instructions": ""
        }
      }
    },
    "packageManager": "maven",
    "projectId": "8dd59e3e-fc12-4170-9292-f60dfbb34aae",
    "ignoreSettings": {
      "adminOnly": false,
      "reasonRequired": false,
      "disregardFilesystemIgnores": false
    },
    "summary": "No known vulnerabilities",
    "filesystemPolicy": false,
    "uniqueCount": 0,
    "projectName": "org.jboss.xnio:xnio-all",
    "foundProjectCount": 2,
    "displayTargetFile": "pom.xml",
    "hasUnknownVersions": false,
    "path": "/home/runner/work/H6060-Java-Xnio/H6060-Java-Xnio/upstream-repository"
  },
  {
    "vulnerabilities": [],
    "ok": true,
    "dependencyCount": 30,
    "org": "seansmith39",
    "policy": "# Snyk (https://snyk.io) policy file, patches or ignores known vulnerabilities.\nversion: v1.25.1\nignore: {}\npatch: {}\n",
    "isPrivate": true,
    "licensesPolicy": {
      "severities": {},
      "orgLicenseRules": {
        "AGPL-1.0": {
          "licenseType": "AGPL-1.0",
          "severity": "high",
          "instructions": ""
        },
        "AGPL-3.0": {
          "licenseType": "AGPL-3.0",
          "severity": "high",
          "instructions": ""
        },
        "Artistic-1.0": {
          "licenseType": "Artistic-1.0",
          "severity": "medium",
          "instructions": ""
        },
        "Artistic-2.0": {
          "licenseType": "Artistic-2.0",
          "severity": "medium",
          "instructions": ""
        },
        "CDDL-1.0": {
          "licenseType": "CDDL-1.0",
          "severity": "medium",
          "instructions": ""
        },
        "CPOL-1.02": {
          "licenseType": "CPOL-1.02",
          "severity": "high",
          "instructions": ""
        },
        "EPL-1.0": {
          "licenseType": "EPL-1.0",
          "severity": "medium",
          "instructions": ""
        },
        "GPL-2.0": {
          "licenseType": "GPL-2.0",
          "severity": "high",
          "instructions": ""
        },
        "GPL-3.0": {
          "licenseType": "GPL-3.0",
          "severity": "high",
          "instructions": ""
        },
        "LGPL-2.0": {
          "licenseType": "LGPL-2.0",
          "severity": "medium",
          "instructions": ""
        },
        "LGPL-2.1": {
          "licenseType": "LGPL-2.1",
          "severity": "medium",
          "instructions": ""
        },
        "LGPL-3.0": {
          "licenseType": "LGPL-3.0",
          "severity": "medium",
          "instructions": ""
        },
        "MPL-1.1": {
          "licenseType": "MPL-1.1",
          "severity": "medium",
          "instructions": ""
        },
        "MPL-2.0": {
          "licenseType": "MPL-2.0",
          "severity": "medium",
          "instructions": ""
        },
        "MS-RL": {
          "licenseType": "MS-RL",
          "severity": "medium",
          "instructions": ""
        },
        "SimPL-2.0": {
          "licenseType": "SimPL-2.0",
          "severity": "high",
          "instructions": ""
        }
      }
    },
    "packageManager": "maven",
    "projectId": "23584ad2-4cee-4bb9-b3f5-f670eb8a3d3f",
    "ignoreSettings": {
      "adminOnly": false,
      "reasonRequired": false,
      "disregardFilesystemIgnores": false
    },
    "summary": "No known vulnerabilities",
    "filesystemPolicy": false,
    "uniqueCount": 0,
    "projectName": "org.jboss.xnio:xnio-api",
    "foundProjectCount": 2,
    "displayTargetFile": "api/pom.xml",
    "hasUnknownVersions": false,
    "path": "/home/runner/work/H6060-Java-Xnio/H6060-Java-Xnio/upstream-repository"
  },
  {
    "vulnerabilities": [
      {
        "id": "SNYK-JAVA-ORGJBOSSXNIO-2994360",
        "title": "Allocation of Resources Without Limits or Throttling",
        "CVSSv3": "CVSS:3.1/AV:N/AC:L/PR:N/UI:N/S:U/C:N/I:N/A:L",
        "credit": [
          "Unknown"
        ],
        "semver": {
          "vulnerable": [
            "[,3.8.8)"
          ]
        },
        "exploit": "Not Defined",
        "fixedIn": [
          "3.8.8"
        ],
        "patches": [],
        "insights": {
          "triageAdvice": null
        },
        "language": "java",
        "severity": "medium",
        "cvssScore": 5.3,
        "functions": [],
        "malicious": false,
        "isDisputed": false,
        "moduleName": "org.jboss.xnio:xnio-api",
        "references": [
          {
            "url": "https://github.com/xnio/xnio/commit/fdefb3b8b715d33387cadc4d48991fb1989b0c12",
            "title": "GitHub Commit"
          },
          {
            "url": "https://github.com/xnio/xnio/pull/291",
            "title": "GitHub PR"
          },
          {
            "url": "https://bugzilla.redhat.com/show_bug.cgi?id=2064226",
            "title": "RedHat Bugzilla Bug"
          }
        ],
        "cvssDetails": [
          {
            "assigner": "Red Hat",
            "severity": "high",
            "cvssV3Vector": "CVSS:3.1/AV:N/AC:L/PR:N/UI:N/S:U/C:N/I:N/A:H",
            "cvssV3BaseScore": 7.5,
            "modificationTime": "2024-04-27T13:34:34.076065Z"
          },
          {
            "assigner": "NVD",
            "severity": "high",
            "cvssV3Vector": "CVSS:3.1/AV:N/AC:L/PR:N/UI:N/S:U/C:N/I:N/A:H",
            "cvssV3BaseScore": 7.5,
            "modificationTime": "2024-03-11T09:49:50.426700Z"
          }
        ],
        "cvssSources": [
          {
            "type": "primary",
            "vector": "CVSS:3.1/AV:N/AC:L/PR:N/UI:N/S:U/C:N/I:N/A:L",
            "assigner": "Snyk",
            "severity": "medium",
            "baseScore": 5.3,
            "cvssVersion": "3.1",
            "modificationTime": "2024-03-06T14:05:00.412483Z"
          },
          {
            "type": "secondary",
            "vector": "CVSS:3.1/AV:N/AC:L/PR:N/UI:N/S:U/C:N/I:N/A:H",
            "assigner": "Red Hat",
            "severity": "high",
            "baseScore": 7.5,
            "cvssVersion": "3.1",
            "modificationTime": "2024-04-27T13:34:34.076065Z"
          },
          {
            "type": "secondary",
            "vector": "CVSS:3.1/AV:N/AC:L/PR:N/UI:N/S:U/C:N/I:N/A:H",
            "assigner": "NVD",
            "severity": "high",
            "baseScore": 7.5,
            "cvssVersion": "3.1",
            "modificationTime": "2024-03-11T09:49:50.426700Z"
          }
        ],
        "description": "## Overview\n[org.jboss.xnio:xnio-api](https://mvnrepository.com/artifact/org.jboss.xnio/xnio-api) is a simplified low-level I/O layer which can be used anywhere you are using NIO.\n\nAffected versions of this package are vulnerable to Allocation of Resources Without Limits or Throttling via the `notifyReadClosed` method by allowing an attacker to send flawed requests to a server, possibly causing log contention-related performance concerns or an unwanted disk fill-up.\n## Remediation\nUpgrade `org.jboss.xnio:xnio-api` to version 3.8.8 or higher.\n## References\n- [GitHub Commit](https://github.com/xnio/xnio/commit/fdefb3b8b715d33387cadc4d48991fb1989b0c12)\n- [GitHub PR](https://github.com/xnio/xnio/pull/291)\n- [RedHat Bugzilla Bug](https://bugzilla.redhat.com/show_bug.cgi?id=2064226)\n",
        "epssDetails": {
          "percentile": "0.53591",
          "probability": "0.00164",
          "modelVersion": "v2023.03.01"
        },
        "identifiers": {
          "CVE": [
            "CVE-2022-0084"
          ],
          "CWE": [
            "CWE-770"
          ],
          "GHSA": [
            "GHSA-76fg-mhrg-fmmg"
          ]
        },
        "packageName": "org.jboss.xnio:xnio-api",
        "proprietary": false,
        "creationTime": "2022-08-28T06:46:31.563692Z",
        "functions_new": [],
        "alternativeIds": [],
        "disclosureTime": "2022-08-28T06:35:33Z",
        "exploitDetails": {
          "sources": [],
          "maturityLevels": [
            {
              "type": "secondary",
              "level": "Not Defined",
              "format": "CVSSv3"
            },
            {
              "type": "primary",
              "level": "Not Defined",
              "format": "CVSSv4"
            }
          ]
        },
        "packageManager": "maven",
        "mavenModuleName": {
          "groupId": "org.jboss.xnio",
          "artifactId": "xnio-api"
        },
        "publicationTime": "2022-08-28T09:48:11Z",
        "severityBasedOn": "CVSS",
        "modificationTime": "2024-04-27T13:34:34.076065Z",
        "socialTrendAlert": false,
        "severityWithCritical": "medium",
        "from": [
          "org.jboss.xnio:xnio-nio@3.8.6.Final",
          "org.jboss.xnio:xnio-api@3.8.6.Final"
        ],
        "upgradePath": [
          false,
          "org.jboss.xnio:xnio-api@3.8.8.Final"
        ],
        "isUpgradable": true,
        "isPatchable": false,
        "name": "org.jboss.xnio:xnio-api",
        "version": "3.8.6.Final"
      },
      {
        "id": "SNYK-JAVA-ORGJBOSSXNIO-6403375",
        "title": "Uncontrolled Resource Consumption",
        "CVSSv3": "CVSS:3.1/AV:N/AC:L/PR:N/UI:N/S:U/C:N/I:N/A:H",
        "credit": [
          "Unknown"
        ],
        "semver": {
          "vulnerable": [
            "[,3.8.14)"
          ]
        },
        "exploit": "Not Defined",
        "fixedIn": [
          "3.8.14"
        ],
        "patches": [],
        "insights": {
          "triageAdvice": null
        },
        "language": "java",
        "severity": "high",
        "cvssScore": 7.5,
        "functions": [],
        "malicious": false,
        "isDisputed": false,
        "moduleName": "org.jboss.xnio:xnio-api",
        "references": [
          {
            "url": "https://github.com/xnio/xnio/commit/ffabdcdda508ef87aeadad5ca3f854e274d60ec1",
            "title": "GitHub Commit"
          },
          {
            "url": "https://bugzilla.redhat.com/show_bug.cgi?id=2241822",
            "title": "RedHat Bugzilla Bug"
          }
        ],
        "cvssDetails": [
          {
            "assigner": "Red Hat",
            "severity": "high",
            "cvssV3Vector": "CVSS:3.1/AV:N/AC:L/PR:N/UI:N/S:U/C:N/I:N/A:H",
            "cvssV3BaseScore": 7.5,
            "modificationTime": "2024-04-27T13:45:18.043553Z"
          }
        ],
        "cvssSources": [
          {
            "type": "primary",
            "vector": "CVSS:3.1/AV:N/AC:L/PR:N/UI:N/S:U/C:N/I:N/A:H",
            "assigner": "Snyk",
            "severity": "high",
            "baseScore": 7.5,
            "cvssVersion": "3.1",
            "modificationTime": "2024-04-24T07:16:49.813145Z"
          },
          {
            "type": "secondary",
            "vector": "CVSS:3.1/AV:N/AC:L/PR:N/UI:N/S:U/C:N/I:N/A:H",
            "assigner": "Red Hat",
            "severity": "high",
            "baseScore": 7.5,
            "cvssVersion": "3.1",
            "modificationTime": "2024-04-27T13:45:18.043553Z"
          }
        ],
        "description": "## Overview\n[org.jboss.xnio:xnio-api](https://mvnrepository.com/artifact/org.jboss.xnio/xnio-api) is a simplified low-level I/O layer which can be used anywhere you are using NIO.\n\nAffected versions of this package are vulnerable to Uncontrolled Resource Consumption due to the `NotifierState` function that can cause a Stack Overflow Exception when the chain of notifier states becomes problematically large, leading to a possible denial of service.\n## Remediation\nUpgrade `org.jboss.xnio:xnio-api` to version 3.8.14 or higher.\n## References\n- [GitHub Commit](https://github.com/xnio/xnio/commit/ffabdcdda508ef87aeadad5ca3f854e274d60ec1)\n- [RedHat Bugzilla Bug](https://bugzilla.redhat.com/show_bug.cgi?id=2241822)\n",
        "epssDetails": {
          "percentile": "0.10750",
          "probability": "0.00044",
          "modelVersion": "v2023.03.01"
        },
        "identifiers": {
          "CVE": [
            "CVE-2023-5685"
          ],
          "CWE": [
            "CWE-400"
          ]
        },
        "packageName": "org.jboss.xnio:xnio-api",
        "proprietary": false,
        "creationTime": "2024-03-06T14:54:57.557703Z",
        "functions_new": [],
        "alternativeIds": [],
        "disclosureTime": "2024-03-05T00:00:00Z",
        "exploitDetails": {
          "sources": [],
          "maturityLevels": [
            {
              "type": "secondary",
              "level": "Not Defined",
              "format": "CVSSv3"
            },
            {
              "type": "primary",
              "level": "Not Defined",
              "format": "CVSSv4"
            }
          ]
        },
        "packageManager": "maven",
        "mavenModuleName": {
          "groupId": "org.jboss.xnio",
          "artifactId": "xnio-api"
        },
        "publicationTime": "2024-03-07T06:05:43.052310Z",
        "severityBasedOn": "CVSS",
        "modificationTime": "2024-04-27T13:45:18.043553Z",
        "socialTrendAlert": false,
        "severityWithCritical": "high",
        "from": [
          "org.jboss.xnio:xnio-nio@3.8.6.Final",
          "org.jboss.xnio:xnio-api@3.8.6.Final"
        ],
        "upgradePath": [
          false,
          "org.jboss.xnio:xnio-api@3.8.14.Final"
        ],
        "isUpgradable": true,
        "isPatchable": false,
        "name": "org.jboss.xnio:xnio-api",
        "version": "3.8.6.Final"
      }
    ],
    "ok": false,
    "dependencyCount": 16,
    "org": "seansmith39",
    "policy": "# Snyk (https://snyk.io) policy file, patches or ignores known vulnerabilities.\nversion: v1.25.1\nignore: {}\npatch: {}\n",
    "isPrivate": true,
    "licensesPolicy": {
      "severities": {},
      "orgLicenseRules": {
        "AGPL-1.0": {
          "licenseType": "AGPL-1.0",
          "severity": "high",
          "instructions": ""
        },
        "AGPL-3.0": {
          "licenseType": "AGPL-3.0",
          "severity": "high",
          "instructions": ""
        },
        "Artistic-1.0": {
          "licenseType": "Artistic-1.0",
          "severity": "medium",
          "instructions": ""
        },
        "Artistic-2.0": {
          "licenseType": "Artistic-2.0",
          "severity": "medium",
          "instructions": ""
        },
        "CDDL-1.0": {
          "licenseType": "CDDL-1.0",
          "severity": "medium",
          "instructions": ""
        },
        "CPOL-1.02": {
          "licenseType": "CPOL-1.02",
          "severity": "high",
          "instructions": ""
        },
        "EPL-1.0": {
          "licenseType": "EPL-1.0",
          "severity": "medium",
          "instructions": ""
        },
        "GPL-2.0": {
          "licenseType": "GPL-2.0",
          "severity": "high",
          "instructions": ""
        },
        "GPL-3.0": {
          "licenseType": "GPL-3.0",
          "severity": "high",
          "instructions": ""
        },
        "LGPL-2.0": {
          "licenseType": "LGPL-2.0",
          "severity": "medium",
          "instructions": ""
        },
        "LGPL-2.1": {
          "licenseType": "LGPL-2.1",
          "severity": "medium",
          "instructions": ""
        },
        "LGPL-3.0": {
          "licenseType": "LGPL-3.0",
          "severity": "medium",
          "instructions": ""
        },
        "MPL-1.1": {
          "licenseType": "MPL-1.1",
          "severity": "medium",
          "instructions": ""
        },
        "MPL-2.0": {
          "licenseType": "MPL-2.0",
          "severity": "medium",
          "instructions": ""
        },
        "MS-RL": {
          "licenseType": "MS-RL",
          "severity": "medium",
          "instructions": ""
        },
        "SimPL-2.0": {
          "licenseType": "SimPL-2.0",
          "severity": "high",
          "instructions": ""
        }
      }
    },
    "packageManager": "maven",
    "projectId": "65f0d4ee-044a-4109-a1ea-2c7662e7bed5",
    "ignoreSettings": {
      "adminOnly": false,
      "reasonRequired": false,
      "disregardFilesystemIgnores": false
    },
    "summary": "2 vulnerable dependency paths",
    "remediation": {
      "unresolved": [],
      "upgrade": {
        "org.jboss.xnio:xnio-api@3.8.6.Final": {
          "upgradeTo": "org.jboss.xnio:xnio-api@3.8.14.Final",
          "upgrades": [
            "org.jboss.xnio:xnio-api@3.8.6.Final",
            "org.jboss.xnio:xnio-api@3.8.6.Final"
          ],
          "vulns": [
            "SNYK-JAVA-ORGJBOSSXNIO-6403375",
            "SNYK-JAVA-ORGJBOSSXNIO-2994360"
          ]
        }
      },
      "patch": {},
      "ignore": {},
      "pin": {}
    },
    "filesystemPolicy": false,
    "filtered": {
      "ignore": [],
      "patch": []
    },
    "uniqueCount": 2,
    "projectName": "org.jboss.xnio:xnio-nio",
    "foundProjectCount": 2,
    "displayTargetFile": "nio-impl/pom.xml",
    "hasUnknownVersions": false,
    "path": "/home/runner/work/H6060-Java-Xnio/H6060-Java-Xnio/upstream-repository"
  }
]
