Experiment ID,Experiment Date,Experiment Runner Environment,Experiment Runner Operating System,Experiment Runner Architecture,Experiment Project Name,Experiment Package Manager,GitHub Repository URL,GitHub Organisation,GitHub Repository Name,GitHub Repository Tag Name,GitHub Repository Tag Commit,GitHub Repository Tag Date,GitHub Repository Tag Author,GitHub Repository Tag Verified,GitHub Repository Tag Reason
3,2024-08-16,Github-Hosted,macOS,ARM64,H6060-Javascript-Handlebars,Npm,https://github.com/handlebars-lang/handlebars.js,handlebars-lang,handlebars.js,0.9.0.pre.4,94309b6465e407da8f5d3a09553ffa2399597f3c,2011-02-15T21:44:08Z,alan@commondream.net,False,unsigned
3,2024-08-16,Github-Hosted,macOS,ARM64,H6060-Javascript-Handlebars,Npm,https://github.com/handlebars-lang/handlebars.js,handlebars-lang,handlebars.js,1.0.0,b17760960809329a0dd66e2c32a6518b7b2ed036,2013-05-31T18:17:56Z,kpdecker@gmail.com,False,unsigned
3,2024-08-16,Github-Hosted,macOS,ARM64,H6060-Javascript-Handlebars,Npm,https://github.com/handlebars-lang/handlebars.js,handlebars-lang,handlebars.js,v1.0.10,ae38b434874a6abd94af211c1759e458e0e162f4,2013-02-27T13:52:34Z,kpdecker@gmail.com,False,unsigned
3,2024-08-16,Github-Hosted,macOS,ARM64,H6060-Javascript-Handlebars,Npm,https://github.com/handlebars-lang/handlebars.js,handlebars-lang,handlebars.js,v1.0.11,8d9e7721dab7be8f0ed357529ad8d494e06eb03f,2013-05-14T04:09:21Z,kpdecker@gmail.com,False,unsigned
3,2024-08-16,Github-Hosted,macOS,ARM64,H6060-Javascript-Handlebars,Npm,https://github.com/handlebars-lang/handlebars.js,handlebars-lang,handlebars.js,v1.0.12,1585f917498f47263f3cd6dc4343ac377e93ad22,2013-05-31T18:16:53Z,kpdecker@gmail.com,False,unsigned
3,2024-08-16,Github-Hosted,macOS,ARM64,H6060-Javascript-Handlebars,Npm,https://github.com/handlebars-lang/handlebars.js,handlebars-lang,handlebars.js,v1.0.7,d69b32e57fc4c8271b1ab786f3a345d013af8397,2013-05-10T04:51:50Z,kpdecker@gmail.com,False,unsigned
3,2024-08-16,Github-Hosted,macOS,ARM64,H6060-Javascript-Handlebars,Npm,https://github.com/handlebars-lang/handlebars.js,handlebars-lang,handlebars.js,v1.0.8,26e462bfe108e26172d82d914688f6422fdf8d10,2013-01-19T08:12:36Z,kpdecker@gmail.com,False,unsigned
3,2024-08-16,Github-Hosted,macOS,ARM64,H6060-Javascript-Handlebars,Npm,https://github.com/handlebars-lang/handlebars.js,handlebars-lang,handlebars.js,v1.0.9,7d3b20d9a674c92d70e2e2eb9bd9a2efa5fcb0c8,2013-02-16T01:43:52Z,kpdecker@gmail.com,False,unsigned
3,2024-08-16,Github-Hosted,macOS,ARM64,H6060-Javascript-Handlebars,Npm,https://github.com/handlebars-lang/handlebars.js,handlebars-lang,handlebars.js,v1.1.0,1af2afbd5105c1884b4b679bc51a878d37389acf,2013-11-04T05:00:42Z,kpdecker@gmail.com,False,unsigned
3,2024-08-16,Github-Hosted,macOS,ARM64,H6060-Javascript-Handlebars,Npm,https://github.com/handlebars-lang/handlebars.js,handlebars-lang,handlebars.js,v1.1.1,0fdeaf9a49bd6cd5a7a605077e497e85b1715d6f,2013-11-04T16:48:59Z,kpdecker@gmail.com,False,unsigned
3,2024-08-16,Github-Hosted,macOS,ARM64,H6060-Javascript-Handlebars,Npm,https://github.com/handlebars-lang/handlebars.js,handlebars-lang,handlebars.js,v1.1.2,17ec8bbe9cd40fdcd9fd878c9e4cade8bef49d8f,2013-11-06T00:10:06Z,kpdecker@gmail.com,False,unsigned
3,2024-08-16,Github-Hosted,macOS,ARM64,H6060-Javascript-Handlebars,Npm,https://github.com/handlebars-lang/handlebars.js,handlebars-lang,handlebars.js,v1.2.0,1293998f4c6481d42e5b9f669a9d71a48afb2121,2013-12-24T03:39:46Z,kpdecker@gmail.com,False,unsigned
3,2024-08-16,Github-Hosted,macOS,ARM64,H6060-Javascript-Handlebars,Npm,https://github.com/handlebars-lang/handlebars.js,handlebars-lang,handlebars.js,v1.2.1,38e5a60d146e331b31bbdf834f73b2fdfa7c4adf,2013-12-26T22:25:42Z,kpdecker@gmail.com,False,unsigned
3,2024-08-16,Github-Hosted,macOS,ARM64,H6060-Javascript-Handlebars,Npm,https://github.com/handlebars-lang/handlebars.js,handlebars-lang,handlebars.js,v1.3.0,39de4f0391bb1fc92059b121cba3d381f4c6ed3c,2014-01-02T04:10:31Z,kpdecker@gmail.com,False,unsigned
3,2024-08-16,Github-Hosted,macOS,ARM64,H6060-Javascript-Handlebars,Npm,https://github.com/handlebars-lang/handlebars.js,handlebars-lang,handlebars.js,v2.0.0,8456923f0af82fe75e897706bfeed4bc1bcaf133,2014-09-02T02:28:59Z,kpdecker@gmail.com,False,unsigned
3,2024-08-16,Github-Hosted,macOS,ARM64,H6060-Javascript-Handlebars,Npm,https://github.com/handlebars-lang/handlebars.js,handlebars-lang,handlebars.js,v2.0.0-alpha.1,86d59afeccb10d7f9888e96580b5fa22b36f1a8b,2014-02-19T23:49:09Z,kpdecker@gmail.com,False,unsigned
3,2024-08-16,Github-Hosted,macOS,ARM64,H6060-Javascript-Handlebars,Npm,https://github.com/handlebars-lang/handlebars.js,handlebars-lang,handlebars.js,v2.0.0-alpha.2,86ebb49f2c1d7a64f95ee4d8b062335807239da1,2014-03-06T07:26:26Z,kpdecker@gmail.com,False,unsigned
3,2024-08-16,Github-Hosted,macOS,ARM64,H6060-Javascript-Handlebars,Npm,https://github.com/handlebars-lang/handlebars.js,handlebars-lang,handlebars.js,v2.0.0-alpha.3,d32fcf932b23818474b168957adbd1fd4c2b73dd,2014-05-20T03:29:25Z,kpdecker@gmail.com,False,unsigned
3,2024-08-16,Github-Hosted,macOS,ARM64,H6060-Javascript-Handlebars,Npm,https://github.com/handlebars-lang/handlebars.js,handlebars-lang,handlebars.js,v2.0.0-alpha.4,e6f2858303fc86f04c352f30e6ab93e14be40a79,2014-05-20T04:15:51Z,kpdecker@gmail.com,False,unsigned
3,2024-08-16,Github-Hosted,macOS,ARM64,H6060-Javascript-Handlebars,Npm,https://github.com/handlebars-lang/handlebars.js,handlebars-lang,handlebars.js,v2.0.0-beta.1,113ca9864bf0aeef91bb293ea36b07eda53ee22d,2014-08-26T23:32:38Z,kpdecker@gmail.com,False,unsigned
3,2024-08-16,Github-Hosted,macOS,ARM64,H6060-Javascript-Handlebars,Npm,https://github.com/handlebars-lang/handlebars.js,handlebars-lang,handlebars.js,v3.0.0,5ed18e9f9cb06ca463cda89360d75feab335406b,2015-02-10T06:14:55Z,kpdecker@gmail.com,False,unsigned
3,2024-08-16,Github-Hosted,macOS,ARM64,H6060-Javascript-Handlebars,Npm,https://github.com/handlebars-lang/handlebars.js,handlebars-lang,handlebars.js,v3.0.1,ef69eda723d20144167f362bc462fa6c7dabbe62,2015-03-24T19:22:38Z,kpdecker@gmail.com,False,unsigned
3,2024-08-16,Github-Hosted,macOS,ARM64,H6060-Javascript-Handlebars,Npm,https://github.com/handlebars-lang/handlebars.js,handlebars-lang,handlebars.js,v3.0.2,78d850353ce69202f6049cadbc3070d6b75dff8f,2015-04-20T08:11:12Z,kpdecker@gmail.com,False,unsigned
3,2024-08-16,Github-Hosted,macOS,ARM64,H6060-Javascript-Handlebars,Npm,https://github.com/handlebars-lang/handlebars.js,handlebars-lang,handlebars.js,v3.0.3,2e3236340048040f036b0940261e8efd7ab4380a,2015-04-28T19:52:04Z,kpdecker@gmail.com,False,unsigned
3,2024-08-16,Github-Hosted,macOS,ARM64,H6060-Javascript-Handlebars,Npm,https://github.com/handlebars-lang/handlebars.js,handlebars-lang,handlebars.js,v3.0.4,3e65bf01dcb99a99a79d78477324bb2e971fdfe6,2018-12-15T12:55:00Z,github@knappi.org,False,unsigned
3,2024-08-16,Github-Hosted,macOS,ARM64,H6060-Javascript-Handlebars,Npm,https://github.com/handlebars-lang/handlebars.js,handlebars-lang,handlebars.js,v3.0.5,d2f66160818d3ef358db76da27b02957b2cee613,2018-12-15T13:16:13Z,github@knappi.org,False,unsigned
3,2024-08-16,Github-Hosted,macOS,ARM64,H6060-Javascript-Handlebars,Npm,https://github.com/handlebars-lang/handlebars.js,handlebars-lang,handlebars.js,v3.0.6,025cee8c40dd4fd9b16b461001e9ec52b8b0174c,2019-01-02T09:17:56Z,github@knappi.org,False,unsigned
3,2024-08-16,Github-Hosted,macOS,ARM64,H6060-Javascript-Handlebars,Npm,https://github.com/handlebars-lang/handlebars.js,handlebars-lang,handlebars.js,v3.0.7,7db9046c1352072056785e3e6b8049385977957c,2019-06-30T08:53:59Z,github@knappi.org,False,unsigned
3,2024-08-16,Github-Hosted,macOS,ARM64,H6060-Javascript-Handlebars,Npm,https://github.com/handlebars-lang/handlebars.js,handlebars-lang,handlebars.js,v3.0.8,bd25fa68aad1f42e25fd1c3c9eaea3a21d402901,2020-02-23T10:02:00Z,github@knappi.org,False,unsigned
3,2024-08-16,Github-Hosted,macOS,ARM64,H6060-Javascript-Handlebars,Npm,https://github.com/handlebars-lang/handlebars.js,handlebars-lang,handlebars.js,v4.0.0,47c6161f3c61d6276e949c4c3741bbae13d8224d,2015-09-01T13:19:14Z,kpdecker@gmail.com,False,unsigned
3,2024-08-16,Github-Hosted,macOS,ARM64,H6060-Javascript-Handlebars,Npm,https://github.com/handlebars-lang/handlebars.js,handlebars-lang,handlebars.js,v4.0.1,2ee3d4a79bba15890735be64042d28b72b660218,2015-09-03T02:21:36Z,kpdecker@gmail.com,False,unsigned
3,2024-08-16,Github-Hosted,macOS,ARM64,H6060-Javascript-Handlebars,Npm,https://github.com/handlebars-lang/handlebars.js,handlebars-lang,handlebars.js,v4.0.10,2191029df32f980711f7b254a28801d451f53cd5,2017-05-21T12:11:27Z,github@knappi.org,False,unsigned
3,2024-08-16,Github-Hosted,macOS,ARM64,H6060-Javascript-Handlebars,Npm,https://github.com/handlebars-lang/handlebars.js,handlebars-lang,handlebars.js,v4.0.11,f981d8b662b9ae4432bce1b2740cf35c759aa7ed,2017-10-17T20:52:25Z,github@knappi.org,False,unsigned
3,2024-08-16,Github-Hosted,macOS,ARM64,H6060-Javascript-Handlebars,Npm,https://github.com/handlebars-lang/handlebars.js,handlebars-lang,handlebars.js,v4.0.12,b983de876385d5e78ed154633fc82235c822beff,2018-09-04T18:44:38Z,github@knappi.org,False,unsigned
3,2024-08-16,Github-Hosted,macOS,ARM64,H6060-Javascript-Handlebars,Npm,https://github.com/handlebars-lang/handlebars.js,handlebars-lang,handlebars.js,v4.0.13,bb406b1fedd7614667aa50a63767f4290966a881,2019-02-07T10:26:00Z,github@knappi.org,False,unsigned
3,2024-08-16,Github-Hosted,macOS,ARM64,H6060-Javascript-Handlebars,Npm,https://github.com/handlebars-lang/handlebars.js,handlebars-lang,handlebars.js,v4.0.13-0,8f77505acd0bb92fd1fb259cd74b0a2d01bc465f,2019-02-02T20:25:22Z,github@knappi.org,False,unsigned
3,2024-08-16,Github-Hosted,macOS,ARM64,H6060-Javascript-Handlebars,Npm,https://github.com/handlebars-lang/handlebars.js,handlebars-lang,handlebars.js,v4.0.13-beta.0,bbc6e23665aa0cf7e9d858beb5ef353d4fe73e4d,2019-02-02T20:26:35Z,github@knappi.org,False,unsigned
3,2024-08-16,Github-Hosted,macOS,ARM64,H6060-Javascript-Handlebars,Npm,https://github.com/handlebars-lang/handlebars.js,handlebars-lang,handlebars.js,v4.0.14,6a41534cc2260c2ff6321e3364e041d42388af76,2019-04-13T14:39:19Z,github@knappi.org,False,unsigned
3,2024-08-16,Github-Hosted,macOS,ARM64,H6060-Javascript-Handlebars,Npm,https://github.com/handlebars-lang/handlebars.js,handlebars-lang,handlebars.js,v4.0.2,426f02066c2df9800e93934f777203c667907fc2,2015-09-04T14:13:16Z,kpdecker@gmail.com,False,unsigned
3,2024-08-16,Github-Hosted,macOS,ARM64,H6060-Javascript-Handlebars,Npm,https://github.com/handlebars-lang/handlebars.js,handlebars-lang,handlebars.js,v4.0.3,e82e9336a8acc2c8b52880fafc5c81c8ad6c0ed2,2015-09-24T03:41:14Z,kpdecker@gmail.com,False,unsigned
3,2024-08-16,Github-Hosted,macOS,ARM64,H6060-Javascript-Handlebars,Npm,https://github.com/handlebars-lang/handlebars.js,handlebars-lang,handlebars.js,v4.0.4,bf244f250533724cc48aaa89b4c2b629318d0a30,2015-10-29T06:54:17Z,kpdecker@gmail.com,False,unsigned
3,2024-08-16,Github-Hosted,macOS,ARM64,H6060-Javascript-Handlebars,Npm,https://github.com/handlebars-lang/handlebars.js,handlebars-lang,handlebars.js,v4.0.5,d0285a978c0989df6d1ac7303283a63a68392562,2015-11-20T05:06:54Z,kpdecker@gmail.com,False,unsigned
3,2024-08-16,Github-Hosted,macOS,ARM64,H6060-Javascript-Handlebars,Npm,https://github.com/handlebars-lang/handlebars.js,handlebars-lang,handlebars.js,v4.0.7,b09f5196bcb415d4dbebdb9eb2c8511e33aa8a55,2017-04-29T20:52:09Z,github@knappi.org,False,unsigned
3,2024-08-16,Github-Hosted,macOS,ARM64,H6060-Javascript-Handlebars,Npm,https://github.com/handlebars-lang/handlebars.js,handlebars-lang,handlebars.js,v4.0.9,71d18e7adbe1f4610c0b74fe6aa17240d250504d,2017-05-21T11:39:05Z,github@knappi.org,False,unsigned
3,2024-08-16,Github-Hosted,macOS,ARM64,H6060-Javascript-Handlebars,Npm,https://github.com/handlebars-lang/handlebars.js,handlebars-lang,handlebars.js,v4.1.0,b5f1d7b6f374a8216e784d3e9e91cd0f39cf701a,2019-02-07T09:46:32Z,github@knappi.org,False,unsigned
3,2024-08-16,Github-Hosted,macOS,ARM64,H6060-Javascript-Handlebars,Npm,https://github.com/handlebars-lang/handlebars.js,handlebars-lang,handlebars.js,v4.1.1,ac1ab4955e9f87037caa00f9ba1233e33f5f189c,2019-03-16T21:28:38Z,github@knappi.org,False,unsigned
3,2024-08-16,Github-Hosted,macOS,ARM64,H6060-Javascript-Handlebars,Npm,https://github.com/handlebars-lang/handlebars.js,handlebars-lang,handlebars.js,v4.1.2,f923d4579751fd3b5c2ad06f8e9d4604e4e0c979,2019-04-13T14:19:22Z,github@knappi.org,False,unsigned
3,2024-08-16,Github-Hosted,macOS,ARM64,H6060-Javascript-Handlebars,Npm,https://github.com/handlebars-lang/handlebars.js,handlebars-lang,handlebars.js,v4.1.2-0,9781a2ee2394f4098757c0e870a4d22d0846bc70,2019-08-25T16:06:35Z,github@knappi.org,False,unsigned
3,2024-08-16,Github-Hosted,macOS,ARM64,H6060-Javascript-Handlebars,Npm,https://github.com/handlebars-lang/handlebars.js,handlebars-lang,handlebars.js,v4.2.0,e72be8ed24477a2412cdb03ecd68fa12fdb74267,2019-09-03T19:58:07Z,github@knappi.org,False,unsigned
3,2024-08-16,Github-Hosted,macOS,ARM64,H6060-Javascript-Handlebars,Npm,https://github.com/handlebars-lang/handlebars.js,handlebars-lang,handlebars.js,v4.2.1,43f65edf3ed000382ecf5d789b42bfb16e87a72b,2019-09-20T17:40:48Z,github@knappi.org,False,unsigned
3,2024-08-16,Github-Hosted,macOS,ARM64,H6060-Javascript-Handlebars,Npm,https://github.com/handlebars-lang/handlebars.js,handlebars-lang,handlebars.js,v4.2.2,1d7a8f1bd8a3aaf821d69a7fb758e936c0374513,2019-10-02T20:12:55Z,github@knappi.org,False,unsigned
3,2024-08-16,Github-Hosted,macOS,ARM64,H6060-Javascript-Handlebars,Npm,https://github.com/handlebars-lang/handlebars.js,handlebars-lang,handlebars.js,v4.3.0,0faead52e071050ea09823c4283ac607ce341fcf,2019-09-24T06:04:35Z,github@knappi.org,False,unsigned
3,2024-08-16,Github-Hosted,macOS,ARM64,H6060-Javascript-Handlebars,Npm,https://github.com/handlebars-lang/handlebars.js,handlebars-lang,handlebars.js,v4.3.1,c64174700bda749a99fe5087e72809dc4bc083ac,2019-09-24T22:32:32Z,github@knappi.org,False,unsigned
3,2024-08-16,Github-Hosted,macOS,ARM64,H6060-Javascript-Handlebars,Npm,https://github.com/handlebars-lang/handlebars.js,handlebars-lang,handlebars.js,v4.3.2,f6b3ace297d1c8bc82fc517fee22dcf0d507c78e,2019-09-26T21:58:48Z,github@knappi.org,False,unsigned
3,2024-08-16,Github-Hosted,macOS,ARM64,H6060-Javascript-Handlebars,Npm,https://github.com/handlebars-lang/handlebars.js,handlebars-lang,handlebars.js,v4.3.3,aaeae99bdbd1c1ea77ac9bd3b1cf72002f2c159f,2019-09-27T05:46:55Z,github@knappi.org,False,unsigned
3,2024-08-16,Github-Hosted,macOS,ARM64,H6060-Javascript-Handlebars,Npm,https://github.com/handlebars-lang/handlebars.js,handlebars-lang,handlebars.js,v4.3.4,421842a14c86439d3e9191a0bed8281051a74307,2019-09-28T11:25:05Z,github@knappi.org,False,unsigned
3,2024-08-16,Github-Hosted,macOS,ARM64,H6060-Javascript-Handlebars,Npm,https://github.com/handlebars-lang/handlebars.js,handlebars-lang,handlebars.js,v4.3.5,747c1ef85df074503a64d54de0cf33d7c5e19d0f,2019-10-02T20:05:02Z,github@knappi.org,False,unsigned
3,2024-08-16,Github-Hosted,macOS,ARM64,H6060-Javascript-Handlebars,Npm,https://github.com/handlebars-lang/handlebars.js,handlebars-lang,handlebars.js,v4.4.0,cb332d967d65fc6f436f215bce488b6b8f85c8f2,2019-09-29T13:29:13Z,github@knappi.org,False,unsigned
3,2024-08-16,Github-Hosted,macOS,ARM64,H6060-Javascript-Handlebars,Npm,https://github.com/handlebars-lang/handlebars.js,handlebars-lang,handlebars.js,v4.4.1,38dd32436e844206fcdf6cda1ff40fe36da9ad94,2019-10-02T19:52:34Z,github@knappi.org,False,unsigned
3,2024-08-16,Github-Hosted,macOS,ARM64,H6060-Javascript-Handlebars,Npm,https://github.com/handlebars-lang/handlebars.js,handlebars-lang,handlebars.js,v4.4.2,4dcadcf3078efea62e03610b0c387a4bd3d2538d,2019-10-02T20:44:36Z,github@knappi.org,False,unsigned
3,2024-08-16,Github-Hosted,macOS,ARM64,H6060-Javascript-Handlebars,Npm,https://github.com/handlebars-lang/handlebars.js,handlebars-lang,handlebars.js,v4.4.3,74b23ccb2de352a4dd0f60552b1e7006840c80d4,2019-10-08T20:05:35Z,github@knappi.org,False,unsigned
3,2024-08-16,Github-Hosted,macOS,ARM64,H6060-Javascript-Handlebars,Npm,https://github.com/handlebars-lang/handlebars.js,handlebars-lang,handlebars.js,v4.4.4,c5326928bee27f9a2e1f4964b313ca80a2a9a731,2019-10-20T19:33:00Z,github@knappi.org,False,unsigned
3,2024-08-16,Github-Hosted,macOS,ARM64,H6060-Javascript-Handlebars,Npm,https://github.com/handlebars-lang/handlebars.js,handlebars-lang,handlebars.js,v4.4.5,9d4da30b5f4738f9e91db6c288b3e54bc748c1fd,2019-10-20T21:08:10Z,github@knappi.org,False,unsigned
3,2024-08-16,Github-Hosted,macOS,ARM64,H6060-Javascript-Handlebars,Npm,https://github.com/handlebars-lang/handlebars.js,handlebars-lang,handlebars.js,v4.5.0,8a716c2070aaa101b9a7f9cd2c11d6196abb73c7,2019-10-28T18:47:51Z,github@knappi.org,False,unsigned
3,2024-08-16,Github-Hosted,macOS,ARM64,H6060-Javascript-Handlebars,Npm,https://github.com/handlebars-lang/handlebars.js,handlebars-lang,handlebars.js,v4.5.1,df1647d1090ef5c7bdb492cb6770801abafa3834,2019-10-29T04:42:23Z,github@knappi.org,False,unsigned
3,2024-08-16,Github-Hosted,macOS,ARM64,H6060-Javascript-Handlebars,Npm,https://github.com/handlebars-lang/handlebars.js,handlebars-lang,handlebars.js,v4.5.2,eba60bf906df9973bef4293edd81fac72923faa4,2019-11-13T21:07:27Z,github@knappi.org,False,unsigned
3,2024-08-16,Github-Hosted,macOS,ARM64,H6060-Javascript-Handlebars,Npm,https://github.com/handlebars-lang/handlebars.js,handlebars-lang,handlebars.js,v4.5.3,c5fe72265951cffb73632ec1e8a3d39a60011462,2019-11-18T07:10:26Z,github@knappi.org,False,unsigned
3,2024-08-16,Github-Hosted,macOS,ARM64,H6060-Javascript-Handlebars,Npm,https://github.com/handlebars-lang/handlebars.js,handlebars-lang,handlebars.js,v4.6.0,da17fe7474b0377280487bea29ff88b3d3a42435,2020-01-08T22:45:17Z,github@knappi.org,False,unsigned
3,2024-08-16,Github-Hosted,macOS,ARM64,H6060-Javascript-Handlebars,Npm,https://github.com/handlebars-lang/handlebars.js,handlebars-lang,handlebars.js,v4.7.0,972fc69d799765266397e94c8ba001fe7ee89810,2020-01-10T16:24:09Z,github@knappi.org,False,unsigned
3,2024-08-16,Github-Hosted,macOS,ARM64,H6060-Javascript-Handlebars,Npm,https://github.com/handlebars-lang/handlebars.js,handlebars-lang,handlebars.js,v4.7.1,01fdfda3b4bc8ac2ffb53bfdf9eb03e0a62a2727,2020-01-12T12:21:10Z,github@knappi.org,False,unsigned
3,2024-08-16,Github-Hosted,macOS,ARM64,H6060-Javascript-Handlebars,Npm,https://github.com/handlebars-lang/handlebars.js,handlebars-lang,handlebars.js,v4.7.2,a77d26f5fa2950f55e0d8c7a08460b443e9e5692,2020-01-13T20:53:16Z,github@knappi.org,False,unsigned
3,2024-08-16,Github-Hosted,macOS,ARM64,H6060-Javascript-Handlebars,Npm,https://github.com/handlebars-lang/handlebars.js,handlebars-lang,handlebars.js,v4.7.3,560138a287f9149a1f2320b227a20dd699034418,2020-02-05T05:10:35Z,github@knappi.org,False,unsigned
3,2024-08-16,Github-Hosted,macOS,ARM64,H6060-Javascript-Handlebars,Npm,https://github.com/handlebars-lang/handlebars.js,handlebars-lang,handlebars.js,v4.7.4,c3d45ea5fefb04d28f6f5c8690d590a99eeac055,2020-04-01T17:20:34Z,erisds@gmail.com,False,unsigned
3,2024-08-16,Github-Hosted,macOS,ARM64,H6060-Javascript-Handlebars,Npm,https://github.com/handlebars-lang/handlebars.js,handlebars-lang,handlebars.js,v4.7.5,bc86bb37ca92267a4ca511a5a34272003aa53216,2020-04-02T19:09:52Z,erisds@gmail.com,False,unsigned
3,2024-08-16,Github-Hosted,macOS,ARM64,H6060-Javascript-Handlebars,Npm,https://github.com/handlebars-lang/handlebars.js,handlebars-lang,handlebars.js,v4.7.6,27bd3beed3d037fb91ee7f97f58b6f9afa2bd362,2020-04-03T17:56:25Z,erisds@gmail.com,False,unsigned
3,2024-08-16,Github-Hosted,macOS,ARM64,H6060-Javascript-Handlebars,Npm,https://github.com/handlebars-lang/handlebars.js,handlebars-lang,handlebars.js,v4.7.7,e2a0873d544dc2eb8685b07bec12abe5a331c79e,2021-02-15T09:36:12Z,npm@knappi.org,False,unsigned
3,2024-08-16,Github-Hosted,macOS,ARM64,H6060-Javascript-Handlebars,Npm,https://github.com/handlebars-lang/handlebars.js,handlebars-lang,handlebars.js,v4.7.8,e55247ac9e4b76a55050f04a49c790b4c1751698,2023-08-01T21:10:59Z,jakob@linskeseder.com,False,unsigned
