{
  "reportSchema" : "1.1",
  "scanInfo" : {
    "engineVersion" : "10.0.3",
    "dataSource" : [ {
      "name" : "NVD API Last Checked",
      "timestamp" : "2024-08-11T16:00:55Z"
    }, {
      "name" : "NVD API Last Modified",
      "timestamp" : "2024-08-10T16:35:04Z"
    } ]
  },
  "projectInfo" : {
    "name" : "H6060-Java-WebDriverManager",
    "reportDate" : "2024-08-11T16:01:03.920443Z",
    "credits" : {
      "NVD" : "This product uses the NVD API but is not endorsed or certified by the NVD. This report contains data retrieved from the National Vulnerability Database: https://nvd.nist.gov",
      "CISA" : "This report may contain data retrieved from the CISA Known Exploited Vulnerability Catalog: https://www.cisa.gov/known-exploited-vulnerabilities-catalog",
      "NPM" : "This report may contain data retrieved from the Github Advisory Database (via NPM Audit API): https://github.com/advisories/",
      "RETIREJS" : "This report may contain data retrieved from the RetireJS community: https://retirejs.github.io/retire.js/",
      "OSSINDEX" : "This report may contain data retrieved from the Sonatype OSS Index: https://ossindex.sonatype.org"
    }
  },
  "dependencies" : [ {
    "isVirtual" : false,
    "fileName" : "jquery-3.6.1.min.js",
    "filePath" : "/home/runner/work/H6060-Java-WebDriverManager/H6060-Java-WebDriverManager/upstream-repository/target/target/apidocs/script-dir/jquery-3.6.1.min.js",
    "md5" : "00727d1d5d9c90f7de826f1a4a9cc632",
    "sha1" : "ea61688671d0c3044f2c5b2f2c4af0a6620ac6c2",
    "sha256" : "a3cf00c109d907e543bc4f6dbc85eb31068f94515251347e9e57509b52ee3d74",
    "relatedDependencies" : [ {
      "isVirtual" : false,
      "fileName" : "webdrivermanager-5.8.0-javadoc.jar: jquery-3.6.1.min.js",
      "filePath" : "/home/runner/work/H6060-Java-WebDriverManager/H6060-Java-WebDriverManager/upstream-repository/target/target/webdrivermanager-5.8.0-javadoc.jar/script-dir/jquery-3.6.1.min.js",
      "sha256" : "a3cf00c109d907e543bc4f6dbc85eb31068f94515251347e9e57509b52ee3d74",
      "sha1" : "ea61688671d0c3044f2c5b2f2c4af0a6620ac6c2",
      "md5" : "00727d1d5d9c90f7de826f1a4a9cc632"
    } ],
    "evidenceCollected" : {
      "vendorEvidence" : [ ],
      "productEvidence" : [ ],
      "versionEvidence" : [ ]
    }
  }, {
    "isVirtual" : false,
    "fileName" : "jquery-ui.min.js",
    "filePath" : "/home/runner/work/H6060-Java-WebDriverManager/H6060-Java-WebDriverManager/upstream-repository/target/target/apidocs/script-dir/jquery-ui.min.js",
    "md5" : "a443ef25e4d347d30d3222a401f9ae54",
    "sha1" : "47c18aebea0d1116f19b279134e50c9f0d381405",
    "sha256" : "a6c0904499f1efeef05641bd28fd7c73785e60f69ce9c699daf65af8b3720703",
    "relatedDependencies" : [ {
      "isVirtual" : false,
      "fileName" : "webdrivermanager-5.8.0-javadoc.jar: jquery-ui.min.js",
      "filePath" : "/home/runner/work/H6060-Java-WebDriverManager/H6060-Java-WebDriverManager/upstream-repository/target/target/webdrivermanager-5.8.0-javadoc.jar/script-dir/jquery-ui.min.js",
      "sha256" : "a6c0904499f1efeef05641bd28fd7c73785e60f69ce9c699daf65af8b3720703",
      "sha1" : "47c18aebea0d1116f19b279134e50c9f0d381405",
      "md5" : "a443ef25e4d347d30d3222a401f9ae54"
    } ],
    "evidenceCollected" : {
      "vendorEvidence" : [ ],
      "productEvidence" : [ ],
      "versionEvidence" : [ ]
    }
  }, {
    "isVirtual" : false,
    "fileName" : "member-search-index.js",
    "filePath" : "/home/runner/work/H6060-Java-WebDriverManager/H6060-Java-WebDriverManager/upstream-repository/target/target/apidocs/member-search-index.js",
    "md5" : "4569d28f41d50a015183707fc05b45dd",
    "sha1" : "5f3727f7efc15b69ac0d6fe3fb5ecaa81901e708",
    "sha256" : "8c7fc4a73dd126dd7fbd909b44d072f6d1ec0778c27dd50bc368d6d19c27b20c",
    "relatedDependencies" : [ {
      "isVirtual" : false,
      "fileName" : "webdrivermanager-5.8.0-javadoc.jar: member-search-index.js",
      "filePath" : "/home/runner/work/H6060-Java-WebDriverManager/H6060-Java-WebDriverManager/upstream-repository/target/target/webdrivermanager-5.8.0-javadoc.jar/member-search-index.js",
      "sha256" : "8c7fc4a73dd126dd7fbd909b44d072f6d1ec0778c27dd50bc368d6d19c27b20c",
      "sha1" : "5f3727f7efc15b69ac0d6fe3fb5ecaa81901e708",
      "md5" : "4569d28f41d50a015183707fc05b45dd"
    } ],
    "evidenceCollected" : {
      "vendorEvidence" : [ ],
      "productEvidence" : [ ],
      "versionEvidence" : [ ]
    }
  }, {
    "isVirtual" : false,
    "fileName" : "module-search-index.js",
    "filePath" : "/home/runner/work/H6060-Java-WebDriverManager/H6060-Java-WebDriverManager/upstream-repository/target/target/apidocs/module-search-index.js",
    "md5" : "a33da0f469acbd03f77bf407bac505f5",
    "sha1" : "1e996ce630c6e1ada3ea86d7b71dabca0180f8e8",
    "sha256" : "814a05983e3267d591c7e62b314eb8eb0504eee844c8a70d494f6edbaa0f4f18",
    "relatedDependencies" : [ {
      "isVirtual" : false,
      "fileName" : "webdrivermanager-5.8.0-javadoc.jar: module-search-index.js",
      "filePath" : "/home/runner/work/H6060-Java-WebDriverManager/H6060-Java-WebDriverManager/upstream-repository/target/target/webdrivermanager-5.8.0-javadoc.jar/module-search-index.js",
      "sha256" : "814a05983e3267d591c7e62b314eb8eb0504eee844c8a70d494f6edbaa0f4f18",
      "sha1" : "1e996ce630c6e1ada3ea86d7b71dabca0180f8e8",
      "md5" : "a33da0f469acbd03f77bf407bac505f5"
    } ],
    "evidenceCollected" : {
      "vendorEvidence" : [ ],
      "productEvidence" : [ ],
      "versionEvidence" : [ ]
    }
  }, {
    "isVirtual" : false,
    "fileName" : "package-search-index.js",
    "filePath" : "/home/runner/work/H6060-Java-WebDriverManager/H6060-Java-WebDriverManager/upstream-repository/target/target/apidocs/package-search-index.js",
    "md5" : "b11b0e5650dd134f2303badbede08908",
    "sha1" : "641276a69237e80ad5d8e721fd7410bb667849d6",
    "sha256" : "f0218885c8a365098888cefb95a9de192c7d98cc03d8839979dc6e31b4f347a5",
    "relatedDependencies" : [ {
      "isVirtual" : false,
      "fileName" : "webdrivermanager-5.8.0-javadoc.jar: package-search-index.js",
      "filePath" : "/home/runner/work/H6060-Java-WebDriverManager/H6060-Java-WebDriverManager/upstream-repository/target/target/webdrivermanager-5.8.0-javadoc.jar/package-search-index.js",
      "sha256" : "f0218885c8a365098888cefb95a9de192c7d98cc03d8839979dc6e31b4f347a5",
      "sha1" : "641276a69237e80ad5d8e721fd7410bb667849d6",
      "md5" : "b11b0e5650dd134f2303badbede08908"
    } ],
    "evidenceCollected" : {
      "vendorEvidence" : [ ],
      "productEvidence" : [ ],
      "versionEvidence" : [ ]
    }
  }, {
    "isVirtual" : false,
    "fileName" : "script.js",
    "filePath" : "/home/runner/work/H6060-Java-WebDriverManager/H6060-Java-WebDriverManager/upstream-repository/target/target/apidocs/script.js",
    "md5" : "33752b38a1be87b6104cf5bdd7ffc6a9",
    "sha1" : "e3aa5200cbabd88c6e041e081e31c037127197b6",
    "sha256" : "cbcc9c6530d4b8243436efb89516537f3d6b3a4eceaa0e6256c57bdb8ddb544d",
    "relatedDependencies" : [ {
      "isVirtual" : false,
      "fileName" : "webdrivermanager-5.8.0-javadoc.jar: script.js",
      "filePath" : "/home/runner/work/H6060-Java-WebDriverManager/H6060-Java-WebDriverManager/upstream-repository/target/target/webdrivermanager-5.8.0-javadoc.jar/script.js",
      "sha256" : "cbcc9c6530d4b8243436efb89516537f3d6b3a4eceaa0e6256c57bdb8ddb544d",
      "sha1" : "e3aa5200cbabd88c6e041e081e31c037127197b6",
      "md5" : "33752b38a1be87b6104cf5bdd7ffc6a9"
    } ],
    "evidenceCollected" : {
      "vendorEvidence" : [ ],
      "productEvidence" : [ ],
      "versionEvidence" : [ ]
    }
  }, {
    "isVirtual" : false,
    "fileName" : "search.js",
    "filePath" : "/home/runner/work/H6060-Java-WebDriverManager/H6060-Java-WebDriverManager/upstream-repository/target/target/apidocs/search.js",
    "md5" : "91a5f088fd617ad152fc4860da3e8625",
    "sha1" : "085ae4e58d05af22130ba305b7032358ef914db2",
    "sha256" : "55e9450d122439bbe671da18ea8addaac50c44af9b80bd168288b3da76c6da22",
    "relatedDependencies" : [ {
      "isVirtual" : false,
      "fileName" : "webdrivermanager-5.8.0-javadoc.jar: search.js",
      "filePath" : "/home/runner/work/H6060-Java-WebDriverManager/H6060-Java-WebDriverManager/upstream-repository/target/target/webdrivermanager-5.8.0-javadoc.jar/search.js",
      "sha256" : "55e9450d122439bbe671da18ea8addaac50c44af9b80bd168288b3da76c6da22",
      "sha1" : "085ae4e58d05af22130ba305b7032358ef914db2",
      "md5" : "91a5f088fd617ad152fc4860da3e8625"
    } ],
    "evidenceCollected" : {
      "vendorEvidence" : [ ],
      "productEvidence" : [ ],
      "versionEvidence" : [ ]
    }
  }, {
    "isVirtual" : false,
    "fileName" : "tag-search-index.js",
    "filePath" : "/home/runner/work/H6060-Java-WebDriverManager/H6060-Java-WebDriverManager/upstream-repository/target/target/apidocs/tag-search-index.js",
    "md5" : "95810a7878ddd3f49d938eb6b5c0f1b2",
    "sha1" : "4d0358e131242bfb1a29d1db368e9e24381ad979",
    "sha256" : "e31bd7c6847cd8b49a884fe01244f740ad184cdb7aa6449830be21985158f0d9",
    "relatedDependencies" : [ {
      "isVirtual" : false,
      "fileName" : "webdrivermanager-5.8.0-javadoc.jar: tag-search-index.js",
      "filePath" : "/home/runner/work/H6060-Java-WebDriverManager/H6060-Java-WebDriverManager/upstream-repository/target/target/webdrivermanager-5.8.0-javadoc.jar/tag-search-index.js",
      "sha256" : "e31bd7c6847cd8b49a884fe01244f740ad184cdb7aa6449830be21985158f0d9",
      "sha1" : "4d0358e131242bfb1a29d1db368e9e24381ad979",
      "md5" : "95810a7878ddd3f49d938eb6b5c0f1b2"
    } ],
    "evidenceCollected" : {
      "vendorEvidence" : [ ],
      "productEvidence" : [ ],
      "versionEvidence" : [ ]
    }
  }, {
    "isVirtual" : false,
    "fileName" : "type-search-index.js",
    "filePath" : "/home/runner/work/H6060-Java-WebDriverManager/H6060-Java-WebDriverManager/upstream-repository/target/target/apidocs/type-search-index.js",
    "md5" : "3a1d92f26a6703d9588c78db9d17d3c4",
    "sha1" : "d8fe65e6db594a04bad42a2a26978e8e4ce7bb15",
    "sha256" : "0e6a640107acd0f6e5cda02a8c4bcf7768710370edae3b6e9807047e81e76f47",
    "relatedDependencies" : [ {
      "isVirtual" : false,
      "fileName" : "webdrivermanager-5.8.0-javadoc.jar: type-search-index.js",
      "filePath" : "/home/runner/work/H6060-Java-WebDriverManager/H6060-Java-WebDriverManager/upstream-repository/target/target/webdrivermanager-5.8.0-javadoc.jar/type-search-index.js",
      "sha256" : "0e6a640107acd0f6e5cda02a8c4bcf7768710370edae3b6e9807047e81e76f47",
      "sha1" : "d8fe65e6db594a04bad42a2a26978e8e4ce7bb15",
      "md5" : "3a1d92f26a6703d9588c78db9d17d3c4"
    } ],
    "evidenceCollected" : {
      "vendorEvidence" : [ ],
      "productEvidence" : [ ],
      "versionEvidence" : [ ]
    }
  }, {
    "isVirtual" : false,
    "fileName" : "webdrivermanager-5.8.0-javadoc.jar",
    "filePath" : "/home/runner/work/H6060-Java-WebDriverManager/H6060-Java-WebDriverManager/upstream-repository/target/target/webdrivermanager-5.8.0-javadoc.jar",
    "md5" : "d2e777c167e93880ad0d49cfbbcc1b5d",
    "sha1" : "31ee8f43a47958c0d4559f587a96f07ab5f80210",
    "sha256" : "26b8b1f1b9fafc14db37f9c0690b9abafec278e220f94ee4d7702916b94cd23c",
    "evidenceCollected" : {
      "vendorEvidence" : [ {
        "type" : "vendor",
        "confidence" : "HIGH",
        "source" : "file",
        "name" : "name",
        "value" : "webdrivermanager"
      } ],
      "productEvidence" : [ {
        "type" : "product",
        "confidence" : "HIGH",
        "source" : "file",
        "name" : "name",
        "value" : "webdrivermanager"
      } ],
      "versionEvidence" : [ {
        "type" : "version",
        "confidence" : "MEDIUM",
        "source" : "file",
        "name" : "name",
        "value" : "webdrivermanager"
      }, {
        "type" : "version",
        "confidence" : "HIGH",
        "source" : "file",
        "name" : "version",
        "value" : "5.8.0"
      } ]
    }
  }, {
    "isVirtual" : false,
    "fileName" : "webdrivermanager-5.8.0.jar",
    "filePath" : "/home/runner/work/H6060-Java-WebDriverManager/H6060-Java-WebDriverManager/upstream-repository/target/target/webdrivermanager-5.8.0.jar",
    "md5" : "3576d22ee426fbca62e557cfff5ba7ce",
    "sha1" : "bdb1b620186c1ed8a6540daa7a4a521dd3d8ff9c",
    "sha256" : "a136c22f26f612a859b04a4e741f240974b708e0cca15bbe57dc23b9d2eb37b7",
    "description" : "\n\t\tAutomated driver management and other helper features for Selenium WebDriver in Java\n\t",
    "license" : "Apache 2.0: https://www.apache.org/licenses/LICENSE-2.0",
    "evidenceCollected" : {
      "vendorEvidence" : [ {
        "type" : "vendor",
        "confidence" : "HIGH",
        "source" : "file",
        "name" : "name",
        "value" : "webdrivermanager"
      }, {
        "type" : "vendor",
        "confidence" : "HIGHEST",
        "source" : "jar",
        "name" : "package name",
        "value" : "bonigarcia"
      }, {
        "type" : "vendor",
        "confidence" : "HIGHEST",
        "source" : "jar",
        "name" : "package name",
        "value" : "github"
      }, {
        "type" : "vendor",
        "confidence" : "HIGHEST",
        "source" : "jar",
        "name" : "package name",
        "value" : "io"
      }, {
        "type" : "vendor",
        "confidence" : "MEDIUM",
        "source" : "Manifest",
        "name" : "automatic-module-name",
        "value" : "io.github.bonigarcia.webdrivermanager"
      }, {
        "type" : "vendor",
        "confidence" : "LOW",
        "source" : "Manifest",
        "name" : "build-jdk-spec",
        "value" : "17"
      }, {
        "type" : "vendor",
        "confidence" : "LOW",
        "source" : "Manifest",
        "name" : "can-redefine-classes",
        "value" : "true"
      }, {
        "type" : "vendor",
        "confidence" : "LOW",
        "source" : "Manifest",
        "name" : "can-retransform-classes",
        "value" : "true"
      }, {
        "type" : "vendor",
        "confidence" : "LOW",
        "source" : "pom",
        "name" : "artifactid",
        "value" : "webdrivermanager"
      }, {
        "type" : "vendor",
        "confidence" : "MEDIUM",
        "source" : "pom",
        "name" : "developer id",
        "value" : "bonigarcia"
      }, {
        "type" : "vendor",
        "confidence" : "MEDIUM",
        "source" : "pom",
        "name" : "developer name",
        "value" : "Boni Garcia"
      }, {
        "type" : "vendor",
        "confidence" : "HIGHEST",
        "source" : "pom",
        "name" : "groupid",
        "value" : "io.github.bonigarcia"
      }, {
        "type" : "vendor",
        "confidence" : "HIGH",
        "source" : "pom",
        "name" : "name",
        "value" : "WebDriverManager"
      }, {
        "type" : "vendor",
        "confidence" : "HIGHEST",
        "source" : "pom",
        "name" : "url",
        "value" : "https://bonigarcia.dev/webdrivermanager/"
      } ],
      "productEvidence" : [ {
        "type" : "product",
        "confidence" : "HIGH",
        "source" : "file",
        "name" : "name",
        "value" : "webdrivermanager"
      }, {
        "type" : "product",
        "confidence" : "HIGHEST",
        "source" : "jar",
        "name" : "package name",
        "value" : "bonigarcia"
      }, {
        "type" : "product",
        "confidence" : "HIGHEST",
        "source" : "jar",
        "name" : "package name",
        "value" : "github"
      }, {
        "type" : "product",
        "confidence" : "HIGHEST",
        "source" : "jar",
        "name" : "package name",
        "value" : "io"
      }, {
        "type" : "product",
        "confidence" : "MEDIUM",
        "source" : "Manifest",
        "name" : "automatic-module-name",
        "value" : "io.github.bonigarcia.webdrivermanager"
      }, {
        "type" : "product",
        "confidence" : "LOW",
        "source" : "Manifest",
        "name" : "build-jdk-spec",
        "value" : "17"
      }, {
        "type" : "product",
        "confidence" : "LOW",
        "source" : "Manifest",
        "name" : "can-redefine-classes",
        "value" : "true"
      }, {
        "type" : "product",
        "confidence" : "LOW",
        "source" : "Manifest",
        "name" : "can-retransform-classes",
        "value" : "true"
      }, {
        "type" : "product",
        "confidence" : "HIGHEST",
        "source" : "pom",
        "name" : "artifactid",
        "value" : "webdrivermanager"
      }, {
        "type" : "product",
        "confidence" : "LOW",
        "source" : "pom",
        "name" : "developer id",
        "value" : "bonigarcia"
      }, {
        "type" : "product",
        "confidence" : "LOW",
        "source" : "pom",
        "name" : "developer name",
        "value" : "Boni Garcia"
      }, {
        "type" : "product",
        "confidence" : "HIGHEST",
        "source" : "pom",
        "name" : "groupid",
        "value" : "io.github.bonigarcia"
      }, {
        "type" : "product",
        "confidence" : "HIGH",
        "source" : "pom",
        "name" : "name",
        "value" : "WebDriverManager"
      }, {
        "type" : "product",
        "confidence" : "MEDIUM",
        "source" : "pom",
        "name" : "url",
        "value" : "https://bonigarcia.dev/webdrivermanager/"
      } ],
      "versionEvidence" : [ {
        "type" : "version",
        "confidence" : "HIGH",
        "source" : "file",
        "name" : "version",
        "value" : "5.8.0"
      }, {
        "type" : "version",
        "confidence" : "HIGHEST",
        "source" : "pom",
        "name" : "version",
        "value" : "5.8.0"
      } ]
    },
    "packages" : [ {
      "id" : "pkg:maven/io.github.bonigarcia/webdrivermanager@5.8.0",
      "confidence" : "HIGH",
      "url" : "https://ossindex.sonatype.org/component/pkg:maven/io.github.bonigarcia/webdrivermanager@5.8.0?utm_source=dependency-check&utm_medium=integration&utm_content=10.0.3"
    } ],
    "vulnerabilityIds" : [ {
      "id" : "cpe:2.3:a:web_project:web:5.8.0:*:*:*:*:*:*:*",
      "confidence" : "HIGH",
      "url" : "https://nvd.nist.gov/vuln/search/results?form_type=Advanced&results_type=overview&search_type=all&cpe_vendor=cpe%3A%2F%3Aweb_project&cpe_product=cpe%3A%2F%3Aweb_project%3Aweb&cpe_version=cpe%3A%2F%3Aweb_project%3Aweb%3A5.8.0"
    } ]
  } ]
}