{
  "$schema": "https://raw.githubusercontent.com/oasis-tcs/sarif-spec/master/Schemata/sarif-schema-2.1.0.json",
  "version": "2.1.0",
  "runs": [
    {
      "tool": {
        "driver": {
          "name": "SnykCode",
          "semanticVersion": "1.0.0",
          "version": "1.0.0",
          "rules": [
            {
              "id": "java/PT/test",
              "name": "PT/test",
              "shortDescription": {
                "text": "Path Traversal"
              },
              "defaultConfiguration": {
                "level": "note"
              },
              "help": {
                "markdown": "## Details\n\nA Directory Traversal attack (also known as path traversal) aims to access files and directories that are stored outside the intended folder. By manipulating files with \"dot-dot-slash (../)\" sequences and its variations, or by using absolute file paths, it may be possible to access arbitrary files and directories stored on file system, including application source code, configuration, and other critical system files.\n\nBeing able to access and manipulate an arbitrary path leads to vulnerabilities when a program is being run with privileges that the user providing the path should not have. A website with a path traversal vulnerability would allow users access to sensitive files on the server hosting it. CLI programs may also be vulnerable to path traversal if they are being ran with elevated privileges (such as with the setuid or setgid flags in Unix systems).\n\nDirectory Traversal vulnerabilities can be generally divided into two types:\n\n- **Information Disclosure**: Allows the attacker to gain information about the folder structure or read the contents of sensitive files on the system.\n\n`st` is a module for serving static files on web pages, and contains a [vulnerability of this type](https://snyk.io/vuln/npm:st:20140206). In our example, we will serve files from the `public` route.\n\nIf an attacker requests the following URL from our server, it will in turn leak the sensitive private key of the root user.\n\n```\ncurl http://localhost:8080/public/%2e%2e/%2e%2e/%2e%2e/%2e%2e/%2e%2e/root/.ssh/id_rsa\n```\n**Note** `%2e` is the URL encoded version of `.` (dot).\n\n- **Writing arbitrary files**: Allows the attacker to create or replace existing files. This type of vulnerability is also known as `Zip-Slip`.\n\nOne way to achieve this is by using a malicious `zip` archive that holds path traversal filenames. When each filename in the zip archive gets concatenated to the target extraction folder, without validation, the final path ends up outside of the target folder. If an executable or a configuration file is overwritten with a file containing malicious code, the problem can turn into an arbitrary code execution issue quite easily.\n\nThe following is an example of a `zip` archive with one benign file and one malicious file. Extracting the malicious file will result in traversing out of the target folder, ending up in `/root/.ssh/` overwriting the `authorized_keys` file:\n\n```\n2018-04-15 22:04:29 .....           19           19  good.txt\n2018-04-15 22:04:42 .....           20           20  ../../../../../../root/.ssh/authorized_keys\n```",
                "text": ""
              },
              "properties": {
                "tags": [
                  "java",
                  "PT",
                  "Security",
                  "InTest",
                  "SourceNonServer",
                  "SourceLocalEnv",
                  "SourceCLI",
                  "Taint"
                ],
                "categories": [
                  "Security",
                  "InTest"
                ],
                "exampleCommitFixes": [
                  {
                    "commitURL": "https://github.com/blackducksoftware/synopsys-detect/commit/36555b9322986e9560f241d05f2262c29a17663b?diff=split#diff-0762b4660a948292965002710b58e8fdfe28da3fe4aacdf01a6bac7406a33934L-1",
                    "lines": [
                      {
                        "line": "import java.nio.file.Path;\r\n",
                        "lineNumber": 32,
                        "lineChange": "none"
                      },
                      {
                        "line": "import java.util.Enumeration;\r\n",
                        "lineNumber": 33,
                        "lineChange": "none"
                      },
                      {
                        "line": "import java.util.zip.ZipEntry;\r\n",
                        "lineNumber": 34,
                        "lineChange": "none"
                      },
                      {
                        "line": "import java.util.zip.ZipFile;\r\n",
                        "lineNumber": 35,
                        "lineChange": "none"
                      },
                      {
                        "line": "\r\n",
                        "lineNumber": 36,
                        "lineChange": "none"
                      },
                      {
                        "line": "import org.apache.commons.compress.utils.IOUtils;\r\n",
                        "lineNumber": 37,
                        "lineChange": "none"
                      },
                      {
                        "line": "\r\n",
                        "lineNumber": 38,
                        "lineChange": "none"
                      },
                      {
                        "line": "public class DetectZipUtil {\r\n",
                        "lineNumber": 39,
                        "lineChange": "none"
                      },
                      {
                        "line": "\r\n",
                        "lineNumber": 40,
                        "lineChange": "none"
                      },
                      {
                        "line": "    public static void unzip(File zip, File dest, Charset charset) throws IOException {\r\n",
                        "lineNumber": 41,
                        "lineChange": "none"
                      },
                      {
                        "line": "        Path destPath = dest.toPath();\r\n",
                        "lineNumber": 42,
                        "lineChange": "none"
                      },
                      {
                        "line": "        try (ZipFile zipFile = new ZipFile(zip, ZipFile.OPEN_READ, charset)) {\r\n",
                        "lineNumber": 43,
                        "lineChange": "none"
                      },
                      {
                        "line": "            Enumeration<? extends ZipEntry> entries = zipFile.entries();\r\n",
                        "lineNumber": 44,
                        "lineChange": "none"
                      },
                      {
                        "line": "            while (entries.hasMoreElements()) {\r\n",
                        "lineNumber": 45,
                        "lineChange": "none"
                      },
                      {
                        "line": "                ZipEntry entry = entries.nextElement();\r\n",
                        "lineNumber": 46,
                        "lineChange": "none"
                      },
                      {
                        "line": "                Path entryPath = destPath.resolve(entry.getName());\r\n",
                        "lineNumber": 47,
                        "lineChange": "none"
                      },
                      {
                        "line": "                if (!entryPath.normalize().startsWith(dest.toPath()))\r\n",
                        "lineNumber": 48,
                        "lineChange": "added"
                      },
                      {
                        "line": "                    throw new IOException(\"Zip entry contained path traversal\");\r\n",
                        "lineNumber": 49,
                        "lineChange": "added"
                      },
                      {
                        "line": "                if (entry.isDirectory()) {\r\n",
                        "lineNumber": 50,
                        "lineChange": "none"
                      },
                      {
                        "line": "                    Files.createDirectories(entryPath);\r\n",
                        "lineNumber": 51,
                        "lineChange": "none"
                      },
                      {
                        "line": "                } else {\r\n",
                        "lineNumber": 52,
                        "lineChange": "none"
                      },
                      {
                        "line": "                    Files.createDirectories(entryPath.getParent());\r\n",
                        "lineNumber": 53,
                        "lineChange": "none"
                      },
                      {
                        "line": "                    try (InputStream in = zipFile.getInputStream(entry)) {\r\n",
                        "lineNumber": 54,
                        "lineChange": "none"
                      },
                      {
                        "line": "                        try (OutputStream out = new FileOutputStream(entryPath.toFile())) {\r\n",
                        "lineNumber": 55,
                        "lineChange": "none"
                      }
                    ]
                  },
                  {
                    "commitURL": "https://github.com/tingley/globalsight/commit/9e9ea721f67f3a7b7c8d207f34ea549fb4ec52ee?diff=split#diff-10bf7160d01d941d63b0f194ae52f54d3b55ae8e8e33beaa7334783770d39117L-1",
                    "lines": [
                      {
                        "line": " File rootFile = new File(docRoot);\n",
                        "lineNumber": 18,
                        "lineChange": "added"
                      },
                      {
                        "line": "  String rootPath = rootFile.getCanonicalPath();\n",
                        "lineNumber": 19,
                        "lineChange": "added"
                      },
                      {
                        "line": "  String path = file.getCanonicalPath();\n",
                        "lineNumber": 20,
                        "lineChange": "added"
                      },
                      {
                        "line": "\n",
                        "lineNumber": 21,
                        "lineChange": "added"
                      },
                      {
                        "line": "  if (!path.startsWith(rootPath)) {\n",
                        "lineNumber": 22,
                        "lineChange": "added"
                      },
                      {
                        "line": " \t out.print(\"Failed to get XSL file for reason: Bad pathname.\");\n",
                        "lineNumber": 23,
                        "lineChange": "added"
                      },
                      {
                        "line": " \t return;\n",
                        "lineNumber": 24,
                        "lineChange": "added"
                      },
                      {
                        "line": "  }\n",
                        "lineNumber": 25,
                        "lineChange": "added"
                      },
                      {
                        "line": "\n",
                        "lineNumber": 26,
                        "lineChange": "added"
                      },
                      {
                        "line": "  input =  new BufferedReader(new FileReader(file));\n",
                        "lineNumber": 27,
                        "lineChange": "none"
                      }
                    ]
                  },
                  {
                    "commitURL": "https://github.com/OpenRefine/OpenRefine/commit/7f7b71459ca031978c3f8024cb14af13446d6d9c?diff=split#diff-c8321cdc05ebb81f79c44f1f701d1659b3b20baa5d22df0c9ff29cdc5ec7d1a6L-1",
                    "lines": [
                      {
                        "line": "// For CVE-2018-19859, issue #1840\n",
                        "lineNumber": 443,
                        "lineChange": "added"
                      },
                      {
                        "line": "if (!file.toPath().normalize().startsWith(dir.toPath().normalize())) {\n",
                        "lineNumber": 444,
                        "lineChange": "added"
                      },
                      {
                        "line": "\tthrow new IllegalArgumentException(\"Zip archives with files escaping their root directory are not allowed.\");\n",
                        "lineNumber": 445,
                        "lineChange": "added"
                      },
                      {
                        "line": "}\n",
                        "lineNumber": 446,
                        "lineChange": "added"
                      },
                      {
                        "line": "\n",
                        "lineNumber": 447,
                        "lineChange": "none"
                      },
                      {
                        "line": "int dot = name.indexOf('.');\n",
                        "lineNumber": 448,
                        "lineChange": "none"
                      },
                      {
                        "line": "String prefix = dot < 0 ? name : name.substring(0, dot);\n",
                        "lineNumber": 449,
                        "lineChange": "none"
                      },
                      {
                        "line": "String suffix = dot < 0 ? \"\" : name.substring(dot);\n",
                        "lineNumber": 450,
                        "lineChange": "none"
                      },
                      {
                        "line": "int index = 2;\n",
                        "lineNumber": 451,
                        "lineChange": "none"
                      },
                      {
                        "line": "while (file.exists()) {\n",
                        "lineNumber": 452,
                        "lineChange": "none"
                      }
                    ]
                  }
                ],
                "exampleCommitDescriptions": [],
                "precision": "very-high",
                "repoDatasetSize": 49,
                "cwe": [
                  "CWE-23"
                ]
              }
            }
          ]
        }
      },
      "results": [
        {
          "ruleId": "java/PT/test",
          "ruleIndex": 0,
          "level": "note",
          "message": {
            "text": "Unsanitized input from a command line argument flows into java.io.FileInputStream, where it is used as a path. This may result in a Path Traversal vulnerability and allow an attacker to read arbitrary files.",
            "markdown": "Unsanitized input from {0} {1} into {2}, where it is used as a path. This may result in a Path Traversal vulnerability and allow an attacker to read arbitrary files.",
            "arguments": [
              "[a command line argument](0)",
              "[flows](1),(2),(3),(4),(5),(6)",
              "[java.io.FileInputStream](7)"
            ]
          },
          "locations": [
            {
              "physicalLocation": {
                "artifactLocation": {
                  "uri": "src/test/java/perf/ManualReadPerfUntypedStream.java",
                  "uriBaseId": "%SRCROOT%"
                },
                "region": {
                  "startLine": 19,
                  "endLine": 19,
                  "startColumn": 23,
                  "endColumn": 30
                }
              }
            }
          ],
          "fingerprints": {
            "0": "5864376288a83c3fcff38b1aa3f8d9c20d3297b3d1f3e19f17bce56b96706f58",
            "1": "eb2e4dd9.1cbd3ff4.1b9a1d8e.9873842e.c79ed9b7.117e971f.df7e59ba.c5b28e25.8df8fa68.7f413d6f.1bc6f6b2.e22980a8.025462d2.730a5695.377b98a3.03e447a5"
          },
          "codeFlows": [
            {
              "threadFlows": [
                {
                  "locations": [
                    {
                      "location": {
                        "id": 0,
                        "physicalLocation": {
                          "artifactLocation": {
                            "uri": "src/test/java/perf/ManualReadPerfUntypedStream.java",
                            "uriBaseId": "%SRCROOT%"
                          },
                          "region": {
                            "startLine": 19,
                            "endLine": 19,
                            "startColumn": 31,
                            "endColumn": 38
                          }
                        }
                      }
                    },
                    {
                      "location": {
                        "id": 1,
                        "physicalLocation": {
                          "artifactLocation": {
                            "uri": "src/test/java/perf/ManualReadPerfUntypedStream.java",
                            "uriBaseId": "%SRCROOT%"
                          },
                          "region": {
                            "startLine": 19,
                            "endLine": 19,
                            "startColumn": 31,
                            "endColumn": 38
                          }
                        }
                      }
                    },
                    {
                      "location": {
                        "id": 2,
                        "physicalLocation": {
                          "artifactLocation": {
                            "uri": "src/test/java/perf/ObjectReaderTestBase.java",
                            "uriBaseId": "%SRCROOT%"
                          },
                          "region": {
                            "startLine": 227,
                            "endLine": 227,
                            "startColumn": 37,
                            "endColumn": 52
                          }
                        }
                      }
                    },
                    {
                      "location": {
                        "id": 3,
                        "physicalLocation": {
                          "artifactLocation": {
                            "uri": "src/test/java/perf/ObjectReaderTestBase.java",
                            "uriBaseId": "%SRCROOT%"
                          },
                          "region": {
                            "startLine": 229,
                            "endLine": 229,
                            "startColumn": 22,
                            "endColumn": 26
                          }
                        }
                      }
                    },
                    {
                      "location": {
                        "id": 4,
                        "physicalLocation": {
                          "artifactLocation": {
                            "uri": "src/test/java/perf/ObjectReaderTestBase.java",
                            "uriBaseId": "%SRCROOT%"
                          },
                          "region": {
                            "startLine": 229,
                            "endLine": 229,
                            "startColumn": 14,
                            "endColumn": 36
                          }
                        }
                      }
                    },
                    {
                      "location": {
                        "id": 5,
                        "physicalLocation": {
                          "artifactLocation": {
                            "uri": "src/test/java/perf/ObjectReaderTestBase.java",
                            "uriBaseId": "%SRCROOT%"
                          },
                          "region": {
                            "startLine": 230,
                            "endLine": 230,
                            "startColumn": 71,
                            "endColumn": 72
                          }
                        }
                      }
                    },
                    {
                      "location": {
                        "id": 6,
                        "physicalLocation": {
                          "artifactLocation": {
                            "uri": "src/test/java/perf/ObjectReaderTestBase.java",
                            "uriBaseId": "%SRCROOT%"
                          },
                          "region": {
                            "startLine": 233,
                            "endLine": 233,
                            "startColumn": 50,
                            "endColumn": 51
                          }
                        }
                      }
                    },
                    {
                      "location": {
                        "id": 7,
                        "physicalLocation": {
                          "artifactLocation": {
                            "uri": "src/test/java/perf/ObjectReaderTestBase.java",
                            "uriBaseId": "%SRCROOT%"
                          },
                          "region": {
                            "startLine": 233,
                            "endLine": 233,
                            "startColumn": 34,
                            "endColumn": 49
                          }
                        }
                      }
                    }
                  ]
                }
              ]
            }
          ],
          "properties": {
            "priorityScore": 450,
            "priorityScoreFactors": [
              {
                "label": true,
                "type": "multipleOccurrence"
              },
              {
                "label": true,
                "type": "hotFileCodeFlow"
              },
              {
                "label": true,
                "type": "fixExamples"
              }
            ],
            "isAutofixable": false
          }
        },
        {
          "ruleId": "java/PT/test",
          "ruleIndex": 0,
          "level": "note",
          "message": {
            "text": "Unsanitized input from a command line argument flows into java.io.FileInputStream, where it is used as a path. This may result in a Path Traversal vulnerability and allow an attacker to read arbitrary files.",
            "markdown": "Unsanitized input from {0} {1} into {2}, where it is used as a path. This may result in a Path Traversal vulnerability and allow an attacker to read arbitrary files.",
            "arguments": [
              "[a command line argument](0)",
              "[flows](1),(2),(3),(4),(5),(6)",
              "[java.io.FileInputStream](7)"
            ]
          },
          "locations": [
            {
              "physicalLocation": {
                "artifactLocation": {
                  "uri": "src/test/java/perf/ManualReadPerfUntypedReader.java",
                  "uriBaseId": "%SRCROOT%"
                },
                "region": {
                  "startLine": 19,
                  "endLine": 19,
                  "startColumn": 23,
                  "endColumn": 30
                }
              }
            }
          ],
          "fingerprints": {
            "0": "2f0e03a11ff659c79cfc95cf38ab6b906990d69496cb9618c3a9070aff3f19af",
            "1": "eb2e4dd9.1cbd3ff4.1b9a1d8e.9873842e.c79ed9b7.117e971f.df7e59ba.c5b28e25.8df8fa68.7f413d6f.622565c7.e22980a8.025462d2.730a5695.377b98a3.03e447a5"
          },
          "codeFlows": [
            {
              "threadFlows": [
                {
                  "locations": [
                    {
                      "location": {
                        "id": 0,
                        "physicalLocation": {
                          "artifactLocation": {
                            "uri": "src/test/java/perf/ManualReadPerfUntypedReader.java",
                            "uriBaseId": "%SRCROOT%"
                          },
                          "region": {
                            "startLine": 19,
                            "endLine": 19,
                            "startColumn": 31,
                            "endColumn": 38
                          }
                        }
                      }
                    },
                    {
                      "location": {
                        "id": 1,
                        "physicalLocation": {
                          "artifactLocation": {
                            "uri": "src/test/java/perf/ManualReadPerfUntypedReader.java",
                            "uriBaseId": "%SRCROOT%"
                          },
                          "region": {
                            "startLine": 19,
                            "endLine": 19,
                            "startColumn": 31,
                            "endColumn": 38
                          }
                        }
                      }
                    },
                    {
                      "location": {
                        "id": 2,
                        "physicalLocation": {
                          "artifactLocation": {
                            "uri": "src/test/java/perf/ObjectReaderTestBase.java",
                            "uriBaseId": "%SRCROOT%"
                          },
                          "region": {
                            "startLine": 227,
                            "endLine": 227,
                            "startColumn": 37,
                            "endColumn": 52
                          }
                        }
                      }
                    },
                    {
                      "location": {
                        "id": 3,
                        "physicalLocation": {
                          "artifactLocation": {
                            "uri": "src/test/java/perf/ObjectReaderTestBase.java",
                            "uriBaseId": "%SRCROOT%"
                          },
                          "region": {
                            "startLine": 229,
                            "endLine": 229,
                            "startColumn": 22,
                            "endColumn": 26
                          }
                        }
                      }
                    },
                    {
                      "location": {
                        "id": 4,
                        "physicalLocation": {
                          "artifactLocation": {
                            "uri": "src/test/java/perf/ObjectReaderTestBase.java",
                            "uriBaseId": "%SRCROOT%"
                          },
                          "region": {
                            "startLine": 229,
                            "endLine": 229,
                            "startColumn": 14,
                            "endColumn": 36
                          }
                        }
                      }
                    },
                    {
                      "location": {
                        "id": 5,
                        "physicalLocation": {
                          "artifactLocation": {
                            "uri": "src/test/java/perf/ObjectReaderTestBase.java",
                            "uriBaseId": "%SRCROOT%"
                          },
                          "region": {
                            "startLine": 230,
                            "endLine": 230,
                            "startColumn": 71,
                            "endColumn": 72
                          }
                        }
                      }
                    },
                    {
                      "location": {
                        "id": 6,
                        "physicalLocation": {
                          "artifactLocation": {
                            "uri": "src/test/java/perf/ObjectReaderTestBase.java",
                            "uriBaseId": "%SRCROOT%"
                          },
                          "region": {
                            "startLine": 233,
                            "endLine": 233,
                            "startColumn": 50,
                            "endColumn": 51
                          }
                        }
                      }
                    },
                    {
                      "location": {
                        "id": 7,
                        "physicalLocation": {
                          "artifactLocation": {
                            "uri": "src/test/java/perf/ObjectReaderTestBase.java",
                            "uriBaseId": "%SRCROOT%"
                          },
                          "region": {
                            "startLine": 233,
                            "endLine": 233,
                            "startColumn": 34,
                            "endColumn": 49
                          }
                        }
                      }
                    }
                  ]
                }
              ]
            }
          ],
          "properties": {
            "priorityScore": 450,
            "priorityScoreFactors": [
              {
                "label": true,
                "type": "multipleOccurrence"
              },
              {
                "label": true,
                "type": "hotFileCodeFlow"
              },
              {
                "label": true,
                "type": "fixExamples"
              }
            ],
            "isAutofixable": false
          }
        },
        {
          "ruleId": "java/PT/test",
          "ruleIndex": 0,
          "level": "note",
          "message": {
            "text": "Unsanitized input from a command line argument flows into java.io.FileInputStream, where it is used as a path. This may result in a Path Traversal vulnerability and allow an attacker to read arbitrary files.",
            "markdown": "Unsanitized input from {0} {1} into {2}, where it is used as a path. This may result in a Path Traversal vulnerability and allow an attacker to read arbitrary files.",
            "arguments": [
              "[a command line argument](0)",
              "[flows](1),(2),(3),(4),(5),(6)",
              "[java.io.FileInputStream](7)"
            ]
          },
          "locations": [
            {
              "physicalLocation": {
                "artifactLocation": {
                  "uri": "src/test/java/perf/ManualReadPerfUntyped.java",
                  "uriBaseId": "%SRCROOT%"
                },
                "region": {
                  "startLine": 19,
                  "endLine": 19,
                  "startColumn": 23,
                  "endColumn": 30
                }
              }
            }
          ],
          "fingerprints": {
            "0": "27f9abdf64a4175b090977f8d1781138895886fb1de788b218f0d8a8f251a22c",
            "1": "eb2e4dd9.1cbd3ff4.1b9a1d8e.9873842e.c79ed9b7.117e971f.df7e59ba.c5b28e25.8df8fa68.7f413d6f.622565c7.e22980a8.025462d2.730a5695.377b98a3.03e447a5"
          },
          "codeFlows": [
            {
              "threadFlows": [
                {
                  "locations": [
                    {
                      "location": {
                        "id": 0,
                        "physicalLocation": {
                          "artifactLocation": {
                            "uri": "src/test/java/perf/ManualReadPerfUntyped.java",
                            "uriBaseId": "%SRCROOT%"
                          },
                          "region": {
                            "startLine": 19,
                            "endLine": 19,
                            "startColumn": 31,
                            "endColumn": 38
                          }
                        }
                      }
                    },
                    {
                      "location": {
                        "id": 1,
                        "physicalLocation": {
                          "artifactLocation": {
                            "uri": "src/test/java/perf/ManualReadPerfUntyped.java",
                            "uriBaseId": "%SRCROOT%"
                          },
                          "region": {
                            "startLine": 19,
                            "endLine": 19,
                            "startColumn": 31,
                            "endColumn": 38
                          }
                        }
                      }
                    },
                    {
                      "location": {
                        "id": 2,
                        "physicalLocation": {
                          "artifactLocation": {
                            "uri": "src/test/java/perf/ObjectReaderTestBase.java",
                            "uriBaseId": "%SRCROOT%"
                          },
                          "region": {
                            "startLine": 227,
                            "endLine": 227,
                            "startColumn": 37,
                            "endColumn": 52
                          }
                        }
                      }
                    },
                    {
                      "location": {
                        "id": 3,
                        "physicalLocation": {
                          "artifactLocation": {
                            "uri": "src/test/java/perf/ObjectReaderTestBase.java",
                            "uriBaseId": "%SRCROOT%"
                          },
                          "region": {
                            "startLine": 229,
                            "endLine": 229,
                            "startColumn": 22,
                            "endColumn": 26
                          }
                        }
                      }
                    },
                    {
                      "location": {
                        "id": 4,
                        "physicalLocation": {
                          "artifactLocation": {
                            "uri": "src/test/java/perf/ObjectReaderTestBase.java",
                            "uriBaseId": "%SRCROOT%"
                          },
                          "region": {
                            "startLine": 229,
                            "endLine": 229,
                            "startColumn": 14,
                            "endColumn": 36
                          }
                        }
                      }
                    },
                    {
                      "location": {
                        "id": 5,
                        "physicalLocation": {
                          "artifactLocation": {
                            "uri": "src/test/java/perf/ObjectReaderTestBase.java",
                            "uriBaseId": "%SRCROOT%"
                          },
                          "region": {
                            "startLine": 230,
                            "endLine": 230,
                            "startColumn": 71,
                            "endColumn": 72
                          }
                        }
                      }
                    },
                    {
                      "location": {
                        "id": 6,
                        "physicalLocation": {
                          "artifactLocation": {
                            "uri": "src/test/java/perf/ObjectReaderTestBase.java",
                            "uriBaseId": "%SRCROOT%"
                          },
                          "region": {
                            "startLine": 233,
                            "endLine": 233,
                            "startColumn": 50,
                            "endColumn": 51
                          }
                        }
                      }
                    },
                    {
                      "location": {
                        "id": 7,
                        "physicalLocation": {
                          "artifactLocation": {
                            "uri": "src/test/java/perf/ObjectReaderTestBase.java",
                            "uriBaseId": "%SRCROOT%"
                          },
                          "region": {
                            "startLine": 233,
                            "endLine": 233,
                            "startColumn": 34,
                            "endColumn": 49
                          }
                        }
                      }
                    }
                  ]
                }
              ]
            }
          ],
          "properties": {
            "priorityScore": 450,
            "priorityScoreFactors": [
              {
                "label": true,
                "type": "multipleOccurrence"
              },
              {
                "label": true,
                "type": "hotFileCodeFlow"
              },
              {
                "label": true,
                "type": "fixExamples"
              }
            ],
            "isAutofixable": false
          }
        }
      ],
      "properties": {
        "coverage": [
          {
            "isSupported": true,
            "lang": "XML",
            "files": 1,
            "type": "SUPPORTED"
          },
          {
            "isSupported": true,
            "lang": "Java",
            "files": 925,
            "type": "SUPPORTED"
          }
        ]
      }
    }
  ]
}
