{"version": "15.0.6","schema": "https://gitlab.com/gitlab-org/security-products/security-report-schemas/-/raw/v15.0.6/dist/dependency-scanning-report-format.json?ref_type=tags", "scan": {"scanner": {"id": "org.owasp.dependency-check","name": "Dependency-Check Core","version": "10.0.3","vendor": {"name": "OWASP"},"url": "https://github.com/jeremylong/DependencyCheck/"},"analyzer": {"id": "org.owasp.dependency-check","name": "Dependency-Check Core","version": "10.0.3","vendor": {"name": "OWASP"},"url": "https://github.com/jeremylong/DependencyCheck/"},"end_time": "2024-08-12T15:23:38","start_time": "2024-08-12T15:23:38","status":  "success"  ,"type": "dependency_scanning"},"vulnerabilities": [{"id": "CVE-2022-0084","identifiers": [{"type": "NVD", "name": "CVE-2022-0084", "value": "60f457a9eacfdef30082aa742c8139840902c62b", "url": "https://web.nvd.nist.gov/view/vuln/detail?vulnId=CVE-2022-0084"}],"location": {"file": "\/home\/runner\/work\/H6060-Java-Xnio\/H6060-Java-Xnio\/upstream-repository\/target\/api\/target\/xnio-api-3.8.6.Final.jar","dependency": {"package": {"name": "org.jboss.xnio:xnio-api"},"version": "3.8.6.Final"}},"name": "CVE-2022-0084","description": "A flaw was found in XNIO, specifically in the notifyReadClosed method. The issue revealed this method was logging a message to another expected end. This flaw allows an attacker to send flawed requests to a server, possibly causing log contention-related performance concerns or an unwanted disk fill-up.","severity": "High","links": [{"name": "[CVE-2022-0084] CWE-770: Allocation of Resources Without Limits or Throttling","url": "https:\/\/ossindex.sonatype.org\/vulnerability\/CVE-2022-0084?component-type=maven&component-name=org.jboss.xnio%2Fxnio-api&utm_source=dependency-check&utm_medium=integration&utm_content=10.0.3"},{"name": "http:\/\/web.nvd.nist.gov\/view\/vuln\/detail?vulnId=CVE-2022-0084","url": "http:\/\/web.nvd.nist.gov\/view\/vuln\/detail?vulnId=CVE-2022-0084"},{"name": "https:\/\/access.redhat.com\/security\/cve\/cve-2022-0084","url": "https:\/\/access.redhat.com\/security\/cve\/cve-2022-0084"},{"name": "https:\/\/bugzilla.redhat.com\/show_bug.cgi?id=2064226","url": "https:\/\/bugzilla.redhat.com\/show_bug.cgi?id=2064226"},{"name": "https:\/\/security-tracker.debian.org\/tracker\/CVE-2022-0084","url": "https:\/\/security-tracker.debian.org\/tracker\/CVE-2022-0084"},{"name": "ISSUE_TRACKING,VENDOR_ADVISORY","url": "https:\/\/bugzilla.redhat.com\/show_bug.cgi?id=2064226"},{"name": "PATCH,THIRD_PARTY_ADVISORY","url": "https:\/\/github.com\/xnio\/xnio\/commit\/fdefb3b8b715d33387cadc4d48991fb1989b0c12"},{"name": "PATCH,THIRD_PARTY_ADVISORY","url": "https:\/\/github.com\/xnio\/xnio\/pull\/291"},{"name": "VENDOR_ADVISORY","url": "https:\/\/access.redhat.com\/security\/cve\/CVE-2022-0084"}]},{"id": "CVE-2023-5685","identifiers": [{"type": "OSSINDEX", "name": "CVE-2023-5685", "value": "60f457a9eacfdef30082aa742c8139840902c62b"}],"location": {"file": "\/home\/runner\/work\/H6060-Java-Xnio\/H6060-Java-Xnio\/upstream-repository\/target\/api\/target\/xnio-api-3.8.6.Final.jar","dependency": {"package": {"name": "org.jboss.xnio:xnio-api"},"version": "3.8.6.Final"}},"name": "CVE-2023-5685","description": "A flaw was found in XNIO. The XNIO NotifierState that can cause a Stack Overflow Exception when the chain of notifier states becomes problematically large can lead to uncontrolled resource management and a possible denial of service (DoS).","severity": "High","links": [{"name": "[CVE-2023-5685] CWE-400: Uncontrolled Resource Consumption ('Resource Exhaustion')","url": "https:\/\/ossindex.sonatype.org\/vulnerability\/CVE-2023-5685?component-type=maven&component-name=org.jboss.xnio%2Fxnio-api&utm_source=dependency-check&utm_medium=integration&utm_content=10.0.3"},{"name": "http:\/\/web.nvd.nist.gov\/view\/vuln\/detail?vulnId=CVE-2023-5685","url": "http:\/\/web.nvd.nist.gov\/view\/vuln\/detail?vulnId=CVE-2023-5685"},{"name": "https:\/\/access.redhat.com\/security\/cve\/cve-2023-5685","url": "https:\/\/access.redhat.com\/security\/cve\/cve-2023-5685"},{"name": "https:\/\/bugzilla.redhat.com\/show_bug.cgi?id=2241822","url": "https:\/\/bugzilla.redhat.com\/show_bug.cgi?id=2241822"},{"name": "https:\/\/issues.redhat.com\/browse\/XNIO-423","url": "https:\/\/issues.redhat.com\/browse\/XNIO-423"}]},{"id": "CVE-2022-0084","identifiers": [{"type": "NVD", "name": "CVE-2022-0084", "value": "7134bfc6bd58d5ebe6222f52ddaea9b5acdee1a9", "url": "https://web.nvd.nist.gov/view/vuln/detail?vulnId=CVE-2022-0084"}],"location": {"file": "\/home\/runner\/work\/H6060-Java-Xnio\/H6060-Java-Xnio\/upstream-repository\/target\/nio-impl\/target\/xnio-nio-3.8.6.Final.jar","dependency": {"package": {"name": "org.jboss.xnio:xnio-nio"},"version": "3.8.6.Final"}},"name": "CVE-2022-0084","description": "A flaw was found in XNIO, specifically in the notifyReadClosed method. The issue revealed this method was logging a message to another expected end. This flaw allows an attacker to send flawed requests to a server, possibly causing log contention-related performance concerns or an unwanted disk fill-up.","severity": "High","links": [{"name": "ISSUE_TRACKING,VENDOR_ADVISORY","url": "https:\/\/bugzilla.redhat.com\/show_bug.cgi?id=2064226"},{"name": "PATCH,THIRD_PARTY_ADVISORY","url": "https:\/\/github.com\/xnio\/xnio\/commit\/fdefb3b8b715d33387cadc4d48991fb1989b0c12"},{"name": "PATCH,THIRD_PARTY_ADVISORY","url": "https:\/\/github.com\/xnio\/xnio\/pull\/291"},{"name": "VENDOR_ADVISORY","url": "https:\/\/access.redhat.com\/security\/cve\/CVE-2022-0084"}]}],"dependency_files": [{"path": "pom.xml","package_manager": "maven","dependencies": [{"package": {"name": "org.jboss.xnio:xnio-api"},"version": "3.8.6.Final"},{"package": {"name": "org.jboss.xnio:xnio-nio"},"version": "3.8.6.Final"}]}],"remediations": [] }