{
  "reportSchema" : "1.1",
  "scanInfo" : {
    "engineVersion" : "10.0.3",
    "dataSource" : [ {
      "name" : "NVD API Last Checked",
      "timestamp" : "2024-08-12T15:23:30Z"
    }, {
      "name" : "NVD API Last Modified",
      "timestamp" : "2024-08-12T15:22:20Z"
    } ]
  },
  "projectInfo" : {
    "name" : "H6060-Java-Xnio",
    "reportDate" : "2024-08-12T15:23:38.910859Z",
    "credits" : {
      "NVD" : "This product uses the NVD API but is not endorsed or certified by the NVD. This report contains data retrieved from the National Vulnerability Database: https://nvd.nist.gov",
      "CISA" : "This report may contain data retrieved from the CISA Known Exploited Vulnerability Catalog: https://www.cisa.gov/known-exploited-vulnerabilities-catalog",
      "NPM" : "This report may contain data retrieved from the Github Advisory Database (via NPM Audit API): https://github.com/advisories/",
      "RETIREJS" : "This report may contain data retrieved from the RetireJS community: https://retirejs.github.io/retire.js/",
      "OSSINDEX" : "This report may contain data retrieved from the Sonatype OSS Index: https://ossindex.sonatype.org"
    }
  },
  "dependencies" : [ {
    "isVirtual" : false,
    "fileName" : "xnio-api-3.8.6.Final-sources.jar",
    "filePath" : "/home/runner/work/H6060-Java-Xnio/H6060-Java-Xnio/upstream-repository/target/api/target/xnio-api-3.8.6.Final-sources.jar",
    "md5" : "10c923b7d8a105a904e7b971607aae6c",
    "sha1" : "0dd67c98fd0869f4bb31332cbb9512c45444d52d",
    "sha256" : "f92fc7c360adbb73ec2c231f91cc198b137f6a7f44d2dbc33269f67044053d7e",
    "evidenceCollected" : {
      "vendorEvidence" : [ {
        "type" : "vendor",
        "confidence" : "HIGH",
        "source" : "file",
        "name" : "name",
        "value" : "xnio-api"
      } ],
      "productEvidence" : [ {
        "type" : "product",
        "confidence" : "HIGH",
        "source" : "file",
        "name" : "name",
        "value" : "xnio-api"
      } ],
      "versionEvidence" : [ {
        "type" : "version",
        "confidence" : "MEDIUM",
        "source" : "file",
        "name" : "name",
        "value" : "xnio-api"
      }, {
        "type" : "version",
        "confidence" : "HIGH",
        "source" : "file",
        "name" : "version",
        "value" : "3.8.6"
      } ]
    }
  }, {
    "isVirtual" : false,
    "fileName" : "xnio-api-3.8.6.Final.jar",
    "filePath" : "/home/runner/work/H6060-Java-Xnio/H6060-Java-Xnio/upstream-repository/target/api/target/xnio-api-3.8.6.Final.jar",
    "md5" : "17157afd4aaac7f4772701affd6aa9de",
    "sha1" : "60f457a9eacfdef30082aa742c8139840902c62b",
    "sha256" : "2bc4ce45b971d1a209cb56c2e3548cfcd870983c28307aa14a1384fb2dd9c61f",
    "description" : "The API JAR of the XNIO project",
    "license" : "http://repository.jboss.org/licenses/apache-2.0.txt",
    "evidenceCollected" : {
      "vendorEvidence" : [ {
        "type" : "vendor",
        "confidence" : "HIGH",
        "source" : "file",
        "name" : "name",
        "value" : "xnio-api"
      }, {
        "type" : "vendor",
        "confidence" : "HIGHEST",
        "source" : "hint analyzer",
        "name" : "vendor",
        "value" : "redhat"
      }, {
        "type" : "vendor",
        "confidence" : "HIGHEST",
        "source" : "jar",
        "name" : "package name",
        "value" : "xnio"
      }, {
        "type" : "vendor",
        "confidence" : "LOW",
        "source" : "Manifest",
        "name" : "build-jdk-spec",
        "value" : "11"
      }, {
        "type" : "vendor",
        "confidence" : "LOW",
        "source" : "Manifest",
        "name" : "bundle-docurl",
        "value" : "http://www.jboss.org"
      }, {
        "type" : "vendor",
        "confidence" : "MEDIUM",
        "source" : "Manifest",
        "name" : "bundle-symbolicname",
        "value" : "org.jboss.xnio.api"
      }, {
        "type" : "vendor",
        "confidence" : "LOW",
        "source" : "Manifest",
        "name" : "implementation-url",
        "value" : "http://www.jboss.org/xnio"
      }, {
        "type" : "vendor",
        "confidence" : "HIGH",
        "source" : "Manifest",
        "name" : "Implementation-Vendor",
        "value" : "JBoss by Red Hat"
      }, {
        "type" : "vendor",
        "confidence" : "MEDIUM",
        "source" : "Manifest",
        "name" : "Implementation-Vendor-Id",
        "value" : "org.jboss.xnio"
      }, {
        "type" : "vendor",
        "confidence" : "MEDIUM",
        "source" : "Manifest",
        "name" : "jar-name",
        "value" : "xnio-api"
      }, {
        "type" : "vendor",
        "confidence" : "LOW",
        "source" : "Manifest",
        "name" : "os-arch",
        "value" : "amd64"
      }, {
        "type" : "vendor",
        "confidence" : "MEDIUM",
        "source" : "Manifest",
        "name" : "os-name",
        "value" : "Linux"
      }, {
        "type" : "vendor",
        "confidence" : "LOW",
        "source" : "Manifest",
        "name" : "specification-vendor",
        "value" : "JBoss by Red Hat"
      }, {
        "type" : "vendor",
        "confidence" : "LOW",
        "source" : "pom",
        "name" : "artifactid",
        "value" : "xnio-api"
      }, {
        "type" : "vendor",
        "confidence" : "HIGHEST",
        "source" : "pom",
        "name" : "groupid",
        "value" : "org.jboss.xnio"
      }, {
        "type" : "vendor",
        "confidence" : "HIGH",
        "source" : "pom",
        "name" : "name",
        "value" : "XNIO API"
      }, {
        "type" : "vendor",
        "confidence" : "LOW",
        "source" : "pom",
        "name" : "parent-artifactid",
        "value" : "xnio-all"
      }, {
        "type" : "vendor",
        "confidence" : "HIGHEST",
        "source" : "pom",
        "name" : "url",
        "value" : "http://www.jboss.org/xnio"
      } ],
      "productEvidence" : [ {
        "type" : "product",
        "confidence" : "HIGH",
        "source" : "file",
        "name" : "name",
        "value" : "xnio-api"
      }, {
        "type" : "product",
        "confidence" : "HIGHEST",
        "source" : "jar",
        "name" : "package name",
        "value" : "http"
      }, {
        "type" : "product",
        "confidence" : "HIGHEST",
        "source" : "jar",
        "name" : "package name",
        "value" : "xnio"
      }, {
        "type" : "product",
        "confidence" : "LOW",
        "source" : "Manifest",
        "name" : "build-jdk-spec",
        "value" : "11"
      }, {
        "type" : "product",
        "confidence" : "LOW",
        "source" : "Manifest",
        "name" : "bundle-docurl",
        "value" : "http://www.jboss.org"
      }, {
        "type" : "product",
        "confidence" : "MEDIUM",
        "source" : "Manifest",
        "name" : "Bundle-Name",
        "value" : "XNIO API"
      }, {
        "type" : "product",
        "confidence" : "MEDIUM",
        "source" : "Manifest",
        "name" : "bundle-symbolicname",
        "value" : "org.jboss.xnio.api"
      }, {
        "type" : "product",
        "confidence" : "HIGH",
        "source" : "Manifest",
        "name" : "Implementation-Title",
        "value" : "XNIO API"
      }, {
        "type" : "product",
        "confidence" : "LOW",
        "source" : "Manifest",
        "name" : "implementation-url",
        "value" : "http://www.jboss.org/xnio"
      }, {
        "type" : "product",
        "confidence" : "MEDIUM",
        "source" : "Manifest",
        "name" : "jar-name",
        "value" : "xnio-api"
      }, {
        "type" : "product",
        "confidence" : "LOW",
        "source" : "Manifest",
        "name" : "os-arch",
        "value" : "amd64"
      }, {
        "type" : "product",
        "confidence" : "MEDIUM",
        "source" : "Manifest",
        "name" : "os-name",
        "value" : "Linux"
      }, {
        "type" : "product",
        "confidence" : "MEDIUM",
        "source" : "Manifest",
        "name" : "specification-title",
        "value" : "XNIO API"
      }, {
        "type" : "product",
        "confidence" : "HIGHEST",
        "source" : "pom",
        "name" : "artifactid",
        "value" : "xnio-api"
      }, {
        "type" : "product",
        "confidence" : "HIGHEST",
        "source" : "pom",
        "name" : "groupid",
        "value" : "org.jboss.xnio"
      }, {
        "type" : "product",
        "confidence" : "HIGH",
        "source" : "pom",
        "name" : "name",
        "value" : "XNIO API"
      }, {
        "type" : "product",
        "confidence" : "MEDIUM",
        "source" : "pom",
        "name" : "parent-artifactid",
        "value" : "xnio-all"
      }, {
        "type" : "product",
        "confidence" : "MEDIUM",
        "source" : "pom",
        "name" : "url",
        "value" : "http://www.jboss.org/xnio"
      } ],
      "versionEvidence" : [ {
        "type" : "version",
        "confidence" : "HIGH",
        "source" : "Manifest",
        "name" : "Bundle-Version",
        "value" : "3.8.6.Final"
      }, {
        "type" : "version",
        "confidence" : "HIGH",
        "source" : "Manifest",
        "name" : "Implementation-Version",
        "value" : "3.8.6.Final"
      }, {
        "type" : "version",
        "confidence" : "MEDIUM",
        "source" : "Manifest",
        "name" : "jar-version",
        "value" : "3.8.6.Final"
      }, {
        "type" : "version",
        "confidence" : "HIGHEST",
        "source" : "pom",
        "name" : "version",
        "value" : "3.8.6.Final"
      } ]
    },
    "packages" : [ {
      "id" : "pkg:maven/org.jboss.xnio/xnio-api@3.8.6.Final",
      "confidence" : "HIGH",
      "url" : "https://ossindex.sonatype.org/component/pkg:maven/org.jboss.xnio/xnio-api@3.8.6.Final?utm_source=dependency-check&utm_medium=integration&utm_content=10.0.3"
    } ],
    "vulnerabilityIds" : [ {
      "id" : "cpe:2.3:a:redhat:xnio:3.8.6:*:*:*:*:*:*:*",
      "confidence" : "HIGHEST",
      "url" : "https://nvd.nist.gov/vuln/search/results?form_type=Advanced&results_type=overview&search_type=all&cpe_vendor=cpe%3A%2F%3Aredhat&cpe_product=cpe%3A%2F%3Aredhat%3Axnio&cpe_version=cpe%3A%2F%3Aredhat%3Axnio%3A3.8.6"
    } ],
    "vulnerabilities" : [ {
      "source" : "NVD",
      "name" : "CVE-2022-0084",
      "severity" : "HIGH",
      "cvssv3" : {
        "baseScore" : 7.5,
        "attackVector" : "NETWORK",
        "attackComplexity" : "LOW",
        "privilegesRequired" : "NONE",
        "userInteraction" : "NONE",
        "scope" : "UNCHANGED",
        "confidentialityImpact" : "NONE",
        "integrityImpact" : "NONE",
        "availabilityImpact" : "HIGH",
        "baseSeverity" : "HIGH",
        "exploitabilityScore" : "3.9",
        "impactScore" : "3.6",
        "version" : "3.1"
      },
      "cwes" : [ "CWE-770" ],
      "description" : "A flaw was found in XNIO, specifically in the notifyReadClosed method. The issue revealed this method was logging a message to another expected end. This flaw allows an attacker to send flawed requests to a server, possibly causing log contention-related performance concerns or an unwanted disk fill-up.",
      "notes" : "",
      "references" : [ {
        "source" : "OSSIndex",
        "url" : "https://bugzilla.redhat.com/show_bug.cgi?id=2064226",
        "name" : "https://bugzilla.redhat.com/show_bug.cgi?id=2064226"
      }, {
        "source" : "secalert@redhat.com",
        "url" : "https://access.redhat.com/security/cve/CVE-2022-0084",
        "name" : "VENDOR_ADVISORY"
      }, {
        "source" : "OSSIndex",
        "url" : "http://web.nvd.nist.gov/view/vuln/detail?vulnId=CVE-2022-0084",
        "name" : "http://web.nvd.nist.gov/view/vuln/detail?vulnId=CVE-2022-0084"
      }, {
        "source" : "secalert@redhat.com",
        "url" : "https://github.com/xnio/xnio/commit/fdefb3b8b715d33387cadc4d48991fb1989b0c12",
        "name" : "PATCH,THIRD_PARTY_ADVISORY"
      }, {
        "source" : "OSSINDEX",
        "url" : "https://ossindex.sonatype.org/vulnerability/CVE-2022-0084?component-type=maven&component-name=org.jboss.xnio%2Fxnio-api&utm_source=dependency-check&utm_medium=integration&utm_content=10.0.3",
        "name" : "[CVE-2022-0084] CWE-770: Allocation of Resources Without Limits or Throttling"
      }, {
        "source" : "secalert@redhat.com",
        "url" : "https://github.com/xnio/xnio/pull/291",
        "name" : "PATCH,THIRD_PARTY_ADVISORY"
      }, {
        "source" : "OSSIndex",
        "url" : "https://security-tracker.debian.org/tracker/CVE-2022-0084",
        "name" : "https://security-tracker.debian.org/tracker/CVE-2022-0084"
      }, {
        "source" : "secalert@redhat.com",
        "url" : "https://bugzilla.redhat.com/show_bug.cgi?id=2064226",
        "name" : "ISSUE_TRACKING,VENDOR_ADVISORY"
      }, {
        "source" : "OSSIndex",
        "url" : "https://access.redhat.com/security/cve/cve-2022-0084",
        "name" : "https://access.redhat.com/security/cve/cve-2022-0084"
      } ],
      "vulnerableSoftware" : [ {
        "software" : {
          "id" : "cpe:2.3:a:redhat:integration_camel_k:-:*:*:*:*:*:*:*"
        }
      }, {
        "software" : {
          "id" : "cpe:2.3:a:redhat:integration_camel_quarkus:-:*:*:*:*:*:*:*"
        }
      }, {
        "software" : {
          "id" : "cpe:2.3:a:redhat:single_sign-on:7.0:*:*:*:*:*:*:*"
        }
      }, {
        "software" : {
          "id" : "cpe:2.3:a:redhat:xnio:*:*:*:*:*:*:*:*",
          "vulnerabilityIdMatched" : "true",
          "versionEndExcluding" : "3.8.7"
        }
      } ]
    }, {
      "source" : "OSSINDEX",
      "name" : "CVE-2023-5685",
      "severity" : "HIGH",
      "cvssv3" : {
        "baseScore" : 7.5,
        "attackVector" : "NETWORK",
        "attackComplexity" : "LOW",
        "privilegesRequired" : "NONE",
        "userInteraction" : "NONE",
        "scope" : "UNCHANGED",
        "confidentialityImpact" : "NONE",
        "integrityImpact" : "NONE",
        "availabilityImpact" : "HIGH",
        "baseSeverity" : "HIGH",
        "version" : "3.1"
      },
      "cwes" : [ "CWE-400" ],
      "description" : "A flaw was found in XNIO. The XNIO NotifierState that can cause a Stack Overflow Exception when the chain of notifier states becomes problematically large can lead to uncontrolled resource management and a possible denial of service (DoS).",
      "notes" : "",
      "references" : [ {
        "source" : "OSSIndex",
        "url" : "http://web.nvd.nist.gov/view/vuln/detail?vulnId=CVE-2023-5685",
        "name" : "http://web.nvd.nist.gov/view/vuln/detail?vulnId=CVE-2023-5685"
      }, {
        "source" : "OSSIndex",
        "url" : "https://access.redhat.com/security/cve/cve-2023-5685",
        "name" : "https://access.redhat.com/security/cve/cve-2023-5685"
      }, {
        "source" : "OSSIndex",
        "url" : "https://issues.redhat.com/browse/XNIO-423",
        "name" : "https://issues.redhat.com/browse/XNIO-423"
      }, {
        "source" : "OSSIndex",
        "url" : "https://bugzilla.redhat.com/show_bug.cgi?id=2241822",
        "name" : "https://bugzilla.redhat.com/show_bug.cgi?id=2241822"
      }, {
        "source" : "OSSINDEX",
        "url" : "https://ossindex.sonatype.org/vulnerability/CVE-2023-5685?component-type=maven&component-name=org.jboss.xnio%2Fxnio-api&utm_source=dependency-check&utm_medium=integration&utm_content=10.0.3",
        "name" : "[CVE-2023-5685] CWE-400: Uncontrolled Resource Consumption ('Resource Exhaustion')"
      } ],
      "vulnerableSoftware" : [ {
        "software" : {
          "id" : "cpe:2.3:a:org.jboss.xnio:xnio-api:3.8.6.Final:*:*:*:*:*:*:*",
          "vulnerabilityIdMatched" : "true"
        }
      } ]
    } ]
  }, {
    "isVirtual" : false,
    "fileName" : "xnio-nio-3.8.6.Final-sources.jar",
    "filePath" : "/home/runner/work/H6060-Java-Xnio/H6060-Java-Xnio/upstream-repository/target/nio-impl/target/xnio-nio-3.8.6.Final-sources.jar",
    "md5" : "43482645c279155b52fc302469cd9bd6",
    "sha1" : "c3786f69e3698f9a826da1078477fa3fe4ebd2ca",
    "sha256" : "f9cacf0f5247bdaae6b5199a0a4d5a222bd65f76319d790a4e1342230ac9387b",
    "evidenceCollected" : {
      "vendorEvidence" : [ {
        "type" : "vendor",
        "confidence" : "HIGH",
        "source" : "file",
        "name" : "name",
        "value" : "xnio-nio"
      } ],
      "productEvidence" : [ {
        "type" : "product",
        "confidence" : "HIGH",
        "source" : "file",
        "name" : "name",
        "value" : "xnio-nio"
      } ],
      "versionEvidence" : [ {
        "type" : "version",
        "confidence" : "MEDIUM",
        "source" : "file",
        "name" : "name",
        "value" : "xnio-nio"
      }, {
        "type" : "version",
        "confidence" : "HIGH",
        "source" : "file",
        "name" : "version",
        "value" : "3.8.6"
      } ]
    }
  }, {
    "isVirtual" : false,
    "fileName" : "xnio-nio-3.8.6.Final.jar",
    "filePath" : "/home/runner/work/H6060-Java-Xnio/H6060-Java-Xnio/upstream-repository/target/nio-impl/target/xnio-nio-3.8.6.Final.jar",
    "md5" : "dede94f0120406343d5ce52ea3b5c4d6",
    "sha1" : "7134bfc6bd58d5ebe6222f52ddaea9b5acdee1a9",
    "sha256" : "f0d4963138c30fdbe77ed023c73609c1bcfb09c18469a535e3dd0a59b7bed2be",
    "description" : "The NIO implementation of the XNIO project",
    "license" : "http://repository.jboss.org/licenses/apache-2.0.txt",
    "evidenceCollected" : {
      "vendorEvidence" : [ {
        "type" : "vendor",
        "confidence" : "HIGH",
        "source" : "file",
        "name" : "name",
        "value" : "xnio-nio"
      }, {
        "type" : "vendor",
        "confidence" : "HIGHEST",
        "source" : "hint analyzer",
        "name" : "vendor",
        "value" : "redhat"
      }, {
        "type" : "vendor",
        "confidence" : "HIGHEST",
        "source" : "jar",
        "name" : "package name",
        "value" : "nio"
      }, {
        "type" : "vendor",
        "confidence" : "HIGHEST",
        "source" : "jar",
        "name" : "package name",
        "value" : "xnio"
      }, {
        "type" : "vendor",
        "confidence" : "LOW",
        "source" : "Manifest",
        "name" : "build-jdk-spec",
        "value" : "11"
      }, {
        "type" : "vendor",
        "confidence" : "LOW",
        "source" : "Manifest",
        "name" : "bundle-docurl",
        "value" : "http://www.jboss.org"
      }, {
        "type" : "vendor",
        "confidence" : "MEDIUM",
        "source" : "Manifest",
        "name" : "bundle-symbolicname",
        "value" : "org.jboss.xnio.nio"
      }, {
        "type" : "vendor",
        "confidence" : "LOW",
        "source" : "Manifest",
        "name" : "implementation-url",
        "value" : "http://www.jboss.org/xnio-all/xnio-nio"
      }, {
        "type" : "vendor",
        "confidence" : "HIGH",
        "source" : "Manifest",
        "name" : "Implementation-Vendor",
        "value" : "JBoss by Red Hat"
      }, {
        "type" : "vendor",
        "confidence" : "MEDIUM",
        "source" : "Manifest",
        "name" : "Implementation-Vendor-Id",
        "value" : "org.jboss.xnio"
      }, {
        "type" : "vendor",
        "confidence" : "MEDIUM",
        "source" : "Manifest",
        "name" : "jar-name",
        "value" : "xnio-nio"
      }, {
        "type" : "vendor",
        "confidence" : "LOW",
        "source" : "Manifest",
        "name" : "os-arch",
        "value" : "amd64"
      }, {
        "type" : "vendor",
        "confidence" : "MEDIUM",
        "source" : "Manifest",
        "name" : "os-name",
        "value" : "Linux"
      }, {
        "type" : "vendor",
        "confidence" : "LOW",
        "source" : "Manifest",
        "name" : "provide-capability",
        "value" : "osgi.service;objectClass=\"org.xnio.Xnio\";name=xnio"
      }, {
        "type" : "vendor",
        "confidence" : "LOW",
        "source" : "Manifest",
        "name" : "specification-vendor",
        "value" : "JBoss by Red Hat"
      }, {
        "type" : "vendor",
        "confidence" : "LOW",
        "source" : "pom",
        "name" : "artifactid",
        "value" : "xnio-nio"
      }, {
        "type" : "vendor",
        "confidence" : "HIGHEST",
        "source" : "pom",
        "name" : "groupid",
        "value" : "org.jboss.xnio"
      }, {
        "type" : "vendor",
        "confidence" : "HIGH",
        "source" : "pom",
        "name" : "name",
        "value" : "XNIO NIO Implementation"
      }, {
        "type" : "vendor",
        "confidence" : "LOW",
        "source" : "pom",
        "name" : "parent-artifactid",
        "value" : "xnio-all"
      } ],
      "productEvidence" : [ {
        "type" : "product",
        "confidence" : "HIGH",
        "source" : "file",
        "name" : "name",
        "value" : "xnio-nio"
      }, {
        "type" : "product",
        "confidence" : "HIGHEST",
        "source" : "jar",
        "name" : "package name",
        "value" : "nio"
      }, {
        "type" : "product",
        "confidence" : "HIGHEST",
        "source" : "jar",
        "name" : "package name",
        "value" : "xnio"
      }, {
        "type" : "product",
        "confidence" : "LOW",
        "source" : "Manifest",
        "name" : "build-jdk-spec",
        "value" : "11"
      }, {
        "type" : "product",
        "confidence" : "LOW",
        "source" : "Manifest",
        "name" : "bundle-docurl",
        "value" : "http://www.jboss.org"
      }, {
        "type" : "product",
        "confidence" : "MEDIUM",
        "source" : "Manifest",
        "name" : "Bundle-Name",
        "value" : "XNIO NIO Implementation"
      }, {
        "type" : "product",
        "confidence" : "MEDIUM",
        "source" : "Manifest",
        "name" : "bundle-symbolicname",
        "value" : "org.jboss.xnio.nio"
      }, {
        "type" : "product",
        "confidence" : "HIGH",
        "source" : "Manifest",
        "name" : "Implementation-Title",
        "value" : "XNIO NIO Implementation"
      }, {
        "type" : "product",
        "confidence" : "LOW",
        "source" : "Manifest",
        "name" : "implementation-url",
        "value" : "http://www.jboss.org/xnio-all/xnio-nio"
      }, {
        "type" : "product",
        "confidence" : "MEDIUM",
        "source" : "Manifest",
        "name" : "jar-name",
        "value" : "xnio-nio"
      }, {
        "type" : "product",
        "confidence" : "LOW",
        "source" : "Manifest",
        "name" : "os-arch",
        "value" : "amd64"
      }, {
        "type" : "product",
        "confidence" : "MEDIUM",
        "source" : "Manifest",
        "name" : "os-name",
        "value" : "Linux"
      }, {
        "type" : "product",
        "confidence" : "LOW",
        "source" : "Manifest",
        "name" : "provide-capability",
        "value" : "osgi.service;objectClass=\"org.xnio.Xnio\";name=xnio"
      }, {
        "type" : "product",
        "confidence" : "MEDIUM",
        "source" : "Manifest",
        "name" : "specification-title",
        "value" : "XNIO NIO Implementation"
      }, {
        "type" : "product",
        "confidence" : "HIGHEST",
        "source" : "pom",
        "name" : "artifactid",
        "value" : "xnio-nio"
      }, {
        "type" : "product",
        "confidence" : "HIGHEST",
        "source" : "pom",
        "name" : "groupid",
        "value" : "org.jboss.xnio"
      }, {
        "type" : "product",
        "confidence" : "HIGH",
        "source" : "pom",
        "name" : "name",
        "value" : "XNIO NIO Implementation"
      }, {
        "type" : "product",
        "confidence" : "MEDIUM",
        "source" : "pom",
        "name" : "parent-artifactid",
        "value" : "xnio-all"
      } ],
      "versionEvidence" : [ {
        "type" : "version",
        "confidence" : "HIGH",
        "source" : "Manifest",
        "name" : "Bundle-Version",
        "value" : "3.8.6.Final"
      }, {
        "type" : "version",
        "confidence" : "HIGH",
        "source" : "Manifest",
        "name" : "Implementation-Version",
        "value" : "3.8.6.Final"
      }, {
        "type" : "version",
        "confidence" : "MEDIUM",
        "source" : "Manifest",
        "name" : "jar-version",
        "value" : "3.8.6.Final"
      }, {
        "type" : "version",
        "confidence" : "HIGHEST",
        "source" : "pom",
        "name" : "version",
        "value" : "3.8.6.Final"
      } ]
    },
    "packages" : [ {
      "id" : "pkg:maven/org.jboss.xnio/xnio-nio@3.8.6.Final",
      "confidence" : "HIGH",
      "url" : "https://ossindex.sonatype.org/component/pkg:maven/org.jboss.xnio/xnio-nio@3.8.6.Final?utm_source=dependency-check&utm_medium=integration&utm_content=10.0.3"
    } ],
    "vulnerabilityIds" : [ {
      "id" : "cpe:2.3:a:redhat:xnio:3.8.6:*:*:*:*:*:*:*",
      "confidence" : "HIGHEST",
      "url" : "https://nvd.nist.gov/vuln/search/results?form_type=Advanced&results_type=overview&search_type=all&cpe_vendor=cpe%3A%2F%3Aredhat&cpe_product=cpe%3A%2F%3Aredhat%3Axnio&cpe_version=cpe%3A%2F%3Aredhat%3Axnio%3A3.8.6"
    } ],
    "vulnerabilities" : [ {
      "source" : "NVD",
      "name" : "CVE-2022-0084",
      "severity" : "HIGH",
      "cvssv3" : {
        "baseScore" : 7.5,
        "attackVector" : "NETWORK",
        "attackComplexity" : "LOW",
        "privilegesRequired" : "NONE",
        "userInteraction" : "NONE",
        "scope" : "UNCHANGED",
        "confidentialityImpact" : "NONE",
        "integrityImpact" : "NONE",
        "availabilityImpact" : "HIGH",
        "baseSeverity" : "HIGH",
        "exploitabilityScore" : "3.9",
        "impactScore" : "3.6",
        "version" : "3.1"
      },
      "cwes" : [ "CWE-770" ],
      "description" : "A flaw was found in XNIO, specifically in the notifyReadClosed method. The issue revealed this method was logging a message to another expected end. This flaw allows an attacker to send flawed requests to a server, possibly causing log contention-related performance concerns or an unwanted disk fill-up.",
      "notes" : "",
      "references" : [ {
        "source" : "secalert@redhat.com",
        "url" : "https://access.redhat.com/security/cve/CVE-2022-0084",
        "name" : "VENDOR_ADVISORY"
      }, {
        "source" : "secalert@redhat.com",
        "url" : "https://github.com/xnio/xnio/commit/fdefb3b8b715d33387cadc4d48991fb1989b0c12",
        "name" : "PATCH,THIRD_PARTY_ADVISORY"
      }, {
        "source" : "secalert@redhat.com",
        "url" : "https://github.com/xnio/xnio/pull/291",
        "name" : "PATCH,THIRD_PARTY_ADVISORY"
      }, {
        "source" : "secalert@redhat.com",
        "url" : "https://bugzilla.redhat.com/show_bug.cgi?id=2064226",
        "name" : "ISSUE_TRACKING,VENDOR_ADVISORY"
      } ],
      "vulnerableSoftware" : [ {
        "software" : {
          "id" : "cpe:2.3:a:redhat:integration_camel_k:-:*:*:*:*:*:*:*"
        }
      }, {
        "software" : {
          "id" : "cpe:2.3:a:redhat:integration_camel_quarkus:-:*:*:*:*:*:*:*"
        }
      }, {
        "software" : {
          "id" : "cpe:2.3:a:redhat:single_sign-on:7.0:*:*:*:*:*:*:*"
        }
      }, {
        "software" : {
          "id" : "cpe:2.3:a:redhat:xnio:*:*:*:*:*:*:*:*",
          "vulnerabilityIdMatched" : "true",
          "versionEndExcluding" : "3.8.7"
        }
      } ]
    } ]
  } ]
}