<?xml version="1.0" encoding="UTF-8"?><analysis xmlns="https://jeremylong.github.io/DependencyCheck/dependency-check.4.0.xsd">
  <scanInfo>
    <engineVersion>10.0.3</engineVersion>
    <dataSource>
      <name>NVD API Last Checked</name>
      <timestamp>2024-08-12T15:23:30Z</timestamp>
    </dataSource>
    <dataSource>
      <name>NVD API Last Modified</name>
      <timestamp>2024-08-12T15:22:20Z</timestamp>
    </dataSource>
  </scanInfo>
  <projectInfo>
    <name>H6060-Java-Xnio</name>
    <reportDate>2024-08-12T15:23:38.910859Z</reportDate>
    <credits>This product uses the NVD API but is not endorsed or certified by the NVD. This report contains data retrieved from the National Vulnerability Database: https://nvd.nist.gov, Github Advisory Database (via NPM Audit API): https://github.com/advisories/, and the RetireJS community.</credits>
  </projectInfo>
  <dependencies>
    <dependency isVirtual="false">
      <fileName>xnio-api-3.8.6.Final-sources.jar</fileName>
      <filePath>/home/runner/work/H6060-Java-Xnio/H6060-Java-Xnio/upstream-repository/target/api/target/xnio-api-3.8.6.Final-sources.jar</filePath>
      <md5>10c923b7d8a105a904e7b971607aae6c</md5>
      <sha1>0dd67c98fd0869f4bb31332cbb9512c45444d52d</sha1>
      <sha256>f92fc7c360adbb73ec2c231f91cc198b137f6a7f44d2dbc33269f67044053d7e</sha256>
      <evidenceCollected>
        <evidence type="vendor" confidence="HIGH">
          <source>file</source>
          <name>name</name>
          <value>xnio-api</value>
        </evidence>
        <evidence type="product" confidence="HIGH">
          <source>file</source>
          <name>name</name>
          <value>xnio-api</value>
        </evidence>
        <evidence type="version" confidence="MEDIUM">
          <source>file</source>
          <name>name</name>
          <value>xnio-api</value>
        </evidence>
        <evidence type="version" confidence="HIGH">
          <source>file</source>
          <name>version</name>
          <value>3.8.6</value>
        </evidence>
      </evidenceCollected>
    </dependency>
    <dependency isVirtual="false">
      <fileName>xnio-api-3.8.6.Final.jar</fileName>
      <filePath>/home/runner/work/H6060-Java-Xnio/H6060-Java-Xnio/upstream-repository/target/api/target/xnio-api-3.8.6.Final.jar</filePath>
      <md5>17157afd4aaac7f4772701affd6aa9de</md5>
      <sha1>60f457a9eacfdef30082aa742c8139840902c62b</sha1>
      <sha256>2bc4ce45b971d1a209cb56c2e3548cfcd870983c28307aa14a1384fb2dd9c61f</sha256>
      <description>The API JAR of the XNIO project</description>
      <license>http://repository.jboss.org/licenses/apache-2.0.txt</license>
      <evidenceCollected>
        <evidence type="vendor" confidence="HIGH">
          <source>file</source>
          <name>name</name>
          <value>xnio-api</value>
        </evidence>
        <evidence type="vendor" confidence="HIGHEST">
          <source>hint analyzer</source>
          <name>vendor</name>
          <value>redhat</value>
        </evidence>
        <evidence type="vendor" confidence="HIGHEST">
          <source>jar</source>
          <name>package name</name>
          <value>xnio</value>
        </evidence>
        <evidence type="vendor" confidence="LOW">
          <source>Manifest</source>
          <name>build-jdk-spec</name>
          <value>11</value>
        </evidence>
        <evidence type="vendor" confidence="LOW">
          <source>Manifest</source>
          <name>bundle-docurl</name>
          <value>http://www.jboss.org</value>
        </evidence>
        <evidence type="vendor" confidence="MEDIUM">
          <source>Manifest</source>
          <name>bundle-symbolicname</name>
          <value>org.jboss.xnio.api</value>
        </evidence>
        <evidence type="vendor" confidence="LOW">
          <source>Manifest</source>
          <name>implementation-url</name>
          <value>http://www.jboss.org/xnio</value>
        </evidence>
        <evidence type="vendor" confidence="HIGH">
          <source>Manifest</source>
          <name>Implementation-Vendor</name>
          <value>JBoss by Red Hat</value>
        </evidence>
        <evidence type="vendor" confidence="MEDIUM">
          <source>Manifest</source>
          <name>Implementation-Vendor-Id</name>
          <value>org.jboss.xnio</value>
        </evidence>
        <evidence type="vendor" confidence="MEDIUM">
          <source>Manifest</source>
          <name>jar-name</name>
          <value>xnio-api</value>
        </evidence>
        <evidence type="vendor" confidence="LOW">
          <source>Manifest</source>
          <name>os-arch</name>
          <value>amd64</value>
        </evidence>
        <evidence type="vendor" confidence="MEDIUM">
          <source>Manifest</source>
          <name>os-name</name>
          <value>Linux</value>
        </evidence>
        <evidence type="vendor" confidence="LOW">
          <source>Manifest</source>
          <name>specification-vendor</name>
          <value>JBoss by Red Hat</value>
        </evidence>
        <evidence type="vendor" confidence="LOW">
          <source>pom</source>
          <name>artifactid</name>
          <value>xnio-api</value>
        </evidence>
        <evidence type="vendor" confidence="HIGHEST">
          <source>pom</source>
          <name>groupid</name>
          <value>org.jboss.xnio</value>
        </evidence>
        <evidence type="vendor" confidence="HIGH">
          <source>pom</source>
          <name>name</name>
          <value>XNIO API</value>
        </evidence>
        <evidence type="vendor" confidence="LOW">
          <source>pom</source>
          <name>parent-artifactid</name>
          <value>xnio-all</value>
        </evidence>
        <evidence type="vendor" confidence="HIGHEST">
          <source>pom</source>
          <name>url</name>
          <value>http://www.jboss.org/xnio</value>
        </evidence>
        <evidence type="product" confidence="HIGH">
          <source>file</source>
          <name>name</name>
          <value>xnio-api</value>
        </evidence>
        <evidence type="product" confidence="HIGHEST">
          <source>jar</source>
          <name>package name</name>
          <value>http</value>
        </evidence>
        <evidence type="product" confidence="HIGHEST">
          <source>jar</source>
          <name>package name</name>
          <value>xnio</value>
        </evidence>
        <evidence type="product" confidence="LOW">
          <source>Manifest</source>
          <name>build-jdk-spec</name>
          <value>11</value>
        </evidence>
        <evidence type="product" confidence="LOW">
          <source>Manifest</source>
          <name>bundle-docurl</name>
          <value>http://www.jboss.org</value>
        </evidence>
        <evidence type="product" confidence="MEDIUM">
          <source>Manifest</source>
          <name>Bundle-Name</name>
          <value>XNIO API</value>
        </evidence>
        <evidence type="product" confidence="MEDIUM">
          <source>Manifest</source>
          <name>bundle-symbolicname</name>
          <value>org.jboss.xnio.api</value>
        </evidence>
        <evidence type="product" confidence="HIGH">
          <source>Manifest</source>
          <name>Implementation-Title</name>
          <value>XNIO API</value>
        </evidence>
        <evidence type="product" confidence="LOW">
          <source>Manifest</source>
          <name>implementation-url</name>
          <value>http://www.jboss.org/xnio</value>
        </evidence>
        <evidence type="product" confidence="MEDIUM">
          <source>Manifest</source>
          <name>jar-name</name>
          <value>xnio-api</value>
        </evidence>
        <evidence type="product" confidence="LOW">
          <source>Manifest</source>
          <name>os-arch</name>
          <value>amd64</value>
        </evidence>
        <evidence type="product" confidence="MEDIUM">
          <source>Manifest</source>
          <name>os-name</name>
          <value>Linux</value>
        </evidence>
        <evidence type="product" confidence="MEDIUM">
          <source>Manifest</source>
          <name>specification-title</name>
          <value>XNIO API</value>
        </evidence>
        <evidence type="product" confidence="HIGHEST">
          <source>pom</source>
          <name>artifactid</name>
          <value>xnio-api</value>
        </evidence>
        <evidence type="product" confidence="HIGHEST">
          <source>pom</source>
          <name>groupid</name>
          <value>org.jboss.xnio</value>
        </evidence>
        <evidence type="product" confidence="HIGH">
          <source>pom</source>
          <name>name</name>
          <value>XNIO API</value>
        </evidence>
        <evidence type="product" confidence="MEDIUM">
          <source>pom</source>
          <name>parent-artifactid</name>
          <value>xnio-all</value>
        </evidence>
        <evidence type="product" confidence="MEDIUM">
          <source>pom</source>
          <name>url</name>
          <value>http://www.jboss.org/xnio</value>
        </evidence>
        <evidence type="version" confidence="HIGH">
          <source>Manifest</source>
          <name>Bundle-Version</name>
          <value>3.8.6.Final</value>
        </evidence>
        <evidence type="version" confidence="HIGH">
          <source>Manifest</source>
          <name>Implementation-Version</name>
          <value>3.8.6.Final</value>
        </evidence>
        <evidence type="version" confidence="MEDIUM">
          <source>Manifest</source>
          <name>jar-version</name>
          <value>3.8.6.Final</value>
        </evidence>
        <evidence type="version" confidence="HIGHEST">
          <source>pom</source>
          <name>version</name>
          <value>3.8.6.Final</value>
        </evidence>
      </evidenceCollected>
      <identifiers>
        <package confidence="HIGH">
          <id>pkg:maven/org.jboss.xnio/xnio-api@3.8.6.Final</id>
          <url>https://ossindex.sonatype.org/component/pkg:maven/org.jboss.xnio/xnio-api@3.8.6.Final?utm_source=dependency-check&amp;utm_medium=integration&amp;utm_content=10.0.3</url>
        </package>
        <vulnerabilityIds confidence="HIGHEST">
          <id>cpe:2.3:a:redhat:xnio:3.8.6:*:*:*:*:*:*:*</id>
          <url>https://nvd.nist.gov/vuln/search/results?form_type=Advanced&amp;results_type=overview&amp;search_type=all&amp;cpe_vendor=cpe%3A%2F%3Aredhat&amp;cpe_product=cpe%3A%2F%3Aredhat%3Axnio&amp;cpe_version=cpe%3A%2F%3Aredhat%3Axnio%3A3.8.6</url>
        </vulnerabilityIds>
      </identifiers>
      <vulnerabilities>
        <vulnerability source="NVD">
          <name>CVE-2022-0084</name>
          <severity>HIGH</severity>
          <cvssV3>
            <baseScore>7.5</baseScore>
            <attackVector>NETWORK</attackVector>
            <attackComplexity>LOW</attackComplexity>
            <privilegesRequired>NONE</privilegesRequired>
            <userInteraction>NONE</userInteraction>
            <scope>UNCHANGED</scope>
            <confidentialityImpact>NONE</confidentialityImpact>
            <integrityImpact>NONE</integrityImpact>
            <availabilityImpact>HIGH</availabilityImpact>
            <baseSeverity>HIGH</baseSeverity>
            <exploitabilityScore>3.9</exploitabilityScore>
            <impactScore>3.6</impactScore>
            <version>3.1</version>
          </cvssV3>
          <cwes>
            <cwe>CWE-770</cwe>
          </cwes>
          <description>A flaw was found in XNIO, specifically in the notifyReadClosed method. The issue revealed this method was logging a message to another expected end. This flaw allows an attacker to send flawed requests to a server, possibly causing log contention-related performance concerns or an unwanted disk fill-up.</description>
          <references>
            <reference>
              <source>OSSIndex</source>
              <url>https://bugzilla.redhat.com/show_bug.cgi?id=2064226</url>
              <name>https://bugzilla.redhat.com/show_bug.cgi?id=2064226</name>
            </reference>
            <reference>
              <source>secalert@redhat.com</source>
              <url>https://access.redhat.com/security/cve/CVE-2022-0084</url>
              <name>VENDOR_ADVISORY</name>
            </reference>
            <reference>
              <source>OSSIndex</source>
              <url>http://web.nvd.nist.gov/view/vuln/detail?vulnId=CVE-2022-0084</url>
              <name>http://web.nvd.nist.gov/view/vuln/detail?vulnId=CVE-2022-0084</name>
            </reference>
            <reference>
              <source>secalert@redhat.com</source>
              <url>https://github.com/xnio/xnio/commit/fdefb3b8b715d33387cadc4d48991fb1989b0c12</url>
              <name>PATCH,THIRD_PARTY_ADVISORY</name>
            </reference>
            <reference>
              <source>OSSINDEX</source>
              <url>https://ossindex.sonatype.org/vulnerability/CVE-2022-0084?component-type=maven&amp;component-name=org.jboss.xnio%2Fxnio-api&amp;utm_source=dependency-check&amp;utm_medium=integration&amp;utm_content=10.0.3</url>
              <name>[CVE-2022-0084] CWE-770: Allocation of Resources Without Limits or Throttling</name>
            </reference>
            <reference>
              <source>secalert@redhat.com</source>
              <url>https://github.com/xnio/xnio/pull/291</url>
              <name>PATCH,THIRD_PARTY_ADVISORY</name>
            </reference>
            <reference>
              <source>OSSIndex</source>
              <url>https://security-tracker.debian.org/tracker/CVE-2022-0084</url>
              <name>https://security-tracker.debian.org/tracker/CVE-2022-0084</name>
            </reference>
            <reference>
              <source>secalert@redhat.com</source>
              <url>https://bugzilla.redhat.com/show_bug.cgi?id=2064226</url>
              <name>ISSUE_TRACKING,VENDOR_ADVISORY</name>
            </reference>
            <reference>
              <source>OSSIndex</source>
              <url>https://access.redhat.com/security/cve/cve-2022-0084</url>
              <name>https://access.redhat.com/security/cve/cve-2022-0084</name>
            </reference>
          </references>
          <vulnerableSoftware>
            <software>cpe:2.3:a:redhat:integration_camel_k:-:*:*:*:*:*:*:*</software>
            <software>cpe:2.3:a:redhat:integration_camel_quarkus:-:*:*:*:*:*:*:*</software>
            <software>cpe:2.3:a:redhat:single_sign-on:7.0:*:*:*:*:*:*:*</software>
            <software vulnerabilityIdMatched="true" versionEndExcluding="3.8.7">cpe:2.3:a:redhat:xnio:*:*:*:*:*:*:*:*</software>
          </vulnerableSoftware>
        </vulnerability>
        <vulnerability source="OSSINDEX">
          <name>CVE-2023-5685</name>
          <severity>HIGH</severity>
          <cvssV3>
            <baseScore>7.5</baseScore>
            <attackVector>NETWORK</attackVector>
            <attackComplexity>LOW</attackComplexity>
            <privilegesRequired>NONE</privilegesRequired>
            <userInteraction>NONE</userInteraction>
            <scope>UNCHANGED</scope>
            <confidentialityImpact>NONE</confidentialityImpact>
            <integrityImpact>NONE</integrityImpact>
            <availabilityImpact>HIGH</availabilityImpact>
            <baseSeverity>HIGH</baseSeverity>
            <version>3.1</version>
          </cvssV3>
          <cwes>
            <cwe>CWE-400</cwe>
          </cwes>
          <description>A flaw was found in XNIO. The XNIO NotifierState that can cause a Stack Overflow Exception when the chain of notifier states becomes problematically large can lead to uncontrolled resource management and a possible denial of service (DoS).</description>
          <references>
            <reference>
              <source>OSSIndex</source>
              <url>http://web.nvd.nist.gov/view/vuln/detail?vulnId=CVE-2023-5685</url>
              <name>http://web.nvd.nist.gov/view/vuln/detail?vulnId=CVE-2023-5685</name>
            </reference>
            <reference>
              <source>OSSIndex</source>
              <url>https://access.redhat.com/security/cve/cve-2023-5685</url>
              <name>https://access.redhat.com/security/cve/cve-2023-5685</name>
            </reference>
            <reference>
              <source>OSSIndex</source>
              <url>https://issues.redhat.com/browse/XNIO-423</url>
              <name>https://issues.redhat.com/browse/XNIO-423</name>
            </reference>
            <reference>
              <source>OSSIndex</source>
              <url>https://bugzilla.redhat.com/show_bug.cgi?id=2241822</url>
              <name>https://bugzilla.redhat.com/show_bug.cgi?id=2241822</name>
            </reference>
            <reference>
              <source>OSSINDEX</source>
              <url>https://ossindex.sonatype.org/vulnerability/CVE-2023-5685?component-type=maven&amp;component-name=org.jboss.xnio%2Fxnio-api&amp;utm_source=dependency-check&amp;utm_medium=integration&amp;utm_content=10.0.3</url>
              <name>[CVE-2023-5685] CWE-400: Uncontrolled Resource Consumption (&apos;Resource Exhaustion&apos;)</name>
            </reference>
          </references>
          <vulnerableSoftware>
            <software vulnerabilityIdMatched="true">cpe:2.3:a:org.jboss.xnio:xnio-api:3.8.6.Final:*:*:*:*:*:*:*</software>
          </vulnerableSoftware>
        </vulnerability>
      </vulnerabilities>
    </dependency>
    <dependency isVirtual="false">
      <fileName>xnio-nio-3.8.6.Final-sources.jar</fileName>
      <filePath>/home/runner/work/H6060-Java-Xnio/H6060-Java-Xnio/upstream-repository/target/nio-impl/target/xnio-nio-3.8.6.Final-sources.jar</filePath>
      <md5>43482645c279155b52fc302469cd9bd6</md5>
      <sha1>c3786f69e3698f9a826da1078477fa3fe4ebd2ca</sha1>
      <sha256>f9cacf0f5247bdaae6b5199a0a4d5a222bd65f76319d790a4e1342230ac9387b</sha256>
      <evidenceCollected>
        <evidence type="vendor" confidence="HIGH">
          <source>file</source>
          <name>name</name>
          <value>xnio-nio</value>
        </evidence>
        <evidence type="product" confidence="HIGH">
          <source>file</source>
          <name>name</name>
          <value>xnio-nio</value>
        </evidence>
        <evidence type="version" confidence="MEDIUM">
          <source>file</source>
          <name>name</name>
          <value>xnio-nio</value>
        </evidence>
        <evidence type="version" confidence="HIGH">
          <source>file</source>
          <name>version</name>
          <value>3.8.6</value>
        </evidence>
      </evidenceCollected>
    </dependency>
    <dependency isVirtual="false">
      <fileName>xnio-nio-3.8.6.Final.jar</fileName>
      <filePath>/home/runner/work/H6060-Java-Xnio/H6060-Java-Xnio/upstream-repository/target/nio-impl/target/xnio-nio-3.8.6.Final.jar</filePath>
      <md5>dede94f0120406343d5ce52ea3b5c4d6</md5>
      <sha1>7134bfc6bd58d5ebe6222f52ddaea9b5acdee1a9</sha1>
      <sha256>f0d4963138c30fdbe77ed023c73609c1bcfb09c18469a535e3dd0a59b7bed2be</sha256>
      <description>The NIO implementation of the XNIO project</description>
      <license>http://repository.jboss.org/licenses/apache-2.0.txt</license>
      <evidenceCollected>
        <evidence type="vendor" confidence="HIGH">
          <source>file</source>
          <name>name</name>
          <value>xnio-nio</value>
        </evidence>
        <evidence type="vendor" confidence="HIGHEST">
          <source>hint analyzer</source>
          <name>vendor</name>
          <value>redhat</value>
        </evidence>
        <evidence type="vendor" confidence="HIGHEST">
          <source>jar</source>
          <name>package name</name>
          <value>nio</value>
        </evidence>
        <evidence type="vendor" confidence="HIGHEST">
          <source>jar</source>
          <name>package name</name>
          <value>xnio</value>
        </evidence>
        <evidence type="vendor" confidence="LOW">
          <source>Manifest</source>
          <name>build-jdk-spec</name>
          <value>11</value>
        </evidence>
        <evidence type="vendor" confidence="LOW">
          <source>Manifest</source>
          <name>bundle-docurl</name>
          <value>http://www.jboss.org</value>
        </evidence>
        <evidence type="vendor" confidence="MEDIUM">
          <source>Manifest</source>
          <name>bundle-symbolicname</name>
          <value>org.jboss.xnio.nio</value>
        </evidence>
        <evidence type="vendor" confidence="LOW">
          <source>Manifest</source>
          <name>implementation-url</name>
          <value>http://www.jboss.org/xnio-all/xnio-nio</value>
        </evidence>
        <evidence type="vendor" confidence="HIGH">
          <source>Manifest</source>
          <name>Implementation-Vendor</name>
          <value>JBoss by Red Hat</value>
        </evidence>
        <evidence type="vendor" confidence="MEDIUM">
          <source>Manifest</source>
          <name>Implementation-Vendor-Id</name>
          <value>org.jboss.xnio</value>
        </evidence>
        <evidence type="vendor" confidence="MEDIUM">
          <source>Manifest</source>
          <name>jar-name</name>
          <value>xnio-nio</value>
        </evidence>
        <evidence type="vendor" confidence="LOW">
          <source>Manifest</source>
          <name>os-arch</name>
          <value>amd64</value>
        </evidence>
        <evidence type="vendor" confidence="MEDIUM">
          <source>Manifest</source>
          <name>os-name</name>
          <value>Linux</value>
        </evidence>
        <evidence type="vendor" confidence="LOW">
          <source>Manifest</source>
          <name>provide-capability</name>
          <value>osgi.service;objectClass=&quot;org.xnio.Xnio&quot;;name=xnio</value>
        </evidence>
        <evidence type="vendor" confidence="LOW">
          <source>Manifest</source>
          <name>specification-vendor</name>
          <value>JBoss by Red Hat</value>
        </evidence>
        <evidence type="vendor" confidence="LOW">
          <source>pom</source>
          <name>artifactid</name>
          <value>xnio-nio</value>
        </evidence>
        <evidence type="vendor" confidence="HIGHEST">
          <source>pom</source>
          <name>groupid</name>
          <value>org.jboss.xnio</value>
        </evidence>
        <evidence type="vendor" confidence="HIGH">
          <source>pom</source>
          <name>name</name>
          <value>XNIO NIO Implementation</value>
        </evidence>
        <evidence type="vendor" confidence="LOW">
          <source>pom</source>
          <name>parent-artifactid</name>
          <value>xnio-all</value>
        </evidence>
        <evidence type="product" confidence="HIGH">
          <source>file</source>
          <name>name</name>
          <value>xnio-nio</value>
        </evidence>
        <evidence type="product" confidence="HIGHEST">
          <source>jar</source>
          <name>package name</name>
          <value>nio</value>
        </evidence>
        <evidence type="product" confidence="HIGHEST">
          <source>jar</source>
          <name>package name</name>
          <value>xnio</value>
        </evidence>
        <evidence type="product" confidence="LOW">
          <source>Manifest</source>
          <name>build-jdk-spec</name>
          <value>11</value>
        </evidence>
        <evidence type="product" confidence="LOW">
          <source>Manifest</source>
          <name>bundle-docurl</name>
          <value>http://www.jboss.org</value>
        </evidence>
        <evidence type="product" confidence="MEDIUM">
          <source>Manifest</source>
          <name>Bundle-Name</name>
          <value>XNIO NIO Implementation</value>
        </evidence>
        <evidence type="product" confidence="MEDIUM">
          <source>Manifest</source>
          <name>bundle-symbolicname</name>
          <value>org.jboss.xnio.nio</value>
        </evidence>
        <evidence type="product" confidence="HIGH">
          <source>Manifest</source>
          <name>Implementation-Title</name>
          <value>XNIO NIO Implementation</value>
        </evidence>
        <evidence type="product" confidence="LOW">
          <source>Manifest</source>
          <name>implementation-url</name>
          <value>http://www.jboss.org/xnio-all/xnio-nio</value>
        </evidence>
        <evidence type="product" confidence="MEDIUM">
          <source>Manifest</source>
          <name>jar-name</name>
          <value>xnio-nio</value>
        </evidence>
        <evidence type="product" confidence="LOW">
          <source>Manifest</source>
          <name>os-arch</name>
          <value>amd64</value>
        </evidence>
        <evidence type="product" confidence="MEDIUM">
          <source>Manifest</source>
          <name>os-name</name>
          <value>Linux</value>
        </evidence>
        <evidence type="product" confidence="LOW">
          <source>Manifest</source>
          <name>provide-capability</name>
          <value>osgi.service;objectClass=&quot;org.xnio.Xnio&quot;;name=xnio</value>
        </evidence>
        <evidence type="product" confidence="MEDIUM">
          <source>Manifest</source>
          <name>specification-title</name>
          <value>XNIO NIO Implementation</value>
        </evidence>
        <evidence type="product" confidence="HIGHEST">
          <source>pom</source>
          <name>artifactid</name>
          <value>xnio-nio</value>
        </evidence>
        <evidence type="product" confidence="HIGHEST">
          <source>pom</source>
          <name>groupid</name>
          <value>org.jboss.xnio</value>
        </evidence>
        <evidence type="product" confidence="HIGH">
          <source>pom</source>
          <name>name</name>
          <value>XNIO NIO Implementation</value>
        </evidence>
        <evidence type="product" confidence="MEDIUM">
          <source>pom</source>
          <name>parent-artifactid</name>
          <value>xnio-all</value>
        </evidence>
        <evidence type="version" confidence="HIGH">
          <source>Manifest</source>
          <name>Bundle-Version</name>
          <value>3.8.6.Final</value>
        </evidence>
        <evidence type="version" confidence="HIGH">
          <source>Manifest</source>
          <name>Implementation-Version</name>
          <value>3.8.6.Final</value>
        </evidence>
        <evidence type="version" confidence="MEDIUM">
          <source>Manifest</source>
          <name>jar-version</name>
          <value>3.8.6.Final</value>
        </evidence>
        <evidence type="version" confidence="HIGHEST">
          <source>pom</source>
          <name>version</name>
          <value>3.8.6.Final</value>
        </evidence>
      </evidenceCollected>
      <identifiers>
        <package confidence="HIGH">
          <id>pkg:maven/org.jboss.xnio/xnio-nio@3.8.6.Final</id>
          <url>https://ossindex.sonatype.org/component/pkg:maven/org.jboss.xnio/xnio-nio@3.8.6.Final?utm_source=dependency-check&amp;utm_medium=integration&amp;utm_content=10.0.3</url>
        </package>
        <vulnerabilityIds confidence="HIGHEST">
          <id>cpe:2.3:a:redhat:xnio:3.8.6:*:*:*:*:*:*:*</id>
          <url>https://nvd.nist.gov/vuln/search/results?form_type=Advanced&amp;results_type=overview&amp;search_type=all&amp;cpe_vendor=cpe%3A%2F%3Aredhat&amp;cpe_product=cpe%3A%2F%3Aredhat%3Axnio&amp;cpe_version=cpe%3A%2F%3Aredhat%3Axnio%3A3.8.6</url>
        </vulnerabilityIds>
      </identifiers>
      <vulnerabilities>
        <vulnerability source="NVD">
          <name>CVE-2022-0084</name>
          <severity>HIGH</severity>
          <cvssV3>
            <baseScore>7.5</baseScore>
            <attackVector>NETWORK</attackVector>
            <attackComplexity>LOW</attackComplexity>
            <privilegesRequired>NONE</privilegesRequired>
            <userInteraction>NONE</userInteraction>
            <scope>UNCHANGED</scope>
            <confidentialityImpact>NONE</confidentialityImpact>
            <integrityImpact>NONE</integrityImpact>
            <availabilityImpact>HIGH</availabilityImpact>
            <baseSeverity>HIGH</baseSeverity>
            <exploitabilityScore>3.9</exploitabilityScore>
            <impactScore>3.6</impactScore>
            <version>3.1</version>
          </cvssV3>
          <cwes>
            <cwe>CWE-770</cwe>
          </cwes>
          <description>A flaw was found in XNIO, specifically in the notifyReadClosed method. The issue revealed this method was logging a message to another expected end. This flaw allows an attacker to send flawed requests to a server, possibly causing log contention-related performance concerns or an unwanted disk fill-up.</description>
          <references>
            <reference>
              <source>secalert@redhat.com</source>
              <url>https://access.redhat.com/security/cve/CVE-2022-0084</url>
              <name>VENDOR_ADVISORY</name>
            </reference>
            <reference>
              <source>secalert@redhat.com</source>
              <url>https://github.com/xnio/xnio/commit/fdefb3b8b715d33387cadc4d48991fb1989b0c12</url>
              <name>PATCH,THIRD_PARTY_ADVISORY</name>
            </reference>
            <reference>
              <source>secalert@redhat.com</source>
              <url>https://github.com/xnio/xnio/pull/291</url>
              <name>PATCH,THIRD_PARTY_ADVISORY</name>
            </reference>
            <reference>
              <source>secalert@redhat.com</source>
              <url>https://bugzilla.redhat.com/show_bug.cgi?id=2064226</url>
              <name>ISSUE_TRACKING,VENDOR_ADVISORY</name>
            </reference>
          </references>
          <vulnerableSoftware>
            <software>cpe:2.3:a:redhat:integration_camel_k:-:*:*:*:*:*:*:*</software>
            <software>cpe:2.3:a:redhat:integration_camel_quarkus:-:*:*:*:*:*:*:*</software>
            <software>cpe:2.3:a:redhat:single_sign-on:7.0:*:*:*:*:*:*:*</software>
            <software vulnerabilityIdMatched="true" versionEndExcluding="3.8.7">cpe:2.3:a:redhat:xnio:*:*:*:*:*:*:*:*</software>
          </vulnerableSoftware>
        </vulnerability>
      </vulnerabilities>
    </dependency>
  </dependencies>
</analysis>
