{
  "version": "v2.8.0",
  "id": "fc508b68-4265-4ea0-9b2d-1ccfe323ab90",
  "repositoryID": "00000000-0000-0000-0000-000000000000",
  "repositoryName": "",
  "workspaceID": "00000000-0000-0000-0000-000000000000",
  "workspaceName": "",
  "status": "success",
  "errors": "",
  "createdAt": "2024-08-11T15:58:12.9961986Z",
  "finishedAt": "2024-08-11T15:58:15.4361992Z",
  "analysisVulnerabilities": [
    {
      "vulnerabilityID": "00000000-0000-0000-0000-000000000000",
      "analysisID": "fc508b68-4265-4ea0-9b2d-1ccfe323ab90",
      "createdAt": "2024-08-11T15:58:15.4361992Z",
      "vulnerabilities": {
        "vulnerabilityID": "c85bb78f-a9d6-4493-8539-85e68973b9ca",
        "line": "210",
        "column": "41",
        "confidence": "LOW",
        "file": "src\\main\\java\\io\\github\\bonigarcia\\wdm\\versions\\VersionDetector.java",
        "code": "if (!isNullOrEmpty(pathStr) \u0026\u0026 Files.exists(path)) {",
        "details": "(1/1) * Possible vulnerability detected: Bad hexadecimal concatenation\nWhen converting a byte array containing a hash signature to a human readable string, a conversion mistake can be made if the array is read byte by byte. The following sample illustrates the use of the method Integer.toHexString() which will trim any leading zeroes from each byte of the computed hash value. For more information checkout the CWE-704 (https://cwe.mitre.org/data/definitions/704.html) advisory.",
        "securityTool": "HorusecEngine",
        "language": "Java",
        "severity": "HIGH",
        "type": "Vulnerability",
        "commitAuthor": "-",
        "commitEmail": "-",
        "commitHash": "-",
        "commitMessage": "-",
        "commitDate": "-",
        "rule_id": "HS-JAVA-143",
        "vulnHash": "c297fbe3cb43380cba611e941376514aab1225a76446d462b784fa996be8134b",
        "deprecatedHashes": [
          "ecfcfe229dd27ce32efa0b517d92fca955aee45284f8460b3e0f80769e57c098",
          "a2880f8b312fd600092a83a3eec7f7392f60462582e683c3af38e1d6a975d83d"
        ],
        "securityToolVersion": "",
        "securityToolInfoUri": ""
      }
    },
    {
      "vulnerabilityID": "00000000-0000-0000-0000-000000000000",
      "analysisID": "fc508b68-4265-4ea0-9b2d-1ccfe323ab90",
      "createdAt": "2024-08-11T15:58:15.4361992Z",
      "vulnerabilities": {
        "vulnerabilityID": "0b045021-9211-4c59-b46d-79aa8852f83f",
        "line": "402",
        "column": "16",
        "confidence": "LOW",
        "file": "src\\main\\java\\io\\github\\bonigarcia\\wdm\\docker\\DockerService.java",
        "code": "public void updateDockerClient(String dockerHost) {",
        "details": "(1/1) * Possible vulnerability detected: SQL Injection\nThe input values included in SQL queries need to be passed in safely. Bind variables in prepared statements can be used to easily mitigate the risk of SQL injection. Alternatively to prepare statements, each parameter can be escaped manually. For more information checkout the CWE-89 (https://cwe.mitre.org/data/definitions/89.html) advisory.",
        "securityTool": "HorusecEngine",
        "language": "Java",
        "severity": "HIGH",
        "type": "Vulnerability",
        "commitAuthor": "-",
        "commitEmail": "-",
        "commitHash": "-",
        "commitMessage": "-",
        "commitDate": "-",
        "rule_id": "HS-JAVA-134",
        "vulnHash": "445fb1296762404b6bfb29a5c6a2bbb5b0f34f549a779f350b6cd293cd4a26c8",
        "deprecatedHashes": [
          "d3e031d37c90ac8f9b5b47016cca2be7ef2e4ac0e734b127e5749c9983f671db",
          "caa412551ae768cd4142c7db95b77b3641069520c7ea6f5d4b5d14b969ea0d30"
        ],
        "securityToolVersion": "",
        "securityToolInfoUri": ""
      }
    },
    {
      "vulnerabilityID": "00000000-0000-0000-0000-000000000000",
      "analysisID": "fc508b68-4265-4ea0-9b2d-1ccfe323ab90",
      "createdAt": "2024-08-11T15:58:15.4361992Z",
      "vulnerabilities": {
        "vulnerabilityID": "bd81568f-9410-4f4a-90c7-0b6b0690407c",
        "line": "363",
        "column": "27",
        "confidence": "LOW",
        "file": "src\\main\\java\\io\\github\\bonigarcia\\wdm\\WebDriverManager.java",
        "code": "zipFile = Files.createTempFile(\"\", \".zip\");",
        "details": "(1/1) * Possible vulnerability detected: Prevent Write sensitive information in tmp file\nApp creates temp file. Sensitive information should never be written into a temp file. For more information checkout the CWE-276 (https://cwe.mitre.org/data/definitions/276.html) advisory.",
        "securityTool": "HorusecEngine",
        "language": "Java",
        "severity": "HIGH",
        "type": "Vulnerability",
        "commitAuthor": "-",
        "commitEmail": "-",
        "commitHash": "-",
        "commitMessage": "-",
        "commitDate": "-",
        "rule_id": "HS-JAVA-119",
        "vulnHash": "c6e90709c782a4a3ba788f9e9f25f5118974300bf3eed76b9644a79250aa85d9",
        "deprecatedHashes": [
          "2c728524320cd6dfcd79d11552528dab9527859b1edec7985cd33b5326ffc357",
          "2b51d2fd0c91593c1e27f610d546c2a27777d98267395ee8ea090ae21cfe70c9"
        ],
        "securityToolVersion": "",
        "securityToolInfoUri": ""
      }
    },
    {
      "vulnerabilityID": "00000000-0000-0000-0000-000000000000",
      "analysisID": "fc508b68-4265-4ea0-9b2d-1ccfe323ab90",
      "createdAt": "2024-08-11T15:58:15.4361992Z",
      "vulnerabilities": {
        "vulnerabilityID": "db2696d9-785b-4273-a207-dfe60bead158",
        "line": "1831",
        "column": "29",
        "confidence": "LOW",
        "file": "src\\main\\java\\io\\github\\bonigarcia\\wdm\\WebDriverManager.java",
        "code": "extensionPath = Files.createTempFile(\"\", \".crx\");",
        "details": "(1/1) * Possible vulnerability detected: Prevent Write sensitive information in tmp file\nApp creates temp file. Sensitive information should never be written into a temp file. For more information checkout the CWE-276 (https://cwe.mitre.org/data/definitions/276.html) advisory.",
        "securityTool": "HorusecEngine",
        "language": "Java",
        "severity": "HIGH",
        "type": "Vulnerability",
        "commitAuthor": "-",
        "commitEmail": "-",
        "commitHash": "-",
        "commitMessage": "-",
        "commitDate": "-",
        "rule_id": "HS-JAVA-119",
        "vulnHash": "5c00d8b3ac96c6efe524dd56180416947528e30705fd6cbc65bce04bf4de943b",
        "deprecatedHashes": [
          "a5f5347c5622b224b85a047088b8760e29d31497c3cbbfabb20ed077425fc0ba",
          "8aef0e38a9da602eddf1bb4fe33f1833d8658d6433814f90cc3d33d734edf377"
        ],
        "securityToolVersion": "",
        "securityToolInfoUri": ""
      }
    }
  ]
}