"Project","ScanDate","DependencyName","DependencyPath","Description","License","Md5","Sha1","Identifiers","CPE","CVE","CWE","Vulnerability","Source","CVSSv2_Severity","CVSSv2_Score","CVSSv2","CVSSv3_BaseSeverity","CVSSv3_BaseScore","CVSSv3","CPE Confidence","Evidence Count","VendorProject","Product","Name","DateAdded","ShortDescription","RequiredAction","DueDate","Notes"
H6060-JavaScript-Axios,"Fri, 16 Aug 2024 13:04:56 GMT",ajv:5.5.2,/Users/runner/work/H6060-JavaScript-Axios/H6060-JavaScript-Axios/upstream-repository/package-lock.json?/ajv:5.5.2,Another JSON Schema Validator,MIT,"","",pkg:npm/ajv@5.5.2,cpe:2.3:a:ajv.js:ajv:5.5.2:*:*:*:*:*:*:*,CVE-2020-15366,CWE-1321 Improperly Controlled Modification of Object Prototype Attributes ('Prototype Pollution'),"An issue was discovered in ajv.validate() in Ajv (aka Another JSON Schema Validator) 6.12.2. A carefully crafted JSON schema could be provided that allows execution of other code by prototype pollution. (While untrusted schemas are recommended against, the worst case of an untrusted schema should be a denial of service, not execution of code.)  Sonatype's research suggests that this CVE's details differ from those defined at NVD. See https://ossindex.sonatype.org/vulnerability/CVE-2020-15366 for details",OSSINDEX,"","","",MEDIUM,5.599999904632568,CVSS:3.1/AV:N/AC:H/PR:N/UI:N/S:U/C:L/I:L/A:L,HIGHEST,8,"","","","","","","",""
H6060-JavaScript-Axios,"Fri, 16 Aug 2024 13:04:56 GMT",ajv:5.5.2,/Users/runner/work/H6060-JavaScript-Axios/H6060-JavaScript-Axios/upstream-repository/package-lock.json?/ajv:5.5.2,Another JSON Schema Validator,MIT,"","",pkg:npm/ajv@5.5.2,cpe:2.3:a:ajv.js:ajv:5.5.2:*:*:*:*:*:*:*,GHSA-v88g-cgmw-v5xw,"CWE-1321 Improperly Controlled Modification of Object Prototype Attributes ('Prototype Pollution'), CWE-915 Improperly Controlled Modification of Dynamically-Determined Object Attributes","An issue was discovered in ajv.validate() in Ajv (aka Another JSON Schema Validator) 6.12.2. A carefully crafted JSON schema could be provided that allows execution of other code by prototype pollution. (While untrusted schemas are recommended against, the worst case of an untrusted schema should be a denial of service, not execution of code.)",NPM,"","","",MEDIUM,5.599999904632568,CVSS:3.1/AV:N/AC:H/PR:N/UI:N/S:U/C:L/I:L/A:L,HIGHEST,8,"","","","","","","",""
H6060-JavaScript-Axios,"Fri, 16 Aug 2024 13:04:56 GMT",async:3.2.3,/Users/runner/work/H6060-JavaScript-Axios/H6060-JavaScript-Axios/upstream-repository/package-lock.json?/async:3.2.3,Higher-order functions and common patterns for asynchronous code,MIT,"","",pkg:npm/async@3.2.3,cpe:2.3:a:async_project:async:3.2.3:*:*:*:*:*:*:*,CVE-2024-39249,CWE-1333 Inefficient Regular Expression Complexity,Async <= 2.6.4 and <= 3.2.5 are vulnerable to ReDoS (Regular Expression Denial of Service) while parsing function in autoinject function. NOTE: this is disputed by the supplier because there is no realistic threat model: regular expressions are not used with untrusted input.  Sonatype's research suggests that this CVE's details differ from those defined at NVD. See https://ossindex.sonatype.org/vulnerability/CVE-2024-39249 for details,OSSINDEX,MEDIUM,6.300000190734863,CVSS:4.0/AV:N/AC:L/AT:P/PR:N/UI:N/VC:N/VI:N/VA:L/SC:N/SI:N/SA:N,"","","",HIGHEST,8,"","","","","","","",""
H6060-JavaScript-Axios,"Fri, 16 Aug 2024 13:04:56 GMT",axios.js,/Users/runner/work/H6060-JavaScript-Axios/H6060-JavaScript-Axios/upstream-repository/dist/axios.js,"","",60c1b2248f98e5dd0095a847fdb2743e,161cabfc47a953d51be5ad5a2619bc8e0fce14d2,pkg:javascript/axios@1.7.3,"",CVE-2024-39338,"","",RETIREJS,"","","","","","",HIGHEST,3,"","","","","","","",""
H6060-JavaScript-Axios,"Fri, 16 Aug 2024 13:04:56 GMT",axios.js,/Users/runner/work/H6060-JavaScript-Axios/H6060-JavaScript-Axios/upstream-repository/dist/esm/axios.js,"","",427911da30b2e5fde3d96503bada8c69,81ef6caca697006c40893a458fc583c8bdb221b1,pkg:javascript/axios@1.7.3,"",CVE-2024-39338,"","",RETIREJS,"","","","","","",HIGHEST,3,"","","","","","","",""
H6060-JavaScript-Axios,"Fri, 16 Aug 2024 13:04:56 GMT",axios.min.js,/Users/runner/work/H6060-JavaScript-Axios/H6060-JavaScript-Axios/upstream-repository/dist/axios.min.js,"","",38ffaf2ecede28496e9a596715d126e8,0e1f5d82a9cf8efcb00fe9a1fc3edca072b624fc,pkg:javascript/axios@1.7.3,"",CVE-2024-39338,"","",RETIREJS,"","","","","","",HIGHEST,3,"","","","","","","",""
H6060-JavaScript-Axios,"Fri, 16 Aug 2024 13:04:56 GMT",axios.min.js,/Users/runner/work/H6060-JavaScript-Axios/H6060-JavaScript-Axios/upstream-repository/dist/esm/axios.min.js,"","",0281d0e6cdceae38164fb5ea830587e6,5da787dcf45198e5926f8dcf63478afdc8a2d881,pkg:javascript/axios@1.7.3,"",CVE-2024-39338,"","",RETIREJS,"","","","","","",HIGHEST,3,"","","","","","","",""
H6060-JavaScript-Axios,"Fri, 16 Aug 2024 13:04:56 GMT",babel-traverse:6.26.0,/Users/runner/work/H6060-JavaScript-Axios/H6060-JavaScript-Axios/upstream-repository/package-lock.json?istanbul-lib-instrument:1.10.2/babel-traverse:^6.18.0,"The Babel Traverse module maintains the overall tree state, and is responsible for replacing, removing, and adding nodes",MIT,"","",pkg:npm/babel-traverse@6.26.0,"",GHSA-67hx-6x53-jw92,"CWE-697 Incorrect Comparison, CWE-184 Incomplete List of Disallowed Inputs","### Impact  Using Babel to compile code that was specifically crafted by an attacker can lead to arbitrary code execution during compilation, when using plugins that rely on the `path.evaluate()`or `path.evaluateTruthy()` internal Babel methods.  Known affected plugins are: - `@babel/plugin-transform-runtime` - `@babel/preset-env` when using its [`useBuiltIns`](https://babeljs.io/docs/babel-preset-env#usebuiltins) option - Any ""polyfill provider"" plugin that depends on `@babel/helper-define-polyfill-provider`, such as `babel-plugin-polyfill-corejs3`, `babel-plugin-polyfill-corejs2`, `babel-plugin-polyfill-es-shims`, `babel-plugin-polyfill-regenerator`  No other plugins under the `@babel/` namespace are impacted, but third-party plugins might be.  **Users that only compile trusted code are not impacted.**  ### Patches  The vulnerability has been fixed in `@babel/traverse@7.23.2`.  Babel 6 does not receive security fixes anymore (see [Babel's security policy](https://github.com/babel/babel/security/policy)), hence there is no patch planned for `babel-traverse@6`.  ### Workarounds  - Upgrade `@babel/traverse` to v7.23.2 or higher. You can do this by deleting it from your package manager's lockfile and re-installing the dependencies. `@babel/core` >=7.23.2 will automatically pull in a non-vulnerable version. - If you cannot upgrade `@babel/traverse` and are using one of the affected packages mentioned above, upgrade them to their latest version to avoid triggering the vulnerable code path in affected `@babel/traverse` versions:   - `@babel/plugin-transform-runtime` v7.23.2   - `@babel/preset-env` v7.23.2   - `@babel/helper-define-polyfill-provider` v0.4.3   - `babel-plugin-polyfill-corejs2` v0.4.6   - `babel-plugin-polyfill-corejs3` v0.8.5   - `babel-plugin-polyfill-es-shims` v0.10.0   - `babel-plugin-polyfill-regenerator` v0.5.3",NPM,"","","",CRITICAL,9.399999618530273,CVSS:3.1/AV:L/AC:L/PR:N/UI:N/S:C/C:H/I:H/A:H,HIGHEST,7,"","","","","","","",""
H6060-JavaScript-Axios,"Fri, 16 Aug 2024 13:04:56 GMT",babel-traverse:6.26.0,/Users/runner/work/H6060-JavaScript-Axios/H6060-JavaScript-Axios/upstream-repository/package-lock.json?istanbul-lib-instrument:1.10.2/babel-traverse:^6.18.0,"The Babel Traverse module maintains the overall tree state, and is responsible for replacing, removing, and adding nodes",MIT,"","",pkg:npm/babel-traverse@6.26.0,"",CVE-2023-45133,CWE-184 Incomplete List of Disallowed Inputs,"Babel is a compiler for writingJavaScript. In `@babel/traverse` prior to versions 7.23.2 and 8.0.0-alpha.4 and all versions of `babel-traverse`, using Babel to compile code that was specifically crafted by an attacker can lead to arbitrary code execution during compilation, when using plugins that rely on the `path.evaluate()`or `path.evaluateTruthy()` internal Babel methods. Known affected plugins are `@babel/plugin-transform-runtime`; `@babel/preset-env` when using its `useBuiltIns` option; and any ""polyfill provider"" plugin that depends on `@babel/helper-define-polyfill-provider`, such as `babel-plugin-polyfill-corejs3`, `babel-plugin-polyfill-corejs2`, `babel-plugin-polyfill-es-shims`, `babel-plugin-polyfill-regenerator`. No other plugins under the `@babel/` namespace are impacted, but third-party plugins might be. Users that only compile trusted code are not impacted. The vulnerability has been fixed in `@babel/traverse@7.23.2` and `@babel/traverse@8.0.0-alpha.4`. Those who cannot upgrade `@babel/traverse` and are using one of the affected packages mentioned above should upgrade them to their latest version to avoid triggering the vulnerable code path in affected `@babel/traverse` versions: `@babel/plugin-transform-runtime` v7.23.2, `@babel/preset-env` v7.23.2, `@babel/helper-define-polyfill-provider` v0.4.3, `babel-plugin-polyfill-corejs2` v0.4.6, `babel-plugin-polyfill-corejs3` v0.8.5, `babel-plugin-polyfill-es-shims` v0.10.0, `babel-plugin-polyfill-regenerator` v0.5.3.",OSSINDEX,"","","",HIGH,8.800000190734863,CVSS:3.1/AV:L/AC:L/PR:L/UI:N/S:C/C:H/I:H/A:H,HIGHEST,7,"","","","","","","",""
H6060-JavaScript-Axios,"Fri, 16 Aug 2024 13:04:56 GMT",braces:3.0.2,/Users/runner/work/H6060-JavaScript-Axios/H6060-JavaScript-Axios/upstream-repository/package-lock.json?karma:6.3.20/braces:^3.0.2,"Bash-like brace expansion, implemented in JavaScript. Safer than other brace expansion libs, with complete support for the Bash 4.3 braces specification, without sacrificing speed.",MIT,"","",pkg:npm/braces@3.0.2,cpe:2.3:a:braces_project:braces:3.0.2:*:*:*:*:*:*:*,CVE-2024-4068,CWE-1050 Excessive Platform Resource Consumption within a Loop,"The NPM package `braces`, versions prior to 3.0.3, fails to limit the number of characters it can handle, which could lead to Memory Exhaustion. In `lib/parse.js,` if a malicious user sends ""imbalanced braces"" as input, the parsing will enter a loop, which will cause the program to start allocating heap memory without freeing it at any moment of the loop. Eventually, the JavaScript heap limit is reached, and the program will crash.",OSSINDEX,"","","",HIGH,7.5,CVSS:3.1/AV:N/AC:L/PR:N/UI:N/S:U/C:N/I:N/A:H,HIGHEST,8,"","","","","","","",""
H6060-JavaScript-Axios,"Fri, 16 Aug 2024 13:04:56 GMT",braces:3.0.2,/Users/runner/work/H6060-JavaScript-Axios/H6060-JavaScript-Axios/upstream-repository/package-lock.json?karma:6.3.20/braces:^3.0.2,"Bash-like brace expansion, implemented in JavaScript. Safer than other brace expansion libs, with complete support for the Bash 4.3 braces specification, without sacrificing speed.",MIT,"","",pkg:npm/braces@3.0.2,cpe:2.3:a:braces_project:braces:3.0.2:*:*:*:*:*:*:*,GHSA-grv7-fg5c-xmjg,"CWE-400 Uncontrolled Resource Consumption, CWE-1050 Excessive Platform Resource Consumption within a Loop","The NPM package `braces` fails to limit the number of characters it can handle, which could lead to Memory Exhaustion. In `lib/parse.js,` if a malicious user sends ""imbalanced braces"" as input, the parsing will enter a loop, which will cause the program to start allocating heap memory without freeing it at any moment of the loop. Eventually, the JavaScript heap limit is reached, and the program will crash.",NPM,"","","",HIGH,7.5,CVSS:3.1/AV:N/AC:L/PR:N/UI:N/S:U/C:N/I:N/A:H,HIGHEST,8,"","","","","","","",""
H6060-JavaScript-Axios,"Fri, 16 Aug 2024 13:04:56 GMT",browserify-sign:4.2.1,/Users/runner/work/H6060-JavaScript-Axios/H6060-JavaScript-Axios/upstream-repository/package-lock.json?crypto-browserify:3.12.0/browserify-sign:^4.0.0,adds node crypto signing for browsers,ISC,"","",pkg:npm/browserify-sign@4.2.1,cpe:2.3:a:browserify:browserify-sign:4.2.1:*:*:*:*:*:*:*,CVE-2023-46234,CWE-347 Improper Verification of Cryptographic Signature,"browserify-sign is a package to duplicate the functionality of node's crypto public key functions, much of this is based on Fedor Indutny's work on indutny/tls.js. An upper bound check issue in `dsaVerify` function allows an attacker to construct signatures that can be successfully verified by any public key, thus leading to a signature forgery attack. All places in this project that involve DSA verification of user-input signatures will be affected by this vulnerability. This issue has been patched in version 4.2.2.",NVD,"","","",HIGH,7.5,CVSS:3.1/AV:N/AC:L/PR:N/UI:N/S:U/C:N/I:H/A:N/E:3.9/RC:R/MAV:A,HIGHEST,6,"","","","","","","",""
H6060-JavaScript-Axios,"Fri, 16 Aug 2024 13:04:56 GMT",busboy:0.2.14,/Users/runner/work/H6060-JavaScript-Axios/H6060-JavaScript-Axios/upstream-repository/package-lock.json?multer:1.4.4/busboy:^0.2.11,A streaming parser for HTML form data for node.js,"","","",pkg:npm/busboy@0.2.14,"",CVE-2022-24434,CWE-400 Uncontrolled Resource Consumption,"This affects all versions of package dicer. A malicious attacker can send a modified form to server, and crash the nodejs service. An attacker could sent the payload again and again so that the service continuously crashes.  Sonatype's research suggests that this CVE's details differ from those defined at NVD. See https://ossindex.sonatype.org/vulnerability/CVE-2022-24434 for details",OSSINDEX,"","","",HIGH,7.5,CVSS:3.1/AV:N/AC:L/PR:N/UI:N/S:U/C:N/I:N/A:H,HIGHEST,6,"","","","","","","",""
H6060-JavaScript-Axios,"Fri, 16 Aug 2024 13:04:56 GMT",dicer:0.2.5,/Users/runner/work/H6060-JavaScript-Axios/H6060-JavaScript-Axios/upstream-repository/package-lock.json?/dicer:0.2.5,A very fast streaming multipart parser for node.js,"","","",pkg:npm/dicer@0.2.5,cpe:2.3:a:dicer_project:dicer:0.2.5:*:*:*:*:*:*:*,CVE-2022-24434,NVD-CWE-noinfo,"This affects all versions of package dicer. A malicious attacker can send a modified form to server, and crash the nodejs service. An attacker could sent the payload again and again so that the service continuously crashes.",NVD,MEDIUM,5.0,/AV:N/AC:L/Au:N/C:N/I:N/A:P,HIGH,7.5,CVSS:3.1/AV:N/AC:L/PR:N/UI:N/S:U/C:N/I:N/A:H/E:3.9/RC:R/MAV:A,HIGHEST,6,"","","","","","","",""
H6060-JavaScript-Axios,"Fri, 16 Aug 2024 13:04:56 GMT",dicer:0.2.5,/Users/runner/work/H6060-JavaScript-Axios/H6060-JavaScript-Axios/upstream-repository/package-lock.json?/dicer:0.2.5,A very fast streaming multipart parser for node.js,"","","",pkg:npm/dicer@0.2.5,cpe:2.3:a:dicer_project:dicer:0.2.5:*:*:*:*:*:*:*,GHSA-wm7h-9275-46v2,CWE-248 Uncaught Exception,This affects all versions of the package `dicer`. A malicious attacker can send a modified form to the server and crash the Node.js service. A complete denial of service can be achieved by sending the malicious form in a loop.,NPM,"","","",HIGH,7.5,CVSS:3.1/AV:N/AC:L/PR:N/UI:N/S:U/C:N/I:N/A:H,HIGHEST,6,"","","","","","","",""
H6060-JavaScript-Axios,"Fri, 16 Aug 2024 13:04:56 GMT",elliptic:6.5.4,/Users/runner/work/H6060-JavaScript-Axios/H6060-JavaScript-Axios/upstream-repository/package-lock.json?/elliptic:6.5.4,EC cryptography,MIT,"","",pkg:npm/elliptic@6.5.4,cpe:2.3:a:elliptic_project:elliptic:6.5.4:*:*:*:*:*:*:*,CVE-2024-42459,CWE-347 Improper Verification of Cryptographic Signature,"In the Elliptic package 6.5.6 for Node.js, EDDSA signature malleability occurs because there is a missing signature length check, and thus zero-valued bytes can be removed or appended.",OSSINDEX,"","","",MEDIUM,5.300000190734863,CVSS:3.1/AV:N/AC:L/PR:N/UI:N/S:U/C:L/I:N/A:N,HIGHEST,8,"","","","","","","",""
H6060-JavaScript-Axios,"Fri, 16 Aug 2024 13:04:56 GMT",elliptic:6.5.4,/Users/runner/work/H6060-JavaScript-Axios/H6060-JavaScript-Axios/upstream-repository/package-lock.json?/elliptic:6.5.4,EC cryptography,MIT,"","",pkg:npm/elliptic@6.5.4,cpe:2.3:a:elliptic_project:elliptic:6.5.4:*:*:*:*:*:*:*,CVE-2024-42460,CWE-130 Improper Handling of Length Parameter Inconsistency,"In the Elliptic package 6.5.6 for Node.js, ECDSA signature malleability occurs because there is a missing check for whether the leading bit of r and s is zero.",OSSINDEX,"","","",MEDIUM,5.300000190734863,CVSS:3.1/AV:N/AC:L/PR:N/UI:N/S:U/C:L/I:N/A:N,HIGHEST,8,"","","","","","","",""
H6060-JavaScript-Axios,"Fri, 16 Aug 2024 13:04:56 GMT",elliptic:6.5.4,/Users/runner/work/H6060-JavaScript-Axios/H6060-JavaScript-Axios/upstream-repository/package-lock.json?/elliptic:6.5.4,EC cryptography,MIT,"","",pkg:npm/elliptic@6.5.4,cpe:2.3:a:elliptic_project:elliptic:6.5.4:*:*:*:*:*:*:*,CVE-2024-42461,CWE-347 Improper Verification of Cryptographic Signature,"In the Elliptic package 6.5.6 for Node.js, ECDSA signature malleability occurs because BER-encoded signatures are allowed.",OSSINDEX,"","","",MEDIUM,5.300000190734863,CVSS:3.1/AV:N/AC:L/PR:N/UI:N/S:U/C:L/I:N/A:N,HIGHEST,8,"","","","","","","",""
H6060-JavaScript-Axios,"Fri, 16 Aug 2024 13:04:56 GMT",engine.io:6.2.1,/Users/runner/work/H6060-JavaScript-Axios/H6060-JavaScript-Axios/upstream-repository/package-lock.json?socket.io:4.5.0/engine.io:~6.2.0,The realtime engine behind Socket.IO. Provides the foundation of a bidirectional connection between client and server,MIT,"","",pkg:npm/engine.io@6.2.1,cpe:2.3:a:socket:engine.io:6.2.1:*:*:*:*:*:*:*,CVE-2023-31125,"CWE-248 Uncaught Exception, NVD-CWE-Other","Engine.IO is the implementation of transport-based cross-browser/cross-device bi-directional communication layer for Socket.IO. An uncaught exception vulnerability was introduced in version 5.1.0 and included in version 4.1.0 of the `socket.io` parent package. Older versions are not impacted. A specially crafted HTTP request can trigger an uncaught exception on the Engine.IO server, thus killing the Node.js process. This impacts all the users of the `engine.io` package, including those who use depending packages like `socket.io`. This issue was fixed in version 6.4.2 of Engine.IO. There is no known workaround except upgrading to a safe version.",NVD,"","","",MEDIUM,6.5,CVSS:3.1/AV:N/AC:L/PR:L/UI:N/S:U/C:N/I:N/A:H/E:2.8/RC:R/MAV:A,HIGHEST,7,"","","","","","","",""
H6060-JavaScript-Axios,"Fri, 16 Aug 2024 13:04:56 GMT",engine.io:6.2.1,/Users/runner/work/H6060-JavaScript-Axios/H6060-JavaScript-Axios/upstream-repository/package-lock.json?socket.io:4.5.0/engine.io:~6.2.0,The realtime engine behind Socket.IO. Provides the foundation of a bidirectional connection between client and server,MIT,"","",pkg:npm/engine.io@6.2.1,cpe:2.3:a:socket:engine.io:6.2.1:*:*:*:*:*:*:*,GHSA-q9mw-68c2-j6m5,CWE-248 Uncaught Exception,"### Impact  A specially crafted HTTP request can trigger an uncaught exception on the Engine.IO server, thus killing the Node.js process.  ``` TypeError: Cannot read properties of undefined (reading 'handlesUpgrades')     at Server.onWebSocket (build/server.js:515:67) ```  This impacts all the users of the [`engine.io`](https://www.npmjs.com/package/engine.io) package, including those who uses depending packages like [`socket.io`](https://www.npmjs.com/package/socket.io).  ### Patches  A fix has been released today (2023/05/02): [6.4.2](https://github.com/socketio/engine.io/releases/tag/6.4.2)  This bug was introduced in version 5.1.0 and included in version 4.1.0 of the `socket.io` parent package. Older versions are not impacted.  For `socket.io` users:  | Version range               | `engine.io` version | Needs minor update?                                                                                    | |-----------------------------|---------------------|--------------------------------------------------------------------------------------------------------| | `socket.io@4.6.x`           | `~6.4.0`            | `npm audit fix` should be sufficient                                                                   | | `socket.io@4.5.x`           | `~6.2.0`            | Please upgrade to `socket.io@4.6.x`                                                                    | | `socket.io@4.4.x`           | `~6.1.0`            | Please upgrade to `socket.io@4.6.x`                                                                    | | `socket.io@4.3.x`           | `~6.0.0`            | Please upgrade to `socket.io@4.6.x`                                                                    | | `socket.io@4.2.x`           | `~5.2.0`            | Please upgrade to `socket.io@4.6.x`                                                                    | | `socket.io@4.1.x`           | `~5.1.1`            | Please upgrade to `socket.io@4.6.x`                                                                    | | `socket.io@4.0.x`           | `~5.0.0`            | Not impacted | | `socket.io@3.1.x`           | `~4.1.0`            | Not impacted | | `socket.io@3.0.x`           | `~4.0.0`            | Not impacted | | `socket.io@2.5.0`           | `~3.6.0`            | Not impacted | | `socket.io@2.4.x` and below | `~3.5.0`            | Not impacted |  ### Workarounds  There is no known workaround except upgrading to a safe version.  ### For more information  If you have any questions or comments about this advisory:  * Open an issue in [`engine.io`](https://github.com/socketio/engine.io)  Thanks to Thomas Rinsma from Codean for the responsible disclosure.",NPM,"","","",MEDIUM,6.5,CVSS:3.1/AV:N/AC:L/PR:L/UI:N/S:U/C:N/I:N/A:H,HIGHEST,7,"","","","","","","",""
H6060-JavaScript-Axios,"Fri, 16 Aug 2024 13:04:56 GMT",es5-ext:0.10.61,/Users/runner/work/H6060-JavaScript-Axios/H6060-JavaScript-Axios/upstream-repository/package-lock.json?timers-ext:0.1.7/es5-ext:~0.10.46,ECMAScript extensions and shims,ISC,"","",pkg:npm/es5-ext@0.10.61,"",GHSA-4gmj-3p3h-gm8h,CWE-1333 Inefficient Regular Expression Complexity,### Impact  Passing functions with very long names or complex default argument names into `function#copy` or`function#toStringTokens` may put script to stall  ### Patches Fixed with https://github.com/medikoo/es5-ext/commit/3551cdd7b2db08b1632841f819d008757d28e8e2 and https://github.com/medikoo/es5-ext/commit/a52e95736690ad1d465ebcd9791d54570e294602 Published with v0.10.63  ### Workarounds No real workaround aside of refraining from using above utilities.  ### References https://github.com/medikoo/es5-ext/issues/201,NPM,"","","","","","",HIGHEST,6,"","","","","","","",""
H6060-JavaScript-Axios,"Fri, 16 Aug 2024 13:04:56 GMT",es5-ext:0.10.61,/Users/runner/work/H6060-JavaScript-Axios/H6060-JavaScript-Axios/upstream-repository/package-lock.json?timers-ext:0.1.7/es5-ext:~0.10.46,ECMAScript extensions and shims,ISC,"","",pkg:npm/es5-ext@0.10.61,"",CVE-2024-27088,CWE-1333 Inefficient Regular Expression Complexity,es5-ext contains ECMAScript 5 extensions. Passing functions with very long names or complex default argument names into `function#copy` or `function#toStringTokens` may cause the script to stall. The vulnerability is patched in v0.10.63.,OSSINDEX,"","","",NONE,0.0,CVSS:3.1/AV:L/AC:L/PR:H/UI:N/S:U/C:N/I:N/A:N,HIGHEST,6,"","","","","","","",""
H6060-JavaScript-Axios,"Fri, 16 Aug 2024 13:04:56 GMT",express:4.18.2,/Users/runner/work/H6060-JavaScript-Axios/H6060-JavaScript-Axios/upstream-repository/package-lock.json?/express:4.18.2,"Fast, unopinionated, minimalist web framework",MIT,"","",pkg:npm/express@4.18.2,"",CVE-2024-29041,CWE-1286 Improper Validation of Syntactic Correctness of Input,"Express.js minimalist web framework for node. Versions of Express.js prior to 4.19.0 and all pre-release alpha and beta versions of 5.0 are affected by an open redirect vulnerability using malformed URLs. When a user of Express performs a redirect using a user-provided URL Express performs an encode [using `encodeurl`](https://github.com/pillarjs/encodeurl) on the contents before passing it to the `location` header. This can cause malformed URLs to be evaluated in unexpected ways by common redirect allow list implementations in Express applications, leading to an Open Redirect via bypass of a properly implemented allow list. The main method impacted is `res.location()` but this is also called from within `res.redirect()`. The vulnerability is fixed in 4.19.2 and 5.0.0-beta.3.",OSSINDEX,"","","",MEDIUM,6.099999904632568,CVSS:3.1/AV:N/AC:L/PR:N/UI:R/S:C/C:L/I:L/A:N,HIGHEST,7,"","","","","","","",""
H6060-JavaScript-Axios,"Fri, 16 Aug 2024 13:04:56 GMT",express:4.18.2,/Users/runner/work/H6060-JavaScript-Axios/H6060-JavaScript-Axios/upstream-repository/package-lock.json?/express:4.18.2,"Fast, unopinionated, minimalist web framework",MIT,"","",pkg:npm/express@4.18.2,"",GHSA-rv95-896h-c2vc,"CWE-601 URL Redirection to Untrusted Site ('Open Redirect'), CWE-1286 Improper Validation of Syntactic Correctness of Input","### Impact  Versions of Express.js prior to 4.19.2 and pre-release alpha and beta versions before 5.0.0-beta.3 are affected by an open redirect vulnerability using malformed URLs.  When a user of Express performs a redirect using a user-provided URL Express performs an encode [using `encodeurl`](https://github.com/pillarjs/encodeurl) on the contents before passing it to the `location` header. This can cause malformed URLs to be evaluated in unexpected ways by common redirect allow list implementations in Express applications, leading to an Open Redirect via bypass of a properly implemented allow list.  The main method impacted is `res.location()` but this is also called from within `res.redirect()`.  ### Patches  https://github.com/expressjs/express/commit/0867302ddbde0e9463d0564fea5861feb708c2dd https://github.com/expressjs/express/commit/0b746953c4bd8e377123527db11f9cd866e39f94  An initial fix went out with `express@4.19.0`, we then patched a feature regression in `4.19.1` and added improved handling for the bypass in `4.19.2`.  ### Workarounds  The fix for this involves pre-parsing the url string with either `require('node:url').parse` or `new URL`. These are steps you can take on your own before passing the user input string to `res.location` or `res.redirect`.  ### References  https://github.com/expressjs/express/pull/5539 https://github.com/koajs/koa/issues/1800 https://expressjs.com/en/4x/api.html#res.location",NPM,"","","",MEDIUM,6.099999904632568,CVSS:3.1/AV:N/AC:L/PR:N/UI:R/S:C/C:L/I:L/A:N,HIGHEST,7,"","","","","","","",""
H6060-JavaScript-Axios,"Fri, 16 Aug 2024 13:04:56 GMT",file-type:3.9.0,/Users/runner/work/H6060-JavaScript-Axios/H6060-JavaScript-Axios/upstream-repository/package-lock.json?/file-type:3.9.0,Detect the file type of a Buffer/Uint8Array,MIT,"","",pkg:npm/file-type@3.9.0,cpe:2.3:a:file-type_project:file-type:3.9.0:*:*:*:*:*:*:*,CVE-2022-36313,CWE-835 Loop with Unreachable Exit Condition ('Infinite Loop'),An issue was discovered in the file-type package before 16.5.4 and 17.x before 17.1.3 for Node.js. A malformed MKV file could cause the file type detector to get caught in an infinite loop. This would make the application become unresponsive and could be used to cause a DoS attack.,NVD,"","","",MEDIUM,5.5,CVSS:3.1/AV:L/AC:L/PR:N/UI:R/S:U/C:N/I:N/A:H/E:1.8/RC:R/MAV:A,HIGHEST,8,"","","","","","","",""
H6060-JavaScript-Axios,"Fri, 16 Aug 2024 13:04:56 GMT",file-type:4.4.0,/Users/runner/work/H6060-JavaScript-Axios/H6060-JavaScript-Axios/upstream-repository/package-lock.json?/file-type:4.4.0,Detect the file type of a Buffer/Uint8Array,MIT,"","",pkg:npm/file-type@4.4.0,cpe:2.3:a:file-type_project:file-type:4.4.0:*:*:*:*:*:*:*,CVE-2022-36313,CWE-835 Loop with Unreachable Exit Condition ('Infinite Loop'),An issue was discovered in the file-type package before 16.5.4 and 17.x before 17.1.3 for Node.js. A malformed MKV file could cause the file type detector to get caught in an infinite loop. This would make the application become unresponsive and could be used to cause a DoS attack.,NVD,"","","",MEDIUM,5.5,CVSS:3.1/AV:L/AC:L/PR:N/UI:R/S:U/C:N/I:N/A:H/E:1.8/RC:R/MAV:A,HIGHEST,8,"","","","","","","",""
H6060-JavaScript-Axios,"Fri, 16 Aug 2024 13:04:56 GMT",file-type:5.2.0,/Users/runner/work/H6060-JavaScript-Axios/H6060-JavaScript-Axios/upstream-repository/package-lock.json?/file-type:5.2.0,Detect the file type of a Buffer/Uint8Array,MIT,"","",pkg:npm/file-type@5.2.0,cpe:2.3:a:file-type_project:file-type:5.2.0:*:*:*:*:*:*:*,CVE-2022-36313,CWE-835 Loop with Unreachable Exit Condition ('Infinite Loop'),An issue was discovered in the file-type package before 16.5.4 and 17.x before 17.1.3 for Node.js. A malformed MKV file could cause the file type detector to get caught in an infinite loop. This would make the application become unresponsive and could be used to cause a DoS attack.,NVD,"","","",MEDIUM,5.5,CVSS:3.1/AV:L/AC:L/PR:N/UI:R/S:U/C:N/I:N/A:H/E:1.8/RC:R/MAV:A,HIGHEST,8,"","","","","","","",""
H6060-JavaScript-Axios,"Fri, 16 Aug 2024 13:04:56 GMT",file-type:6.2.0,/Users/runner/work/H6060-JavaScript-Axios/H6060-JavaScript-Axios/upstream-repository/package-lock.json?/file-type:6.2.0,Detect the file type of a Buffer/Uint8Array,MIT,"","",pkg:npm/file-type@6.2.0,cpe:2.3:a:file-type_project:file-type:6.2.0:*:*:*:*:*:*:*,CVE-2022-36313,CWE-835 Loop with Unreachable Exit Condition ('Infinite Loop'),An issue was discovered in the file-type package before 16.5.4 and 17.x before 17.1.3 for Node.js. A malformed MKV file could cause the file type detector to get caught in an infinite loop. This would make the application become unresponsive and could be used to cause a DoS attack.,NVD,"","","",MEDIUM,5.5,CVSS:3.1/AV:L/AC:L/PR:N/UI:R/S:U/C:N/I:N/A:H/E:1.8/RC:R/MAV:A,HIGHEST,8,"","","","","","","",""
H6060-JavaScript-Axios,"Fri, 16 Aug 2024 13:04:56 GMT",file-type:8.1.0,/Users/runner/work/H6060-JavaScript-Axios/H6060-JavaScript-Axios/upstream-repository/package-lock.json?/file-type:8.1.0,Detect the file type of a Buffer/Uint8Array,MIT,"","",pkg:npm/file-type@8.1.0,cpe:2.3:a:file-type_project:file-type:8.1.0:*:*:*:*:*:*:*,CVE-2022-36313,CWE-835 Loop with Unreachable Exit Condition ('Infinite Loop'),An issue was discovered in the file-type package before 16.5.4 and 17.x before 17.1.3 for Node.js. A malformed MKV file could cause the file type detector to get caught in an infinite loop. This would make the application become unresponsive and could be used to cause a DoS attack.,NVD,"","","",MEDIUM,5.5,CVSS:3.1/AV:L/AC:L/PR:N/UI:R/S:U/C:N/I:N/A:H/E:1.8/RC:R/MAV:A,HIGHEST,8,"","","","","","","",""
H6060-JavaScript-Axios,"Fri, 16 Aug 2024 13:04:56 GMT",glob-parent:3.1.0,/Users/runner/work/H6060-JavaScript-Axios/H6060-JavaScript-Axios/upstream-repository/package-lock.json?/glob-parent:3.1.0,Strips glob magic from a string to provide the parent directory path,ISC,"","",pkg:npm/glob-parent@3.1.0,"",CVE-2020-28469,CWE-400 Uncontrolled Resource Consumption,This affects the package glob-parent before 5.1.2. The enclosure regex used to check for strings ending in enclosure containing path separator.,OSSINDEX,"","","",HIGH,7.5,CVSS:3.1/AV:N/AC:L/PR:N/UI:N/S:U/C:N/I:N/A:H,HIGHEST,8,"","","","","","","",""
H6060-JavaScript-Axios,"Fri, 16 Aug 2024 13:04:56 GMT",got:11.8.3,/Users/runner/work/H6060-JavaScript-Axios/H6060-JavaScript-Axios/upstream-repository/package-lock.json?webdriver:6.12.1/got:^11.0.2,Human-friendly and powerful HTTP request library for Node.js,MIT,"","",pkg:npm/got@11.8.3,cpe:2.3:a:got_project:got:11.8.3:*:*:*:*:*:*:*,GHSA-pfrx-2q88-qq97,"",The got package before 11.8.5 and 12.1.0 for Node.js allows a redirect to a UNIX socket.,NPM,"","","",MEDIUM,5.300000190734863,CVSS:3.1/AV:N/AC:L/PR:N/UI:N/S:U/C:N/I:L/A:N,HIGHEST,5,"","","","","","","",""
H6060-JavaScript-Axios,"Fri, 16 Aug 2024 13:04:56 GMT",got:11.8.3,/Users/runner/work/H6060-JavaScript-Axios/H6060-JavaScript-Axios/upstream-repository/package-lock.json?webdriver:6.12.1/got:^11.0.2,Human-friendly and powerful HTTP request library for Node.js,MIT,"","",pkg:npm/got@11.8.3,cpe:2.3:a:got_project:got:11.8.3:*:*:*:*:*:*:*,CVE-2022-33987,NVD-CWE-noinfo,The got package before 12.1.0 (also fixed in 11.8.5) for Node.js allows a redirect to a UNIX socket.,NVD,MEDIUM,5.0,/AV:N/AC:L/Au:N/C:N/I:P/A:N,MEDIUM,5.3,CVSS:3.1/AV:N/AC:L/PR:N/UI:N/S:U/C:N/I:L/A:N/E:3.9/RC:R/MAV:A,HIGHEST,5,"","","","","","","",""
H6060-JavaScript-Axios,"Fri, 16 Aug 2024 13:04:56 GMT",got:8.3.2,/Users/runner/work/H6060-JavaScript-Axios/H6060-JavaScript-Axios/upstream-repository/package-lock.json?/got:8.3.2,Simplified HTTP requests,MIT,"","",pkg:npm/got@8.3.2,cpe:2.3:a:got_project:got:8.3.2:*:*:*:*:*:*:*,CVE-2022-33987,NVD-CWE-noinfo,The got package before 12.1.0 (also fixed in 11.8.5) for Node.js allows a redirect to a UNIX socket.,NVD,MEDIUM,5.0,/AV:N/AC:L/Au:N/C:N/I:P/A:N,MEDIUM,5.3,CVSS:3.1/AV:N/AC:L/PR:N/UI:N/S:U/C:N/I:L/A:N/E:3.9/RC:R/MAV:A,HIGHEST,14,"","","","","","","",""
H6060-JavaScript-Axios,"Fri, 16 Aug 2024 13:04:56 GMT",http-cache-semantics:3.8.1,/Users/runner/work/H6060-JavaScript-Axios/H6060-JavaScript-Axios/upstream-repository/package-lock.json?/http-cache-semantics:3.8.1,Parses Cache-Control and other headers. Helps building correct HTTP caches and proxies,BSD-2-Clause,"","",pkg:npm/http-cache-semantics@3.8.1,cpe:2.3:a:http-cache-semantics_project:http-cache-semantics:3.8.1:*:*:*:*:*:*:*,CVE-2022-25881,CWE-1333 Inefficient Regular Expression Complexity,"This affects versions of the package http-cache-semantics before 4.1.1. The issue can be exploited via malicious request header values sent to a server, when that server reads the cache policy from the request using this library.",NVD,"","","",HIGH,7.5,CVSS:3.1/AV:N/AC:L/PR:N/UI:N/S:U/C:N/I:N/A:H/E:3.9/RC:R/MAV:A,HIGHEST,6,"","","","","","","",""
H6060-JavaScript-Axios,"Fri, 16 Aug 2024 13:04:56 GMT",http-cache-semantics:3.8.1,/Users/runner/work/H6060-JavaScript-Axios/H6060-JavaScript-Axios/upstream-repository/package-lock.json?/http-cache-semantics:3.8.1,Parses Cache-Control and other headers. Helps building correct HTTP caches and proxies,BSD-2-Clause,"","",pkg:npm/http-cache-semantics@3.8.1,cpe:2.3:a:http-cache-semantics_project:http-cache-semantics:3.8.1:*:*:*:*:*:*:*,GHSA-rc47-6667-2j5j,CWE-1333 Inefficient Regular Expression Complexity,"http-cache semantics contains an Inefficient Regular Expression Complexity , leading to Denial of Service. This affects versions of the package http-cache-semantics before 4.1.1. The issue can be exploited via malicious request header values sent to a server, when that server reads the cache policy from the request using this library.",NPM,"","","",HIGH,7.5,CVSS:3.1/AV:N/AC:L/PR:N/UI:N/S:U/C:N/I:N/A:H,HIGHEST,6,"","","","","","","",""
H6060-JavaScript-Axios,"Fri, 16 Aug 2024 13:04:56 GMT",ip:1.1.8,/Users/runner/work/H6060-JavaScript-Axios/H6060-JavaScript-Axios/upstream-repository/package-lock.json?pac-resolver:6.0.2/ip:^1.1.8,"",MIT,"","",pkg:npm/ip@1.1.8,cpe:2.3:a:fedorindutny:ip:1.1.8:*:*:*:*:*:*:*,CVE-2023-42282,CWE-918 Server-Side Request Forgery (SSRF),The ip package before 1.1.9 for Node.js might allow SSRF because some IP addresses (such as 0x7f.1) are improperly categorized as globally routable via isPublic.,NVD,"","","",CRITICAL,9.8,CVSS:3.1/AV:N/AC:L/PR:N/UI:N/S:U/C:H/I:H/A:H/E:3.9/RC:R/MAV:A,HIGHEST,6,"","","","","","","",""
H6060-JavaScript-Axios,"Fri, 16 Aug 2024 13:04:56 GMT",ip:1.1.8,/Users/runner/work/H6060-JavaScript-Axios/H6060-JavaScript-Axios/upstream-repository/package-lock.json?pac-resolver:6.0.2/ip:^1.1.8,"",MIT,"","",pkg:npm/ip@1.1.8,cpe:2.3:a:fedorindutny:ip:1.1.8:*:*:*:*:*:*:*,GHSA-2p57-rm9w-gvfp,CWE-918 Server-Side Request Forgery (SSRF),"The ip package through 2.0.1 for Node.js might allow SSRF because some IP addresses (such as 127.1, 01200034567, 012.1.2.3, 000:0:0000::01, and ::fFFf:127.0.0.1) are improperly categorized as globally routable via isPublic. NOTE: this issue exists because of an incomplete fix for CVE-2023-42282.",NPM,"","","","","","",HIGHEST,6,"","","","","","","",""
H6060-JavaScript-Axios,"Fri, 16 Aug 2024 13:04:56 GMT",ip:1.1.8,/Users/runner/work/H6060-JavaScript-Axios/H6060-JavaScript-Axios/upstream-repository/package-lock.json?pac-resolver:6.0.2/ip:^1.1.8,"",MIT,"","",pkg:npm/ip@1.1.8,cpe:2.3:a:fedorindutny:ip:1.1.8:*:*:*:*:*:*:*,GHSA-78xj-cgh5-2h22,CWE-918 Server-Side Request Forgery (SSRF),"The `isPublic()` function in the NPM package `ip` doesn't correctly identify certain private IP addresses in uncommon formats such as `0x7F.1` as private. Instead, it reports them as public by returning `true`. This can lead to security issues such as Server-Side Request Forgery (SSRF) if `isPublic()` is used to protect sensitive code paths when passed user input. Versions 1.1.9 and 2.0.1 fix the issue.",NPM,"","","","","","",HIGHEST,6,"","","","","","","",""
H6060-JavaScript-Axios,"Fri, 16 Aug 2024 13:04:56 GMT",micromatch:3.1.10,/Users/runner/work/H6060-JavaScript-Axios/H6060-JavaScript-Axios/upstream-repository/package-lock.json?webpack:4.46.0/micromatch:^3.1.10,Glob matching for javascript/node.js. A drop-in replacement and faster alternative to minimatch and multimatch.,MIT,"","",pkg:npm/micromatch@3.1.10,"",CVE-2024-4067,CWE-1333 Inefficient Regular Expression Complexity,"The NPM package `micromatch` is vulnerable to Regular Expression Denial of Service (ReDoS). The vulnerability occurs in `micromatch.braces()` in `index.js` because the pattern `.*` will greedily match anything. By passing a malicious payload, the pattern matching will keep backtracking to the input while it doesn't find the closing bracket. As the input size increases, the consumption time will also increase until it causes the application to hang or slow down. There was a merged fix but further testing shows the issue persists. This issue should be mitigated by using a safe pattern that won't start backtracking the regular expression due to greedy matching.",OSSINDEX,"","","",MEDIUM,5.300000190734863,CVSS:3.1/AV:N/AC:L/PR:N/UI:N/S:U/C:N/I:N/A:L,HIGHEST,8,"","","","","","","",""
H6060-JavaScript-Axios,"Fri, 16 Aug 2024 13:04:56 GMT",micromatch:4.0.5,/Users/runner/work/H6060-JavaScript-Axios/H6060-JavaScript-Axios/upstream-repository/package-lock.json?/micromatch:4.0.5,Glob matching for javascript/node.js. A replacement and faster alternative to minimatch and multimatch.,MIT,"","",pkg:npm/micromatch@4.0.5,"",CVE-2024-4067,CWE-1333 Inefficient Regular Expression Complexity,"The NPM package `micromatch` is vulnerable to Regular Expression Denial of Service (ReDoS). The vulnerability occurs in `micromatch.braces()` in `index.js` because the pattern `.*` will greedily match anything. By passing a malicious payload, the pattern matching will keep backtracking to the input while it doesn't find the closing bracket. As the input size increases, the consumption time will also increase until it causes the application to hang or slow down. There was a merged fix but further testing shows the issue persists. This issue should be mitigated by using a safe pattern that won't start backtracking the regular expression due to greedy matching.",OSSINDEX,"","","",MEDIUM,5.300000190734863,CVSS:3.1/AV:N/AC:L/PR:N/UI:N/S:U/C:N/I:N/A:L,HIGHEST,8,"","","","","","","",""
H6060-JavaScript-Axios,"Fri, 16 Aug 2024 13:04:56 GMT",request:2.88.2,/Users/runner/work/H6060-JavaScript-Axios/H6060-JavaScript-Axios/upstream-repository/package-lock.json?/request:2.88.2,Simplified HTTP request client.,Apache-2.0,"","",pkg:npm/request@2.88.2,cpe:2.3:a:request_project:request:2.88.2:*:*:*:*:*:*:*,CVE-2023-28155,CWE-918 Server-Side Request Forgery (SSRF),"The Request package through 2.88.1 for Node.js allows a bypass of SSRF mitigations via an attacker-controller server that does a cross-protocol redirect (HTTP to HTTPS, or HTTPS to HTTP). NOTE: This vulnerability only affects products that are no longer supported by the maintainer.",OSSINDEX,"","","",MEDIUM,6.099999904632568,CVSS:3.1/AV:N/AC:L/PR:N/UI:R/S:C/C:L/I:L/A:N,HIGHEST,7,"","","","","","","",""
H6060-JavaScript-Axios,"Fri, 16 Aug 2024 13:04:56 GMT",request:2.88.2,/Users/runner/work/H6060-JavaScript-Axios/H6060-JavaScript-Axios/upstream-repository/package-lock.json?/request:2.88.2,Simplified HTTP request client.,Apache-2.0,"","",pkg:npm/request@2.88.2,cpe:2.3:a:request_project:request:2.88.2:*:*:*:*:*:*:*,GHSA-p8p7-x288-28g6,CWE-918 Server-Side Request Forgery (SSRF),"The `request` package through 2.88.2 for Node.js and the `@cypress/request` package prior to 3.0.0 allow a bypass of SSRF mitigations via an attacker-controller server that does a cross-protocol redirect (HTTP to HTTPS, or HTTPS to HTTP).  NOTE: The `request` package is no longer supported by the maintainer.",NPM,"","","",MEDIUM,6.099999904632568,CVSS:3.1/AV:N/AC:L/PR:N/UI:R/S:C/C:L/I:L/A:N,HIGHEST,7,"","","","","","","",""
H6060-JavaScript-Axios,"Fri, 16 Aug 2024 13:04:56 GMT",semver-regex:2.0.0,/Users/runner/work/H6060-JavaScript-Axios/H6060-JavaScript-Axios/upstream-repository/package-lock.json?/semver-regex:2.0.0,Regular expression for matching semver versions,MIT,"","",pkg:npm/semver-regex@2.0.0,cpe:2.3:a:semver-regex_project:semver-regex:2.0.0:*:*:*:*:*:*:*,CVE-2021-3795,CWE-1333 Inefficient Regular Expression Complexity,semver-regex is vulnerable to Inefficient Regular Expression Complexity,NVD,MEDIUM,5.0,/AV:N/AC:L/Au:N/C:N/I:N/A:P,HIGH,7.5,CVSS:3.1/AV:N/AC:L/PR:N/UI:N/S:U/C:N/I:N/A:H/E:3.9/RC:R/MAV:A,HIGHEST,8,"","","","","","","",""
H6060-JavaScript-Axios,"Fri, 16 Aug 2024 13:04:56 GMT",semver-regex:2.0.0,/Users/runner/work/H6060-JavaScript-Axios/H6060-JavaScript-Axios/upstream-repository/package-lock.json?/semver-regex:2.0.0,Regular expression for matching semver versions,MIT,"","",pkg:npm/semver-regex@2.0.0,cpe:2.3:a:semver-regex_project:semver-regex:2.0.0:*:*:*:*:*:*:*,CVE-2021-43307,CWE-1333 Inefficient Regular Expression Complexity,"An exponential ReDoS (Regular Expression Denial of Service) can be triggered in the semver-regex npm package, when an attacker is able to supply arbitrary input to the test() method",NVD,MEDIUM,5.0,/AV:N/AC:L/Au:N/C:N/I:N/A:P,HIGH,7.5,CVSS:3.1/AV:N/AC:L/PR:N/UI:N/S:U/C:N/I:N/A:H/E:3.9/RC:R/MAV:A,HIGHEST,8,"","","","","","","",""
H6060-JavaScript-Axios,"Fri, 16 Aug 2024 13:04:56 GMT",semver-regex:2.0.0,/Users/runner/work/H6060-JavaScript-Axios/H6060-JavaScript-Axios/upstream-repository/package-lock.json?/semver-regex:2.0.0,Regular expression for matching semver versions,MIT,"","",pkg:npm/semver-regex@2.0.0,cpe:2.3:a:semver-regex_project:semver-regex:2.0.0:*:*:*:*:*:*:*,GHSA-44c6-4v22-4mhx,"CWE-400 Uncontrolled Resource Consumption, CWE-1333 Inefficient Regular Expression Complexity",npm `semver-regex` is vulnerable to Inefficient Regular Expression Complexity,NPM,"","","",HIGH,7.5,CVSS:3.0/AV:N/AC:L/PR:N/UI:N/S:U/C:N/I:N/A:H,HIGHEST,8,"","","","","","","",""
H6060-JavaScript-Axios,"Fri, 16 Aug 2024 13:04:56 GMT",semver-regex:2.0.0,/Users/runner/work/H6060-JavaScript-Axios/H6060-JavaScript-Axios/upstream-repository/package-lock.json?/semver-regex:2.0.0,Regular expression for matching semver versions,MIT,"","",pkg:npm/semver-regex@2.0.0,cpe:2.3:a:semver-regex_project:semver-regex:2.0.0:*:*:*:*:*:*:*,GHSA-4x5v-gmq8-25ch,CWE-1333 Inefficient Regular Expression Complexity,"An exponential ReDoS (Regular Expression Denial of Service) can be triggered in the semver-regex npm package, when an attacker is able to supply arbitrary input to the test() method",NPM,"","","","","","",HIGHEST,8,"","","","","","","",""
H6060-JavaScript-Axios,"Fri, 16 Aug 2024 13:04:56 GMT",semver:5.7.1,/Users/runner/work/H6060-JavaScript-Axios/H6060-JavaScript-Axios/upstream-repository/package-lock.json?/semver:5.7.1,The semantic version parser used by npm.,ISC,"","",pkg:npm/semver@5.7.1,"",CVE-2022-25883,CWE-1333 Inefficient Regular Expression Complexity,"Versions of the package semver before 7.5.2 are vulnerable to Regular Expression Denial of Service (ReDoS) via the function new Range, when untrusted user data is provided as a range.  Sonatype's research suggests that this CVE's details differ from those defined at NVD. See https://ossindex.sonatype.org/vulnerability/CVE-2022-25883 for details",OSSINDEX,"","","",HIGH,7.5,CVSS:3.1/AV:N/AC:L/PR:N/UI:N/S:U/C:N/I:N/A:H,HIGHEST,5,"","","","","","","",""
H6060-JavaScript-Axios,"Fri, 16 Aug 2024 13:04:56 GMT",semver:5.7.1,/Users/runner/work/H6060-JavaScript-Axios/H6060-JavaScript-Axios/upstream-repository/package-lock.json?/semver:5.7.1,The semantic version parser used by npm.,ISC,"","",pkg:npm/semver@5.7.1,"",GHSA-c2qf-rxjj-qqgw,CWE-1333 Inefficient Regular Expression Complexity,"Versions of the package semver before 7.5.2 on the 7.x branch, before 6.3.1 on the 6.x branch, and all other versions before 5.7.2 are vulnerable to Regular Expression Denial of Service (ReDoS) via the function new Range, when untrusted user data is provided as a range.",NPM,"","","",HIGH,7.5,CVSS:3.1/AV:N/AC:L/PR:N/UI:N/S:U/C:N/I:N/A:H,HIGHEST,5,"","","","","","","",""
H6060-JavaScript-Axios,"Fri, 16 Aug 2024 13:04:56 GMT",semver:6.3.0,/Users/runner/work/H6060-JavaScript-Axios/H6060-JavaScript-Axios/upstream-repository/package-lock.json?/semver:6.3.0,The semantic version parser used by npm.,ISC,"","",pkg:npm/semver@6.3.0,"",CVE-2022-25883,CWE-1333 Inefficient Regular Expression Complexity,"Versions of the package semver before 7.5.2 are vulnerable to Regular Expression Denial of Service (ReDoS) via the function new Range, when untrusted user data is provided as a range.  Sonatype's research suggests that this CVE's details differ from those defined at NVD. See https://ossindex.sonatype.org/vulnerability/CVE-2022-25883 for details",OSSINDEX,"","","",HIGH,7.5,CVSS:3.1/AV:N/AC:L/PR:N/UI:N/S:U/C:N/I:N/A:H,HIGHEST,5,"","","","","","","",""
H6060-JavaScript-Axios,"Fri, 16 Aug 2024 13:04:56 GMT",semver:6.3.0,/Users/runner/work/H6060-JavaScript-Axios/H6060-JavaScript-Axios/upstream-repository/package-lock.json?/semver:6.3.0,The semantic version parser used by npm.,ISC,"","",pkg:npm/semver@6.3.0,"",GHSA-c2qf-rxjj-qqgw,CWE-1333 Inefficient Regular Expression Complexity,"Versions of the package semver before 7.5.2 on the 7.x branch, before 6.3.1 on the 6.x branch, and all other versions before 5.7.2 are vulnerable to Regular Expression Denial of Service (ReDoS) via the function new Range, when untrusted user data is provided as a range.",NPM,"","","",HIGH,7.5,CVSS:3.1/AV:N/AC:L/PR:N/UI:N/S:U/C:N/I:N/A:H,HIGHEST,5,"","","","","","","",""
H6060-JavaScript-Axios,"Fri, 16 Aug 2024 13:04:56 GMT",semver:7.3.8,/Users/runner/work/H6060-JavaScript-Axios/H6060-JavaScript-Axios/upstream-repository/package-lock.json?update-notifier:6.0.2/semver:^7.3.7,The semantic version parser used by npm.,ISC,"","",pkg:npm/semver@7.3.8,"",CVE-2022-25883,CWE-1333 Inefficient Regular Expression Complexity,"Versions of the package semver before 7.5.2 are vulnerable to Regular Expression Denial of Service (ReDoS) via the function new Range, when untrusted user data is provided as a range.  Sonatype's research suggests that this CVE's details differ from those defined at NVD. See https://ossindex.sonatype.org/vulnerability/CVE-2022-25883 for details",OSSINDEX,"","","",HIGH,7.5,CVSS:3.1/AV:N/AC:L/PR:N/UI:N/S:U/C:N/I:N/A:H,HIGHEST,6,"","","","","","","",""
H6060-JavaScript-Axios,"Fri, 16 Aug 2024 13:04:56 GMT",semver:7.3.8,/Users/runner/work/H6060-JavaScript-Axios/H6060-JavaScript-Axios/upstream-repository/package-lock.json?update-notifier:6.0.2/semver:^7.3.7,The semantic version parser used by npm.,ISC,"","",pkg:npm/semver@7.3.8,"",GHSA-c2qf-rxjj-qqgw,CWE-1333 Inefficient Regular Expression Complexity,"Versions of the package semver before 7.5.2 on the 7.x branch, before 6.3.1 on the 6.x branch, and all other versions before 5.7.2 are vulnerable to Regular Expression Denial of Service (ReDoS) via the function new Range, when untrusted user data is provided as a range.",NPM,"","","",HIGH,7.5,CVSS:3.1/AV:N/AC:L/PR:N/UI:N/S:U/C:N/I:N/A:H,HIGHEST,6,"","","","","","","",""
H6060-JavaScript-Axios,"Fri, 16 Aug 2024 13:04:56 GMT",socket.io-parser:4.0.5,/Users/runner/work/H6060-JavaScript-Axios/H6060-JavaScript-Axios/upstream-repository/package-lock.json?/socket.io-parser:4.0.5,socket.io protocol parser,MIT,"","",pkg:npm/socket.io-parser@4.0.5,cpe:2.3:a:socket:socket.io-parser:4.0.5:*:*:*:*:*:*:*,CVE-2023-32695,"CWE-754 Improper Check for Unusual or Exceptional Conditions, CWE-20 Improper Input Validation","socket.io parser is a socket.io encoder and decoder written in JavaScript complying with version 5 of socket.io-protocol. A specially crafted Socket.IO packet can trigger an uncaught exception on the Socket.IO server, thus killing the Node.js process. A patch has been released in version 4.2.3.",NVD,"","","",HIGH,7.5,CVSS:3.1/AV:N/AC:L/PR:N/UI:N/S:U/C:N/I:N/A:H/E:3.9/RC:R/MAV:A,HIGHEST,5,"","","","","","","",""
H6060-JavaScript-Axios,"Fri, 16 Aug 2024 13:04:56 GMT",socket.io-parser:4.0.5,/Users/runner/work/H6060-JavaScript-Axios/H6060-JavaScript-Axios/upstream-repository/package-lock.json?/socket.io-parser:4.0.5,socket.io protocol parser,MIT,"","",pkg:npm/socket.io-parser@4.0.5,cpe:2.3:a:socket:socket.io-parser:4.0.5:*:*:*:*:*:*:*,GHSA-cqmj-92xf-r6r9,"CWE-754 Improper Check for Unusual or Exceptional Conditions, CWE-20 Improper Input Validation","### Impact  A specially crafted Socket.IO packet can trigger an uncaught exception on the Socket.IO server, thus killing the Node.js process.  ``` TypeError: Cannot convert object to primitive value        at Socket.emit (node:events:507:25)        at .../node_modules/socket.io/lib/socket.js:531:14 ```  ### Patches  A fix has been released today (2023/05/22):  - https://github.com/socketio/socket.io-parser/commit/3b78117bf6ba7e99d7a5cfc1ba54d0477554a7f3, included in `socket.io-parser@4.2.3` - https://github.com/socketio/socket.io-parser/commit/2dc3c92622dad113b8676be06f23b1ed46b02ced, included in `socket.io-parser@3.4.3`   Another fix has been released for the `3.3.x` branch:  - https://github.com/socketio/socket.io-parser/commit/ee006607495eca4ec7262ad080dd3a91439a5ba4, included in `socket.io-parser@3.3.4  | `socket.io` version | `socket.io-parser` version                                                                              | Needs minor update?                  | |---------------------|---------------------------------------------------------------------------------------------------------|--------------------------------------| | `4.5.2...latest`    | `~4.2.0` ([ref](https://github.com/socketio/socket.io/commit/9890b036cf942f6b6ad2afeb6a8361c32cd5d528)) | `npm audit fix` should be sufficient | | `4.1.3...4.5.1`     | `~4.1.1` ([ref](https://github.com/socketio/socket.io/commit/7c44893d7878cd5bba1eff43150c3e664f88fb57)) | Please upgrade to `socket.io@4.6.x`  | | `3.0.5...4.1.2`     | `~4.0.3` ([ref](https://github.com/socketio/socket.io/commit/752dfe3b1e5fecda53dae899b4a39e6fed5a1a17)) | Please upgrade to `socket.io@4.6.x`  | | `3.0.0...3.0.4`     | `~4.0.1` ([ref](https://github.com/socketio/socket.io/commit/1af3267e3f5f7884214cf2ca4d5282d620092fb0)) | Please upgrade to `socket.io@4.6.x`  | | `2.3.0...2.5.0`     | `~3.4.0` ([ref](https://github.com/socketio/socket.io/commit/cf39362014f5ff13a17168b74772c43920d6e4fd)) | `npm audit fix` should be sufficient |   ### Workarounds  There is no known workaround except upgrading to a safe version.  ### For more information  If you have any questions or comments about this advisory:  - Open a discussion [here](https://github.com/socketio/socket.io/discussions)  Thanks to [@rafax00](https://github.com/rafax00) for the responsible disclosure.",NPM,"","","",HIGH,7.300000190734863,CVSS:3.1/AV:N/AC:L/PR:N/UI:N/S:U/C:L/I:L/A:L,HIGHEST,5,"","","","","","","",""
H6060-JavaScript-Axios,"Fri, 16 Aug 2024 13:04:56 GMT",socket.io:4.5.0,/Users/runner/work/H6060-JavaScript-Axios/H6060-JavaScript-Axios/upstream-repository/package-lock.json?/socket.io:4.5.0,node.js realtime framework server,MIT,"","",pkg:npm/socket.io@4.5.0,cpe:2.3:a:socket:socket.io:4.5.0:*:*:*:*:*:*:*,CVE-2024-38355,CWE-20 Improper Input Validation,"Socket.IO is an open source, real-time, bidirectional, event-based, communication framework. A specially crafted Socket.IO packet can trigger an uncaught exception on the Socket.IO server, thus killing the Node.js process. This issue is fixed by commit `15af22fc22` which has been included in `socket.io@4.6.2` (released in May 2023). The fix was backported in the 2.x branch as well with commit `d30630ba10`. Users are advised to upgrade. Users unable to upgrade may attach a listener for the ""error"" event to catch these errors.",OSSINDEX,"","","",HIGH,7.300000190734863,CVSS:3.1/AV:N/AC:L/PR:N/UI:N/S:U/C:L/I:L/A:L,HIGHEST,5,"","","","","","","",""
H6060-JavaScript-Axios,"Fri, 16 Aug 2024 13:04:56 GMT",socket.io:4.5.0,/Users/runner/work/H6060-JavaScript-Axios/H6060-JavaScript-Axios/upstream-repository/package-lock.json?/socket.io:4.5.0,node.js realtime framework server,MIT,"","",pkg:npm/socket.io@4.5.0,cpe:2.3:a:socket:socket.io:4.5.0:*:*:*:*:*:*:*,GHSA-25hc-qcg6-38wj,"CWE-754 Improper Check for Unusual or Exceptional Conditions, CWE-20 Improper Input Validation","### Impact  A specially crafted Socket.IO packet can trigger an uncaught exception on the Socket.IO server, thus killing the Node.js process.  ``` node:events:502     throw err; // Unhandled 'error' event     ^  Error [ERR_UNHANDLED_ERROR]: Unhandled error. (undefined)     at new NodeError (node:internal/errors:405:5)     at Socket.emit (node:events:500:17)     at /myapp/node_modules/socket.io/lib/socket.js:531:14     at process.processTicksAndRejections (node:internal/process/task_queues:77:11) {   code: 'ERR_UNHANDLED_ERROR',   context: undefined } ```  ### Affected versions  | Version range    | Needs minor update?                            | |------------------|------------------------------------------------| | `4.6.2...latest` | Nothing to do               | | `3.0.0...4.6.1`  | Please upgrade to `socket.io@4.6.2` (at least) | | `2.3.0...2.5.0`  | Please upgrade to `socket.io@2.5.1`            |  ### Patches  This issue is fixed by https://github.com/socketio/socket.io/commit/15af22fc22bc6030fcead322c106f07640336115, included in `socket.io@4.6.2` (released in May 2023).  The fix was backported in the 2.x branch today: https://github.com/socketio/socket.io/commit/d30630ba10562bf987f4d2b42440fc41a828119c  ### Workarounds  As a workaround for the affected versions of the `socket.io` package, you can attach a listener for the ""error"" event:  ```js io.on(""connection"", (socket) => {   socket.on(""error"", () => {     // ...   }); }); ```  ### For more information  If you have any questions or comments about this advisory:  - Open a discussion [here](https://github.com/socketio/socket.io/discussions)  Thanks a lot to [Paul Taylor](https://github.com/Y0ursTruly) for the responsible disclosure.  ### References  - https://github.com/socketio/socket.io/commit/15af22fc22bc6030fcead322c106f07640336115 - https://github.com/socketio/socket.io/commit/d30630ba10562bf987f4d2b42440fc41a828119c",NPM,"","","",HIGH,7.300000190734863,CVSS:3.1/AV:N/AC:L/PR:N/UI:N/S:U/C:L/I:L/A:L,HIGHEST,5,"","","","","","","",""
H6060-JavaScript-Axios,"Fri, 16 Aug 2024 13:04:56 GMT",tar:2.2.2,/Users/runner/work/H6060-JavaScript-Axios/H6060-JavaScript-Axios/upstream-repository/package-lock.json?/tar:2.2.2,tar for node,ISC,"","",pkg:npm/tar@2.2.2,cpe:2.3:a:tar_project:tar:2.2.2:*:*:*:*:*:*:*,GHSA-3jfq-g458-7qm9,CWE-22 Improper Limitation of a Pathname to a Restricted Directory ('Path Traversal'),"### Impact  Arbitrary File Creation, Arbitrary File Overwrite, Arbitrary Code Execution  `node-tar` aims to prevent extraction of absolute file paths by turning absolute paths into relative paths when the `preservePaths` flag is not set to `true`. This is achieved by stripping the absolute path root from any absolute file paths contained in a tar file. For example `/home/user/.bashrc` would turn into `home/user/.bashrc`.   This logic was insufficient when file paths contained repeated path roots such as `////home/user/.bashrc`. `node-tar` would only strip a single path root from such paths. When given an absolute file path with repeating path roots, the resulting path (e.g. `///home/user/.bashrc`) would still resolve to an absolute path, thus allowing arbitrary file creation and overwrite.   ### Patches  3.2.2 || 4.4.14 || 5.0.6 || 6.1.1  NOTE: an adjacent issue [CVE-2021-32803](https://github.com/npm/node-tar/security/advisories/GHSA-r628-mhmh-qjhw) affects this release level. Please ensure you update to the latest patch levels that address CVE-2021-32803 as well if this adjacent issue affects your `node-tar` use case.  ### Workarounds  Users may work around this vulnerability without upgrading by creating a custom `onentry` method which sanitizes the `entry.path` or a `filter` method which removes entries with absolute paths.  ```js const path = require('path') const tar = require('tar')  tar.x({   file: 'archive.tgz',   // either add this function...   onentry: (entry) => {     if (path.isAbsolute(entry.path)) {       entry.path = sanitizeAbsolutePathSomehow(entry.path)       entry.absolute = path.resolve(entry.path)     }   },    // or this one   filter: (file, entry) => {     if (path.isAbsolute(entry.path)) {       return false     } else {       return true     }   } }) ```  Users are encouraged to upgrade to the latest patch versions, rather than attempt to sanitize tar input themselves.",NPM,"","","",HIGH,8.199999809265137,CVSS:3.1/AV:L/AC:L/PR:N/UI:R/S:C/C:H/I:H/A:N,HIGHEST,6,"","","","","","","",""
H6060-JavaScript-Axios,"Fri, 16 Aug 2024 13:04:56 GMT",tar:2.2.2,/Users/runner/work/H6060-JavaScript-Axios/H6060-JavaScript-Axios/upstream-repository/package-lock.json?/tar:2.2.2,tar for node,ISC,"","",pkg:npm/tar@2.2.2,cpe:2.3:a:tar_project:tar:2.2.2:*:*:*:*:*:*:*,GHSA-5955-9wpr-37jh,CWE-22 Improper Limitation of a Pathname to a Restricted Directory ('Path Traversal'),"### Impact  Arbitrary File Creation, Arbitrary File Overwrite, Arbitrary Code Execution  node-tar aims to guarantee that any file whose location would be outside of the extraction target directory is not extracted. This is, in part, accomplished by sanitizing absolute paths of entries within the archive, skipping archive entries that contain `..` path portions, and resolving the sanitized paths against the extraction target directory.  This logic was insufficient on Windows systems when extracting tar files that contained a path that was not an absolute path, but specified a drive letter different from the extraction target, such as `C:some\path`.  If the drive letter does not match the extraction target, for example `D:\extraction\dir`, then the result of `path.resolve(extractionDirectory, entryPath)` would resolve against the current working directory on the `C:` drive, rather than the extraction target directory.  Additionally, a `..` portion of the path could occur immediately after the drive letter, such as `C:../foo`, and was not properly sanitized by the logic that checked for `..` within the normalized and split portions of the path.  This only affects users of `node-tar` on Windows systems.  ### Patches  4.4.18 || 5.0.10 || 6.1.9  ### Workarounds  There is no reasonable way to work around this issue without performing the same path normalization procedures that node-tar now does.  Users are encouraged to upgrade to the latest patched versions of node-tar, rather than attempt to sanitize paths themselves.  ### Fix  The fixed versions strip path roots from all paths prior to being resolved against the extraction target folder, even if such paths are not ""absolute"".  Additionally, a path starting with a drive letter and then two dots, like `c:../`, would bypass the check for `..` path portions.  This is checked properly in the patched versions.  Finally, a defense in depth check is added, such that if the `entry.absolute` is outside of the extraction taret, and we are not in preservePaths:true mode, a warning is raised on that entry, and it is skipped.  Currently, it is believed that this check is redundant, but it did catch some oversights in development.",NPM,"","","",HIGH,8.199999809265137,CVSS:3.1/AV:L/AC:L/PR:N/UI:R/S:C/C:H/I:H/A:N,HIGHEST,6,"","","","","","","",""
H6060-JavaScript-Axios,"Fri, 16 Aug 2024 13:04:56 GMT",tar:2.2.2,/Users/runner/work/H6060-JavaScript-Axios/H6060-JavaScript-Axios/upstream-repository/package-lock.json?/tar:2.2.2,tar for node,ISC,"","",pkg:npm/tar@2.2.2,cpe:2.3:a:tar_project:tar:2.2.2:*:*:*:*:*:*:*,CVE-2021-32803,"CWE-22 Improper Limitation of a Pathname to a Restricted Directory ('Path Traversal'), CWE-59 Improper Link Resolution Before File Access ('Link Following')","The npm package ""tar"" (aka node-tar) before versions 6.1.2, 5.0.7, 4.4.15, and 3.2.3 has an arbitrary File Creation/Overwrite vulnerability via insufficient symlink protection. `node-tar` aims to guarantee that any file whose location would be modified by a symbolic link is not extracted. This is, in part, achieved by ensuring that extracted directories are not symlinks. Additionally, in order to prevent unnecessary `stat` calls to determine whether a given path is a directory, paths are cached when directories are created. This logic was insufficient when extracting tar files that contained both a directory and a symlink with the same name as the directory. This order of operations resulted in the directory being created and added to the `node-tar` directory cache. When a directory is present in the directory cache, subsequent calls to mkdir for that directory are skipped. However, this is also where `node-tar` checks for symlinks occur. By first creating a directory, and then replacing that directory with a symlink, it was thus possible to bypass `node-tar` symlink checks on directories, essentially allowing an untrusted tar file to symlink into an arbitrary location and subsequently extracting arbitrary files into that location, thus allowing arbitrary file creation and overwrite. This issue was addressed in releases 3.2.3, 4.4.15, 5.0.7 and 6.1.2.",NVD,MEDIUM,5.8,/AV:N/AC:M/Au:N/C:N/I:P/A:P,HIGH,8.1,CVSS:3.1/AV:N/AC:L/PR:N/UI:R/S:U/C:N/I:H/A:H/E:2.8/RC:R/MAV:A,HIGHEST,6,"","","","","","","",""
H6060-JavaScript-Axios,"Fri, 16 Aug 2024 13:04:56 GMT",tar:2.2.2,/Users/runner/work/H6060-JavaScript-Axios/H6060-JavaScript-Axios/upstream-repository/package-lock.json?/tar:2.2.2,tar for node,ISC,"","",pkg:npm/tar@2.2.2,cpe:2.3:a:tar_project:tar:2.2.2:*:*:*:*:*:*:*,CVE-2021-32804,CWE-22 Improper Limitation of a Pathname to a Restricted Directory ('Path Traversal'),"The npm package ""tar"" (aka node-tar) before versions 6.1.1, 5.0.6, 4.4.14, and 3.3.2 has a arbitrary File Creation/Overwrite vulnerability due to insufficient absolute path sanitization. node-tar aims to prevent extraction of absolute file paths by turning absolute paths into relative paths when the `preservePaths` flag is not set to `true`. This is achieved by stripping the absolute path root from any absolute file paths contained in a tar file. For example `/home/user/.bashrc` would turn into `home/user/.bashrc`. This logic was insufficient when file paths contained repeated path roots such as `////home/user/.bashrc`. `node-tar` would only strip a single path root from such paths. When given an absolute file path with repeating path roots, the resulting path (e.g. `///home/user/.bashrc`) would still resolve to an absolute path, thus allowing arbitrary file creation and overwrite. This issue was addressed in releases 3.2.2, 4.4.14, 5.0.6 and 6.1.1. Users may work around this vulnerability without upgrading by creating a custom `onentry` method which sanitizes the `entry.path` or a `filter` method which removes entries with absolute paths. See referenced GitHub Advisory for details. Be aware of CVE-2021-32803 which fixes a similar bug in later versions of tar.",NVD,MEDIUM,5.8,/AV:N/AC:M/Au:N/C:N/I:P/A:P,HIGH,8.1,CVSS:3.1/AV:N/AC:L/PR:N/UI:R/S:U/C:N/I:H/A:H/E:2.8/RC:R/MAV:A,HIGHEST,6,"","","","","","","",""
H6060-JavaScript-Axios,"Fri, 16 Aug 2024 13:04:56 GMT",tar:2.2.2,/Users/runner/work/H6060-JavaScript-Axios/H6060-JavaScript-Axios/upstream-repository/package-lock.json?/tar:2.2.2,tar for node,ISC,"","",pkg:npm/tar@2.2.2,cpe:2.3:a:tar_project:tar:2.2.2:*:*:*:*:*:*:*,CVE-2024-28863,CWE-400 Uncontrolled Resource Consumption,node-tar is a Tar for Node.js. node-tar prior to version 6.2.1 has no limit on the number of sub-folders created in the folder creation process. An attacker who generates a large number of sub-folders can consume memory on the system running node-tar and even crash the Node.js client within few seconds of running it using a path with too many sub-folders inside. Version 6.2.1 fixes this issue by preventing extraction in excessively deep sub-folders.,OSSINDEX,"","","",MEDIUM,6.5,CVSS:3.1/AV:N/AC:L/PR:N/UI:R/S:U/C:N/I:N/A:H,HIGHEST,6,"","","","","","","",""
H6060-JavaScript-Axios,"Fri, 16 Aug 2024 13:04:56 GMT",tar:2.2.2,/Users/runner/work/H6060-JavaScript-Axios/H6060-JavaScript-Axios/upstream-repository/package-lock.json?/tar:2.2.2,tar for node,ISC,"","",pkg:npm/tar@2.2.2,cpe:2.3:a:tar_project:tar:2.2.2:*:*:*:*:*:*:*,GHSA-f5x3-32g6-xq36,CWE-400 Uncontrolled Resource Consumption,"## Description:  During some analysis today on npm's `node-tar` package I came across the folder creation process, Basicly if you provide node-tar with a path like this `./a/b/c/foo.txt` it would create every folder and sub-folder here a, b and c until it reaches the last folder to create `foo.txt`, In-this case I noticed that there's no validation at all on the amount of folders being created, that said we're actually able to CPU and memory consume the system running node-tar and even crash the nodejs client within few seconds of running it using a path with too many sub-folders inside  ## Steps To Reproduce: You can reproduce this issue by downloading the tar file I provided in the resources and using node-tar to extract it, you should get the same behavior as the video  ## Proof Of Concept: Here's a [video](https://hackerone-us-west-2-production-attachments.s3.us-west-2.amazonaws.com/3i7uojw8s52psar6pg8zkdo4h9io?response-content-disposition=attachment%3B%20filename%3D%22tar-dos-poc.webm%22%3B%20filename%2A%3DUTF-8%27%27tar-dos-poc.webm&response-content-type=video%2Fwebm&X-Amz-Algorithm=AWS4-HMAC-SHA256&X-Amz-Credential=ASIAQGK6FURQSWWGDXHA%2F20240312%2Fus-west-2%2Fs3%2Faws4_request&X-Amz-Date=20240312T080103Z&X-Amz-Expires=3600&X-Amz-Security-Token=IQoJb3JpZ2luX2VjEDcaCXVzLXdlc3QtMiJHMEUCID3xYDc6emXVPOg8iVR5dVk0u3gguTPIDJ0OIE%2BKxj17AiEAi%2BGiay1gGMWhH%2F031fvMYnSsa8U7CnpZpxvFAYqNRwgqsQUIQBADGgwwMTM2MTkyNzQ4NDkiDAaj6OgUL3gg4hhLLCqOBUUrOgWSqaK%2FmxN6nKRvB4Who3LIyzswFKm9LV94GiSVFP3zXYA480voCmAHTg7eBL7%2BrYgV2RtXbhF4aCFMCN3qu7GeXkIdH7xwVMi9zXHkekviSKZ%2FsZtVVjn7RFqOCKhJl%2FCoiLQJuDuju%2FtfdTGZbEbGsPgKHoILYbRp81K51zeRL21okjsOehmypkZzq%2BoGrXIX0ynPOKujxw27uqdF4T%2BF9ynodq01vGgwgVBEjHojc4OKOfr1oW5b%2FtGVV59%2BOBVI1hqIKHRG0Ed4SWmp%2BLd1hazGuZPvp52szmegnOj5qr3ubppnKL242bX%2FuAnQKzKK0HpwolqXjsuEeFeM85lxhqHV%2B1BJqaqSHHDa0HUMLZistMRshRlntuchcFQCR6HBa2c8PSnhpVC31zMzvYMfKsI12h4HB6l%2FudrmNrvmH4LmNpi4dZFcio21DzKj%2FRjWmxjH7l8egDyG%2FIgPMY6Ls4IiN7aR1jijYTrBCgPUUHets3BFvqLzHtPFnG3B7%2FYRPnhCLu%2FgzvKN3F8l38KqeTNMHJaxkuhCvEjpFB2SJbi2QZqZZbLj3xASqXoogzbsyPp0Tzp0tH7EKDhPA7H6wwiZukXfFhhlYzP8on9fO2Ajz%2F%2BTDkDjbfWw4KNJ0cFeDsGrUspqQZb5TAKlUge7iOZEc2TZ5uagatSy9Mg08E4nImBSE5QUHDc7Daya1gyqrETMDZBBUHH2RFkGA9qMpEtNrtJ9G%2BPedz%2FpPY1hh9OCp9Pg1BrX97l3SfVzlAMRfNibhywq6qnE35rVnZi%2BEQ1UgBjs9jD%2FQrW49%2FaD0oUDojVeuFFryzRnQxDbKtYgonRcItTvLT5Y0xaK9P0u6H1197%2FMk3XxmjD9%2Fb%2BvBjqxAQWWkKiIxpC1oHEWK9Jt8UdJ39xszDBGpBqjB6Tvt5ePAXSyX8np%2FrBi%2BAPx06O0%2Ba7pU4NmH800EVXxxhgfj9nMw3CeoUIdxorVKtU2Mxw%2FLaAiPgxPS4rqkt65NF7eQYfegcSYDTm2Z%2BHPbz9HfCaVZ28Zqeko6sR%2F29ML4bguqVvHAM4mWPLNDXH33mjG%2BuzLi8e1BF7tNveg2X9G%2FRdcMkojwKYbu6xN3M6aX2alQg%3D%3D&X-Amz-SignedHeaders=host&X-Amz-Signature=1e8235d885f1d61529b7d6b23ea3a0780c300c91d86e925dd8310d5b661ddbe2) show-casing the exploit:   ## Impact  Denial of service by crashing the nodejs client when attempting to parse a tar archive, make it run out of heap memory and consuming server CPU and memory resources  ## Report resources [payload.txt](https://hackerone-us-west-2-production-attachments.s3.us-west-2.amazonaws.com/1e83ayb5dd3350fvj3gst0mqixwk?response-content-disposition=attachment%3B%20filename%3D%22payload.txt%22%3B%20filename%2A%3DUTF-8%27%27payload.txt&response-content-type=text%2Fplain&X-Amz-Algorithm=AWS4-HMAC-SHA256&X-Amz-Credential=ASIAQGK6FURQSWWGDXHA%2F20240312%2Fus-west-2%2Fs3%2Faws4_request&X-Amz-Date=20240312T080103Z&X-Amz-Expires=3600&X-Amz-Security-Token=IQoJb3JpZ2luX2VjEDcaCXVzLXdlc3QtMiJHMEUCID3xYDc6emXVPOg8iVR5dVk0u3gguTPIDJ0OIE%2BKxj17AiEAi%2BGiay1gGMWhH%2F031fvMYnSsa8U7CnpZpxvFAYqNRwgqsQUIQBADGgwwMTM2MTkyNzQ4NDkiDAaj6OgUL3gg4hhLLCqOBUUrOgWSqaK%2FmxN6nKRvB4Who3LIyzswFKm9LV94GiSVFP3zXYA480voCmAHTg7eBL7%2BrYgV2RtXbhF4aCFMCN3qu7GeXkIdH7xwVMi9zXHkekviSKZ%2FsZtVVjn7RFqOCKhJl%2FCoiLQJuDuju%2FtfdTGZbEbGsPgKHoILYbRp81K51zeRL21okjsOehmypkZzq%2BoGrXIX0ynPOKujxw27uqdF4T%2BF9ynodq01vGgwgVBEjHojc4OKOfr1oW5b%2FtGVV59%2BOBVI1hqIKHRG0Ed4SWmp%2BLd1hazGuZPvp52szmegnOj5qr3ubppnKL242bX%2FuAnQKzKK0HpwolqXjsuEeFeM85lxhqHV%2B1BJqaqSHHDa0HUMLZistMRshRlntuchcFQCR6HBa2c8PSnhpVC31zMzvYMfKsI12h4HB6l%2FudrmNrvmH4LmNpi4dZFcio21DzKj%2FRjWmxjH7l8egDyG%2FIgPMY6Ls4IiN7aR1jijYTrBCgPUUHets3BFvqLzHtPFnG3B7%2FYRPnhCLu%2FgzvKN3F8l38KqeTNMHJaxkuhCvEjpFB2SJbi2QZqZZbLj3xASqXoogzbsyPp0Tzp0tH7EKDhPA7H6wwiZukXfFhhlYzP8on9fO2Ajz%2F%2BTDkDjbfWw4KNJ0cFeDsGrUspqQZb5TAKlUge7iOZEc2TZ5uagatSy9Mg08E4nImBSE5QUHDc7Daya1gyqrETMDZBBUHH2RFkGA9qMpEtNrtJ9G%2BPedz%2FpPY1hh9OCp9Pg1BrX97l3SfVzlAMRfNibhywq6qnE35rVnZi%2BEQ1UgBjs9jD%2FQrW49%2FaD0oUDojVeuFFryzRnQxDbKtYgonRcItTvLT5Y0xaK9P0u6H1197%2FMk3XxmjD9%2Fb%2BvBjqxAQWWkKiIxpC1oHEWK9Jt8UdJ39xszDBGpBqjB6Tvt5ePAXSyX8np%2FrBi%2BAPx06O0%2Ba7pU4NmH800EVXxxhgfj9nMw3CeoUIdxorVKtU2Mxw%2FLaAiPgxPS4rqkt65NF7eQYfegcSYDTm2Z%2BHPbz9HfCaVZ28Zqeko6sR%2F29ML4bguqVvHAM4mWPLNDXH33mjG%2BuzLi8e1BF7tNveg2X9G%2FRdcMkojwKYbu6xN3M6aX2alQg%3D%3D&X-Amz-SignedHeaders=host&X-Amz-Signature=bad9fe731f05a63a950f99828125653a8c1254750fe0ca7be882e89ecdd449ae) [archeive.tar.gz](https://hackerone-us-west-2-production-attachments.s3.us-west-2.amazonaws.com/ymkuh4xnfdcf1soeyi7jc2x4yt2i?response-content-disposition=attachment%3B%20filename%3D%22archive.tar.gz%22%3B%20filename%2A%3DUTF-8%27%27archive.tar.gz&response-content-type=application%2Fx-tar&X-Amz-Algorithm=AWS4-HMAC-SHA256&X-Amz-Credential=ASIAQGK6FURQSWWGDXHA%2F20240312%2Fus-west-2%2Fs3%2Faws4_request&X-Amz-Date=20240312T080103Z&X-Amz-Expires=3600&X-Amz-Security-Token=IQoJb3JpZ2luX2VjEDcaCXVzLXdlc3QtMiJHMEUCID3xYDc6emXVPOg8iVR5dVk0u3gguTPIDJ0OIE%2BKxj17AiEAi%2BGiay1gGMWhH%2F031fvMYnSsa8U7CnpZpxvFAYqNRwgqsQUIQBADGgwwMTM2MTkyNzQ4NDkiDAaj6OgUL3gg4hhLLCqOBUUrOgWSqaK%2FmxN6nKRvB4Who3LIyzswFKm9LV94GiSVFP3zXYA480voCmAHTg7eBL7%2BrYgV2RtXbhF4aCFMCN3qu7GeXkIdH7xwVMi9zXHkekviSKZ%2FsZtVVjn7RFqOCKhJl%2FCoiLQJuDuju%2FtfdTGZbEbGsPgKHoILYbRp81K51zeRL21okjsOehmypkZzq%2BoGrXIX0ynPOKujxw27uqdF4T%2BF9ynodq01vGgwgVBEjHojc4OKOfr1oW5b%2FtGVV59%2BOBVI1hqIKHRG0Ed4SWmp%2BLd1hazGuZPvp52szmegnOj5qr3ubppnKL242bX%2FuAnQKzKK0HpwolqXjsuEeFeM85lxhqHV%2B1BJqaqSHHDa0HUMLZistMRshRlntuchcFQCR6HBa2c8PSnhpVC31zMzvYMfKsI12h4HB6l%2FudrmNrvmH4LmNpi4dZFcio21DzKj%2FRjWmxjH7l8egDyG%2FIgPMY6Ls4IiN7aR1jijYTrBCgPUUHets3BFvqLzHtPFnG3B7%2FYRPnhCLu%2FgzvKN3F8l38KqeTNMHJaxkuhCvEjpFB2SJbi2QZqZZbLj3xASqXoogzbsyPp0Tzp0tH7EKDhPA7H6wwiZukXfFhhlYzP8on9fO2Ajz%2F%2BTDkDjbfWw4KNJ0cFeDsGrUspqQZb5TAKlUge7iOZEc2TZ5uagatSy9Mg08E4nImBSE5QUHDc7Daya1gyqrETMDZBBUHH2RFkGA9qMpEtNrtJ9G%2BPedz%2FpPY1hh9OCp9Pg1BrX97l3SfVzlAMRfNibhywq6qnE35rVnZi%2BEQ1UgBjs9jD%2FQrW49%2FaD0oUDojVeuFFryzRnQxDbKtYgonRcItTvLT5Y0xaK9P0u6H1197%2FMk3XxmjD9%2Fb%2BvBjqxAQWWkKiIxpC1oHEWK9Jt8UdJ39xszDBGpBqjB6Tvt5ePAXSyX8np%2FrBi%2BAPx06O0%2Ba7pU4NmH800EVXxxhgfj9nMw3CeoUIdxorVKtU2Mxw%2FLaAiPgxPS4rqkt65NF7eQYfegcSYDTm2Z%2BHPbz9HfCaVZ28Zqeko6sR%2F29ML4bguqVvHAM4mWPLNDXH33mjG%2BuzLi8e1BF7tNveg2X9G%2FRdcMkojwKYbu6xN3M6aX2alQg%3D%3D&X-Amz-SignedHeaders=host&X-Amz-Signature=5e2c0d4b4de40373ac0fe91908c2659141a6dd4ab850271cc26042a3885c82ea)  ## Note This report was originally reported to GitHub bug bounty program, they asked me to report it to you a month ago",NPM,"","","",MEDIUM,6.5,CVSS:3.1/AV:N/AC:L/PR:N/UI:R/S:U/C:N/I:N/A:H,HIGHEST,6,"","","","","","","",""
H6060-JavaScript-Axios,"Fri, 16 Aug 2024 13:04:56 GMT",tar:6.1.11,/Users/runner/work/H6060-JavaScript-Axios/H6060-JavaScript-Axios/upstream-repository/package-lock.json?/tar:6.1.11,tar for node,ISC,"","",pkg:npm/tar@6.1.11,cpe:2.3:a:tar_project:tar:6.1.11:*:*:*:*:*:*:*,CVE-2024-28863,CWE-400 Uncontrolled Resource Consumption,node-tar is a Tar for Node.js. node-tar prior to version 6.2.1 has no limit on the number of sub-folders created in the folder creation process. An attacker who generates a large number of sub-folders can consume memory on the system running node-tar and even crash the Node.js client within few seconds of running it using a path with too many sub-folders inside. Version 6.2.1 fixes this issue by preventing extraction in excessively deep sub-folders.,OSSINDEX,"","","",MEDIUM,6.5,CVSS:3.1/AV:N/AC:L/PR:N/UI:R/S:U/C:N/I:N/A:H,HIGHEST,6,"","","","","","","",""
H6060-JavaScript-Axios,"Fri, 16 Aug 2024 13:04:56 GMT",tough-cookie:2.5.0,/Users/runner/work/H6060-JavaScript-Axios/H6060-JavaScript-Axios/upstream-repository/package-lock.json?/tough-cookie:2.5.0,RFC6265 Cookies and Cookie Jar for node.js,BSD-3-Clause,"","",pkg:npm/tough-cookie@2.5.0,cpe:2.3:a:salesforce:tough-cookie:2.5.0:*:*:*:*:*:*:*,CVE-2023-26136,CWE-1321 Improperly Controlled Modification of Object Prototype Attributes ('Prototype Pollution'),Versions of the package tough-cookie before 4.1.3 are vulnerable to Prototype Pollution due to improper handling of Cookies when using CookieJar in rejectPublicSuffixes=false mode. This issue arises from the manner in which the objects are initialized.,NVD,"","","",CRITICAL,9.8,CVSS:3.1/AV:N/AC:L/PR:N/UI:N/S:U/C:H/I:H/A:H/E:3.9/RC:R/MAV:A,HIGHEST,10,"","","","","","","",""
H6060-JavaScript-Axios,"Fri, 16 Aug 2024 13:04:56 GMT",tough-cookie:2.5.0,/Users/runner/work/H6060-JavaScript-Axios/H6060-JavaScript-Axios/upstream-repository/package-lock.json?/tough-cookie:2.5.0,RFC6265 Cookies and Cookie Jar for node.js,BSD-3-Clause,"","",pkg:npm/tough-cookie@2.5.0,cpe:2.3:a:salesforce:tough-cookie:2.5.0:*:*:*:*:*:*:*,GHSA-72xf-g2v4-qvf3,CWE-1321 Improperly Controlled Modification of Object Prototype Attributes ('Prototype Pollution'),Versions of the package tough-cookie before 4.1.3 are vulnerable to Prototype Pollution due to improper handling of Cookies when using CookieJar in `rejectPublicSuffixes=false` mode. This issue arises from the manner in which the objects are initialized.,NPM,"","","",MEDIUM,6.5,CVSS:3.1/AV:N/AC:L/PR:N/UI:N/S:U/C:L/I:L/A:N,HIGHEST,10,"","","","","","","",""
H6060-JavaScript-Axios,"Fri, 16 Aug 2024 13:04:56 GMT",vm2:3.9.19,/Users/runner/work/H6060-JavaScript-Axios/H6060-JavaScript-Axios/upstream-repository/package-lock.json?/vm2:3.9.19,vm2 is a sandbox that can run untrusted code with whitelisted Node's built-in modules. Securely!,MIT,"","",pkg:npm/vm2@3.9.19,cpe:2.3:a:vm2_project:vm2:3.9.19:*:*:*:*:*:*:*,CVE-2023-37466,CWE-94 Improper Control of Generation of Code ('Code Injection'),"vm2 is an advanced vm/sandbox for Node.js. The library contains critical security issues and should not be used for production. The maintenance of the project has been discontinued. In vm2 for versions up to 3.9.19, `Promise` handler sanitization can be bypassed with the `@@species` accessor property allowing attackers to escape the sandbox and run arbitrary code, potentially allowing remote code execution inside the context of vm2 sandbox.",NVD,"","","",CRITICAL,10.0,CVSS:3.1/AV:N/AC:L/PR:N/UI:N/S:C/C:H/I:H/A:H/E:3.9/RC:R/MAV:A,HIGHEST,7,"","","","","","","",""
H6060-JavaScript-Axios,"Fri, 16 Aug 2024 13:04:56 GMT",vm2:3.9.19,/Users/runner/work/H6060-JavaScript-Axios/H6060-JavaScript-Axios/upstream-repository/package-lock.json?/vm2:3.9.19,vm2 is a sandbox that can run untrusted code with whitelisted Node's built-in modules. Securely!,MIT,"","",pkg:npm/vm2@3.9.19,cpe:2.3:a:vm2_project:vm2:3.9.19:*:*:*:*:*:*:*,CVE-2023-37903,CWE-78 Improper Neutralization of Special Elements used in an OS Command ('OS Command Injection'),"vm2 is an open source vm/sandbox for Node.js. In vm2 for versions up to and including 3.9.19, Node.js custom inspect function allows attackers to escape the sandbox and run arbitrary code. This may result in Remote Code Execution, assuming the attacker has arbitrary code execution primitive inside the context of vm2 sandbox. There are no patches and no known workarounds. Users are advised to find an alternative software.",NVD,"","","",CRITICAL,10.0,CVSS:3.1/AV:N/AC:L/PR:N/UI:N/S:C/C:H/I:H/A:H/E:3.9/RC:R/MAV:A,HIGHEST,7,"","","","","","","",""
H6060-JavaScript-Axios,"Fri, 16 Aug 2024 13:04:56 GMT",vm2:3.9.19,/Users/runner/work/H6060-JavaScript-Axios/H6060-JavaScript-Axios/upstream-repository/package-lock.json?/vm2:3.9.19,vm2 is a sandbox that can run untrusted code with whitelisted Node's built-in modules. Securely!,MIT,"","",pkg:npm/vm2@3.9.19,cpe:2.3:a:vm2_project:vm2:3.9.19:*:*:*:*:*:*:*,GHSA-cchq-frgv-rjh5,CWE-94 Improper Control of Generation of Code ('Code Injection'),"In vm2 for versions up to 3.9.19, `Promise` handler sanitization can be bypassed, allowing attackers to escape the sandbox and run arbitrary code.  ### Impact Remote Code Execution, assuming the attacker has arbitrary code execution primitive inside the context of vm2 sandbox.  ### Patches None.  ### Workarounds None.  ### References PoC - https://gist.github.com/leesh3288/f693061e6523c97274ad5298eb2c74e9  ### For more information  If you have any questions or comments about this advisory:  - Open an issue in [VM2](https://github.com/patriksimek/vm2)  Thanks to [Xion](https://twitter.com/0x10n) (SeungHyun Lee) of [KAIST Hacking Lab](https://kaist-hacking.github.io/) for disclosing this vulnerability.",NPM,"","","",CRITICAL,9.800000190734863,CVSS:3.1/AV:N/AC:L/PR:N/UI:N/S:U/C:H/I:H/A:H,HIGHEST,7,"","","","","","","",""
H6060-JavaScript-Axios,"Fri, 16 Aug 2024 13:04:56 GMT",vm2:3.9.19,/Users/runner/work/H6060-JavaScript-Axios/H6060-JavaScript-Axios/upstream-repository/package-lock.json?/vm2:3.9.19,vm2 is a sandbox that can run untrusted code with whitelisted Node's built-in modules. Securely!,MIT,"","",pkg:npm/vm2@3.9.19,cpe:2.3:a:vm2_project:vm2:3.9.19:*:*:*:*:*:*:*,GHSA-g644-9gfx-q4q4,CWE-78 Improper Neutralization of Special Elements used in an OS Command ('OS Command Injection'),"In vm2 for versions up to 3.9.19, Node.js custom inspect function allows attackers to escape the sandbox and run arbitrary code.  ### Impact Remote Code Execution, assuming the attacker has arbitrary code execution primitive inside the context of vm2 sandbox.  ### Patches None.  ### Workarounds None.  ### References PoC is to be disclosed on or after the 5th of September.  ### Similarity with [CVE-2023-37466](https://nvd.nist.gov/vuln/detail/CVE-2023-37466) While this advisory might look similar to [CVE-2023-37466](https://nvd.nist.gov/vuln/detail/CVE-2023-37466), it is a completely different way of escaping the sandbox.  ### For more information If you have any questions or comments about this advisory:  - Open an issue in [VM2](https://github.com/patriksimek/vm2)  Thanks to [Xion](https://twitter.com/0x10n) (SeungHyun Lee) of [KAIST Hacking Lab](https://kaist-hacking.github.io/) for disclosing this vulnerability.",NPM,"","","",CRITICAL,9.800000190734863,CVSS:3.1/AV:N/AC:L/PR:N/UI:N/S:U/C:H/I:H/A:H,HIGHEST,7,"","","","","","","",""
H6060-JavaScript-Axios,"Fri, 16 Aug 2024 13:04:56 GMT",webpack:4.46.0,/Users/runner/work/H6060-JavaScript-Axios/H6060-JavaScript-Axios/upstream-repository/package-lock.json?/webpack:4.46.0,"Packs CommonJs/AMD modules for the browser. Allows to split your codebase into multiple bundles, which can be loaded on demand. Support loaders to preprocess files, i.e. json, jsx, es7, css, less, ... and your custom stuff.",MIT,"","",pkg:npm/webpack@4.46.0,cpe:2.3:a:webpack.js:webpack:4.46.0:*:*:*:*:*:*:*,CVE-2023-28154,CWE-noinfo,Webpack 5 before 5.76.0 does not avoid cross-realm object access. ImportParserPlugin.js mishandles the magic comment feature. An attacker who controls a property of an untrusted object can obtain access to the real global object.  Sonatype's research suggests that this CVE's details differ from those defined at NVD. See https://ossindex.sonatype.org/vulnerability/CVE-2023-28154 for details,OSSINDEX,"","","",CRITICAL,9.800000190734863,CVSS:3.1/AV:N/AC:L/PR:N/UI:N/S:U/C:H/I:H/A:H,HIGHEST,7,"","","","","","","",""
H6060-JavaScript-Axios,"Fri, 16 Aug 2024 13:04:56 GMT",ws:7.5.7,/Users/runner/work/H6060-JavaScript-Axios/H6060-JavaScript-Axios/upstream-repository/package-lock.json?/ws:7.5.7,"Simple to use, blazing fast and thoroughly tested websocket client and server for Node.js",MIT,"","",pkg:npm/ws@7.5.7,cpe:2.3:a:ws_project:ws:7.5.7:*:*:*:*:*:*:*,CVE-2024-37890,CWE-476 NULL Pointer Dereference,"ws is an open source WebSocket client and server for Node.js. A request with a number of headers exceeding theserver.maxHeadersCount threshold could be used to crash a ws server. The vulnerability was fixed in ws@8.17.1 (e55e510) and backported to ws@7.5.10 (22c2876), ws@6.2.3 (eeb76d3), and ws@5.2.4 (4abd8f6). In vulnerable versions of ws, the issue can be mitigated in the following ways: 1. Reduce the maximum allowed length of the request headers using the --max-http-header-size=size and/or the maxHeaderSize options so that no more headers than the server.maxHeadersCount limit can be sent. 2. Set server.maxHeadersCount to 0 so that no limit is applied.",OSSINDEX,"","","",HIGH,7.5,CVSS:3.1/AV:N/AC:L/PR:N/UI:N/S:U/C:N/I:N/A:H,HIGHEST,8,"","","","","","","",""
H6060-JavaScript-Axios,"Fri, 16 Aug 2024 13:04:56 GMT",ws:7.5.7,/Users/runner/work/H6060-JavaScript-Axios/H6060-JavaScript-Axios/upstream-repository/package-lock.json?/ws:7.5.7,"Simple to use, blazing fast and thoroughly tested websocket client and server for Node.js",MIT,"","",pkg:npm/ws@7.5.7,cpe:2.3:a:ws_project:ws:7.5.7:*:*:*:*:*:*:*,GHSA-3h5v-q93c-6h6q,CWE-476 NULL Pointer Dereference,"### Impact  A request with a number of headers exceeding the[`server.maxHeadersCount`][] threshold could be used to crash a ws server.  ### Proof of concept  ```js const http = require('http'); const WebSocket = require('ws');  const wss = new WebSocket.Server({ port: 0 }, function () {   const chars = ""!#$%&'*+-.0123456789abcdefghijklmnopqrstuvwxyz^_`|~"".split('');   const headers = {};   let count = 0;    for (let i = 0; i < chars.length; i++) {     if (count === 2000) break;      for (let j = 0; j < chars.length; j++) {       const key = chars[i] + chars[j];       headers[key] = 'x';        if (++count === 2000) break;     }   }    headers.Connection = 'Upgrade';   headers.Upgrade = 'websocket';   headers['Sec-WebSocket-Key'] = 'dGhlIHNhbXBsZSBub25jZQ==';   headers['Sec-WebSocket-Version'] = '13';    const request = http.request({     headers: headers,     host: '127.0.0.1',     port: wss.address().port   });    request.end(); }); ```  ### Patches  The vulnerability was fixed in ws@8.17.1 (https://github.com/websockets/ws/commit/e55e5106f10fcbaac37cfa89759e4cc0d073a52c) and backported to ws@7.5.10 (https://github.com/websockets/ws/commit/22c28763234aa75a7e1b76f5c01c181260d7917f), ws@6.2.3 (https://github.com/websockets/ws/commit/eeb76d313e2a00dd5247ca3597bba7877d064a63), and ws@5.2.4 (https://github.com/websockets/ws/commit/4abd8f6de4b0b65ef80b3ff081989479ed93377e)  ### Workarounds  In vulnerable versions of ws, the issue can be mitigated in the following ways:  1. Reduce the maximum allowed length of the request headers using the [`--max-http-header-size=size`][] and/or the [`maxHeaderSize`][] options so that no more headers than the `server.maxHeadersCount` limit can be sent. 2. Set `server.maxHeadersCount` to `0` so that no limit is applied.  ### Credits  The vulnerability was reported by [Ryan LaPointe](https://github.com/rrlapointe) in https://github.com/websockets/ws/issues/2230.  ### References  - https://github.com/websockets/ws/issues/2230 - https://github.com/websockets/ws/pull/2231  [`--max-http-header-size=size`]: https://nodejs.org/api/cli.html#--max-http-header-sizesize [`maxHeaderSize`]: https://nodejs.org/api/http.html#httpcreateserveroptions-requestlistener [`server.maxHeadersCount`]: https://nodejs.org/api/http.html#servermaxheaderscount",NPM,"","","",HIGH,7.5,CVSS:3.1/AV:N/AC:L/PR:N/UI:N/S:U/C:N/I:N/A:H,HIGHEST,8,"","","","","","","",""
H6060-JavaScript-Axios,"Fri, 16 Aug 2024 13:04:56 GMT",ws:8.2.3,/Users/runner/work/H6060-JavaScript-Axios/H6060-JavaScript-Axios/upstream-repository/package-lock.json?/ws:8.2.3,"Simple to use, blazing fast and thoroughly tested websocket client and server for Node.js",MIT,"","",pkg:npm/ws@8.2.3,cpe:2.3:a:ws_project:ws:8.2.3:*:*:*:*:*:*:*,CVE-2024-37890,CWE-476 NULL Pointer Dereference,"ws is an open source WebSocket client and server for Node.js. A request with a number of headers exceeding theserver.maxHeadersCount threshold could be used to crash a ws server. The vulnerability was fixed in ws@8.17.1 (e55e510) and backported to ws@7.5.10 (22c2876), ws@6.2.3 (eeb76d3), and ws@5.2.4 (4abd8f6). In vulnerable versions of ws, the issue can be mitigated in the following ways: 1. Reduce the maximum allowed length of the request headers using the --max-http-header-size=size and/or the maxHeaderSize options so that no more headers than the server.maxHeadersCount limit can be sent. 2. Set server.maxHeadersCount to 0 so that no limit is applied.",OSSINDEX,"","","",HIGH,7.5,CVSS:3.1/AV:N/AC:L/PR:N/UI:N/S:U/C:N/I:N/A:H,HIGHEST,8,"","","","","","","",""
H6060-JavaScript-Axios,"Fri, 16 Aug 2024 13:04:56 GMT",ws:8.2.3,/Users/runner/work/H6060-JavaScript-Axios/H6060-JavaScript-Axios/upstream-repository/package-lock.json?/ws:8.2.3,"Simple to use, blazing fast and thoroughly tested websocket client and server for Node.js",MIT,"","",pkg:npm/ws@8.2.3,cpe:2.3:a:ws_project:ws:8.2.3:*:*:*:*:*:*:*,GHSA-3h5v-q93c-6h6q,CWE-476 NULL Pointer Dereference,"### Impact  A request with a number of headers exceeding the[`server.maxHeadersCount`][] threshold could be used to crash a ws server.  ### Proof of concept  ```js const http = require('http'); const WebSocket = require('ws');  const wss = new WebSocket.Server({ port: 0 }, function () {   const chars = ""!#$%&'*+-.0123456789abcdefghijklmnopqrstuvwxyz^_`|~"".split('');   const headers = {};   let count = 0;    for (let i = 0; i < chars.length; i++) {     if (count === 2000) break;      for (let j = 0; j < chars.length; j++) {       const key = chars[i] + chars[j];       headers[key] = 'x';        if (++count === 2000) break;     }   }    headers.Connection = 'Upgrade';   headers.Upgrade = 'websocket';   headers['Sec-WebSocket-Key'] = 'dGhlIHNhbXBsZSBub25jZQ==';   headers['Sec-WebSocket-Version'] = '13';    const request = http.request({     headers: headers,     host: '127.0.0.1',     port: wss.address().port   });    request.end(); }); ```  ### Patches  The vulnerability was fixed in ws@8.17.1 (https://github.com/websockets/ws/commit/e55e5106f10fcbaac37cfa89759e4cc0d073a52c) and backported to ws@7.5.10 (https://github.com/websockets/ws/commit/22c28763234aa75a7e1b76f5c01c181260d7917f), ws@6.2.3 (https://github.com/websockets/ws/commit/eeb76d313e2a00dd5247ca3597bba7877d064a63), and ws@5.2.4 (https://github.com/websockets/ws/commit/4abd8f6de4b0b65ef80b3ff081989479ed93377e)  ### Workarounds  In vulnerable versions of ws, the issue can be mitigated in the following ways:  1. Reduce the maximum allowed length of the request headers using the [`--max-http-header-size=size`][] and/or the [`maxHeaderSize`][] options so that no more headers than the `server.maxHeadersCount` limit can be sent. 2. Set `server.maxHeadersCount` to `0` so that no limit is applied.  ### Credits  The vulnerability was reported by [Ryan LaPointe](https://github.com/rrlapointe) in https://github.com/websockets/ws/issues/2230.  ### References  - https://github.com/websockets/ws/issues/2230 - https://github.com/websockets/ws/pull/2231  [`--max-http-header-size=size`]: https://nodejs.org/api/cli.html#--max-http-header-sizesize [`maxHeaderSize`]: https://nodejs.org/api/http.html#httpcreateserveroptions-requestlistener [`server.maxHeadersCount`]: https://nodejs.org/api/http.html#servermaxheaderscount",NPM,"","","",HIGH,7.5,CVSS:3.1/AV:N/AC:L/PR:N/UI:N/S:U/C:N/I:N/A:H,HIGHEST,8,"","","","","","","",""
