{
  "components": [
    {
      "bom-ref": "requirements-L2",
      "description": "requirements line 2: MarkupSafe==2.1.5",
      "externalReferences": [
        {
          "comment": "implicit dist url",
          "type": "distribution",
          "url": "https://pypi.org/simple/MarkupSafe/"
        }
      ],
      "name": "MarkupSafe",
      "purl": "pkg:pypi/markupsafe@2.1.5",
      "type": "library",
      "version": "2.1.5"
    },
    {
      "bom-ref": "requirements-L1",
      "description": "requirements line 1: babel==2.16.0",
      "externalReferences": [
        {
          "comment": "implicit dist url",
          "type": "distribution",
          "url": "https://pypi.org/simple/babel/"
        }
      ],
      "name": "babel",
      "purl": "pkg:pypi/babel@2.16.0",
      "type": "library",
      "version": "2.16.0"
    },
    {
      "bom-ref": "requirements-L3",
      "description": "requirements line 3: pytz==2024.1",
      "externalReferences": [
        {
          "comment": "implicit dist url",
          "type": "distribution",
          "url": "https://pypi.org/simple/pytz/"
        }
      ],
      "name": "pytz",
      "purl": "pkg:pypi/pytz@2024.1",
      "type": "library",
      "version": "2024.1"
    }
  ],
  "dependencies": [
    {
      "ref": "requirements-L1"
    },
    {
      "ref": "requirements-L2"
    },
    {
      "ref": "requirements-L3"
    }
  ],
  "metadata": {
    "timestamp": "2024-08-14T14:23:45.732163+00:00",
    "tools": [
      {
        "externalReferences": [
          {
            "type": "build-system",
            "url": "https://github.com/CycloneDX/cyclonedx-python/actions"
          },
          {
            "type": "distribution",
            "url": "https://pypi.org/project/cyclonedx-bom/"
          },
          {
            "type": "documentation",
            "url": "https://cyclonedx-bom-tool.readthedocs.io/"
          },
          {
            "type": "issue-tracker",
            "url": "https://github.com/CycloneDX/cyclonedx-python/issues"
          },
          {
            "type": "license",
            "url": "https://github.com/CycloneDX/cyclonedx-python/blob/main/LICENSE"
          },
          {
            "type": "release-notes",
            "url": "https://github.com/CycloneDX/cyclonedx-python/blob/main/CHANGELOG.md"
          },
          {
            "type": "vcs",
            "url": "https://github.com/CycloneDX/cyclonedx-python/"
          },
          {
            "type": "website",
            "url": "https://github.com/CycloneDX/cyclonedx-python/#readme"
          }
        ],
        "name": "cyclonedx-bom",
        "vendor": "CycloneDX",
        "version": "4.5.0"
      },
      {
        "externalReferences": [
          {
            "type": "build-system",
            "url": "https://github.com/CycloneDX/cyclonedx-python-lib/actions"
          },
          {
            "type": "distribution",
            "url": "https://pypi.org/project/cyclonedx-python-lib/"
          },
          {
            "type": "documentation",
            "url": "https://cyclonedx-python-library.readthedocs.io/"
          },
          {
            "type": "issue-tracker",
            "url": "https://github.com/CycloneDX/cyclonedx-python-lib/issues"
          },
          {
            "type": "license",
            "url": "https://github.com/CycloneDX/cyclonedx-python-lib/blob/main/LICENSE"
          },
          {
            "type": "release-notes",
            "url": "https://github.com/CycloneDX/cyclonedx-python-lib/blob/main/CHANGELOG.md"
          },
          {
            "type": "vcs",
            "url": "https://github.com/CycloneDX/cyclonedx-python-lib"
          },
          {
            "type": "website",
            "url": "https://github.com/CycloneDX/cyclonedx-python-lib/#readme"
          }
        ],
        "name": "cyclonedx-python-lib",
        "vendor": "CycloneDX",
        "version": "7.6.0"
      }
    ]
  },
  "serialNumber": "urn:uuid:53cc5b08-8be0-4626-a68f-f374ea68f307",
  "version": 1,
  "$schema": "http://cyclonedx.org/schema/bom-1.6.schema.json",
  "bomFormat": "CycloneDX",
  "specVersion": "1.6"
}