{
  "bomFormat" : "CycloneDX",
  "specVersion" : "1.5",
  "serialNumber" : "urn:uuid:5ebeb4df-ffb9-3af9-8303-d0ed987f5735",
  "version" : 1,
  "metadata" : {
    "timestamp" : "2024-08-12T15:18:58Z",
    "lifecycles" : [
      {
        "phase" : "build"
      }
    ],
    "tools" : [
      {
        "vendor" : "OWASP Foundation",
        "name" : "CycloneDX Maven plugin",
        "version" : "2.8.0",
        "hashes" : [
          {
            "alg" : "MD5",
            "content" : "76ffec6a7ddd46b2b24517411874eb99"
          },
          {
            "alg" : "SHA-1",
            "content" : "5b0d5b41975b53be4799b9621b4af0cfc41d44b6"
          },
          {
            "alg" : "SHA-256",
            "content" : "6852aa0f4e42a2db745bab80e384951a6a65b9215d041081d675780999027e81"
          },
          {
            "alg" : "SHA-512",
            "content" : "417de20fcdcb11c9713bacbd57290d8e68037fdb4553fd31b8cb08bd760ad52dc65ea88ad4be15844ad3fd5a4d3e440d2f70326f2fe1e63ec78e059c9a883f8d"
          },
          {
            "alg" : "SHA-384",
            "content" : "5eb755c6492e7a7385fa9a1e1f4517875bcb834b2df437808a37a2d6f5285df428741762305980315a63fcef1406597d"
          },
          {
            "alg" : "SHA3-384",
            "content" : "0fe16a47cf7aab0b22251dafcc39939b68e8f1778093309d8d2060b51a08df445a8b8ed5a9561669faf2e55f907c76d8"
          },
          {
            "alg" : "SHA3-256",
            "content" : "3e5a1eb5ab7d0797498862794709ff8eaaa071fe4cc9ec77f52db7e2f97ef487"
          },
          {
            "alg" : "SHA3-512",
            "content" : "59281a3e29e76270d7f44b40b5b9f05e55f1ae3ec716d80add806f360940809e3813998ac7c5758043b8e248aed73b86e37dc506cdb4cde03c16bb617d8e5a3a"
          }
        ]
      }
    ],
    "component" : {
      "publisher" : "JBoss by Red Hat",
      "group" : "org.jboss.xnio",
      "name" : "xnio-all",
      "version" : "3.8.6.Final",
      "description" : "The aggregator POM of the XNIO project",
      "licenses" : [
        {
          "license" : {
            "id" : "Apache-2.0",
            "url" : "https://www.apache.org/licenses/LICENSE-2.0"
          }
        }
      ],
      "purl" : "pkg:maven/org.jboss.xnio/xnio-all@3.8.6.Final?type=pom",
      "externalReferences" : [
        {
          "type" : "website",
          "url" : "http://www.jboss.org/xnio-all"
        },
        {
          "type" : "distribution-intake",
          "url" : "https://repository.jboss.org/nexus/service/local/staging/deploy/maven2/"
        },
        {
          "type" : "issue-tracker",
          "url" : "https://issues.redhat.com/"
        },
        {
          "type" : "mailing-list",
          "url" : "http://lists.jboss.org/pipermail/jboss-user/"
        },
        {
          "type" : "vcs",
          "url" : "http://github.com/jboss/jboss-parent-pom/xnio-all"
        }
      ],
      "type" : "library",
      "bom-ref" : "pkg:maven/org.jboss.xnio/xnio-all@3.8.6.Final?type=pom"
    },
    "properties" : [
      {
        "name" : "maven.goal",
        "value" : "makeAggregateBom"
      },
      {
        "name" : "maven.scopes",
        "value" : "compile,provided,runtime,system"
      }
    ]
  },
  "components" : [
    {
      "publisher" : "JBoss by Red Hat",
      "group" : "org.jboss.xnio",
      "name" : "xnio-api",
      "version" : "3.8.6.Final",
      "description" : "The API JAR of the XNIO project",
      "hashes" : [
        {
          "alg" : "MD5",
          "content" : "8539b821c2ff6ad2043a79cc79228d83"
        },
        {
          "alg" : "SHA-1",
          "content" : "9bf290317925fff05808baac561f44a7b7b630c0"
        },
        {
          "alg" : "SHA-256",
          "content" : "6946f0c6df7da04feb80c264316ffc752a982f6a2e3f99b2969d09d058442fcf"
        },
        {
          "alg" : "SHA-512",
          "content" : "f5a412aa44b25ec6ef5e87e040631c2da634180a30ad4a9d22b5a77cdc6397b3529669f7bb8a5bc4cbee22353dbc26aae4c038738b8de2e47d229fa09eef6670"
        },
        {
          "alg" : "SHA-384",
          "content" : "09a955a7bdef6aba085af831a15b2c6715d97ac9d782de24137d4f3e269f4e1ff51a6f6d71029183d45de583342cf54b"
        },
        {
          "alg" : "SHA3-384",
          "content" : "919299cfafe2d014285f623742eb8683aaeda7b83ada4ed37eb45bb508ca5ea0f867a7f642abef899824f2285dfa88d6"
        },
        {
          "alg" : "SHA3-256",
          "content" : "a96e0be42493d20be4929fedcde80379e40e3bfbf026b7b9ec1d66ed9f94931a"
        },
        {
          "alg" : "SHA3-512",
          "content" : "26547e3b1c8dd5da48bf5042dcdf604b24431cdb063981468bbcaa2f9d1dc7af6c86b76fb101519a60934af31dc06cfc1fa3f03222e1b7db3d828c388a927a11"
        }
      ],
      "licenses" : [
        {
          "license" : {
            "id" : "Apache-2.0",
            "url" : "https://www.apache.org/licenses/LICENSE-2.0"
          }
        }
      ],
      "purl" : "pkg:maven/org.jboss.xnio/xnio-api@3.8.6.Final?type=jar",
      "externalReferences" : [
        {
          "type" : "website",
          "url" : "http://www.jboss.org/xnio"
        },
        {
          "type" : "distribution-intake",
          "url" : "https://repository.jboss.org/nexus/service/local/staging/deploy/maven2/"
        },
        {
          "type" : "issue-tracker",
          "url" : "https://issues.redhat.com/"
        },
        {
          "type" : "mailing-list",
          "url" : "http://lists.jboss.org/pipermail/jboss-user/"
        },
        {
          "type" : "vcs",
          "url" : "http://github.com/jboss/jboss-parent-pom/xnio-all/xnio-api"
        }
      ],
      "type" : "library",
      "bom-ref" : "pkg:maven/org.jboss.xnio/xnio-api@3.8.6.Final?type=jar"
    },
    {
      "publisher" : "JBoss by Red Hat",
      "group" : "org.jboss.logging",
      "name" : "jboss-logging",
      "version" : "3.4.3.Final",
      "description" : "The JBoss Logging Framework",
      "scope" : "required",
      "hashes" : [
        {
          "alg" : "MD5",
          "content" : "b298d4b79e591843c1eb1458ea79f070"
        },
        {
          "alg" : "SHA-1",
          "content" : "c4bd7e12a745c0e7f6cf98c45cdcdf482fd827ea"
        },
        {
          "alg" : "SHA-256",
          "content" : "0b324cca4d550060e51e70cc0045a6cce62f264278ec1f5082aafeb670fcac49"
        },
        {
          "alg" : "SHA-512",
          "content" : "60759c4340a7c1af0f10a5c2252e028150413d2437547f42018a94a838dc4a2bb24256411490a7e5f109b76305e2752ecf37def85e631d7e7b7e8461e0b54dda"
        },
        {
          "alg" : "SHA-384",
          "content" : "1c07afd380f25c076ca0e568be205ede18c875471547133711f04bb2ffc9936c7c97708605cca18c9a98fc94b072caea"
        },
        {
          "alg" : "SHA3-384",
          "content" : "f17eeff5983e9e0562c90b8b3051b2dbee885818adb104ba8700a399f90a1a3c85a766686dafa06122cd6f8979561ea9"
        },
        {
          "alg" : "SHA3-256",
          "content" : "c41833778a14d364e29767d543ac402e93222616bfcc020552f0f037cfc6b02a"
        },
        {
          "alg" : "SHA3-512",
          "content" : "0dace1456d22070719b6e7322cdfb64b34f36f5c8f271f62026c691b00fe32fba50ac17f61b467160ec2b7cabdeeac77029ded3d7f9b1e08a4a0f709222a5017"
        }
      ],
      "licenses" : [
        {
          "license" : {
            "id" : "Apache-2.0"
          }
        }
      ],
      "purl" : "pkg:maven/org.jboss.logging/jboss-logging@3.4.3.Final?type=jar",
      "externalReferences" : [
        {
          "type" : "website",
          "url" : "http://www.jboss.org"
        },
        {
          "type" : "distribution-intake",
          "url" : "https://repository.jboss.org/nexus/service/local/staging/deploy/maven2/"
        },
        {
          "type" : "issue-tracker",
          "url" : "https://issues.redhat.com/"
        },
        {
          "type" : "mailing-list",
          "url" : "http://lists.jboss.org/pipermail/jboss-user/"
        },
        {
          "type" : "vcs",
          "url" : "https://github.com/jboss-logging/jboss-logging"
        }
      ],
      "type" : "library",
      "bom-ref" : "pkg:maven/org.jboss.logging/jboss-logging@3.4.3.Final?type=jar"
    },
    {
      "publisher" : "JBoss by Red Hat",
      "group" : "org.jboss.logging",
      "name" : "jboss-logging-processor",
      "version" : "2.2.1.Final",
      "description" : "Provides, via submodules, a base configuration for JBoss project builds, as well as a derived configuration supporting multi-release JARs",
      "scope" : "required",
      "hashes" : [
        {
          "alg" : "MD5",
          "content" : "892d7183feef6ac2ec0fc22ae3771ea7"
        },
        {
          "alg" : "SHA-1",
          "content" : "271a8e01caec4017d7a5104ef0b24390b4b06711"
        },
        {
          "alg" : "SHA-256",
          "content" : "33a34f022d8eda8f768ed10a8eaf815c10e90854ca2f409a3fe5f2b3dc137102"
        },
        {
          "alg" : "SHA-512",
          "content" : "4ae8f55a31589b871f1dcc8f174c5bd59d2541f60ea6668e8c6eac7027d68a0ccd7b98e2660c5cc69464edd4ee78aa4c92896ae9c4e5576f3d5098526d10c4b7"
        },
        {
          "alg" : "SHA-384",
          "content" : "5e2c6108f3e2de6a2c9f5267df4fe907165b342593f519cf92a2fd36974fe7df682f426ec3b0d17ba14f9fa870abaca8"
        },
        {
          "alg" : "SHA3-384",
          "content" : "237128873f6a1f7b01a7b9b59abb0a52b85a3c42f81b3cd0963ffeba275a7e9e151ba6ef7d28fe8db47b18b223431d0e"
        },
        {
          "alg" : "SHA3-256",
          "content" : "b2a90f22aee172106c3ca638b231879cd35612e3763df128bb3e8c6701a0abce"
        },
        {
          "alg" : "SHA3-512",
          "content" : "0b881a7214cce81cec0b43f125c0095ddef41fbb4150e3e49c678461cb662799d0554559c15889283a73b19b196cfefd604b1725f346e1455f00dc08378cdebd"
        }
      ],
      "licenses" : [
        {
          "license" : {
            "name" : "lgpl",
            "url" : "http://repository.jboss.org/licenses/lgpl-2.1.txt"
          }
        }
      ],
      "purl" : "pkg:maven/org.jboss.logging/jboss-logging-processor@2.2.1.Final?type=jar",
      "externalReferences" : [
        {
          "type" : "website",
          "url" : "http://www.jboss.org/jboss-logging-tools-parent/jboss-logging-processor"
        },
        {
          "type" : "distribution-intake",
          "url" : "https://repository.jboss.org/nexus/service/local/staging/deploy/maven2/"
        },
        {
          "type" : "issue-tracker",
          "url" : "https://issues.jboss.org/"
        },
        {
          "type" : "mailing-list",
          "url" : "http://lists.jboss.org/pipermail/jboss-user/"
        },
        {
          "type" : "vcs",
          "url" : "http://github.com/jboss-logging/jboss-logging-tools/jboss-logging-processor"
        }
      ],
      "type" : "library",
      "bom-ref" : "pkg:maven/org.jboss.logging/jboss-logging-processor@2.2.1.Final?type=jar"
    },
    {
      "publisher" : "JBoss by Red Hat",
      "group" : "org.jboss.jdeparser",
      "name" : "jdeparser",
      "version" : "2.0.3.Final",
      "description" : "Provides, via submodules, a base configuration for JBoss project builds, as well as a derived configuration supporting multi-release JARs",
      "scope" : "required",
      "hashes" : [
        {
          "alg" : "MD5",
          "content" : "1a9cd8093e720b54b2e88ed90cf4b69e"
        },
        {
          "alg" : "SHA-1",
          "content" : "f1982f9caa0ed8a2663d4c648aaa9a82d14eb962"
        },
        {
          "alg" : "SHA-256",
          "content" : "aec3ed49b47cb7531e2f88c603eecdc5f5b46ae976d72624162d23ee7fca3803"
        },
        {
          "alg" : "SHA-512",
          "content" : "e48fadc8248a843681139949928bddd3e4f5a0a2a2b41060db2b954b41914cde23f16fd6941eb352f7afab04de92fc203c6ddcc600f6bef3bf3ead4a5eb89e63"
        },
        {
          "alg" : "SHA-384",
          "content" : "e9b745e1d2aa6da4906e163801dbdc92d709fe9eeb78feee7ca5937fa2a625d4dd3a39480ae1364ab53a931cb84c9ec1"
        },
        {
          "alg" : "SHA3-384",
          "content" : "b7404911ddc117b920f3d29a3676f7ffbdf520ed1056d4238d0b36b8010a9376f63dd8215dcebdc5b52b2a9069938e5a"
        },
        {
          "alg" : "SHA3-256",
          "content" : "44433a11b6911882954308962c31e2055fc9a57376a23f0754d931c3e687f166"
        },
        {
          "alg" : "SHA3-512",
          "content" : "7cdea3e09d94e493e7c86ea0626b7459ac1ee0e8d36a0b3016ac8d5cde12a787803229c537bee5fd3ddde9aa880e44b31d59172ae9fa01817f62e80aba117108"
        }
      ],
      "licenses" : [
        {
          "license" : {
            "name" : "Public Domain",
            "url" : "http://repository.jboss.org/licenses/cc0-1.0.txt"
          }
        }
      ],
      "purl" : "pkg:maven/org.jboss.jdeparser/jdeparser@2.0.3.Final?type=jar",
      "externalReferences" : [
        {
          "type" : "website",
          "url" : "http://www.jboss.org/jdeparser"
        },
        {
          "type" : "distribution-intake",
          "url" : "https://repository.jboss.org/nexus/service/local/staging/deploy/maven2/"
        },
        {
          "type" : "issue-tracker",
          "url" : "https://issues.jboss.org/"
        },
        {
          "type" : "mailing-list",
          "url" : "http://lists.jboss.org/pipermail/jboss-user/"
        },
        {
          "type" : "vcs",
          "url" : "http://github.com/jboss/jboss-parent-pom/jdeparser"
        }
      ],
      "type" : "library",
      "bom-ref" : "pkg:maven/org.jboss.jdeparser/jdeparser@2.0.3.Final?type=jar"
    },
    {
      "publisher" : "JBoss by Red Hat",
      "group" : "org.wildfly.common",
      "name" : "wildfly-common",
      "version" : "1.5.4.Final",
      "description" : "Provides, via submodules, a base configuration for JBoss project builds, as well as a derived configuration supporting multi-release JARs",
      "scope" : "required",
      "hashes" : [
        {
          "alg" : "MD5",
          "content" : "56d909f0e3f28084ae38c7604bf23192"
        },
        {
          "alg" : "SHA-1",
          "content" : "735ceee5616d5143bac1bc740e444697073c002f"
        },
        {
          "alg" : "SHA-256",
          "content" : "9fda3caf8bd528dec56ebc70daf78f5a9ff5d0bfcea8b3e41ab7ae838747e46a"
        },
        {
          "alg" : "SHA-512",
          "content" : "69c5aec2c4748038b81ee7f72ed48b64325a82ff754dabefb2c389cbc50246cc6183cd0033a08d6261aaeb521be91ca48a7c95d03a2ff2103608862d0bf7b732"
        },
        {
          "alg" : "SHA-384",
          "content" : "6170f65967fb2a127116565565bbb753804ed334bf2b9eed7ac7324f6fdcc2d2506e4b3027a895f1ba688b475e2f082d"
        },
        {
          "alg" : "SHA3-384",
          "content" : "a4eb206fb1b86b5f0282a6e5fae6318a2e4eb83508c2eb29845c5a69378ca016ee03b2e1f90dfe7cd6f2955c1d4a8284"
        },
        {
          "alg" : "SHA3-256",
          "content" : "274608ed87e6907fa3512d8d10f3640e0bdbad63cc886d76ce2ddc2177d5174f"
        },
        {
          "alg" : "SHA3-512",
          "content" : "049e7e3673e3a7cc21643277d7cf306a9ca9135ba8847faba80d06ebfe5087a967cb42b4c1201da786b04ebaf0f6f0d7837231dec20bc3be5d83ae6d27d8b125"
        }
      ],
      "licenses" : [
        {
          "license" : {
            "id" : "Apache-2.0",
            "url" : "https://www.apache.org/licenses/LICENSE-2.0"
          }
        }
      ],
      "purl" : "pkg:maven/org.wildfly.common/wildfly-common@1.5.4.Final?type=jar",
      "externalReferences" : [
        {
          "type" : "website",
          "url" : "http://www.jboss.org/wildfly-common"
        },
        {
          "type" : "distribution-intake",
          "url" : "https://repository.jboss.org/nexus/service/local/staging/deploy/maven2/"
        },
        {
          "type" : "issue-tracker",
          "url" : "https://issues.jboss.org/"
        },
        {
          "type" : "mailing-list",
          "url" : "http://lists.jboss.org/pipermail/jboss-user/"
        },
        {
          "type" : "vcs",
          "url" : "http://github.com/jboss/jboss-parent-pom/wildfly-common"
        }
      ],
      "type" : "library",
      "bom-ref" : "pkg:maven/org.wildfly.common/wildfly-common@1.5.4.Final?type=jar"
    },
    {
      "publisher" : "JBoss by Red Hat",
      "group" : "org.wildfly.client",
      "name" : "wildfly-client-config",
      "version" : "1.0.1.Final",
      "description" : "Library for supporting WildFly common client configuration",
      "scope" : "required",
      "hashes" : [
        {
          "alg" : "MD5",
          "content" : "77f13d40c0fc70d05b48d43ac8ae2581"
        },
        {
          "alg" : "SHA-1",
          "content" : "2a803b23c40a0de0f03a90d1fd3755747bc05f4b"
        },
        {
          "alg" : "SHA-256",
          "content" : "80a4e963ce94ebb043ecb0f2c0e77d327f23dc87d81350b863752eedfa2c3bb3"
        },
        {
          "alg" : "SHA-512",
          "content" : "3f442478c57f7dfac7039f6c7ae014bb2d45cdbd690ee631a3349edbca414adfe1984d065d1439f9b1546fa15fbd032c3a6bfe008f1ad50eef74201467b9f55f"
        },
        {
          "alg" : "SHA-384",
          "content" : "fd6285cf6398f0395c538873c4e52292c467d5f752f47fb8040224b37ec4e39e410136bf040c33ba8b42b3d6cda58a05"
        },
        {
          "alg" : "SHA3-384",
          "content" : "a3f92b65c9914eba7d47ac858ff37d512852691df29d68dd01587e254dd370404a3f0243adf7821a677f1b88904124c9"
        },
        {
          "alg" : "SHA3-256",
          "content" : "6e6e537598960954ea18998ed44b696a21a662bfd5268c58dd1fab739882ce34"
        },
        {
          "alg" : "SHA3-512",
          "content" : "94f46f167853b771ead83d87a93e826512575cb5ef505b841b28d4d818a39f5fe0cbf8b9b155719b4b43569a6fbc4f2c36ab14bfca8fd43ab64963a547fdce74"
        }
      ],
      "licenses" : [
        {
          "license" : {
            "id" : "Apache-2.0",
            "url" : "https://www.apache.org/licenses/LICENSE-2.0"
          }
        }
      ],
      "purl" : "pkg:maven/org.wildfly.client/wildfly-client-config@1.0.1.Final?type=jar",
      "externalReferences" : [
        {
          "type" : "website",
          "url" : "http://www.jboss.org/wildfly-client-config"
        },
        {
          "type" : "distribution-intake",
          "url" : "https://repository.jboss.org/nexus/service/local/staging/deploy/maven2/"
        },
        {
          "type" : "issue-tracker",
          "url" : "https://issues.jboss.org/"
        },
        {
          "type" : "mailing-list",
          "url" : "http://lists.jboss.org/pipermail/jboss-user/"
        },
        {
          "type" : "vcs",
          "url" : "http://github.com/jboss/jboss-parent-pom/wildfly-client-config"
        }
      ],
      "type" : "library",
      "bom-ref" : "pkg:maven/org.wildfly.client/wildfly-client-config@1.0.1.Final?type=jar"
    },
    {
      "publisher" : "JBoss by Red Hat",
      "group" : "org.jboss.threads",
      "name" : "jboss-threads",
      "version" : "2.3.6.Final",
      "description" : "Parent POM for JBoss projects. Provides default project build configuration.",
      "scope" : "required",
      "hashes" : [
        {
          "alg" : "MD5",
          "content" : "31606a75805b7e7ded9e10c6beb00bf5"
        },
        {
          "alg" : "SHA-1",
          "content" : "5a9f11eb65548c657a8ba85556a3ce5546110951"
        },
        {
          "alg" : "SHA-256",
          "content" : "357e6be0f3e4ca28fa96b780c0ad1735176319215261da176ca6fa438aaaa206"
        },
        {
          "alg" : "SHA-512",
          "content" : "96343fe499f97bf88d870a727cda44f5b96cfcf629a9f1f64a39a8bf6d9406f7a7195c1118c54bf96ee40c719e9067fe6d6e7ff0c930ba633d98eb8d27fac121"
        },
        {
          "alg" : "SHA-384",
          "content" : "893b7983eb1a49c2b80254324618ad8970299600782475f8d17730396b28bb093b83fac1024401722d29d063d30ec174"
        },
        {
          "alg" : "SHA3-384",
          "content" : "1b6585fa7ba64c9cc2b8d4868f0ac8b86bf67dac858944a1f5629cffc0dc99c5a7dad7e15cc7c6bb4c0435a01e336c42"
        },
        {
          "alg" : "SHA3-256",
          "content" : "262a68d87054063c8dc80726fc32ffcadc28060094b3fbb99bc8214d555e123b"
        },
        {
          "alg" : "SHA3-512",
          "content" : "e0613d21d9b968457cdc6321ba9c2fc3a987a24a2a0a05a4f6beaece75322e63a9f5df3e5e8527f14c0f74c445277dc6dd34067ff1f10563107f7f9a88c7206e"
        }
      ],
      "licenses" : [
        {
          "license" : {
            "id" : "Apache-2.0",
            "url" : "https://www.apache.org/licenses/LICENSE-2.0"
          }
        }
      ],
      "purl" : "pkg:maven/org.jboss.threads/jboss-threads@2.3.6.Final?type=jar",
      "externalReferences" : [
        {
          "type" : "website",
          "url" : "http://www.jboss.org/jboss-threads"
        },
        {
          "type" : "distribution-intake",
          "url" : "https://repository.jboss.org/nexus/service/local/staging/deploy/maven2/"
        },
        {
          "type" : "issue-tracker",
          "url" : "https://issues.jboss.org/browse/JBTHR"
        },
        {
          "type" : "mailing-list",
          "url" : "http://lists.jboss.org/pipermail/jboss-user/"
        },
        {
          "type" : "vcs",
          "url" : "http://github.com/jboss/jboss-parent-pom/jboss-threads"
        }
      ],
      "type" : "library",
      "bom-ref" : "pkg:maven/org.jboss.threads/jboss-threads@2.3.6.Final?type=jar"
    },
    {
      "publisher" : "JBoss by Red Hat",
      "group" : "org.jboss.logging",
      "name" : "jboss-logging-annotations",
      "version" : "2.2.1.Final",
      "description" : "Provides, via submodules, a base configuration for JBoss project builds, as well as a derived configuration supporting multi-release JARs",
      "scope" : "required",
      "hashes" : [
        {
          "alg" : "MD5",
          "content" : "65ea45ee652a89f43a9a06bd8f0e5139"
        },
        {
          "alg" : "SHA-1",
          "content" : "ee3db82d956ee22c4f1f2df9c611e048e79a4a43"
        },
        {
          "alg" : "SHA-256",
          "content" : "f1524fc9d7ed3afc87d365ab0d280ef260c8dd1836435689e8300fd5a51ed178"
        },
        {
          "alg" : "SHA-512",
          "content" : "81a9c364bfdbffa50920b91730378a704bc8c73748e028e032d4a5938b20875de47d601b1a55f451530fdeef8cf2a6199285e755682f6f04df50b61fdcc79572"
        },
        {
          "alg" : "SHA-384",
          "content" : "c63d0bc5a2abb7639087a5559bd55cc344c52589ad98f956d2199dd19e73c2154059e1c4b078ecd88527a465f4e90412"
        },
        {
          "alg" : "SHA3-384",
          "content" : "c7ccbe80e22ef72215d2ec0e17708d28c0282472841c01442e9fb17a85089a91427904e6e3a5949ee14b1a91856135c3"
        },
        {
          "alg" : "SHA3-256",
          "content" : "0bc405f4bc71ba6159e5680bf9788c8075f24af81cbb03aab1a7b8a6824a3cac"
        },
        {
          "alg" : "SHA3-512",
          "content" : "d86adeaf631775d155e2768d7f65fe1deccb3e3c68bffb271808fba1632a4d89ebe81797c1f1724876e46519a790cc7599d2437097276e5e6a6ef57bbf9728e9"
        }
      ],
      "licenses" : [
        {
          "license" : {
            "id" : "Apache-2.0"
          }
        }
      ],
      "purl" : "pkg:maven/org.jboss.logging/jboss-logging-annotations@2.2.1.Final?type=jar",
      "externalReferences" : [
        {
          "type" : "website",
          "url" : "http://www.jboss.org/jboss-logging-tools-parent/jboss-logging-annotations"
        },
        {
          "type" : "distribution-intake",
          "url" : "https://repository.jboss.org/nexus/service/local/staging/deploy/maven2/"
        },
        {
          "type" : "issue-tracker",
          "url" : "https://issues.jboss.org/"
        },
        {
          "type" : "mailing-list",
          "url" : "http://lists.jboss.org/pipermail/jboss-user/"
        },
        {
          "type" : "vcs",
          "url" : "http://github.com/jboss-logging/jboss-logging-tools/jboss-logging-annotations"
        }
      ],
      "type" : "library",
      "bom-ref" : "pkg:maven/org.jboss.logging/jboss-logging-annotations@2.2.1.Final?type=jar"
    },
    {
      "publisher" : "OSGi Alliance",
      "group" : "org.osgi",
      "name" : "org.osgi.core",
      "version" : "6.0.0",
      "description" : "OSGi Core Release 6, Interfaces and Classes for use in compiling bundles.",
      "scope" : "optional",
      "hashes" : [
        {
          "alg" : "MD5",
          "content" : "cae291c61fe8b7a4476d713550c7ff49"
        },
        {
          "alg" : "SHA-1",
          "content" : "0c49acdc9ac62cf69ee49cb6f1905b4fdb79ea5c"
        },
        {
          "alg" : "SHA-256",
          "content" : "1c1bb435eb34cbf1f743653da38f604d45d53fbc95979053768cd3fc293cb931"
        },
        {
          "alg" : "SHA-512",
          "content" : "a6d5388804982ab2cb0ba82b4291e73f006577c54e5dcb0675a2c4922594ddb0265810a4e7c748c88eba76ee350340376b7a9bd25d2de3afb954cf89117cd470"
        },
        {
          "alg" : "SHA-384",
          "content" : "8daff91fc229b2874c1ff7a214fdee65b1824fbac76eb7feec609c5b70ab2fd24fc5cf017b339788a5c7aec041ec1a1c"
        },
        {
          "alg" : "SHA3-384",
          "content" : "b921d8bea5dab6e7d827ce49a43e6edb4a15c1402e1d70498faf867bd7e9ea61f47b9cbdbf008ed517b71499c02b9e4c"
        },
        {
          "alg" : "SHA3-256",
          "content" : "5836efac64dd3757498bc6648cf02e46f136c6b0b39d5f1641218459d6b68ca0"
        },
        {
          "alg" : "SHA3-512",
          "content" : "9056edfc04943cdc81041db1851cade670415457221617babeb3d3c5136c3dcc303862e55b545f40584477e0654d11d84db6ede072015b08744241202d79ee63"
        }
      ],
      "licenses" : [
        {
          "license" : {
            "id" : "Apache-2.0"
          }
        }
      ],
      "purl" : "pkg:maven/org.osgi/org.osgi.core@6.0.0?type=jar",
      "externalReferences" : [
        {
          "type" : "website",
          "url" : "http://www.osgi.org"
        },
        {
          "type" : "vcs",
          "url" : "private"
        }
      ],
      "type" : "library",
      "bom-ref" : "pkg:maven/org.osgi/org.osgi.core@6.0.0?type=jar"
    },
    {
      "publisher" : "JBoss by Red Hat",
      "group" : "org.jboss.xnio",
      "name" : "xnio-nio",
      "version" : "3.8.6.Final",
      "description" : "The NIO implementation of the XNIO project",
      "hashes" : [
        {
          "alg" : "MD5",
          "content" : "c06cebd0ab8f2da0455db6f5e247313e"
        },
        {
          "alg" : "SHA-1",
          "content" : "5eece976c1ead713fa870abf95b818fbcd80f085"
        },
        {
          "alg" : "SHA-256",
          "content" : "c15b0a88de72f7b1654351f50ccbe866736565ad96e5ec15e363734045e48f00"
        },
        {
          "alg" : "SHA-512",
          "content" : "ed694137a80b68feea93e4e88e666624290d534a7061c09928ba797726ca2d43eb5c056b1fe5e474d8d9350e8b6349cfee1e767d22344cdbd8132fe98e6c4e1b"
        },
        {
          "alg" : "SHA-384",
          "content" : "04e7c0a346b1850194a49ece2a7ec7dfc6d6210942dd8c1a8a8db1845ff1c509861ea732bfbd39a8293da0561fbf8254"
        },
        {
          "alg" : "SHA3-384",
          "content" : "3443f3318fa34a6957303f426bc34f9312a969545a21ef7cdd125d8cae6dc134696c4c66c9fe54cb034d04859dc24d9c"
        },
        {
          "alg" : "SHA3-256",
          "content" : "91981df30f041d5d9ba207b38dc12b53a7ff29e5ab5a90d89b878753d69326d8"
        },
        {
          "alg" : "SHA3-512",
          "content" : "dc220f902f44f83f08168f9bde32cc11cb821ec9f5aa5daae3148b580f2808fa5a7d30584a7eddc42871c5ac49877a4ed37ef85b7590a1464d9f8b455314da08"
        }
      ],
      "licenses" : [
        {
          "license" : {
            "id" : "Apache-2.0",
            "url" : "https://www.apache.org/licenses/LICENSE-2.0"
          }
        }
      ],
      "purl" : "pkg:maven/org.jboss.xnio/xnio-nio@3.8.6.Final?type=jar",
      "externalReferences" : [
        {
          "type" : "website",
          "url" : "http://www.jboss.org/xnio-all/xnio-nio"
        },
        {
          "type" : "distribution-intake",
          "url" : "https://repository.jboss.org/nexus/service/local/staging/deploy/maven2/"
        },
        {
          "type" : "issue-tracker",
          "url" : "https://issues.redhat.com/"
        },
        {
          "type" : "mailing-list",
          "url" : "http://lists.jboss.org/pipermail/jboss-user/"
        },
        {
          "type" : "vcs",
          "url" : "http://github.com/jboss/jboss-parent-pom/xnio-all/xnio-nio"
        }
      ],
      "type" : "library",
      "bom-ref" : "pkg:maven/org.jboss.xnio/xnio-nio@3.8.6.Final?type=jar"
    }
  ],
  "dependencies" : [
    {
      "ref" : "pkg:maven/org.jboss.xnio/xnio-all@3.8.6.Final?type=pom",
      "dependsOn" : [
        "pkg:maven/org.jboss.xnio/xnio-api@3.8.6.Final?type=jar",
        "pkg:maven/org.jboss.xnio/xnio-nio@3.8.6.Final?type=jar"
      ]
    },
    {
      "ref" : "pkg:maven/org.jboss.xnio/xnio-api@3.8.6.Final?type=jar",
      "dependsOn" : [
        "pkg:maven/org.jboss.logging/jboss-logging@3.4.3.Final?type=jar",
        "pkg:maven/org.jboss.logging/jboss-logging-processor@2.2.1.Final?type=jar",
        "pkg:maven/org.wildfly.common/wildfly-common@1.5.4.Final?type=jar",
        "pkg:maven/org.wildfly.client/wildfly-client-config@1.0.1.Final?type=jar",
        "pkg:maven/org.jboss.threads/jboss-threads@2.3.6.Final?type=jar",
        "pkg:maven/org.jboss.logging/jboss-logging-annotations@2.2.1.Final?type=jar",
        "pkg:maven/org.osgi/org.osgi.core@6.0.0?type=jar"
      ]
    },
    {
      "ref" : "pkg:maven/org.jboss.logging/jboss-logging@3.4.3.Final?type=jar",
      "dependsOn" : [ ]
    },
    {
      "ref" : "pkg:maven/org.jboss.logging/jboss-logging-processor@2.2.1.Final?type=jar",
      "dependsOn" : [
        "pkg:maven/org.jboss.logging/jboss-logging-annotations@2.2.1.Final?type=jar",
        "pkg:maven/org.jboss.jdeparser/jdeparser@2.0.3.Final?type=jar"
      ]
    },
    {
      "ref" : "pkg:maven/org.jboss.logging/jboss-logging-annotations@2.2.1.Final?type=jar",
      "dependsOn" : [ ]
    },
    {
      "ref" : "pkg:maven/org.jboss.jdeparser/jdeparser@2.0.3.Final?type=jar",
      "dependsOn" : [ ]
    },
    {
      "ref" : "pkg:maven/org.wildfly.common/wildfly-common@1.5.4.Final?type=jar",
      "dependsOn" : [ ]
    },
    {
      "ref" : "pkg:maven/org.wildfly.client/wildfly-client-config@1.0.1.Final?type=jar",
      "dependsOn" : [
        "pkg:maven/org.jboss.logging/jboss-logging@3.4.3.Final?type=jar"
      ]
    },
    {
      "ref" : "pkg:maven/org.jboss.threads/jboss-threads@2.3.6.Final?type=jar",
      "dependsOn" : [
        "pkg:maven/org.jboss.logging/jboss-logging@3.4.3.Final?type=jar",
        "pkg:maven/org.wildfly.common/wildfly-common@1.5.4.Final?type=jar"
      ]
    },
    {
      "ref" : "pkg:maven/org.osgi/org.osgi.core@6.0.0?type=jar",
      "dependsOn" : [ ]
    },
    {
      "ref" : "pkg:maven/org.jboss.xnio/xnio-nio@3.8.6.Final?type=jar",
      "dependsOn" : [
        "pkg:maven/org.jboss.logging/jboss-logging@3.4.3.Final?type=jar",
        "pkg:maven/org.jboss.logging/jboss-logging-processor@2.2.1.Final?type=jar",
        "pkg:maven/org.jboss.logging/jboss-logging-annotations@2.2.1.Final?type=jar",
        "pkg:maven/org.jboss.xnio/xnio-api@3.8.6.Final?type=jar",
        "pkg:maven/org.osgi/org.osgi.core@6.0.0?type=jar"
      ]
    }
  ]
}