<?xml version="1.0" encoding="UTF-8"?><analysis xmlns="https://jeremylong.github.io/DependencyCheck/dependency-check.4.0.xsd">
  <scanInfo>
    <engineVersion>10.0.3</engineVersion>
    <dataSource>
      <name>NVD API Last Checked</name>
      <timestamp>2024-08-11T16:01:24Z</timestamp>
    </dataSource>
    <dataSource>
      <name>NVD API Last Modified</name>
      <timestamp>2024-08-10T16:35:04Z</timestamp>
    </dataSource>
  </scanInfo>
  <projectInfo>
    <name>H6060-Java-WebDriverManager</name>
    <reportDate>2024-08-11T16:01:35.906Z</reportDate>
    <credits>This product uses the NVD API but is not endorsed or certified by the NVD. This report contains data retrieved from the National Vulnerability Database: https://nvd.nist.gov, Github Advisory Database (via NPM Audit API): https://github.com/advisories/, and the RetireJS community.</credits>
  </projectInfo>
  <dependencies>
    <dependency isVirtual="false">
      <fileName>jquery-3.6.1.min.js</fileName>
      <filePath>D:\a\H6060-Java-WebDriverManager\H6060-Java-WebDriverManager\upstream-repository\target\target\apidocs\script-dir\jquery-3.6.1.min.js</filePath>
      <md5>00727d1d5d9c90f7de826f1a4a9cc632</md5>
      <sha1>ea61688671d0c3044f2c5b2f2c4af0a6620ac6c2</sha1>
      <sha256>a3cf00c109d907e543bc4f6dbc85eb31068f94515251347e9e57509b52ee3d74</sha256>
      <relatedDependencies>
        <relatedDependency>
          <fileName>webdrivermanager-5.8.0-javadoc.jar: jquery-3.6.1.min.js</fileName>
          <filePath>D:\a\H6060-Java-WebDriverManager\H6060-Java-WebDriverManager\upstream-repository\target\target\webdrivermanager-5.8.0-javadoc.jar\script-dir\jquery-3.6.1.min.js</filePath>
          <sha256>a3cf00c109d907e543bc4f6dbc85eb31068f94515251347e9e57509b52ee3d74</sha256>
          <sha1>ea61688671d0c3044f2c5b2f2c4af0a6620ac6c2</sha1>
          <md5>00727d1d5d9c90f7de826f1a4a9cc632</md5>
        </relatedDependency>
      </relatedDependencies>
      <evidenceCollected/>
    </dependency>
    <dependency isVirtual="false">
      <fileName>jquery-ui.min.js</fileName>
      <filePath>D:\a\H6060-Java-WebDriverManager\H6060-Java-WebDriverManager\upstream-repository\target\target\apidocs\script-dir\jquery-ui.min.js</filePath>
      <md5>a443ef25e4d347d30d3222a401f9ae54</md5>
      <sha1>47c18aebea0d1116f19b279134e50c9f0d381405</sha1>
      <sha256>a6c0904499f1efeef05641bd28fd7c73785e60f69ce9c699daf65af8b3720703</sha256>
      <relatedDependencies>
        <relatedDependency>
          <fileName>webdrivermanager-5.8.0-javadoc.jar: jquery-ui.min.js</fileName>
          <filePath>D:\a\H6060-Java-WebDriverManager\H6060-Java-WebDriverManager\upstream-repository\target\target\webdrivermanager-5.8.0-javadoc.jar\script-dir\jquery-ui.min.js</filePath>
          <sha256>a6c0904499f1efeef05641bd28fd7c73785e60f69ce9c699daf65af8b3720703</sha256>
          <sha1>47c18aebea0d1116f19b279134e50c9f0d381405</sha1>
          <md5>a443ef25e4d347d30d3222a401f9ae54</md5>
        </relatedDependency>
      </relatedDependencies>
      <evidenceCollected/>
    </dependency>
    <dependency isVirtual="false">
      <fileName>member-search-index.js</fileName>
      <filePath>D:\a\H6060-Java-WebDriverManager\H6060-Java-WebDriverManager\upstream-repository\target\target\apidocs\member-search-index.js</filePath>
      <md5>4569d28f41d50a015183707fc05b45dd</md5>
      <sha1>5f3727f7efc15b69ac0d6fe3fb5ecaa81901e708</sha1>
      <sha256>8c7fc4a73dd126dd7fbd909b44d072f6d1ec0778c27dd50bc368d6d19c27b20c</sha256>
      <relatedDependencies>
        <relatedDependency>
          <fileName>webdrivermanager-5.8.0-javadoc.jar: member-search-index.js</fileName>
          <filePath>D:\a\H6060-Java-WebDriverManager\H6060-Java-WebDriverManager\upstream-repository\target\target\webdrivermanager-5.8.0-javadoc.jar\member-search-index.js</filePath>
          <sha256>8c7fc4a73dd126dd7fbd909b44d072f6d1ec0778c27dd50bc368d6d19c27b20c</sha256>
          <sha1>5f3727f7efc15b69ac0d6fe3fb5ecaa81901e708</sha1>
          <md5>4569d28f41d50a015183707fc05b45dd</md5>
        </relatedDependency>
      </relatedDependencies>
      <evidenceCollected/>
    </dependency>
    <dependency isVirtual="false">
      <fileName>module-search-index.js</fileName>
      <filePath>D:\a\H6060-Java-WebDriverManager\H6060-Java-WebDriverManager\upstream-repository\target\target\apidocs\module-search-index.js</filePath>
      <md5>a33da0f469acbd03f77bf407bac505f5</md5>
      <sha1>1e996ce630c6e1ada3ea86d7b71dabca0180f8e8</sha1>
      <sha256>814a05983e3267d591c7e62b314eb8eb0504eee844c8a70d494f6edbaa0f4f18</sha256>
      <relatedDependencies>
        <relatedDependency>
          <fileName>webdrivermanager-5.8.0-javadoc.jar: module-search-index.js</fileName>
          <filePath>D:\a\H6060-Java-WebDriverManager\H6060-Java-WebDriverManager\upstream-repository\target\target\webdrivermanager-5.8.0-javadoc.jar\module-search-index.js</filePath>
          <sha256>814a05983e3267d591c7e62b314eb8eb0504eee844c8a70d494f6edbaa0f4f18</sha256>
          <sha1>1e996ce630c6e1ada3ea86d7b71dabca0180f8e8</sha1>
          <md5>a33da0f469acbd03f77bf407bac505f5</md5>
        </relatedDependency>
      </relatedDependencies>
      <evidenceCollected/>
    </dependency>
    <dependency isVirtual="false">
      <fileName>package-search-index.js</fileName>
      <filePath>D:\a\H6060-Java-WebDriverManager\H6060-Java-WebDriverManager\upstream-repository\target\target\apidocs\package-search-index.js</filePath>
      <md5>b11b0e5650dd134f2303badbede08908</md5>
      <sha1>641276a69237e80ad5d8e721fd7410bb667849d6</sha1>
      <sha256>f0218885c8a365098888cefb95a9de192c7d98cc03d8839979dc6e31b4f347a5</sha256>
      <relatedDependencies>
        <relatedDependency>
          <fileName>webdrivermanager-5.8.0-javadoc.jar: package-search-index.js</fileName>
          <filePath>D:\a\H6060-Java-WebDriverManager\H6060-Java-WebDriverManager\upstream-repository\target\target\webdrivermanager-5.8.0-javadoc.jar\package-search-index.js</filePath>
          <sha256>f0218885c8a365098888cefb95a9de192c7d98cc03d8839979dc6e31b4f347a5</sha256>
          <sha1>641276a69237e80ad5d8e721fd7410bb667849d6</sha1>
          <md5>b11b0e5650dd134f2303badbede08908</md5>
        </relatedDependency>
      </relatedDependencies>
      <evidenceCollected/>
    </dependency>
    <dependency isVirtual="false">
      <fileName>script.js</fileName>
      <filePath>D:\a\H6060-Java-WebDriverManager\H6060-Java-WebDriverManager\upstream-repository\target\target\apidocs\script.js</filePath>
      <md5>8ada7fbaaf8dbf6cd6a43b50d128c1a2</md5>
      <sha1>c8a0330636b366f634d5abf05d919acd6311ff2d</sha1>
      <sha256>d0e3c3454df0afbf14507658c9da874894bd0152fb45f712af9ed3f412ae3aec</sha256>
      <relatedDependencies>
        <relatedDependency>
          <fileName>webdrivermanager-5.8.0-javadoc.jar: script.js</fileName>
          <filePath>D:\a\H6060-Java-WebDriverManager\H6060-Java-WebDriverManager\upstream-repository\target\target\webdrivermanager-5.8.0-javadoc.jar\script.js</filePath>
          <sha256>d0e3c3454df0afbf14507658c9da874894bd0152fb45f712af9ed3f412ae3aec</sha256>
          <sha1>c8a0330636b366f634d5abf05d919acd6311ff2d</sha1>
          <md5>8ada7fbaaf8dbf6cd6a43b50d128c1a2</md5>
        </relatedDependency>
      </relatedDependencies>
      <evidenceCollected/>
    </dependency>
    <dependency isVirtual="false">
      <fileName>search.js</fileName>
      <filePath>D:\a\H6060-Java-WebDriverManager\H6060-Java-WebDriverManager\upstream-repository\target\target\apidocs\search.js</filePath>
      <md5>8b7740e0d31e330ba6255a5c9e2afc61</md5>
      <sha1>52c9d294de82c85501722b911a177d1d2e07cd69</sha1>
      <sha256>b6e969d7148b3107dc72d15b7993fe8d9ac9f8ca13339e14b31a27f03ebd753c</sha256>
      <relatedDependencies>
        <relatedDependency>
          <fileName>webdrivermanager-5.8.0-javadoc.jar: search.js</fileName>
          <filePath>D:\a\H6060-Java-WebDriverManager\H6060-Java-WebDriverManager\upstream-repository\target\target\webdrivermanager-5.8.0-javadoc.jar\search.js</filePath>
          <sha256>b6e969d7148b3107dc72d15b7993fe8d9ac9f8ca13339e14b31a27f03ebd753c</sha256>
          <sha1>52c9d294de82c85501722b911a177d1d2e07cd69</sha1>
          <md5>8b7740e0d31e330ba6255a5c9e2afc61</md5>
        </relatedDependency>
      </relatedDependencies>
      <evidenceCollected/>
    </dependency>
    <dependency isVirtual="false">
      <fileName>tag-search-index.js</fileName>
      <filePath>D:\a\H6060-Java-WebDriverManager\H6060-Java-WebDriverManager\upstream-repository\target\target\apidocs\tag-search-index.js</filePath>
      <md5>95810a7878ddd3f49d938eb6b5c0f1b2</md5>
      <sha1>4d0358e131242bfb1a29d1db368e9e24381ad979</sha1>
      <sha256>e31bd7c6847cd8b49a884fe01244f740ad184cdb7aa6449830be21985158f0d9</sha256>
      <relatedDependencies>
        <relatedDependency>
          <fileName>webdrivermanager-5.8.0-javadoc.jar: tag-search-index.js</fileName>
          <filePath>D:\a\H6060-Java-WebDriverManager\H6060-Java-WebDriverManager\upstream-repository\target\target\webdrivermanager-5.8.0-javadoc.jar\tag-search-index.js</filePath>
          <sha256>e31bd7c6847cd8b49a884fe01244f740ad184cdb7aa6449830be21985158f0d9</sha256>
          <sha1>4d0358e131242bfb1a29d1db368e9e24381ad979</sha1>
          <md5>95810a7878ddd3f49d938eb6b5c0f1b2</md5>
        </relatedDependency>
      </relatedDependencies>
      <evidenceCollected/>
    </dependency>
    <dependency isVirtual="false">
      <fileName>type-search-index.js</fileName>
      <filePath>D:\a\H6060-Java-WebDriverManager\H6060-Java-WebDriverManager\upstream-repository\target\target\apidocs\type-search-index.js</filePath>
      <md5>3a1d92f26a6703d9588c78db9d17d3c4</md5>
      <sha1>d8fe65e6db594a04bad42a2a26978e8e4ce7bb15</sha1>
      <sha256>0e6a640107acd0f6e5cda02a8c4bcf7768710370edae3b6e9807047e81e76f47</sha256>
      <relatedDependencies>
        <relatedDependency>
          <fileName>webdrivermanager-5.8.0-javadoc.jar: type-search-index.js</fileName>
          <filePath>D:\a\H6060-Java-WebDriverManager\H6060-Java-WebDriverManager\upstream-repository\target\target\webdrivermanager-5.8.0-javadoc.jar\type-search-index.js</filePath>
          <sha256>0e6a640107acd0f6e5cda02a8c4bcf7768710370edae3b6e9807047e81e76f47</sha256>
          <sha1>d8fe65e6db594a04bad42a2a26978e8e4ce7bb15</sha1>
          <md5>3a1d92f26a6703d9588c78db9d17d3c4</md5>
        </relatedDependency>
      </relatedDependencies>
      <evidenceCollected/>
    </dependency>
    <dependency isVirtual="false">
      <fileName>webdrivermanager-5.8.0-javadoc.jar</fileName>
      <filePath>D:\a\H6060-Java-WebDriverManager\H6060-Java-WebDriverManager\upstream-repository\target\target\webdrivermanager-5.8.0-javadoc.jar</filePath>
      <md5>f412b4b23b91261fa3c8f22e15871f95</md5>
      <sha1>ea6f58f5cf522499af081c783144709a7937cdff</sha1>
      <sha256>5421e5e7cbd5851ec73a7911216803a3035cccbd84a616134ce5a8935051c3ff</sha256>
      <evidenceCollected>
        <evidence type="vendor" confidence="HIGH">
          <source>file</source>
          <name>name</name>
          <value>webdrivermanager</value>
        </evidence>
        <evidence type="product" confidence="HIGH">
          <source>file</source>
          <name>name</name>
          <value>webdrivermanager</value>
        </evidence>
        <evidence type="version" confidence="MEDIUM">
          <source>file</source>
          <name>name</name>
          <value>webdrivermanager</value>
        </evidence>
        <evidence type="version" confidence="HIGH">
          <source>file</source>
          <name>version</name>
          <value>5.8.0</value>
        </evidence>
      </evidenceCollected>
    </dependency>
    <dependency isVirtual="false">
      <fileName>webdrivermanager-5.8.0.jar</fileName>
      <filePath>D:\a\H6060-Java-WebDriverManager\H6060-Java-WebDriverManager\upstream-repository\target\target\webdrivermanager-5.8.0.jar</filePath>
      <md5>8c997d43fdef903a2545fa8eb574a2ca</md5>
      <sha1>5057d5f0daf38b04f50da09b750298bad7547873</sha1>
      <sha256>483727fddcebd113f91c48d2df93daf196af4be9c7016202630da63ba1e725a5</sha256>
      <description>
		Automated driver management and other helper features for Selenium WebDriver in Java
	</description>
      <license>Apache 2.0: https://www.apache.org/licenses/LICENSE-2.0</license>
      <evidenceCollected>
        <evidence type="vendor" confidence="HIGH">
          <source>file</source>
          <name>name</name>
          <value>webdrivermanager</value>
        </evidence>
        <evidence type="vendor" confidence="HIGHEST">
          <source>jar</source>
          <name>package name</name>
          <value>bonigarcia</value>
        </evidence>
        <evidence type="vendor" confidence="HIGHEST">
          <source>jar</source>
          <name>package name</name>
          <value>github</value>
        </evidence>
        <evidence type="vendor" confidence="HIGHEST">
          <source>jar</source>
          <name>package name</name>
          <value>io</value>
        </evidence>
        <evidence type="vendor" confidence="MEDIUM">
          <source>Manifest</source>
          <name>automatic-module-name</name>
          <value>io.github.bonigarcia.webdrivermanager</value>
        </evidence>
        <evidence type="vendor" confidence="LOW">
          <source>Manifest</source>
          <name>build-jdk-spec</name>
          <value>17</value>
        </evidence>
        <evidence type="vendor" confidence="LOW">
          <source>Manifest</source>
          <name>can-redefine-classes</name>
          <value>true</value>
        </evidence>
        <evidence type="vendor" confidence="LOW">
          <source>Manifest</source>
          <name>can-retransform-classes</name>
          <value>true</value>
        </evidence>
        <evidence type="vendor" confidence="LOW">
          <source>pom</source>
          <name>artifactid</name>
          <value>webdrivermanager</value>
        </evidence>
        <evidence type="vendor" confidence="MEDIUM">
          <source>pom</source>
          <name>developer id</name>
          <value>bonigarcia</value>
        </evidence>
        <evidence type="vendor" confidence="MEDIUM">
          <source>pom</source>
          <name>developer name</name>
          <value>Boni Garcia</value>
        </evidence>
        <evidence type="vendor" confidence="HIGHEST">
          <source>pom</source>
          <name>groupid</name>
          <value>io.github.bonigarcia</value>
        </evidence>
        <evidence type="vendor" confidence="HIGH">
          <source>pom</source>
          <name>name</name>
          <value>WebDriverManager</value>
        </evidence>
        <evidence type="vendor" confidence="HIGHEST">
          <source>pom</source>
          <name>url</name>
          <value>https://bonigarcia.dev/webdrivermanager/</value>
        </evidence>
        <evidence type="product" confidence="HIGH">
          <source>file</source>
          <name>name</name>
          <value>webdrivermanager</value>
        </evidence>
        <evidence type="product" confidence="HIGHEST">
          <source>jar</source>
          <name>package name</name>
          <value>bonigarcia</value>
        </evidence>
        <evidence type="product" confidence="HIGHEST">
          <source>jar</source>
          <name>package name</name>
          <value>github</value>
        </evidence>
        <evidence type="product" confidence="HIGHEST">
          <source>jar</source>
          <name>package name</name>
          <value>io</value>
        </evidence>
        <evidence type="product" confidence="MEDIUM">
          <source>Manifest</source>
          <name>automatic-module-name</name>
          <value>io.github.bonigarcia.webdrivermanager</value>
        </evidence>
        <evidence type="product" confidence="LOW">
          <source>Manifest</source>
          <name>build-jdk-spec</name>
          <value>17</value>
        </evidence>
        <evidence type="product" confidence="LOW">
          <source>Manifest</source>
          <name>can-redefine-classes</name>
          <value>true</value>
        </evidence>
        <evidence type="product" confidence="LOW">
          <source>Manifest</source>
          <name>can-retransform-classes</name>
          <value>true</value>
        </evidence>
        <evidence type="product" confidence="HIGHEST">
          <source>pom</source>
          <name>artifactid</name>
          <value>webdrivermanager</value>
        </evidence>
        <evidence type="product" confidence="LOW">
          <source>pom</source>
          <name>developer id</name>
          <value>bonigarcia</value>
        </evidence>
        <evidence type="product" confidence="LOW">
          <source>pom</source>
          <name>developer name</name>
          <value>Boni Garcia</value>
        </evidence>
        <evidence type="product" confidence="HIGHEST">
          <source>pom</source>
          <name>groupid</name>
          <value>io.github.bonigarcia</value>
        </evidence>
        <evidence type="product" confidence="HIGH">
          <source>pom</source>
          <name>name</name>
          <value>WebDriverManager</value>
        </evidence>
        <evidence type="product" confidence="MEDIUM">
          <source>pom</source>
          <name>url</name>
          <value>https://bonigarcia.dev/webdrivermanager/</value>
        </evidence>
        <evidence type="version" confidence="HIGH">
          <source>file</source>
          <name>version</name>
          <value>5.8.0</value>
        </evidence>
        <evidence type="version" confidence="HIGHEST">
          <source>pom</source>
          <name>version</name>
          <value>5.8.0</value>
        </evidence>
      </evidenceCollected>
      <identifiers>
        <package confidence="HIGH">
          <id>pkg:maven/io.github.bonigarcia/webdrivermanager@5.8.0</id>
          <url>https://ossindex.sonatype.org/component/pkg:maven/io.github.bonigarcia/webdrivermanager@5.8.0?utm_source=dependency-check&amp;utm_medium=integration&amp;utm_content=10.0.3</url>
        </package>
        <vulnerabilityIds confidence="HIGH">
          <id>cpe:2.3:a:web_project:web:5.8.0:*:*:*:*:*:*:*</id>
          <url>https://nvd.nist.gov/vuln/search/results?form_type=Advanced&amp;results_type=overview&amp;search_type=all&amp;cpe_vendor=cpe%3A%2F%3Aweb_project&amp;cpe_product=cpe%3A%2F%3Aweb_project%3Aweb&amp;cpe_version=cpe%3A%2F%3Aweb_project%3Aweb%3A5.8.0</url>
        </vulnerabilityIds>
      </identifiers>
    </dependency>
  </dependencies>
</analysis>
