{"version": "15.0.6","schema": "https://gitlab.com/gitlab-org/security-products/security-report-schemas/-/raw/v15.0.6/dist/dependency-scanning-report-format.json?ref_type=tags", "scan": {"scanner": {"id": "org.owasp.dependency-check","name": "Dependency-Check Core","version": "10.0.3","vendor": {"name": "OWASP"},"url": "https://github.com/jeremylong/DependencyCheck/"},"analyzer": {"id": "org.owasp.dependency-check","name": "Dependency-Check Core","version": "10.0.3","vendor": {"name": "OWASP"},"url": "https://github.com/jeremylong/DependencyCheck/"},"end_time": "2024-08-11T16:01:35","start_time": "2024-08-11T16:01:35","status":  "success"  ,"type": "dependency_scanning"},"vulnerabilities": [],"dependency_files": [{"path": "pom.xml","package_manager": "maven","dependencies": [{"package": {"name": "io.github.bonigarcia:webdrivermanager"},"version": "5.8.0"}]}],"remediations": [] }