{
	"vulasReport": {
		"generatedAt": "12.08.2024 15:24 +0000",
		"generatedFor": {
			"space": "66E16528B2AF8E5CBE4DA32687A48C65",
			"groupId": "org.jboss.xnio",
			"artifactId": "xnio-all",
			"version": "3.8.6.Final"
		},
		"isAggregated": false,
	
		"aggregatedModules": [],
	
		"configuration": [
			{ "name": "exceptionThreshold",
			  "value": "noException" },
			{ "name": "exemptScopes",
			  "value": "PROVIDED, TEST" },
			{ "name": "exemptBugs",
			  "value": "" }
		],
	
		"vulnerabilities": [
		
		]
	}
}
