{
 "matches": [
  {
   "vulnerability": {
    "id": "CVE-2023-5685",
    "dataSource": "https://nvd.nist.gov/vuln/detail/CVE-2023-5685",
    "namespace": "nvd:cpe",
    "severity": "High",
    "urls": [
     "https://access.redhat.com/errata/RHSA-2023:7637",
     "https://access.redhat.com/errata/RHSA-2023:7638",
     "https://access.redhat.com/errata/RHSA-2023:7639",
     "https://access.redhat.com/errata/RHSA-2023:7641",
     "https://access.redhat.com/errata/RHSA-2024:2707",
     "https://access.redhat.com/security/cve/CVE-2023-5685",
     "https://bugzilla.redhat.com/show_bug.cgi?id=2241822"
    ],
    "description": "A flaw was found in XNIO. The XNIO NotifierState that can cause a Stack Overflow Exception when the chain of notifier states becomes problematically large can lead to uncontrolled resource management and a possible denial of service (DoS).",
    "cvss": [
     {
      "source": "secalert@redhat.com",
      "type": "Secondary",
      "version": "3.1",
      "vector": "CVSS:3.1/AV:N/AC:L/PR:N/UI:N/S:U/C:N/I:N/A:H",
      "metrics": {
       "baseScore": 7.5,
       "exploitabilityScore": 3.9,
       "impactScore": 3.6
      },
      "vendorMetadata": {}
     }
    ],
    "fix": {
     "versions": [
      "3.8.14.Final"
     ],
     "state": "fixed"
    },
    "advisories": []
   },
   "relatedVulnerabilities": [
    {
     "id": "GHSA-7f88-5hhx-67m2",
     "dataSource": "https://github.com/advisories/GHSA-7f88-5hhx-67m2",
     "namespace": "github:language:java",
     "severity": "High",
     "urls": [
      "https://github.com/advisories/GHSA-7f88-5hhx-67m2"
     ],
     "description": "XNIO denial of service vulnerability",
     "cvss": [
      {
       "version": "3.1",
       "vector": "CVSS:3.1/AV:N/AC:L/PR:N/UI:N/S:U/C:N/I:N/A:H",
       "metrics": {
        "baseScore": 7.5,
        "exploitabilityScore": 3.9,
        "impactScore": 3.6
       },
       "vendorMetadata": {
        "base_severity": "High",
        "status": "N/A"
       }
      }
     ]
    }
   ],
   "matchDetails": [
    {
     "type": "exact-direct-match",
     "matcher": "java-matcher",
     "searchedBy": {
      "language": "java",
      "namespace": "github:language:java",
      "package": {
       "name": "xnio-api",
       "version": ""
      }
     },
     "found": {
      "versionConstraint": "<=3.8.13.Final (unknown)",
      "vulnerabilityID": "GHSA-7f88-5hhx-67m2"
     }
    }
   ],
   "artifact": {
    "id": "17dc48b71578a0ed",
    "name": "xnio-api",
    "version": "",
    "type": "java-archive",
    "locations": [
     {
      "path": "/nio-impl/pom.xml"
     }
    ],
    "language": "java",
    "licenses": [],
    "cpes": [
     "cpe:2.3:a:xnio-api:xnio-api:*:*:*:*:*:*:*:*",
     "cpe:2.3:a:xnio-api:xnio_api:*:*:*:*:*:*:*:*",
     "cpe:2.3:a:xnio_api:xnio-api:*:*:*:*:*:*:*:*",
     "cpe:2.3:a:xnio_api:xnio_api:*:*:*:*:*:*:*:*",
     "cpe:2.3:a:jboss:xnio-api:*:*:*:*:*:*:*:*",
     "cpe:2.3:a:jboss:xnio_api:*:*:*:*:*:*:*:*",
     "cpe:2.3:a:xnio-api:xnio:*:*:*:*:*:*:*:*",
     "cpe:2.3:a:xnio:xnio-api:*:*:*:*:*:*:*:*",
     "cpe:2.3:a:xnio:xnio_api:*:*:*:*:*:*:*:*",
     "cpe:2.3:a:xnio_api:xnio:*:*:*:*:*:*:*:*",
     "cpe:2.3:a:jboss:xnio:*:*:*:*:*:*:*:*",
     "cpe:2.3:a:xnio:xnio:*:*:*:*:*:*:*:*"
    ],
    "purl": "pkg:maven/org.jboss.xnio/xnio-api",
    "upstreams": [],
    "metadataType": "JavaMetadata",
    "metadata": {
     "virtualPath": "",
     "pomArtifactID": "xnio-api",
     "pomGroupID": "org.jboss.xnio",
     "manifestName": "",
     "archiveDigests": null
    }
   }
  },
  {
   "vulnerability": {
    "id": "CVE-2023-5685",
    "dataSource": "https://nvd.nist.gov/vuln/detail/CVE-2023-5685",
    "namespace": "nvd:cpe",
    "severity": "High",
    "urls": [
     "https://access.redhat.com/errata/RHSA-2023:7637",
     "https://access.redhat.com/errata/RHSA-2023:7638",
     "https://access.redhat.com/errata/RHSA-2023:7639",
     "https://access.redhat.com/errata/RHSA-2023:7641",
     "https://access.redhat.com/errata/RHSA-2024:2707",
     "https://access.redhat.com/security/cve/CVE-2023-5685",
     "https://bugzilla.redhat.com/show_bug.cgi?id=2241822"
    ],
    "description": "A flaw was found in XNIO. The XNIO NotifierState that can cause a Stack Overflow Exception when the chain of notifier states becomes problematically large can lead to uncontrolled resource management and a possible denial of service (DoS).",
    "cvss": [
     {
      "source": "secalert@redhat.com",
      "type": "Secondary",
      "version": "3.1",
      "vector": "CVSS:3.1/AV:N/AC:L/PR:N/UI:N/S:U/C:N/I:N/A:H",
      "metrics": {
       "baseScore": 7.5,
       "exploitabilityScore": 3.9,
       "impactScore": 3.6
      },
      "vendorMetadata": {}
     }
    ],
    "fix": {
     "versions": [
      "3.8.14.Final"
     ],
     "state": "fixed"
    },
    "advisories": []
   },
   "relatedVulnerabilities": [
    {
     "id": "GHSA-7f88-5hhx-67m2",
     "dataSource": "https://github.com/advisories/GHSA-7f88-5hhx-67m2",
     "namespace": "github:language:java",
     "severity": "High",
     "urls": [
      "https://github.com/advisories/GHSA-7f88-5hhx-67m2"
     ],
     "description": "XNIO denial of service vulnerability",
     "cvss": [
      {
       "version": "3.1",
       "vector": "CVSS:3.1/AV:N/AC:L/PR:N/UI:N/S:U/C:N/I:N/A:H",
       "metrics": {
        "baseScore": 7.5,
        "exploitabilityScore": 3.9,
        "impactScore": 3.6
       },
       "vendorMetadata": {
        "base_severity": "High",
        "status": "N/A"
       }
      }
     ]
    }
   ],
   "matchDetails": [
    {
     "type": "exact-direct-match",
     "matcher": "java-matcher",
     "searchedBy": {
      "language": "java",
      "namespace": "github:language:java",
      "package": {
       "name": "xnio-api",
       "version": "3.8.6.Final"
      }
     },
     "found": {
      "versionConstraint": "<=3.8.13.Final (unknown)",
      "vulnerabilityID": "GHSA-7f88-5hhx-67m2"
     }
    }
   ],
   "artifact": {
    "id": "0aebdd3edf790417",
    "name": "xnio-api",
    "version": "3.8.6.Final",
    "type": "java-archive",
    "locations": [
     {
      "path": "/target/api/target/xnio-api-3.8.6.Final-sources.jar"
     }
    ],
    "language": "java",
    "licenses": [],
    "cpes": [
     "cpe:2.3:a:jboss-by-red-hat:xnio-api:3.8.6.Final:*:*:*:*:*:*:*",
     "cpe:2.3:a:jboss-by-red-hat:xnio_api:3.8.6.Final:*:*:*:*:*:*:*",
     "cpe:2.3:a:jboss_by_red_hat:xnio-api:3.8.6.Final:*:*:*:*:*:*:*",
     "cpe:2.3:a:jboss_by_red_hat:xnio_api:3.8.6.Final:*:*:*:*:*:*:*",
     "cpe:2.3:a:jboss-by-red-hat:xnio:3.8.6.Final:*:*:*:*:*:*:*",
     "cpe:2.3:a:jboss_by_red_hat:xnio:3.8.6.Final:*:*:*:*:*:*:*",
     "cpe:2.3:a:xnio-api:xnio-api:3.8.6.Final:*:*:*:*:*:*:*",
     "cpe:2.3:a:xnio-api:xnio_api:3.8.6.Final:*:*:*:*:*:*:*",
     "cpe:2.3:a:xnio_api:xnio-api:3.8.6.Final:*:*:*:*:*:*:*",
     "cpe:2.3:a:xnio_api:xnio_api:3.8.6.Final:*:*:*:*:*:*:*",
     "cpe:2.3:a:jboss:xnio-api:3.8.6.Final:*:*:*:*:*:*:*",
     "cpe:2.3:a:jboss:xnio_api:3.8.6.Final:*:*:*:*:*:*:*",
     "cpe:2.3:a:xnio-api:xnio:3.8.6.Final:*:*:*:*:*:*:*",
     "cpe:2.3:a:xnio:xnio-api:3.8.6.Final:*:*:*:*:*:*:*",
     "cpe:2.3:a:xnio:xnio_api:3.8.6.Final:*:*:*:*:*:*:*",
     "cpe:2.3:a:xnio_api:xnio:3.8.6.Final:*:*:*:*:*:*:*",
     "cpe:2.3:a:jboss:xnio:3.8.6.Final:*:*:*:*:*:*:*",
     "cpe:2.3:a:xnio:xnio:3.8.6.Final:*:*:*:*:*:*:*"
    ],
    "purl": "pkg:maven/org.jboss.xnio/xnio-api@3.8.6.Final",
    "upstreams": [],
    "metadataType": "JavaMetadata",
    "metadata": {
     "virtualPath": "/target/api/target/xnio-api-3.8.6.Final-sources.jar",
     "pomArtifactID": "xnio-api",
     "pomGroupID": "org.jboss.xnio",
     "manifestName": "",
     "archiveDigests": [
      {
       "algorithm": "sha1",
       "value": "0dd67c98fd0869f4bb31332cbb9512c45444d52d"
      }
     ]
    }
   }
  },
  {
   "vulnerability": {
    "id": "CVE-2023-5685",
    "dataSource": "https://nvd.nist.gov/vuln/detail/CVE-2023-5685",
    "namespace": "nvd:cpe",
    "severity": "High",
    "urls": [
     "https://access.redhat.com/errata/RHSA-2023:7637",
     "https://access.redhat.com/errata/RHSA-2023:7638",
     "https://access.redhat.com/errata/RHSA-2023:7639",
     "https://access.redhat.com/errata/RHSA-2023:7641",
     "https://access.redhat.com/errata/RHSA-2024:2707",
     "https://access.redhat.com/security/cve/CVE-2023-5685",
     "https://bugzilla.redhat.com/show_bug.cgi?id=2241822"
    ],
    "description": "A flaw was found in XNIO. The XNIO NotifierState that can cause a Stack Overflow Exception when the chain of notifier states becomes problematically large can lead to uncontrolled resource management and a possible denial of service (DoS).",
    "cvss": [
     {
      "source": "secalert@redhat.com",
      "type": "Secondary",
      "version": "3.1",
      "vector": "CVSS:3.1/AV:N/AC:L/PR:N/UI:N/S:U/C:N/I:N/A:H",
      "metrics": {
       "baseScore": 7.5,
       "exploitabilityScore": 3.9,
       "impactScore": 3.6
      },
      "vendorMetadata": {}
     }
    ],
    "fix": {
     "versions": [
      "3.8.14.Final"
     ],
     "state": "fixed"
    },
    "advisories": []
   },
   "relatedVulnerabilities": [
    {
     "id": "GHSA-7f88-5hhx-67m2",
     "dataSource": "https://github.com/advisories/GHSA-7f88-5hhx-67m2",
     "namespace": "github:language:java",
     "severity": "High",
     "urls": [
      "https://github.com/advisories/GHSA-7f88-5hhx-67m2"
     ],
     "description": "XNIO denial of service vulnerability",
     "cvss": [
      {
       "version": "3.1",
       "vector": "CVSS:3.1/AV:N/AC:L/PR:N/UI:N/S:U/C:N/I:N/A:H",
       "metrics": {
        "baseScore": 7.5,
        "exploitabilityScore": 3.9,
        "impactScore": 3.6
       },
       "vendorMetadata": {
        "base_severity": "High",
        "status": "N/A"
       }
      }
     ]
    }
   ],
   "matchDetails": [
    {
     "type": "exact-direct-match",
     "matcher": "java-matcher",
     "searchedBy": {
      "language": "java",
      "namespace": "github:language:java",
      "package": {
       "name": "xnio-api",
       "version": "3.8.6.Final"
      }
     },
     "found": {
      "versionConstraint": "<=3.8.13.Final (unknown)",
      "vulnerabilityID": "GHSA-7f88-5hhx-67m2"
     }
    }
   ],
   "artifact": {
    "id": "da4830ce62b5b133",
    "name": "xnio-api",
    "version": "3.8.6.Final",
    "type": "java-archive",
    "locations": [
     {
      "path": "/target/api/target/xnio-api-3.8.6.Final.jar"
     }
    ],
    "language": "java",
    "licenses": [
     "http://repository.jboss.org/licenses/apache-2.0.txt"
    ],
    "cpes": [
     "cpe:2.3:a:jboss-by-red-hat:xnio-api:3.8.6.Final:*:*:*:*:*:*:*",
     "cpe:2.3:a:jboss-by-red-hat:xnio_api:3.8.6.Final:*:*:*:*:*:*:*",
     "cpe:2.3:a:jboss_by_red_hat:xnio-api:3.8.6.Final:*:*:*:*:*:*:*",
     "cpe:2.3:a:jboss_by_red_hat:xnio_api:3.8.6.Final:*:*:*:*:*:*:*",
     "cpe:2.3:a:jboss-by-red-hat:xnio:3.8.6.Final:*:*:*:*:*:*:*",
     "cpe:2.3:a:jboss_by_red_hat:xnio:3.8.6.Final:*:*:*:*:*:*:*",
     "cpe:2.3:a:jboss-by-red-hat:api:3.8.6.Final:*:*:*:*:*:*:*",
     "cpe:2.3:a:jboss_by_red_hat:api:3.8.6.Final:*:*:*:*:*:*:*",
     "cpe:2.3:a:xnio-api:xnio-api:3.8.6.Final:*:*:*:*:*:*:*",
     "cpe:2.3:a:xnio-api:xnio_api:3.8.6.Final:*:*:*:*:*:*:*",
     "cpe:2.3:a:xnio_api:xnio-api:3.8.6.Final:*:*:*:*:*:*:*",
     "cpe:2.3:a:xnio_api:xnio_api:3.8.6.Final:*:*:*:*:*:*:*",
     "cpe:2.3:a:jboss:xnio-api:3.8.6.Final:*:*:*:*:*:*:*",
     "cpe:2.3:a:jboss:xnio_api:3.8.6.Final:*:*:*:*:*:*:*",
     "cpe:2.3:a:xnio-api:xnio:3.8.6.Final:*:*:*:*:*:*:*",
     "cpe:2.3:a:xnio:xnio-api:3.8.6.Final:*:*:*:*:*:*:*",
     "cpe:2.3:a:xnio:xnio_api:3.8.6.Final:*:*:*:*:*:*:*",
     "cpe:2.3:a:xnio_api:xnio:3.8.6.Final:*:*:*:*:*:*:*",
     "cpe:2.3:a:api:xnio-api:3.8.6.Final:*:*:*:*:*:*:*",
     "cpe:2.3:a:api:xnio_api:3.8.6.Final:*:*:*:*:*:*:*",
     "cpe:2.3:a:xnio-api:api:3.8.6.Final:*:*:*:*:*:*:*",
     "cpe:2.3:a:xnio_api:api:3.8.6.Final:*:*:*:*:*:*:*",
     "cpe:2.3:a:jboss:xnio:3.8.6.Final:*:*:*:*:*:*:*",
     "cpe:2.3:a:jboss:api:3.8.6.Final:*:*:*:*:*:*:*",
     "cpe:2.3:a:xnio:xnio:3.8.6.Final:*:*:*:*:*:*:*",
     "cpe:2.3:a:api:xnio:3.8.6.Final:*:*:*:*:*:*:*",
     "cpe:2.3:a:xnio:api:3.8.6.Final:*:*:*:*:*:*:*",
     "cpe:2.3:a:api:api:3.8.6.Final:*:*:*:*:*:*:*"
    ],
    "purl": "pkg:maven/org.jboss.xnio/xnio-api@3.8.6.Final",
    "upstreams": [],
    "metadataType": "JavaMetadata",
    "metadata": {
     "virtualPath": "/target/api/target/xnio-api-3.8.6.Final.jar",
     "pomArtifactID": "xnio-api",
     "pomGroupID": "org.jboss.xnio",
     "manifestName": "",
     "archiveDigests": [
      {
       "algorithm": "sha1",
       "value": "60f457a9eacfdef30082aa742c8139840902c62b"
      }
     ]
    }
   }
  }
 ],
 "source": {
  "type": "directory",
  "target": "upstream-repository"
 },
 "distro": {
  "name": "",
  "version": "",
  "idLike": null
 },
 "descriptor": {
  "name": "grype",
  "version": "0.74.4",
  "configuration": {
   "output": [
    "json"
   ],
   "file": "",
   "distro": "",
   "add-cpes-if-none": true,
   "output-template-file": "",
   "check-for-app-update": false,
   "only-fixed": false,
   "only-notfixed": false,
   "ignore-wontfix": "",
   "platform": "",
   "search": {
    "scope": "squashed",
    "unindexed-archives": false,
    "indexed-archives": true
   },
   "ignore": null,
   "exclude": [],
   "db": {
    "cache-dir": "/home/runner/.cache/grype/db",
    "update-url": "https://toolbox-data.anchore.io/grype/databases/listing.json",
    "ca-cert": "",
    "auto-update": true,
    "validate-by-hash-on-start": false,
    "validate-age": true,
    "max-allowed-built-age": 432000000000000
   },
   "externalSources": {
    "enable": false,
    "maven": {
     "searchUpstreamBySha1": true,
     "baseUrl": "https://search.maven.org/solrsearch/select"
    }
   },
   "match": {
    "java": {
     "using-cpes": false
    },
    "dotnet": {
     "using-cpes": false
    },
    "golang": {
     "using-cpes": false,
     "always-use-cpe-for-stdlib": true
    },
    "javascript": {
     "using-cpes": false
    },
    "python": {
     "using-cpes": false
    },
    "ruby": {
     "using-cpes": false
    },
    "rust": {
     "using-cpes": false
    },
    "stock": {
     "using-cpes": true
    }
   },
   "fail-on-severity": "critical",
   "registry": {
    "insecure-skip-tls-verify": false,
    "insecure-use-http": false,
    "auth": null,
    "ca-cert": ""
   },
   "show-suppressed": false,
   "by-cve": true,
   "name": "",
   "default-image-pull-source": "",
   "vex-documents": [],
   "vex-add": []
  },
  "db": {
   "built": "2024-08-12T01:31:51Z",
   "schemaVersion": 5,
   "location": "/home/runner/.cache/grype/db/5",
   "checksum": "sha256:394119250a48dd222c319245307ec50b7ca57050aa8b80897a13d6607d047d2d",
   "error": null
  },
  "timestamp": "2024-08-12T15:20:55.858586825Z"
 }
}
