"Project","ScanDate","DependencyName","DependencyPath","Description","License","Md5","Sha1","Identifiers","CPE","CVE","CWE","Vulnerability","Source","CVSSv2_Severity","CVSSv2_Score","CVSSv2","CVSSv3_BaseSeverity","CVSSv3_BaseScore","CVSSv3","CPE Confidence","Evidence Count","VendorProject","Product","Name","DateAdded","ShortDescription","RequiredAction","DueDate","Notes"
H6060-Python-Jinja,"Wed, 14 Aug 2024 14:29:08 GMT",Jinja2:2.11.2,/home/runner/work/H6060-Python-Jinja/H6060-Python-Jinja/upstream-repository/dist/Jinja2-2.11.2-py2.py3-none-any.whl,A very fast and expressive template engine.,"",52291b291fe65b5dbf7c84cc1c55b854,daa0cc1d1591074336703c76cc6d74cb1b5ccb48,pkg:pypi/jinja2@2.11.2,cpe:2.3:a:palletsprojects:jinja:2.11.2:*:*:*:*:*:*:*,CVE-2024-22195,CWE-79 Improper Neutralization of Input During Web Page Generation ('Cross-site Scripting'),"Jinja is an extensible templating engine. Special placeholders in the template allow writing code similar to Python syntax. It is possible to inject arbitrary HTML attributes into the rendered HTML template, potentially leading to Cross-Site Scripting (XSS). The Jinja `xmlattr` filter can be abused to inject arbitrary HTML attribute keys and values, bypassing the auto escaping mechanism and potentially leading to XSS. It may also be possible to bypass attribute validation checks if they are blacklist-based.",NVD,"","","",MEDIUM,6.1,CVSS:3.1/AV:N/AC:L/PR:N/UI:R/S:C/C:L/I:L/A:N/E:2.8/RC:R/MAV:A,HIGHEST,8,"","","","","","","",""
H6060-Python-Jinja,"Wed, 14 Aug 2024 14:29:08 GMT",Jinja2:2.11.2,/home/runner/work/H6060-Python-Jinja/H6060-Python-Jinja/upstream-repository/dist/Jinja2-2.11.2-py2.py3-none-any.whl,A very fast and expressive template engine.,"",52291b291fe65b5dbf7c84cc1c55b854,daa0cc1d1591074336703c76cc6d74cb1b5ccb48,pkg:pypi/jinja2@2.11.2,cpe:2.3:a:palletsprojects:jinja:2.11.2:*:*:*:*:*:*:*,CVE-2020-28493,CWE-400 Uncontrolled Resource Consumption,"This affects the package jinja2 from 0.0.0 and before 2.11.3. The ReDoS vulnerability is mainly due to the `_punctuation_re regex` operator and its use of multiple wildcards. The last wildcard is the most exploitable as it searches for trailing punctuation. This issue can be mitigated by Markdown to format user content instead of the urlize filter, or by implementing request timeouts and limiting process memory.",NVD,MEDIUM,5.0,/AV:N/AC:L/Au:N/C:N/I:N/A:P,MEDIUM,5.3,CVSS:3.1/AV:N/AC:L/PR:N/UI:N/S:U/C:N/I:N/A:L/E:3.9/RC:R/MAV:A,HIGHEST,8,"","","","","","","",""
H6060-Python-Jinja,"Wed, 14 Aug 2024 14:29:08 GMT",jinja2:2.11.2,/home/runner/work/H6060-Python-Jinja/H6060-Python-Jinja/upstream-repository/src/jinja2/__init__.py,"","",08982e14594308714664b179306d4771,14f4421cce360b51912c386498e2a0f15f3d8bbf,"pkg:pypi/jinja2, pkg:pypi/jinja2@2.11.2","",CVE-2024-22195,CWE-79 Improper Neutralization of Input During Web Page Generation ('Cross-site Scripting'),"Jinja is an extensible templating engine. Special placeholders in the template allow writing code similar to Python syntax. It is possible to inject arbitrary HTML attributes into the rendered HTML template, potentially leading to Cross-Site Scripting (XSS). The Jinja `xmlattr` filter can be abused to inject arbitrary HTML attribute keys and values, bypassing the auto escaping mechanism and potentially leading to XSS. It may also be possible to bypass attribute validation checks if they are blacklist-based.",OSSINDEX,"","","",MEDIUM,6.099999904632568,CVSS:3.1/AV:N/AC:L/PR:N/UI:R/S:C/C:L/I:L/A:N,"HIGHEST, HIGHEST",2,"","","","","","","",""
H6060-Python-Jinja,"Wed, 14 Aug 2024 14:29:08 GMT",jinja2:2.11.2,/home/runner/work/H6060-Python-Jinja/H6060-Python-Jinja/upstream-repository/src/jinja2/__init__.py,"","",08982e14594308714664b179306d4771,14f4421cce360b51912c386498e2a0f15f3d8bbf,"pkg:pypi/jinja2, pkg:pypi/jinja2@2.11.2","",CVE-2020-28493,CWE-400 Uncontrolled Resource Consumption,"This affects the package jinja2 from 0.0.0 and before 2.11.3. The ReDoS vulnerability is mainly due to the `_punctuation_re regex` operator and its use of multiple wildcards. The last wildcard is the most exploitable as it searches for trailing punctuation. This issue can be mitigated by Markdown to format user content instead of the urlize filter, or by implementing request timeouts and limiting process memory.",OSSINDEX,"","","",MEDIUM,5.300000190734863,CVSS:3.1/AV:N/AC:L/PR:N/UI:N/S:U/C:N/I:N/A:L,"HIGHEST, HIGHEST",2,"","","","","","","",""
