{"version": "15.0.6","schema": "https://gitlab.com/gitlab-org/security-products/security-report-schemas/-/raw/v15.0.6/dist/dependency-scanning-report-format.json?ref_type=tags", "scan": {"scanner": {"id": "org.owasp.dependency-check","name": "Dependency-Check Core","version": "10.0.3","vendor": {"name": "OWASP"},"url": "https://github.com/jeremylong/DependencyCheck/"},"analyzer": {"id": "org.owasp.dependency-check","name": "Dependency-Check Core","version": "10.0.3","vendor": {"name": "OWASP"},"url": "https://github.com/jeremylong/DependencyCheck/"},"end_time": "2024-08-14T14:29:08","start_time": "2024-08-14T14:29:08","status":  "success"  ,"type": "dependency_scanning"},"vulnerabilities": [{"id": "CVE-2024-22195","identifiers": [{"type": "NVD", "name": "CVE-2024-22195", "value": "daa0cc1d1591074336703c76cc6d74cb1b5ccb48", "url": "https://web.nvd.nist.gov/view/vuln/detail?vulnId=CVE-2024-22195"}],"location": {"file": "\/home\/runner\/work\/H6060-Python-Jinja\/H6060-Python-Jinja\/upstream-repository\/dist\/Jinja2-2.11.2-py2.py3-none-any.whl","dependency": {"package": {"name": "Jinja2"},"version": "2.11.2"}},"name": "CVE-2024-22195","description": "Jinja is an extensible templating engine. Special placeholders in the template allow writing code similar to Python syntax. It is possible to inject arbitrary HTML attributes into the rendered HTML template, potentially leading to Cross-Site Scripting (XSS). The Jinja `xmlattr` filter can be abused to inject arbitrary HTML attribute keys and values, bypassing the auto escaping mechanism and potentially leading to XSS. It may also be possible to bypass attribute validation checks if they are blacklist-based.\n","severity": "Medium","links": [{"name": "[CVE-2024-22195] CWE-79: Improper Neutralization of Input During Web Page Generation ('Cross-site Scripting')","url": "https:\/\/ossindex.sonatype.org\/vulnerability\/CVE-2024-22195?component-type=pypi&component-name=jinja2&utm_source=dependency-check&utm_medium=integration&utm_content=10.0.3"},{"name": "http:\/\/web.nvd.nist.gov\/view\/vuln\/detail?vulnId=CVE-2024-22195","url": "http:\/\/web.nvd.nist.gov\/view\/vuln\/detail?vulnId=CVE-2024-22195"},{"name": "https:\/\/github.com\/pallets\/jinja\/security\/advisories\/GHSA-h5c8-rqwp-cp95","url": "https:\/\/github.com\/pallets\/jinja\/security\/advisories\/GHSA-h5c8-rqwp-cp95"},{"url": "https:\/\/lists.debian.org\/debian-lts-announce\/2024\/01\/msg00010.html"},{"url": "https:\/\/lists.fedoraproject.org\/archives\/list\/package-announce@lists.fedoraproject.org\/message\/5XCWZD464AJJJUBOO7CMPXQ4ROBC6JX2\/"},{"url": "https:\/\/lists.fedoraproject.org\/archives\/list\/package-announce@lists.fedoraproject.org\/message\/DELCVUUYX75I5K4Q5WMJG4MUZJA6VAIP\/"},{"url": "https:\/\/lists.fedoraproject.org\/archives\/list\/package-announce@lists.fedoraproject.org\/message\/O7YWRBX6JQCWC2XXCTZ55C7DPMGICCN3\/"},{"name": "RELEASE_NOTES","url": "https:\/\/github.com\/pallets\/jinja\/releases\/tag\/3.1.3"},{"name": "THIRD_PARTY_ADVISORY","url": "https:\/\/github.com\/pallets\/jinja\/security\/advisories\/GHSA-h5c8-rqwp-cp95"}]},{"id": "CVE-2020-28493","identifiers": [{"type": "NVD", "name": "CVE-2020-28493", "value": "daa0cc1d1591074336703c76cc6d74cb1b5ccb48", "url": "https://web.nvd.nist.gov/view/vuln/detail?vulnId=CVE-2020-28493"}],"location": {"file": "\/home\/runner\/work\/H6060-Python-Jinja\/H6060-Python-Jinja\/upstream-repository\/dist\/Jinja2-2.11.2-py2.py3-none-any.whl","dependency": {"package": {"name": "Jinja2"},"version": "2.11.2"}},"name": "CVE-2020-28493","description": "This affects the package jinja2 from 0.0.0 and before 2.11.3. The ReDoS vulnerability is mainly due to the `_punctuation_re regex` operator and its use of multiple wildcards. The last wildcard is the most exploitable as it searches for trailing punctuation. This issue can be mitigated by Markdown to format user content instead of the urlize filter, or by implementing request timeouts and limiting process memory.","severity": "Medium","links": [{"name": "[CVE-2020-28493] CWE-400: Uncontrolled Resource Consumption ('Resource Exhaustion')","url": "https:\/\/ossindex.sonatype.org\/vulnerability\/CVE-2020-28493?component-type=pypi&component-name=jinja2&utm_source=dependency-check&utm_medium=integration&utm_content=10.0.3"},{"name": "http:\/\/web.nvd.nist.gov\/view\/vuln\/detail?vulnId=CVE-2020-28493","url": "http:\/\/web.nvd.nist.gov\/view\/vuln\/detail?vulnId=CVE-2020-28493"},{"name": "https:\/\/github.com\/pallets\/jinja\/pull\/1195","url": "https:\/\/github.com\/pallets\/jinja\/pull\/1195"},{"name": "https:\/\/github.com\/pallets\/jinja\/pull\/1343","url": "https:\/\/github.com\/pallets\/jinja\/pull\/1343"},{"url": "https:\/\/lists.fedoraproject.org\/archives\/list\/package-announce%40lists.fedoraproject.org\/message\/PVAKCOO7VBVUBM3Q6CBBTPBFNP5NDXF4\/"},{"name": "BROKEN_LINK","url": "https:\/\/github.com\/pallets\/jinja\/blob\/ab81fd9c277900c85da0c322a2ff9d68a235b2e6\/src\/jinja2\/utils.py%23L20"},{"name": "EXPLOIT,THIRD_PARTY_ADVISORY","url": "https:\/\/snyk.io\/vuln\/SNYK-PYTHON-JINJA2-1012994"},{"name": "PATCH,THIRD_PARTY_ADVISORY","url": "https:\/\/github.com\/pallets\/jinja\/pull\/1343"},{"name": "THIRD_PARTY_ADVISORY","url": "https:\/\/security.gentoo.org\/glsa\/202107-19"}]},{"id": "CVE-2024-22195","identifiers": [{"type": "OSSINDEX", "name": "CVE-2024-22195", "value": "14f4421cce360b51912c386498e2a0f15f3d8bbf"}],"location": {"file": "\/home\/runner\/work\/H6060-Python-Jinja\/H6060-Python-Jinja\/upstream-repository\/src\/jinja2\/__init__.py","dependency": {"package": {"name": "jinja2"},"version": "2.11.2"}},"name": "CVE-2024-22195","description": "Jinja is an extensible templating engine. Special placeholders in the template allow writing code similar to Python syntax. It is possible to inject arbitrary HTML attributes into the rendered HTML template, potentially leading to Cross-Site Scripting (XSS). The Jinja `xmlattr` filter can be abused to inject arbitrary HTML attribute keys and values, bypassing the auto escaping mechanism and potentially leading to XSS. It may also be possible to bypass attribute validation checks if they are blacklist-based.\n","severity": "Medium","links": [{"name": "[CVE-2024-22195] CWE-79: Improper Neutralization of Input During Web Page Generation ('Cross-site Scripting')","url": "https:\/\/ossindex.sonatype.org\/vulnerability\/CVE-2024-22195?component-type=pypi&component-name=jinja2&utm_source=dependency-check&utm_medium=integration&utm_content=10.0.3"},{"name": "http:\/\/web.nvd.nist.gov\/view\/vuln\/detail?vulnId=CVE-2024-22195","url": "http:\/\/web.nvd.nist.gov\/view\/vuln\/detail?vulnId=CVE-2024-22195"},{"name": "https:\/\/github.com\/pallets\/jinja\/security\/advisories\/GHSA-h5c8-rqwp-cp95","url": "https:\/\/github.com\/pallets\/jinja\/security\/advisories\/GHSA-h5c8-rqwp-cp95"}]},{"id": "CVE-2020-28493","identifiers": [{"type": "OSSINDEX", "name": "CVE-2020-28493", "value": "14f4421cce360b51912c386498e2a0f15f3d8bbf"}],"location": {"file": "\/home\/runner\/work\/H6060-Python-Jinja\/H6060-Python-Jinja\/upstream-repository\/src\/jinja2\/__init__.py","dependency": {"package": {"name": "jinja2"},"version": "2.11.2"}},"name": "CVE-2020-28493","description": "This affects the package jinja2 from 0.0.0 and before 2.11.3. The ReDoS vulnerability is mainly due to the `_punctuation_re regex` operator and its use of multiple wildcards. The last wildcard is the most exploitable as it searches for trailing punctuation. This issue can be mitigated by Markdown to format user content instead of the urlize filter, or by implementing request timeouts and limiting process memory.","severity": "Medium","links": [{"name": "[CVE-2020-28493] CWE-400: Uncontrolled Resource Consumption ('Resource Exhaustion')","url": "https:\/\/ossindex.sonatype.org\/vulnerability\/CVE-2020-28493?component-type=pypi&component-name=jinja2&utm_source=dependency-check&utm_medium=integration&utm_content=10.0.3"},{"name": "http:\/\/web.nvd.nist.gov\/view\/vuln\/detail?vulnId=CVE-2020-28493","url": "http:\/\/web.nvd.nist.gov\/view\/vuln\/detail?vulnId=CVE-2020-28493"},{"name": "https:\/\/github.com\/pallets\/jinja\/pull\/1195","url": "https:\/\/github.com\/pallets\/jinja\/pull\/1195"},{"name": "https:\/\/github.com\/pallets\/jinja\/pull\/1343","url": "https:\/\/github.com\/pallets\/jinja\/pull\/1343"}]}],"dependency_files": [{"path": "pom.xml","package_manager": "maven","dependencies": [{"package": {"name": "Babel"},"version": "0.8"},{"package": {"name": "Jinja2"},"version": "2.11.2"},{"package": {"name": "MarkupSafe"},"version": "0.23"},{"package": {"name": "Pallets-Sphinx-Themes"},"version": "1.2.0"},{"package": {"name": "Pallets-Sphinx-Themes"},"version": "1.2.0"},{"package": {"name": "Sphinx"},"version": "2.1.2"},{"package": {"name": "Sphinx"},"version": "2.1.2"},{"package": {"name": "res"},"version": "$enc.json($dependency.version)"},{"package": {"name": "jinja2"},"version": "2.11.2"},{"package": {"name": "sphinx-issues"},"version": "1.2.0"},{"package": {"name": "sphinx-issues"},"version": "1.2.0"},{"package": {"name": "sphinxcontrib-log-cabinet"},"version": "1.0.1"},{"package": {"name": "sphinxcontrib-log-cabinet"},"version": "1.0.1"}]}],"remediations": [] }