{
  "version": "v2.8.0",
  "id": "a97386f6-c136-44dc-88c6-d104e2868f6f",
  "repositoryID": "00000000-0000-0000-0000-000000000000",
  "repositoryName": "",
  "workspaceID": "00000000-0000-0000-0000-000000000000",
  "workspaceName": "",
  "status": "success",
  "errors": "",
  "createdAt": "2024-08-15T21:03:31.931506807Z",
  "finishedAt": "2024-08-15T21:03:56.081946094Z",
  "analysisVulnerabilities": [
    {
      "vulnerabilityID": "00000000-0000-0000-0000-000000000000",
      "analysisID": "a97386f6-c136-44dc-88c6-d104e2868f6f",
      "createdAt": "2024-08-15T21:03:56.081954549Z",
      "vulnerabilities": {
        "vulnerabilityID": "163795d0-08d2-45bd-8891-3cc174e4275e",
        "line": "332",
        "column": "24",
        "confidence": "HIGH",
        "file": "spec/unit/doc/cell.spec.js",
        "code": "a1.value = '\u003cscript\u003ealert(\"yoohoo\")\u003c/script\u003e';",
        "details": "(1/1) * Possible vulnerability detected: Alert statements should not be used\nalert(...) as well as confirm(...) and prompt(...) can be useful for debugging during development, but in production mode this kind of pop-up could expose sensitive information to attackers, and should never be displayed. For more information checkout the CWE-489 (https://cwe.mitre.org/data/definitions/489.html) advisory.",
        "securityTool": "HorusecEngine",
        "language": "JavaScript",
        "severity": "HIGH",
        "type": "Vulnerability",
        "commitAuthor": "-",
        "commitEmail": "-",
        "commitHash": "-",
        "commitMessage": "-",
        "commitDate": "-",
        "rule_id": "HS-JAVASCRIPT-16",
        "vulnHash": "19752e1443fd19785614ce04d101d3fc8a0087474628de80fae9f8ce87ce101e",
        "deprecatedHashes": [
          "71507b4311300237e0d682a345d865023de611211e81ba0277825a346a17a666",
          "eef1bb490ed9eede36beff3d859bc9199c55005a17580abdadb7ea5abb6dd327"
        ],
        "securityToolVersion": "",
        "securityToolInfoUri": ""
      }
    },
    {
      "vulnerabilityID": "00000000-0000-0000-0000-000000000000",
      "analysisID": "a97386f6-c136-44dc-88c6-d104e2868f6f",
      "createdAt": "2024-08-15T21:03:56.081955371Z",
      "vulnerabilities": {
        "vulnerabilityID": "b80ca59a-9079-4b23-bfb7-27cb6b43acf2",
        "line": "335",
        "column": "20",
        "confidence": "HIGH",
        "file": "spec/unit/doc/cell.spec.js",
        "code": "'\u0026lt;script\u0026gt;alert(\u0026quot;yoohoo\u0026quot;)\u0026lt;/script\u0026gt;'",
        "details": "(1/1) * Possible vulnerability detected: Alert statements should not be used\nalert(...) as well as confirm(...) and prompt(...) can be useful for debugging during development, but in production mode this kind of pop-up could expose sensitive information to attackers, and should never be displayed. For more information checkout the CWE-489 (https://cwe.mitre.org/data/definitions/489.html) advisory.",
        "securityTool": "HorusecEngine",
        "language": "JavaScript",
        "severity": "HIGH",
        "type": "Vulnerability",
        "commitAuthor": "-",
        "commitEmail": "-",
        "commitHash": "-",
        "commitMessage": "-",
        "commitDate": "-",
        "rule_id": "HS-JAVASCRIPT-16",
        "vulnHash": "e49f586efad810e51755b71dfa4ddfa6e875d0aa98ccd35db75d529438728186",
        "deprecatedHashes": [
          "83de2810c46b587a24d499c808c57f260dd47f3f955897ce16218bf1008dd879",
          "c0b03836fe14929015cb7e7645125c227c3655cbfccecdc5a041315bc7448a08"
        ],
        "securityToolVersion": "",
        "securityToolInfoUri": ""
      }
    }
  ]
}