Experiment ID,Experiment Date,Experiment Runner Environment,Experiment Runner Operating System,Experiment Runner Architecture,Experiment Project Name,Experiment Upstream GitHub Repository,Experiment GitHub Repository,Experiment GitHub Branch,Experiment GitHub Commit,Experiment GitHub Workflow Name,Experiment GitHub Workflow Run URL,BOM Format,Spec Version,Component Scope,Component Name,Component Type,Component Group,Component Version,Component BOM Ref,Component PURL,Component Author,Component Description,Component Adversary Model,Component Advisories,Component Analysis Report,Component Attestation,Component BOM,Component Build Meta,Component Build System,Component Certification Report,Component Chat,Component Codified Infrastructure,Component Configuration,Component Digital Signature,Component Distribution,Component Distribution Intake,Component Documentation,Component Dynamic Analysis Report,Component Electronic Signature,Component Evidence,Component Exploitability Statement,Component Formulation,Component Issue Tracker,Component License,Component Log,Component Mailing List,Component Maturity Report,Component Model Card,Component Other,Component Pentest Report,Component POAM,Component Quality Metrics,Component RFC-9116,Component Release Notes,Component Risk Assessment,Component Runtime Analysis Report,Component Security Contact,Component Social,Component Source Distribution,Component Static Analysis Report,Component Support,Component Threat Model,Component VCS,Component Vulnerability Assertion,Component Website,OSV Vulnerability ID,OSV Vulnerability Summary,OSV Vulnerability CVE,OSV Vulnerability Severity,OSV Vulnerability CWE IDs,OSV Vulnerability NVD Published Date,OSV Vulnerability Advisory URL,OSV Vulnerability Introduced,OSV Vulnerability Fixed,OSV Vulnerability CVSS V2,OSV Vulnerability CVSS V3,OSV Vulnerability CVSS V4
2,2024-08-14,Github-Hosted,Windows,X64,H6060-Python-Django,https://github.com/django/django,https://github.com/seansmith2600/H6060-Python-Django,3.1.2,614fdf5e8c99e6b9859b5d4483d35ed2addffb43,H6060 Experiment 2 - Django,https://github.com/seansmith2600/H6060-Python-Django/actions/runs/10389153238,CycloneDX,1.6,required,argon2-cffi,library,Not found,23.1.0,requirements-L1,pkg:pypi/argon2-cffi@23.1.0,Not found,requirements line 1: argon2-cffi==23.1.0,Not found,Not found,Not found,Not found,Not found,Not found,Not found,Not found,Not found,Not found,Not found,Not found,https://pypi.org/simple/argon2-cffi/,Not found,Not found,Not found,Not found,Not found,Not found,Not found,Not found,Not found,Not found,Not found,Not found,Not found,Not found,Not found,Not found,Not found,Not found,Not found,Not found,Not found,Not found,Not found,Not found,Not found,Not found,Not found,Not found,Not found,Not found,Not found,Not found,Not found,Not found,Not found,Not found,Not found,Not found,Not found,Not found,Not found,Not found
2,2024-08-14,Github-Hosted,Windows,X64,H6060-Python-Django,https://github.com/django/django,https://github.com/seansmith2600/H6060-Python-Django,3.1.2,614fdf5e8c99e6b9859b5d4483d35ed2addffb43,H6060 Experiment 2 - Django,https://github.com/seansmith2600/H6060-Python-Django/actions/runs/10389153238,CycloneDX,1.6,required,argon2-cffi-bindings,library,Not found,21.2.0,requirements-L2,pkg:pypi/argon2-cffi-bindings@21.2.0,Not found,requirements line 2: argon2-cffi-bindings==21.2.0,Not found,Not found,Not found,Not found,Not found,Not found,Not found,Not found,Not found,Not found,Not found,Not found,https://pypi.org/simple/argon2-cffi-bindings/,Not found,Not found,Not found,Not found,Not found,Not found,Not found,Not found,Not found,Not found,Not found,Not found,Not found,Not found,Not found,Not found,Not found,Not found,Not found,Not found,Not found,Not found,Not found,Not found,Not found,Not found,Not found,Not found,Not found,Not found,Not found,Not found,Not found,Not found,Not found,Not found,Not found,Not found,Not found,Not found,Not found,Not found
2,2024-08-14,Github-Hosted,Windows,X64,H6060-Python-Django,https://github.com/django/django,https://github.com/seansmith2600/H6060-Python-Django,3.1.2,614fdf5e8c99e6b9859b5d4483d35ed2addffb43,H6060 Experiment 2 - Django,https://github.com/seansmith2600/H6060-Python-Django/actions/runs/10389153238,CycloneDX,1.6,required,asgiref,library,Not found,3.2.10,requirements-L3,pkg:pypi/asgiref@3.2.10,Not found,requirements line 3: asgiref==3.2.10,Not found,Not found,Not found,Not found,Not found,Not found,Not found,Not found,Not found,Not found,Not found,Not found,https://pypi.org/simple/asgiref/,Not found,Not found,Not found,Not found,Not found,Not found,Not found,Not found,Not found,Not found,Not found,Not found,Not found,Not found,Not found,Not found,Not found,Not found,Not found,Not found,Not found,Not found,Not found,Not found,Not found,Not found,Not found,Not found,Not found,Not found,Not found,Not found,Not found,Not found,Not found,Not found,Not found,Not found,Not found,Not found,Not found,Not found
2,2024-08-14,Github-Hosted,Windows,X64,H6060-Python-Django,https://github.com/django/django,https://github.com/seansmith2600/H6060-Python-Django,3.1.2,614fdf5e8c99e6b9859b5d4483d35ed2addffb43,H6060 Experiment 2 - Django,https://github.com/seansmith2600/H6060-Python-Django/actions/runs/10389153238,CycloneDX,1.6,required,bcrypt,library,Not found,4.2.0,requirements-L4,pkg:pypi/bcrypt@4.2.0,Not found,requirements line 4: bcrypt==4.2.0,Not found,Not found,Not found,Not found,Not found,Not found,Not found,Not found,Not found,Not found,Not found,Not found,https://pypi.org/simple/bcrypt/,Not found,Not found,Not found,Not found,Not found,Not found,Not found,Not found,Not found,Not found,Not found,Not found,Not found,Not found,Not found,Not found,Not found,Not found,Not found,Not found,Not found,Not found,Not found,Not found,Not found,Not found,Not found,Not found,Not found,Not found,Not found,Not found,Not found,Not found,Not found,Not found,Not found,Not found,Not found,Not found,Not found,Not found
2,2024-08-14,Github-Hosted,Windows,X64,H6060-Python-Django,https://github.com/django/django,https://github.com/seansmith2600/H6060-Python-Django,3.1.2,614fdf5e8c99e6b9859b5d4483d35ed2addffb43,H6060 Experiment 2 - Django,https://github.com/seansmith2600/H6060-Python-Django/actions/runs/10389153238,CycloneDX,1.6,required,cffi,library,Not found,1.17.0,requirements-L5,pkg:pypi/cffi@1.17.0,Not found,requirements line 5: cffi==1.17.0,Not found,Not found,Not found,Not found,Not found,Not found,Not found,Not found,Not found,Not found,Not found,Not found,https://pypi.org/simple/cffi/,Not found,Not found,Not found,Not found,Not found,Not found,Not found,Not found,Not found,Not found,Not found,Not found,Not found,Not found,Not found,Not found,Not found,Not found,Not found,Not found,Not found,Not found,Not found,Not found,Not found,Not found,Not found,Not found,Not found,Not found,Not found,Not found,Not found,Not found,Not found,Not found,Not found,Not found,Not found,Not found,Not found,Not found
2,2024-08-14,Github-Hosted,Windows,X64,H6060-Python-Django,https://github.com/django/django,https://github.com/seansmith2600/H6060-Python-Django,3.1.2,614fdf5e8c99e6b9859b5d4483d35ed2addffb43,H6060 Experiment 2 - Django,https://github.com/seansmith2600/H6060-Python-Django/actions/runs/10389153238,CycloneDX,1.6,required,pycparser,library,Not found,2.22,requirements-L6,pkg:pypi/pycparser@2.22,Not found,requirements line 6: pycparser==2.22,Not found,Not found,Not found,Not found,Not found,Not found,Not found,Not found,Not found,Not found,Not found,Not found,https://pypi.org/simple/pycparser/,Not found,Not found,Not found,Not found,Not found,Not found,Not found,Not found,Not found,Not found,Not found,Not found,Not found,Not found,Not found,Not found,Not found,Not found,Not found,Not found,Not found,Not found,Not found,Not found,Not found,Not found,Not found,Not found,Not found,Not found,Not found,Not found,Not found,Not found,Not found,Not found,Not found,Not found,Not found,Not found,Not found,Not found
2,2024-08-14,Github-Hosted,Windows,X64,H6060-Python-Django,https://github.com/django/django,https://github.com/seansmith2600/H6060-Python-Django,3.1.2,614fdf5e8c99e6b9859b5d4483d35ed2addffb43,H6060 Experiment 2 - Django,https://github.com/seansmith2600/H6060-Python-Django/actions/runs/10389153238,CycloneDX,1.6,required,pytz,library,Not found,2024.1,requirements-L7,pkg:pypi/pytz@2024.1,Not found,requirements line 7: pytz==2024.1,Not found,Not found,Not found,Not found,Not found,Not found,Not found,Not found,Not found,Not found,Not found,Not found,https://pypi.org/simple/pytz/,Not found,Not found,Not found,Not found,Not found,Not found,Not found,Not found,Not found,Not found,Not found,Not found,Not found,Not found,Not found,Not found,Not found,Not found,Not found,Not found,Not found,Not found,Not found,Not found,Not found,Not found,Not found,Not found,Not found,Not found,Not found,Not found,Not found,Not found,Not found,Not found,Not found,Not found,Not found,Not found,Not found,Not found
2,2024-08-14,Github-Hosted,Windows,X64,H6060-Python-Django,https://github.com/django/django,https://github.com/seansmith2600/H6060-Python-Django,3.1.2,614fdf5e8c99e6b9859b5d4483d35ed2addffb43,H6060 Experiment 2 - Django,https://github.com/seansmith2600/H6060-Python-Django/actions/runs/10389153238,CycloneDX,1.6,required,sqlparse,library,Not found,0.5.1,requirements-L8,pkg:pypi/sqlparse@0.5.1,Not found,requirements line 8: sqlparse==0.5.1,Not found,Not found,Not found,Not found,Not found,Not found,Not found,Not found,Not found,Not found,Not found,Not found,https://pypi.org/simple/sqlparse/,Not found,Not found,Not found,Not found,Not found,Not found,Not found,Not found,Not found,Not found,Not found,Not found,Not found,Not found,Not found,Not found,Not found,Not found,Not found,Not found,Not found,Not found,Not found,Not found,Not found,Not found,Not found,Not found,Not found,Not found,Not found,Not found,Not found,Not found,Not found,Not found,Not found,Not found,Not found,Not found,Not found,Not found
