[
    {
        "key": "argon2-cffi",
        "package_name": "argon2-cffi",
        "installed_version": "23.1.0",
        "required_version": "23.1.0",
        "dependencies": [
            {
                "key": "argon2-cffi-bindings",
                "package_name": "argon2-cffi-bindings",
                "installed_version": "21.2.0",
                "required_version": "Any",
                "dependencies": [
                    {
                        "key": "cffi",
                        "package_name": "cffi",
                        "installed_version": "1.17.0",
                        "required_version": ">=1.0.1",
                        "dependencies": [
                            {
                                "key": "pycparser",
                                "package_name": "pycparser",
                                "installed_version": "2.22",
                                "required_version": "Any",
                                "dependencies": []
                            }
                        ]
                    }
                ]
            }
        ]
    },
    {
        "key": "asgiref",
        "package_name": "asgiref",
        "installed_version": "3.2.10",
        "required_version": "3.2.10",
        "dependencies": []
    },
    {
        "key": "bcrypt",
        "package_name": "bcrypt",
        "installed_version": "4.2.0",
        "required_version": "4.2.0",
        "dependencies": []
    },
    {
        "key": "certifi",
        "package_name": "certifi",
        "installed_version": "2024.7.4",
        "required_version": "2024.7.4",
        "dependencies": []
    },
    {
        "key": "pipdeptree",
        "package_name": "pipdeptree",
        "installed_version": "2.23.1",
        "required_version": "2.23.1",
        "dependencies": [
            {
                "key": "packaging",
                "package_name": "packaging",
                "installed_version": "24.1",
                "required_version": ">=23.1",
                "dependencies": []
            },
            {
                "key": "pip",
                "package_name": "pip",
                "installed_version": "24.2",
                "required_version": ">=23.1.2",
                "dependencies": []
            }
        ]
    },
    {
        "key": "pytz",
        "package_name": "pytz",
        "installed_version": "2024.1",
        "required_version": "2024.1",
        "dependencies": []
    },
    {
        "key": "setuptools",
        "package_name": "setuptools",
        "installed_version": "56.0.0",
        "required_version": "56.0.0",
        "dependencies": []
    },
    {
        "key": "sqlparse",
        "package_name": "sqlparse",
        "installed_version": "0.5.1",
        "required_version": "0.5.1",
        "dependencies": []
    }
]
