<?xml version="1.0" encoding="UTF-8"?><analysis xmlns="https://jeremylong.github.io/DependencyCheck/dependency-check.4.0.xsd">
  <scanInfo>
    <engineVersion>10.0.3</engineVersion>
    <dataSource>
      <name>NVD API Last Checked</name>
      <timestamp>2024-08-15T10:37:43Z</timestamp>
    </dataSource>
    <dataSource>
      <name>NVD API Last Modified</name>
      <timestamp>2024-08-15T08:15:05Z</timestamp>
    </dataSource>
  </scanInfo>
  <projectInfo>
    <name>H6060-Python-Cryptography</name>
    <reportDate>2024-08-15T10:37:53.118Z</reportDate>
    <credits>This product uses the NVD API but is not endorsed or certified by the NVD. This report contains data retrieved from the National Vulnerability Database: https://nvd.nist.gov, Github Advisory Database (via NPM Audit API): https://github.com/advisories/, and the RetireJS community.</credits>
  </projectInfo>
  <dependencies>
    <dependency isVirtual="false">
      <fileName>__init__.py</fileName>
      <filePath>D:\a\H6060-Python-Cryptography\H6060-Python-Cryptography\upstream-repository\src\_cffi_src\__init__.py</filePath>
      <md5>d41d8cd98f00b204e9800998ecf8427e</md5>
      <sha1>da39a3ee5e6b4b0d3255bfef95601890afd80709</sha1>
      <sha256>e3b0c44298fc1c149afbf4c8996fb92427ae41e4649b934ca495991b7852b855</sha256>
      <relatedDependencies>
        <relatedDependency>
          <fileName>__init__.py</fileName>
          <filePath>D:\a\H6060-Python-Cryptography\H6060-Python-Cryptography\upstream-repository\tests\wycheproof\__init__.py</filePath>
          <sha256>e3b0c44298fc1c149afbf4c8996fb92427ae41e4649b934ca495991b7852b855</sha256>
          <sha1>da39a3ee5e6b4b0d3255bfef95601890afd80709</sha1>
          <md5>d41d8cd98f00b204e9800998ecf8427e</md5>
        </relatedDependency>
        <relatedDependency>
          <fileName>__init__.py</fileName>
          <filePath>D:\a\H6060-Python-Cryptography\H6060-Python-Cryptography\upstream-repository\tests\x509\__init__.py</filePath>
          <sha256>e3b0c44298fc1c149afbf4c8996fb92427ae41e4649b934ca495991b7852b855</sha256>
          <sha1>da39a3ee5e6b4b0d3255bfef95601890afd80709</sha1>
          <md5>d41d8cd98f00b204e9800998ecf8427e</md5>
        </relatedDependency>
        <relatedDependency>
          <fileName>cryptography-39.0.0.tar.gz: cryptography-39.0.0.tar: __init__.py</fileName>
          <filePath>D:\a\H6060-Python-Cryptography\H6060-Python-Cryptography\upstream-repository\dist\cryptography-39.0.0.tar.gz\cryptography-39.0.0.tar\cryptography-39.0.0\src\_cffi_src\__init__.py</filePath>
          <sha256>e3b0c44298fc1c149afbf4c8996fb92427ae41e4649b934ca495991b7852b855</sha256>
          <sha1>da39a3ee5e6b4b0d3255bfef95601890afd80709</sha1>
          <md5>d41d8cd98f00b204e9800998ecf8427e</md5>
          <identifiers>
            <package>
              <id>pkg:pypi/-cffi-src</id>
            </package>
          </identifiers>
        </relatedDependency>
        <relatedDependency>
          <fileName>cryptography-39.0.0.tar.gz: cryptography-39.0.0.tar: __init__.py</fileName>
          <filePath>D:\a\H6060-Python-Cryptography\H6060-Python-Cryptography\upstream-repository\dist\cryptography-39.0.0.tar.gz\cryptography-39.0.0.tar\cryptography-39.0.0\tests\wycheproof\__init__.py</filePath>
          <sha256>e3b0c44298fc1c149afbf4c8996fb92427ae41e4649b934ca495991b7852b855</sha256>
          <sha1>da39a3ee5e6b4b0d3255bfef95601890afd80709</sha1>
          <md5>d41d8cd98f00b204e9800998ecf8427e</md5>
          <identifiers>
            <package>
              <id>pkg:pypi/wycheproof</id>
            </package>
          </identifiers>
        </relatedDependency>
        <relatedDependency>
          <fileName>cryptography-39.0.0.tar.gz: cryptography-39.0.0.tar: __init__.py</fileName>
          <filePath>D:\a\H6060-Python-Cryptography\H6060-Python-Cryptography\upstream-repository\dist\cryptography-39.0.0.tar.gz\cryptography-39.0.0.tar\cryptography-39.0.0\tests\x509\__init__.py</filePath>
          <sha256>e3b0c44298fc1c149afbf4c8996fb92427ae41e4649b934ca495991b7852b855</sha256>
          <sha1>da39a3ee5e6b4b0d3255bfef95601890afd80709</sha1>
          <md5>d41d8cd98f00b204e9800998ecf8427e</md5>
          <identifiers>
            <package>
              <id>pkg:pypi/x509</id>
            </package>
          </identifiers>
        </relatedDependency>
      </relatedDependencies>
      <evidenceCollected>
        <evidence type="product" confidence="HIGHEST">
          <source>__init__.py</source>
          <name>PackageName</name>
          <value>_cffi_src</value>
        </evidence>
      </evidenceCollected>
      <identifiers>
        <package confidence="HIGHEST">
          <id>pkg:pypi/-cffi-src</id>
        </package>
      </identifiers>
    </dependency>
    <dependency isVirtual="false">
      <fileName>__init__.py</fileName>
      <filePath>D:\a\H6060-Python-Cryptography\H6060-Python-Cryptography\upstream-repository\src\cryptography\hazmat\__init__.py</filePath>
      <md5>830d1cd94b57ce812f759681c7180400</md5>
      <sha1>678acceea59ad1da42866b6e2cd44f65146d3d85</sha1>
      <sha256>4bfc4b08dbf60a06ae3c237557ef22b3151201cc64cb19f4e77cbb5a04b739c9</sha256>
      <relatedDependencies>
        <relatedDependency>
          <fileName>cryptography-39.0.0.tar.gz: cryptography-39.0.0.tar: __init__.py</fileName>
          <filePath>D:\a\H6060-Python-Cryptography\H6060-Python-Cryptography\upstream-repository\dist\cryptography-39.0.0.tar.gz\cryptography-39.0.0.tar\cryptography-39.0.0\src\cryptography\hazmat\__init__.py</filePath>
          <sha256>4bfc4b08dbf60a06ae3c237557ef22b3151201cc64cb19f4e77cbb5a04b739c9</sha256>
          <sha1>678acceea59ad1da42866b6e2cd44f65146d3d85</sha1>
          <md5>830d1cd94b57ce812f759681c7180400</md5>
          <identifiers>
            <package>
              <id>pkg:pypi/hazmat</id>
            </package>
          </identifiers>
        </relatedDependency>
      </relatedDependencies>
      <evidenceCollected>
        <evidence type="product" confidence="HIGHEST">
          <source>__init__.py</source>
          <name>PackageName</name>
          <value>hazmat</value>
        </evidence>
      </evidenceCollected>
      <identifiers>
        <package confidence="HIGHEST">
          <id>pkg:pypi/hazmat</id>
        </package>
      </identifiers>
    </dependency>
    <dependency isVirtual="false">
      <fileName>__init__.py</fileName>
      <filePath>D:\a\H6060-Python-Cryptography\H6060-Python-Cryptography\upstream-repository\src\cryptography\hazmat\backends\__init__.py</filePath>
      <md5>d2b76402b6ed4465dd0c6ad128569e8b</md5>
      <sha1>edca3275c9cd45e39fb27d9abe32b7ff31ea1217</sha1>
      <sha256>348689d789ceb4f66e90d6b05d8afcf440cd3773725ac968e123e4824a478492</sha256>
      <relatedDependencies>
        <relatedDependency>
          <fileName>cryptography-39.0.0.tar.gz: cryptography-39.0.0.tar: __init__.py</fileName>
          <filePath>D:\a\H6060-Python-Cryptography\H6060-Python-Cryptography\upstream-repository\dist\cryptography-39.0.0.tar.gz\cryptography-39.0.0.tar\cryptography-39.0.0\src\cryptography\hazmat\backends\__init__.py</filePath>
          <sha256>348689d789ceb4f66e90d6b05d8afcf440cd3773725ac968e123e4824a478492</sha256>
          <sha1>edca3275c9cd45e39fb27d9abe32b7ff31ea1217</sha1>
          <md5>d2b76402b6ed4465dd0c6ad128569e8b</md5>
          <identifiers>
            <package>
              <id>pkg:pypi/backends</id>
            </package>
          </identifiers>
        </relatedDependency>
      </relatedDependencies>
      <evidenceCollected>
        <evidence type="product" confidence="HIGHEST">
          <source>__init__.py</source>
          <name>PackageName</name>
          <value>backends</value>
        </evidence>
      </evidenceCollected>
      <identifiers>
        <package confidence="HIGHEST">
          <id>pkg:pypi/backends</id>
        </package>
      </identifiers>
    </dependency>
    <dependency isVirtual="false">
      <fileName>__init__.py</fileName>
      <filePath>D:\a\H6060-Python-Cryptography\H6060-Python-Cryptography\upstream-repository\src\cryptography\hazmat\backends\openssl\__init__.py</filePath>
      <md5>e78680469f041587b3b91c890e4fc28b</md5>
      <sha1>59bafb480f99798a2a0f927b5a216916f7439c57</sha1>
      <sha256>62cf693c6b47a4517edc314faf05fe80879c6b9ce0e5df8a43397583f8c19f56</sha256>
      <relatedDependencies>
        <relatedDependency>
          <fileName>cryptography-39.0.0.tar.gz: cryptography-39.0.0.tar: __init__.py</fileName>
          <filePath>D:\a\H6060-Python-Cryptography\H6060-Python-Cryptography\upstream-repository\dist\cryptography-39.0.0.tar.gz\cryptography-39.0.0.tar\cryptography-39.0.0\src\cryptography\hazmat\backends\openssl\__init__.py</filePath>
          <sha256>62cf693c6b47a4517edc314faf05fe80879c6b9ce0e5df8a43397583f8c19f56</sha256>
          <sha1>59bafb480f99798a2a0f927b5a216916f7439c57</sha1>
          <md5>e78680469f041587b3b91c890e4fc28b</md5>
          <identifiers>
            <package>
              <id>pkg:pypi/openssl</id>
            </package>
          </identifiers>
        </relatedDependency>
      </relatedDependencies>
      <evidenceCollected>
        <evidence type="product" confidence="HIGHEST">
          <source>__init__.py</source>
          <name>PackageName</name>
          <value>openssl</value>
        </evidence>
      </evidenceCollected>
      <identifiers>
        <package confidence="HIGHEST">
          <id>pkg:pypi/openssl</id>
        </package>
      </identifiers>
    </dependency>
    <dependency isVirtual="false">
      <fileName>__init__.py</fileName>
      <filePath>D:\a\H6060-Python-Cryptography\H6060-Python-Cryptography\upstream-repository\src\cryptography\hazmat\primitives\ciphers\__init__.py</filePath>
      <md5>b50842fd2e279edd5f57482c786f0e0b</md5>
      <sha1>65cdac0c2a4ddad692548d30699e9373cfda9ad3</sha1>
      <sha256>67073ca96f3bd2d44373047e14ded77eefd09b117e6c3b7ed5c911a42113b6b3</sha256>
      <relatedDependencies>
        <relatedDependency>
          <fileName>cryptography-39.0.0.tar.gz: cryptography-39.0.0.tar: __init__.py</fileName>
          <filePath>D:\a\H6060-Python-Cryptography\H6060-Python-Cryptography\upstream-repository\dist\cryptography-39.0.0.tar.gz\cryptography-39.0.0.tar\cryptography-39.0.0\src\cryptography\hazmat\primitives\ciphers\__init__.py</filePath>
          <sha256>67073ca96f3bd2d44373047e14ded77eefd09b117e6c3b7ed5c911a42113b6b3</sha256>
          <sha1>65cdac0c2a4ddad692548d30699e9373cfda9ad3</sha1>
          <md5>b50842fd2e279edd5f57482c786f0e0b</md5>
          <identifiers>
            <package>
              <id>pkg:pypi/ciphers</id>
            </package>
          </identifiers>
        </relatedDependency>
      </relatedDependencies>
      <evidenceCollected>
        <evidence type="product" confidence="HIGHEST">
          <source>__init__.py</source>
          <name>PackageName</name>
          <value>ciphers</value>
        </evidence>
      </evidenceCollected>
      <identifiers>
        <package confidence="HIGHEST">
          <id>pkg:pypi/ciphers</id>
        </package>
      </identifiers>
    </dependency>
    <dependency isVirtual="false">
      <fileName>__init__.py</fileName>
      <filePath>D:\a\H6060-Python-Cryptography\H6060-Python-Cryptography\upstream-repository\src\cryptography\hazmat\primitives\kdf\__init__.py</filePath>
      <md5>55506363175320d908df24abb9f62ce2</md5>
      <sha1>430d0b4493f2e3205fa91227aef75658149e480f</sha1>
      <sha256>6c5c4c2dff738c79eb7d64030ec42e1afa6237491c0fe8a47c6bc4c4727f9816</sha256>
      <relatedDependencies>
        <relatedDependency>
          <fileName>cryptography-39.0.0.tar.gz: cryptography-39.0.0.tar: __init__.py</fileName>
          <filePath>D:\a\H6060-Python-Cryptography\H6060-Python-Cryptography\upstream-repository\dist\cryptography-39.0.0.tar.gz\cryptography-39.0.0.tar\cryptography-39.0.0\src\cryptography\hazmat\primitives\kdf\__init__.py</filePath>
          <sha256>6c5c4c2dff738c79eb7d64030ec42e1afa6237491c0fe8a47c6bc4c4727f9816</sha256>
          <sha1>430d0b4493f2e3205fa91227aef75658149e480f</sha1>
          <md5>55506363175320d908df24abb9f62ce2</md5>
          <identifiers>
            <package>
              <id>pkg:pypi/kdf</id>
            </package>
          </identifiers>
        </relatedDependency>
      </relatedDependencies>
      <evidenceCollected>
        <evidence type="product" confidence="HIGHEST">
          <source>__init__.py</source>
          <name>PackageName</name>
          <value>kdf</value>
        </evidence>
      </evidenceCollected>
      <identifiers>
        <package confidence="HIGHEST">
          <id>pkg:pypi/kdf</id>
        </package>
      </identifiers>
    </dependency>
    <dependency isVirtual="false">
      <fileName>__init__.py</fileName>
      <filePath>D:\a\H6060-Python-Cryptography\H6060-Python-Cryptography\upstream-repository\src\cryptography\hazmat\primitives\serialization\__init__.py</filePath>
      <md5>9cd8824995d24d4f52fbd5ad3a4f37ff</md5>
      <sha1>b7a900e18aa7ae946247954a2409044fc4d45810</sha1>
      <sha256>8fb3eacf912dc8fe09d566549f7481ad0756027de1d868c865f689462b3ee258</sha256>
      <relatedDependencies>
        <relatedDependency>
          <fileName>cryptography-39.0.0.tar.gz: cryptography-39.0.0.tar: __init__.py</fileName>
          <filePath>D:\a\H6060-Python-Cryptography\H6060-Python-Cryptography\upstream-repository\dist\cryptography-39.0.0.tar.gz\cryptography-39.0.0.tar\cryptography-39.0.0\src\cryptography\hazmat\primitives\serialization\__init__.py</filePath>
          <sha256>8fb3eacf912dc8fe09d566549f7481ad0756027de1d868c865f689462b3ee258</sha256>
          <sha1>b7a900e18aa7ae946247954a2409044fc4d45810</sha1>
          <md5>9cd8824995d24d4f52fbd5ad3a4f37ff</md5>
          <identifiers>
            <package>
              <id>pkg:pypi/serialization</id>
            </package>
          </identifiers>
        </relatedDependency>
      </relatedDependencies>
      <evidenceCollected>
        <evidence type="product" confidence="HIGHEST">
          <source>__init__.py</source>
          <name>PackageName</name>
          <value>serialization</value>
        </evidence>
      </evidenceCollected>
      <identifiers>
        <package confidence="HIGHEST">
          <id>pkg:pypi/serialization</id>
        </package>
      </identifiers>
    </dependency>
    <dependency isVirtual="false">
      <fileName>__init__.py</fileName>
      <filePath>D:\a\H6060-Python-Cryptography\H6060-Python-Cryptography\upstream-repository\src\cryptography\hazmat\primitives\twofactor\__init__.py</filePath>
      <md5>b44f7e2cee0620de3f8fd367692bc38b</md5>
      <sha1>233d886d6378f31aac8a0d2e0f22a5cdc46a784d</sha1>
      <sha256>bbb2211e5c5374144c80597af3cb66ec9293e8812bf10d24f315811a5ad7dfb6</sha256>
      <relatedDependencies>
        <relatedDependency>
          <fileName>cryptography-39.0.0.tar.gz: cryptography-39.0.0.tar: __init__.py</fileName>
          <filePath>D:\a\H6060-Python-Cryptography\H6060-Python-Cryptography\upstream-repository\dist\cryptography-39.0.0.tar.gz\cryptography-39.0.0.tar\cryptography-39.0.0\src\cryptography\hazmat\primitives\twofactor\__init__.py</filePath>
          <sha256>bbb2211e5c5374144c80597af3cb66ec9293e8812bf10d24f315811a5ad7dfb6</sha256>
          <sha1>233d886d6378f31aac8a0d2e0f22a5cdc46a784d</sha1>
          <md5>b44f7e2cee0620de3f8fd367692bc38b</md5>
          <identifiers>
            <package>
              <id>pkg:pypi/twofactor</id>
            </package>
          </identifiers>
        </relatedDependency>
      </relatedDependencies>
      <evidenceCollected>
        <evidence type="product" confidence="HIGHEST">
          <source>__init__.py</source>
          <name>PackageName</name>
          <value>twofactor</value>
        </evidence>
      </evidenceCollected>
      <identifiers>
        <package confidence="HIGHEST">
          <id>pkg:pypi/twofactor</id>
        </package>
      </identifiers>
    </dependency>
    <dependency isVirtual="false">
      <fileName>__init__.py</fileName>
      <filePath>D:\a\H6060-Python-Cryptography\H6060-Python-Cryptography\upstream-repository\src\cryptography\x509\__init__.py</filePath>
      <md5>335ad36881bf363447b585e03137d730</md5>
      <sha1>ea1d9a046b2ef71573dab0d364ab2cde458ac542</sha1>
      <sha256>7eac59f25b85c17a551c3331ab56474a895be5294b6bc58287d9df569af2d818</sha256>
      <relatedDependencies>
        <relatedDependency>
          <fileName>cryptography-39.0.0.tar.gz: cryptography-39.0.0.tar: __init__.py</fileName>
          <filePath>D:\a\H6060-Python-Cryptography\H6060-Python-Cryptography\upstream-repository\dist\cryptography-39.0.0.tar.gz\cryptography-39.0.0.tar\cryptography-39.0.0\src\cryptography\x509\__init__.py</filePath>
          <sha256>7eac59f25b85c17a551c3331ab56474a895be5294b6bc58287d9df569af2d818</sha256>
          <sha1>ea1d9a046b2ef71573dab0d364ab2cde458ac542</sha1>
          <md5>335ad36881bf363447b585e03137d730</md5>
          <identifiers>
            <package>
              <id>pkg:pypi/x509</id>
            </package>
          </identifiers>
        </relatedDependency>
      </relatedDependencies>
      <evidenceCollected>
        <evidence type="product" confidence="HIGHEST">
          <source>__init__.py</source>
          <name>PackageName</name>
          <value>x509</value>
        </evidence>
      </evidenceCollected>
      <identifiers>
        <package confidence="HIGHEST">
          <id>pkg:pypi/x509</id>
        </package>
      </identifiers>
    </dependency>
    <dependency isVirtual="false">
      <fileName>__init__.py</fileName>
      <filePath>D:\a\H6060-Python-Cryptography\H6060-Python-Cryptography\upstream-repository\tests\__init__.py</filePath>
      <md5>bb9d9bb06f5dfceb27f0fcdd3a7ccecf</md5>
      <sha1>d3a9de5467e13f7211cb4e50316cde8b1dfdd7be</sha1>
      <sha256>276800c00bc954b40a35f1450aa9ef28e020c6abe40a7a5c79a11895794e54d7</sha256>
      <relatedDependencies>
        <relatedDependency>
          <fileName>__init__.py</fileName>
          <filePath>D:\a\H6060-Python-Cryptography\H6060-Python-Cryptography\upstream-repository\src\_cffi_src\openssl\__init__.py</filePath>
          <sha256>276800c00bc954b40a35f1450aa9ef28e020c6abe40a7a5c79a11895794e54d7</sha256>
          <sha1>d3a9de5467e13f7211cb4e50316cde8b1dfdd7be</sha1>
          <md5>bb9d9bb06f5dfceb27f0fcdd3a7ccecf</md5>
          <identifiers>
            <package>
              <id>pkg:pypi/openssl</id>
            </package>
          </identifiers>
        </relatedDependency>
        <relatedDependency>
          <fileName>__init__.py</fileName>
          <filePath>D:\a\H6060-Python-Cryptography\H6060-Python-Cryptography\upstream-repository\src\cryptography\hazmat\bindings\__init__.py</filePath>
          <sha256>276800c00bc954b40a35f1450aa9ef28e020c6abe40a7a5c79a11895794e54d7</sha256>
          <sha1>d3a9de5467e13f7211cb4e50316cde8b1dfdd7be</sha1>
          <md5>bb9d9bb06f5dfceb27f0fcdd3a7ccecf</md5>
        </relatedDependency>
        <relatedDependency>
          <fileName>__init__.py</fileName>
          <filePath>D:\a\H6060-Python-Cryptography\H6060-Python-Cryptography\upstream-repository\src\cryptography\hazmat\bindings\openssl\__init__.py</filePath>
          <sha256>276800c00bc954b40a35f1450aa9ef28e020c6abe40a7a5c79a11895794e54d7</sha256>
          <sha1>d3a9de5467e13f7211cb4e50316cde8b1dfdd7be</sha1>
          <md5>bb9d9bb06f5dfceb27f0fcdd3a7ccecf</md5>
        </relatedDependency>
        <relatedDependency>
          <fileName>__init__.py</fileName>
          <filePath>D:\a\H6060-Python-Cryptography\H6060-Python-Cryptography\upstream-repository\src\cryptography\hazmat\primitives\__init__.py</filePath>
          <sha256>276800c00bc954b40a35f1450aa9ef28e020c6abe40a7a5c79a11895794e54d7</sha256>
          <sha1>d3a9de5467e13f7211cb4e50316cde8b1dfdd7be</sha1>
          <md5>bb9d9bb06f5dfceb27f0fcdd3a7ccecf</md5>
        </relatedDependency>
        <relatedDependency>
          <fileName>__init__.py</fileName>
          <filePath>D:\a\H6060-Python-Cryptography\H6060-Python-Cryptography\upstream-repository\src\cryptography\hazmat\primitives\asymmetric\__init__.py</filePath>
          <sha256>276800c00bc954b40a35f1450aa9ef28e020c6abe40a7a5c79a11895794e54d7</sha256>
          <sha1>d3a9de5467e13f7211cb4e50316cde8b1dfdd7be</sha1>
          <md5>bb9d9bb06f5dfceb27f0fcdd3a7ccecf</md5>
        </relatedDependency>
        <relatedDependency>
          <fileName>__init__.py</fileName>
          <filePath>D:\a\H6060-Python-Cryptography\H6060-Python-Cryptography\upstream-repository\tests\bench\__init__.py</filePath>
          <sha256>276800c00bc954b40a35f1450aa9ef28e020c6abe40a7a5c79a11895794e54d7</sha256>
          <sha1>d3a9de5467e13f7211cb4e50316cde8b1dfdd7be</sha1>
          <md5>bb9d9bb06f5dfceb27f0fcdd3a7ccecf</md5>
          <identifiers>
            <package>
              <id>pkg:pypi/bench</id>
            </package>
          </identifiers>
        </relatedDependency>
        <relatedDependency>
          <fileName>__init__.py</fileName>
          <filePath>D:\a\H6060-Python-Cryptography\H6060-Python-Cryptography\upstream-repository\tests\hazmat\__init__.py</filePath>
          <sha256>276800c00bc954b40a35f1450aa9ef28e020c6abe40a7a5c79a11895794e54d7</sha256>
          <sha1>d3a9de5467e13f7211cb4e50316cde8b1dfdd7be</sha1>
          <md5>bb9d9bb06f5dfceb27f0fcdd3a7ccecf</md5>
          <identifiers>
            <package>
              <id>pkg:pypi/hazmat</id>
            </package>
          </identifiers>
        </relatedDependency>
        <relatedDependency>
          <fileName>__init__.py</fileName>
          <filePath>D:\a\H6060-Python-Cryptography\H6060-Python-Cryptography\upstream-repository\tests\hazmat\backends\__init__.py</filePath>
          <sha256>276800c00bc954b40a35f1450aa9ef28e020c6abe40a7a5c79a11895794e54d7</sha256>
          <sha1>d3a9de5467e13f7211cb4e50316cde8b1dfdd7be</sha1>
          <md5>bb9d9bb06f5dfceb27f0fcdd3a7ccecf</md5>
        </relatedDependency>
        <relatedDependency>
          <fileName>__init__.py</fileName>
          <filePath>D:\a\H6060-Python-Cryptography\H6060-Python-Cryptography\upstream-repository\tests\hazmat\primitives\__init__.py</filePath>
          <sha256>276800c00bc954b40a35f1450aa9ef28e020c6abe40a7a5c79a11895794e54d7</sha256>
          <sha1>d3a9de5467e13f7211cb4e50316cde8b1dfdd7be</sha1>
          <md5>bb9d9bb06f5dfceb27f0fcdd3a7ccecf</md5>
        </relatedDependency>
        <relatedDependency>
          <fileName>__init__.py</fileName>
          <filePath>D:\a\H6060-Python-Cryptography\H6060-Python-Cryptography\upstream-repository\tests\hazmat\primitives\twofactor\__init__.py</filePath>
          <sha256>276800c00bc954b40a35f1450aa9ef28e020c6abe40a7a5c79a11895794e54d7</sha256>
          <sha1>d3a9de5467e13f7211cb4e50316cde8b1dfdd7be</sha1>
          <md5>bb9d9bb06f5dfceb27f0fcdd3a7ccecf</md5>
        </relatedDependency>
        <relatedDependency>
          <fileName>__init__.py</fileName>
          <filePath>D:\a\H6060-Python-Cryptography\H6060-Python-Cryptography\upstream-repository\tests\hypothesis\__init__.py</filePath>
          <sha256>276800c00bc954b40a35f1450aa9ef28e020c6abe40a7a5c79a11895794e54d7</sha256>
          <sha1>d3a9de5467e13f7211cb4e50316cde8b1dfdd7be</sha1>
          <md5>bb9d9bb06f5dfceb27f0fcdd3a7ccecf</md5>
          <identifiers>
            <package>
              <id>pkg:pypi/hypothesis</id>
            </package>
          </identifiers>
        </relatedDependency>
        <relatedDependency>
          <fileName>cryptography-39.0.0.tar.gz: cryptography-39.0.0.tar: __init__.py</fileName>
          <filePath>D:\a\H6060-Python-Cryptography\H6060-Python-Cryptography\upstream-repository\dist\cryptography-39.0.0.tar.gz\cryptography-39.0.0.tar\cryptography-39.0.0\src\_cffi_src\openssl\__init__.py</filePath>
          <sha256>276800c00bc954b40a35f1450aa9ef28e020c6abe40a7a5c79a11895794e54d7</sha256>
          <sha1>d3a9de5467e13f7211cb4e50316cde8b1dfdd7be</sha1>
          <md5>bb9d9bb06f5dfceb27f0fcdd3a7ccecf</md5>
          <identifiers>
            <package>
              <id>pkg:pypi/openssl</id>
            </package>
          </identifiers>
        </relatedDependency>
        <relatedDependency>
          <fileName>cryptography-39.0.0.tar.gz: cryptography-39.0.0.tar: __init__.py</fileName>
          <filePath>D:\a\H6060-Python-Cryptography\H6060-Python-Cryptography\upstream-repository\dist\cryptography-39.0.0.tar.gz\cryptography-39.0.0.tar\cryptography-39.0.0\src\cryptography\hazmat\bindings\__init__.py</filePath>
          <sha256>276800c00bc954b40a35f1450aa9ef28e020c6abe40a7a5c79a11895794e54d7</sha256>
          <sha1>d3a9de5467e13f7211cb4e50316cde8b1dfdd7be</sha1>
          <md5>bb9d9bb06f5dfceb27f0fcdd3a7ccecf</md5>
          <identifiers>
            <package>
              <id>pkg:pypi/bindings</id>
            </package>
          </identifiers>
        </relatedDependency>
        <relatedDependency>
          <fileName>cryptography-39.0.0.tar.gz: cryptography-39.0.0.tar: __init__.py</fileName>
          <filePath>D:\a\H6060-Python-Cryptography\H6060-Python-Cryptography\upstream-repository\dist\cryptography-39.0.0.tar.gz\cryptography-39.0.0.tar\cryptography-39.0.0\src\cryptography\hazmat\bindings\openssl\__init__.py</filePath>
          <sha256>276800c00bc954b40a35f1450aa9ef28e020c6abe40a7a5c79a11895794e54d7</sha256>
          <sha1>d3a9de5467e13f7211cb4e50316cde8b1dfdd7be</sha1>
          <md5>bb9d9bb06f5dfceb27f0fcdd3a7ccecf</md5>
          <identifiers>
            <package>
              <id>pkg:pypi/openssl</id>
            </package>
          </identifiers>
        </relatedDependency>
        <relatedDependency>
          <fileName>cryptography-39.0.0.tar.gz: cryptography-39.0.0.tar: __init__.py</fileName>
          <filePath>D:\a\H6060-Python-Cryptography\H6060-Python-Cryptography\upstream-repository\dist\cryptography-39.0.0.tar.gz\cryptography-39.0.0.tar\cryptography-39.0.0\src\cryptography\hazmat\primitives\__init__.py</filePath>
          <sha256>276800c00bc954b40a35f1450aa9ef28e020c6abe40a7a5c79a11895794e54d7</sha256>
          <sha1>d3a9de5467e13f7211cb4e50316cde8b1dfdd7be</sha1>
          <md5>bb9d9bb06f5dfceb27f0fcdd3a7ccecf</md5>
          <identifiers>
            <package>
              <id>pkg:pypi/primitives</id>
            </package>
          </identifiers>
        </relatedDependency>
        <relatedDependency>
          <fileName>cryptography-39.0.0.tar.gz: cryptography-39.0.0.tar: __init__.py</fileName>
          <filePath>D:\a\H6060-Python-Cryptography\H6060-Python-Cryptography\upstream-repository\dist\cryptography-39.0.0.tar.gz\cryptography-39.0.0.tar\cryptography-39.0.0\src\cryptography\hazmat\primitives\asymmetric\__init__.py</filePath>
          <sha256>276800c00bc954b40a35f1450aa9ef28e020c6abe40a7a5c79a11895794e54d7</sha256>
          <sha1>d3a9de5467e13f7211cb4e50316cde8b1dfdd7be</sha1>
          <md5>bb9d9bb06f5dfceb27f0fcdd3a7ccecf</md5>
          <identifiers>
            <package>
              <id>pkg:pypi/asymmetric</id>
            </package>
          </identifiers>
        </relatedDependency>
        <relatedDependency>
          <fileName>cryptography-39.0.0.tar.gz: cryptography-39.0.0.tar: __init__.py</fileName>
          <filePath>D:\a\H6060-Python-Cryptography\H6060-Python-Cryptography\upstream-repository\dist\cryptography-39.0.0.tar.gz\cryptography-39.0.0.tar\cryptography-39.0.0\tests\__init__.py</filePath>
          <sha256>276800c00bc954b40a35f1450aa9ef28e020c6abe40a7a5c79a11895794e54d7</sha256>
          <sha1>d3a9de5467e13f7211cb4e50316cde8b1dfdd7be</sha1>
          <md5>bb9d9bb06f5dfceb27f0fcdd3a7ccecf</md5>
          <identifiers>
            <package>
              <id>pkg:pypi/tests</id>
            </package>
          </identifiers>
        </relatedDependency>
        <relatedDependency>
          <fileName>cryptography-39.0.0.tar.gz: cryptography-39.0.0.tar: __init__.py</fileName>
          <filePath>D:\a\H6060-Python-Cryptography\H6060-Python-Cryptography\upstream-repository\dist\cryptography-39.0.0.tar.gz\cryptography-39.0.0.tar\cryptography-39.0.0\tests\bench\__init__.py</filePath>
          <sha256>276800c00bc954b40a35f1450aa9ef28e020c6abe40a7a5c79a11895794e54d7</sha256>
          <sha1>d3a9de5467e13f7211cb4e50316cde8b1dfdd7be</sha1>
          <md5>bb9d9bb06f5dfceb27f0fcdd3a7ccecf</md5>
          <identifiers>
            <package>
              <id>pkg:pypi/bench</id>
            </package>
          </identifiers>
        </relatedDependency>
        <relatedDependency>
          <fileName>cryptography-39.0.0.tar.gz: cryptography-39.0.0.tar: __init__.py</fileName>
          <filePath>D:\a\H6060-Python-Cryptography\H6060-Python-Cryptography\upstream-repository\dist\cryptography-39.0.0.tar.gz\cryptography-39.0.0.tar\cryptography-39.0.0\tests\hazmat\__init__.py</filePath>
          <sha256>276800c00bc954b40a35f1450aa9ef28e020c6abe40a7a5c79a11895794e54d7</sha256>
          <sha1>d3a9de5467e13f7211cb4e50316cde8b1dfdd7be</sha1>
          <md5>bb9d9bb06f5dfceb27f0fcdd3a7ccecf</md5>
          <identifiers>
            <package>
              <id>pkg:pypi/hazmat</id>
            </package>
          </identifiers>
        </relatedDependency>
        <relatedDependency>
          <fileName>cryptography-39.0.0.tar.gz: cryptography-39.0.0.tar: __init__.py</fileName>
          <filePath>D:\a\H6060-Python-Cryptography\H6060-Python-Cryptography\upstream-repository\dist\cryptography-39.0.0.tar.gz\cryptography-39.0.0.tar\cryptography-39.0.0\tests\hazmat\backends\__init__.py</filePath>
          <sha256>276800c00bc954b40a35f1450aa9ef28e020c6abe40a7a5c79a11895794e54d7</sha256>
          <sha1>d3a9de5467e13f7211cb4e50316cde8b1dfdd7be</sha1>
          <md5>bb9d9bb06f5dfceb27f0fcdd3a7ccecf</md5>
          <identifiers>
            <package>
              <id>pkg:pypi/backends</id>
            </package>
          </identifiers>
        </relatedDependency>
        <relatedDependency>
          <fileName>cryptography-39.0.0.tar.gz: cryptography-39.0.0.tar: __init__.py</fileName>
          <filePath>D:\a\H6060-Python-Cryptography\H6060-Python-Cryptography\upstream-repository\dist\cryptography-39.0.0.tar.gz\cryptography-39.0.0.tar\cryptography-39.0.0\tests\hazmat\primitives\__init__.py</filePath>
          <sha256>276800c00bc954b40a35f1450aa9ef28e020c6abe40a7a5c79a11895794e54d7</sha256>
          <sha1>d3a9de5467e13f7211cb4e50316cde8b1dfdd7be</sha1>
          <md5>bb9d9bb06f5dfceb27f0fcdd3a7ccecf</md5>
          <identifiers>
            <package>
              <id>pkg:pypi/primitives</id>
            </package>
          </identifiers>
        </relatedDependency>
        <relatedDependency>
          <fileName>cryptography-39.0.0.tar.gz: cryptography-39.0.0.tar: __init__.py</fileName>
          <filePath>D:\a\H6060-Python-Cryptography\H6060-Python-Cryptography\upstream-repository\dist\cryptography-39.0.0.tar.gz\cryptography-39.0.0.tar\cryptography-39.0.0\tests\hazmat\primitives\twofactor\__init__.py</filePath>
          <sha256>276800c00bc954b40a35f1450aa9ef28e020c6abe40a7a5c79a11895794e54d7</sha256>
          <sha1>d3a9de5467e13f7211cb4e50316cde8b1dfdd7be</sha1>
          <md5>bb9d9bb06f5dfceb27f0fcdd3a7ccecf</md5>
          <identifiers>
            <package>
              <id>pkg:pypi/twofactor</id>
            </package>
          </identifiers>
        </relatedDependency>
        <relatedDependency>
          <fileName>cryptography-39.0.0.tar.gz: cryptography-39.0.0.tar: __init__.py</fileName>
          <filePath>D:\a\H6060-Python-Cryptography\H6060-Python-Cryptography\upstream-repository\dist\cryptography-39.0.0.tar.gz\cryptography-39.0.0.tar\cryptography-39.0.0\tests\hypothesis\__init__.py</filePath>
          <sha256>276800c00bc954b40a35f1450aa9ef28e020c6abe40a7a5c79a11895794e54d7</sha256>
          <sha1>d3a9de5467e13f7211cb4e50316cde8b1dfdd7be</sha1>
          <md5>bb9d9bb06f5dfceb27f0fcdd3a7ccecf</md5>
          <identifiers>
            <package>
              <id>pkg:pypi/hypothesis</id>
            </package>
          </identifiers>
        </relatedDependency>
      </relatedDependencies>
      <evidenceCollected>
        <evidence type="product" confidence="HIGHEST">
          <source>__init__.py</source>
          <name>PackageName</name>
          <value>tests</value>
        </evidence>
      </evidenceCollected>
      <identifiers>
        <package confidence="HIGHEST">
          <id>pkg:pypi/tests</id>
        </package>
      </identifiers>
    </dependency>
    <dependency isVirtual="true">
      <fileName>bcrypt:3.1.5</fileName>
      <filePath>D:\a\H6060-Python-Cryptography\H6060-Python-Cryptography\upstream-repository\requirements.txt:bcrypt/3.1.5</filePath>
      <md5/>
      <sha1/>
      <sha256/>
      <evidenceCollected>
        <evidence type="vendor" confidence="HIGHEST">
          <source>requirements.txt</source>
          <name>vendor</name>
          <value>bcrypt</value>
        </evidence>
        <evidence type="product" confidence="HIGHEST">
          <source>requirements.txt</source>
          <name>product</name>
          <value>bcrypt</value>
        </evidence>
        <evidence type="version" confidence="HIGHEST">
          <source>requirements.txt</source>
          <name>version</name>
          <value>3.1.5</value>
        </evidence>
      </evidenceCollected>
      <identifiers>
        <package confidence="HIGHEST">
          <id>pkg:pypi/bcrypt@3.1.5</id>
          <url>https://ossindex.sonatype.org/component/pkg:pypi/bcrypt@3.1.5?utm_source=dependency-check&amp;utm_medium=integration&amp;utm_content=10.0.3</url>
        </package>
      </identifiers>
    </dependency>
    <dependency isVirtual="true">
      <fileName>black</fileName>
      <filePath>D:\a\H6060-Python-Cryptography\H6060-Python-Cryptography\upstream-repository\requirements.txt:black/null</filePath>
      <md5/>
      <sha1/>
      <sha256/>
      <evidenceCollected>
        <evidence type="vendor" confidence="HIGHEST">
          <source>requirements.txt</source>
          <name>vendor</name>
          <value>black</value>
        </evidence>
        <evidence type="product" confidence="HIGHEST">
          <source>requirements.txt</source>
          <name>product</name>
          <value>black</value>
        </evidence>
        <evidence type="version" confidence="HIGHEST">
          <source>requirements.txt</source>
          <name>version</name>
          <value>$enc.xml($evidence.getValue().trim())</value>
        </evidence>
      </evidenceCollected>
      <identifiers>
        <package confidence="HIGHEST">
          <id>pkg:pypi/black</id>
        </package>
      </identifiers>
    </dependency>
    <dependency isVirtual="true">
      <fileName>cffi:1.12</fileName>
      <filePath>D:\a\H6060-Python-Cryptography\H6060-Python-Cryptography\upstream-repository\requirements.txt:cffi/1.12</filePath>
      <md5/>
      <sha1/>
      <sha256/>
      <evidenceCollected>
        <evidence type="vendor" confidence="HIGHEST">
          <source>requirements.txt</source>
          <name>vendor</name>
          <value>cffi</value>
        </evidence>
        <evidence type="product" confidence="HIGHEST">
          <source>requirements.txt</source>
          <name>product</name>
          <value>cffi</value>
        </evidence>
        <evidence type="version" confidence="HIGHEST">
          <source>requirements.txt</source>
          <name>version</name>
          <value>1.12</value>
        </evidence>
      </evidenceCollected>
      <identifiers>
        <package confidence="HIGHEST">
          <id>pkg:pypi/cffi@1.12</id>
          <url>https://ossindex.sonatype.org/component/pkg:pypi/cffi@1.12?utm_source=dependency-check&amp;utm_medium=integration&amp;utm_content=10.0.3</url>
        </package>
      </identifiers>
    </dependency>
    <dependency isVirtual="false">
      <fileName>cryptography-39.0.0.tar.gz: cryptography-39.0.0.tar: PKG-INFO</fileName>
      <filePath>D:\a\H6060-Python-Cryptography\H6060-Python-Cryptography\upstream-repository\dist\cryptography-39.0.0.tar.gz\cryptography-39.0.0.tar\cryptography-39.0.0\PKG-INFO</filePath>
      <md5>68ef72fd5ffc39718533b2b6918506a6</md5>
      <sha1>1a719d780f292179d8b275707be75e6fbf1a9d28</sha1>
      <sha256>02e83022ade70f9fdc536d79231304c4c7c59261e6257fd389ba134fa31c2eae</sha256>
      <relatedDependencies>
        <relatedDependency>
          <fileName>cryptography:39.0.0</fileName>
          <filePath>D:\a\H6060-Python-Cryptography\H6060-Python-Cryptography\upstream-repository\dist\cryptography-39.0.0.tar.gz\cryptography-39.0.0.tar\cryptography-39.0.0\src\cryptography.egg-info\PKG-INFO</filePath>
          <sha256>02e83022ade70f9fdc536d79231304c4c7c59261e6257fd389ba134fa31c2eae</sha256>
          <sha1>1a719d780f292179d8b275707be75e6fbf1a9d28</sha1>
          <md5>68ef72fd5ffc39718533b2b6918506a6</md5>
          <identifiers>
            <package>
              <id>pkg:pypi/cryptography@39.0.0</id>
              <url>https://ossindex.sonatype.org/component/pkg:pypi/cryptography@39.0.0?utm_source=dependency-check&amp;utm_medium=integration&amp;utm_content=10.0.3</url>
            </package>
          </identifiers>
        </relatedDependency>
      </relatedDependencies>
      <evidenceCollected/>
    </dependency>
    <dependency isVirtual="false">
      <fileName>cryptography:39.0.0</fileName>
      <filePath>D:\a\H6060-Python-Cryptography\H6060-Python-Cryptography\upstream-repository\dist\cryptography-39.0.0-cp38-cp38-win_amd64.whl</filePath>
      <md5>cb8fe638e98528776c626da4cbc2678a</md5>
      <sha1>96336b476c98943c5bb6f4352629c14a0fdcf6a4</sha1>
      <sha256>f54a36e905b33c8e25a8bd3c48c7b119bc3447086dad03ee2c8d389feb31f6af</sha256>
      <description>cryptography is a package which provides cryptographic recipes and primitives to Python developers.</description>
      <evidenceCollected>
        <evidence type="vendor" confidence="HIGH">
          <source>file</source>
          <name>name</name>
          <value>cryptography</value>
        </evidence>
        <evidence type="vendor" confidence="LOW">
          <source>METADATA</source>
          <name>Author</name>
          <value>The Python Cryptographic Authority and individual contributors</value>
        </evidence>
        <evidence type="vendor" confidence="HIGHEST">
          <source>METADATA</source>
          <name>Name</name>
          <value>cryptography</value>
        </evidence>
        <evidence type="vendor" confidence="MEDIUM">
          <source>METADATA</source>
          <name>vendor</name>
          <value>https://github.com/pyca/cryptography</value>
        </evidence>
        <evidence type="product" confidence="HIGH">
          <source>file</source>
          <name>name</name>
          <value>cryptography</value>
        </evidence>
        <evidence type="product" confidence="HIGHEST">
          <source>METADATA</source>
          <name>Name</name>
          <value>cryptography</value>
        </evidence>
        <evidence type="version" confidence="HIGHEST">
          <source>METADATA</source>
          <name>Version</name>
          <value>39.0.0</value>
        </evidence>
      </evidenceCollected>
      <identifiers>
        <package confidence="HIGHEST">
          <id>pkg:pypi/cryptography@39.0.0</id>
          <url>https://ossindex.sonatype.org/component/pkg:pypi/cryptography@39.0.0?utm_source=dependency-check&amp;utm_medium=integration&amp;utm_content=10.0.3</url>
        </package>
        <vulnerabilityIds confidence="HIGHEST">
          <id>cpe:2.3:a:cryptography_project:cryptography:39.0.0:*:*:*:*:*:*:*</id>
          <url>https://nvd.nist.gov/vuln/search/results?form_type=Advanced&amp;results_type=overview&amp;search_type=all&amp;cpe_vendor=cpe%3A%2F%3Acryptography_project&amp;cpe_product=cpe%3A%2F%3Acryptography_project%3Acryptography&amp;cpe_version=cpe%3A%2F%3Acryptography_project%3Acryptography%3A39.0.0</url>
        </vulnerabilityIds>
      </identifiers>
      <vulnerabilities>
        <vulnerability source="OSSINDEX">
          <name>CVE-2023-4807</name>
          <severity>HIGH</severity>
          <cvssV3>
            <baseScore>7.800000190734863</baseScore>
            <attackVector>LOCAL</attackVector>
            <attackComplexity>LOW</attackComplexity>
            <privilegesRequired>LOW</privilegesRequired>
            <userInteraction>NONE</userInteraction>
            <scope>UNCHANGED</scope>
            <confidentialityImpact>HIGH</confidentialityImpact>
            <integrityImpact>HIGH</integrityImpact>
            <availabilityImpact>HIGH</availabilityImpact>
            <baseSeverity>HIGH</baseSeverity>
            <version>3.1</version>
          </cvssV3>
          <cwes>
            <cwe>CWE-noinfo</cwe>
          </cwes>
          <description>Issue summary: The POLY1305 MAC (message authentication code) implementation
contains a bug that might corrupt the internal state of applications on the
Windows 64 platform when running on newer X86_64 processors supporting the
AVX512-IFMA instructions.

Impact summary: If in an application that uses the OpenSSL library an attacker
can influence whether the POLY1305 MAC algorithm is used, the application
state might be corrupted with various application dependent consequences.

The POLY1305 MAC (message authentication code) implementation in OpenSSL does
not save the contents of non-volatile XMM registers on Windows 64 platform
when calculating the MAC of data larger than 64 bytes. Before returning to
the caller all the XMM registers are set to zero rather than restoring their
previous content. The vulnerable code is used only on newer x86_64 processors
supporting the AVX512-IFMA instructions.

The consequences of this kind of internal application state corruption can
be various - from no consequences, if the calling application does not
depend on the contents of non-volatile XMM registers at all, to the worst
consequences, where the attacker could get complete control of the application
process. However given the contents of the registers are just zeroized so
the attacker cannot put arbitrary values inside, the most likely consequence,
if any, would be an incorrect result of some application dependent
calculations or a crash leading to a denial of service.

The POLY1305 MAC algorithm is most frequently used as part of the
CHACHA20-POLY1305 AEAD (authenticated encryption with associated data)
algorithm. The most common usage of this AEAD cipher is with TLS protocol
versions 1.2 and 1.3 and a malicious client can influence whether this AEAD
cipher is used by the server. This implies that server applications using
OpenSSL can be potentially impacted. However we are currently not aware of
any concrete application that would be affected by this issue therefore we
consider this a Low severity security issue.

As a workaround the AVX512-IFMA instructions support can be disabled at
runtime by setting the environment variable OPENSSL_ia32cap:

   OPENSSL_ia32cap=:~0x200000

The FIPS provider is not affected by this issue.</description>
          <references>
            <reference>
              <source>OSSINDEX</source>
              <url>https://ossindex.sonatype.org/vulnerability/CVE-2023-4807?component-type=pypi&amp;component-name=cryptography&amp;utm_source=dependency-check&amp;utm_medium=integration&amp;utm_content=10.0.3</url>
              <name>[CVE-2023-4807] CWE-noinfo</name>
            </reference>
            <reference>
              <source>OSSIndex</source>
              <url>https://github.com/advisories/GHSA-v8gr-m533-ghj9</url>
              <name>https://github.com/advisories/GHSA-v8gr-m533-ghj9</name>
            </reference>
            <reference>
              <source>OSSIndex</source>
              <url>https://www.openssl.org/news/secadv/20230908.txt</url>
              <name>https://www.openssl.org/news/secadv/20230908.txt</name>
            </reference>
            <reference>
              <source>OSSIndex</source>
              <url>http://web.nvd.nist.gov/view/vuln/detail?vulnId=CVE-2023-4807</url>
              <name>http://web.nvd.nist.gov/view/vuln/detail?vulnId=CVE-2023-4807</name>
            </reference>
          </references>
          <vulnerableSoftware>
            <software vulnerabilityIdMatched="true">cpe:2.3:a:*:cryptography:39.0.0:*:*:*:*:*:*:*</software>
          </vulnerableSoftware>
        </vulnerability>
        <vulnerability source="NVD">
          <name>CVE-2023-49083</name>
          <severity>HIGH</severity>
          <cvssV3>
            <baseScore>7.5</baseScore>
            <attackVector>NETWORK</attackVector>
            <attackComplexity>LOW</attackComplexity>
            <privilegesRequired>NONE</privilegesRequired>
            <userInteraction>NONE</userInteraction>
            <scope>UNCHANGED</scope>
            <confidentialityImpact>NONE</confidentialityImpact>
            <integrityImpact>NONE</integrityImpact>
            <availabilityImpact>HIGH</availabilityImpact>
            <baseSeverity>HIGH</baseSeverity>
            <exploitabilityScore>3.9</exploitabilityScore>
            <impactScore>3.6</impactScore>
            <version>3.1</version>
          </cvssV3>
          <cwes>
            <cwe>CWE-476</cwe>
          </cwes>
          <description>cryptography is a package designed to expose cryptographic primitives and recipes to Python developers. Calling `load_pem_pkcs7_certificates` or `load_der_pkcs7_certificates` could lead to a NULL-pointer dereference and segfault. Exploitation of this vulnerability poses a serious risk of Denial of Service (DoS) for any application attempting to deserialize a PKCS7 blob/certificate. The consequences extend to potential disruptions in system availability and stability. This vulnerability has been patched in version 41.0.6.</description>
          <references>
            <reference>
              <source>OSSIndex</source>
              <url>https://github.com/pyca/cryptography/pull/9926</url>
              <name>https://github.com/pyca/cryptography/pull/9926</name>
            </reference>
            <reference>
              <source>security-advisories@github.com</source>
              <url>https://lists.fedoraproject.org/archives/list/package-announce@lists.fedoraproject.org/message/QMNTYMUGFJSDBYBU22FUYBHFRZODRKXV/</url>
            </reference>
            <reference>
              <source>security-advisories@github.com</source>
              <url>https://github.com/pyca/cryptography/security/advisories/GHSA-jfhm-5ghh-2f97</url>
              <name>EXPLOIT,VENDOR_ADVISORY</name>
            </reference>
            <reference>
              <source>OSSIndex</source>
              <url>http://web.nvd.nist.gov/view/vuln/detail?vulnId=CVE-2023-49083</url>
              <name>http://web.nvd.nist.gov/view/vuln/detail?vulnId=CVE-2023-49083</name>
            </reference>
            <reference>
              <source>OSSINDEX</source>
              <url>https://ossindex.sonatype.org/vulnerability/CVE-2023-49083?component-type=pypi&amp;component-name=cryptography&amp;utm_source=dependency-check&amp;utm_medium=integration&amp;utm_content=10.0.3</url>
              <name>[CVE-2023-49083] CWE-476: NULL Pointer Dereference</name>
            </reference>
            <reference>
              <source>security-advisories@github.com</source>
              <url>https://github.com/pyca/cryptography/pull/9926</url>
              <name>ISSUE_TRACKING,PATCH</name>
            </reference>
            <reference>
              <source>security-advisories@github.com</source>
              <url>https://github.com/pyca/cryptography/commit/f09c261ca10a31fe41b1262306db7f8f1da0e48a</url>
              <name>PATCH</name>
            </reference>
          </references>
          <vulnerableSoftware>
            <software vulnerabilityIdMatched="true" versionStartIncluding="3.1" versionEndExcluding="41.0.6">cpe:2.3:a:cryptography_project:cryptography:*:*:*:*:*:python:*:*</software>
          </vulnerableSoftware>
        </vulnerability>
        <vulnerability source="OSSINDEX">
          <name>CVE-2023-50782</name>
          <severity>HIGH</severity>
          <cvssV3>
            <baseScore>7.5</baseScore>
            <attackVector>NETWORK</attackVector>
            <attackComplexity>LOW</attackComplexity>
            <privilegesRequired>NONE</privilegesRequired>
            <userInteraction>NONE</userInteraction>
            <scope>UNCHANGED</scope>
            <confidentialityImpact>HIGH</confidentialityImpact>
            <integrityImpact>NONE</integrityImpact>
            <availabilityImpact>NONE</availabilityImpact>
            <baseSeverity>HIGH</baseSeverity>
            <version>3.1</version>
          </cvssV3>
          <cwes>
            <cwe>CWE-203</cwe>
          </cwes>
          <description>A flaw was found in the python-cryptography package. This issue may allow a remote attacker to decrypt captured messages in TLS servers that use RSA key exchanges, which may lead to exposure of confidential or sensitive data.

Sonatype's research suggests that this CVE's details differ from those defined at NVD. See https://ossindex.sonatype.org/vulnerability/CVE-2023-50782 for details</description>
          <references>
            <reference>
              <source>OSSIndex</source>
              <url>https://github.com/tomato42/marvin-toolkit/tree/master/example/pyca-cryptography</url>
              <name>https://github.com/tomato42/marvin-toolkit/tree/master/example/pyca-cryptography</name>
            </reference>
            <reference>
              <source>OSSIndex</source>
              <url>https://github.com/advisories/GHSA-3ww4-gg4f-jr7f</url>
              <name>https://github.com/advisories/GHSA-3ww4-gg4f-jr7f</name>
            </reference>
            <reference>
              <source>OSSINDEX</source>
              <url>https://ossindex.sonatype.org/vulnerability/CVE-2023-50782?component-type=pypi&amp;component-name=cryptography&amp;utm_source=dependency-check&amp;utm_medium=integration&amp;utm_content=10.0.3</url>
              <name>[CVE-2023-50782] CWE-203: Information Exposure Through Discrepancy</name>
            </reference>
            <reference>
              <source>OSSIndex</source>
              <url>http://web.nvd.nist.gov/view/vuln/detail?vulnId=CVE-2023-50782</url>
              <name>http://web.nvd.nist.gov/view/vuln/detail?vulnId=CVE-2023-50782</name>
            </reference>
          </references>
          <vulnerableSoftware>
            <software vulnerabilityIdMatched="true">cpe:2.3:a:*:cryptography:39.0.0:*:*:*:*:*:*:*</software>
          </vulnerableSoftware>
        </vulnerability>
        <vulnerability source="OSSINDEX">
          <name>CVE-2024-26130</name>
          <severity>HIGH</severity>
          <cvssV3>
            <baseScore>7.5</baseScore>
            <attackVector>NETWORK</attackVector>
            <attackComplexity>LOW</attackComplexity>
            <privilegesRequired>NONE</privilegesRequired>
            <userInteraction>NONE</userInteraction>
            <scope>UNCHANGED</scope>
            <confidentialityImpact>NONE</confidentialityImpact>
            <integrityImpact>NONE</integrityImpact>
            <availabilityImpact>HIGH</availabilityImpact>
            <baseSeverity>HIGH</baseSeverity>
            <version>3.1</version>
          </cvssV3>
          <cwes>
            <cwe>CWE-476</cwe>
          </cwes>
          <description>cryptography is a package designed to expose cryptographic primitives and recipes to Python developers. Starting in version 38.0.0 and prior to version 42.0.4, if `pkcs12.serialize_key_and_certificates` is called with both a certificate whose public key did not match the provided private key and an `encryption_algorithm` with `hmac_hash` set (via `PrivateFormat.PKCS12.encryption_builder().hmac_hash(...)`, then a NULL pointer dereference would occur, crashing the Python process. This has been resolved in version 42.0.4, the first version in which a `ValueError` is properly raised.

Sonatype's research suggests that this CVE's details differ from those defined at NVD. See https://ossindex.sonatype.org/vulnerability/CVE-2024-26130 for details</description>
          <references>
            <reference>
              <source>OSSIndex</source>
              <url>https://github.com/advisories/GHSA-6vqw-3v5j-54x4</url>
              <name>https://github.com/advisories/GHSA-6vqw-3v5j-54x4</name>
            </reference>
            <reference>
              <source>OSSINDEX</source>
              <url>https://ossindex.sonatype.org/vulnerability/CVE-2024-26130?component-type=pypi&amp;component-name=cryptography&amp;utm_source=dependency-check&amp;utm_medium=integration&amp;utm_content=10.0.3</url>
              <name>[CVE-2024-26130] CWE-476: NULL Pointer Dereference</name>
            </reference>
            <reference>
              <source>OSSIndex</source>
              <url>http://web.nvd.nist.gov/view/vuln/detail?vulnId=CVE-2024-26130</url>
              <name>http://web.nvd.nist.gov/view/vuln/detail?vulnId=CVE-2024-26130</name>
            </reference>
          </references>
          <vulnerableSoftware>
            <software vulnerabilityIdMatched="true">cpe:2.3:a:*:cryptography:39.0.0:*:*:*:*:*:*:*</software>
          </vulnerableSoftware>
        </vulnerability>
        <vulnerability source="NVD">
          <name>CVE-2023-23931</name>
          <severity>MEDIUM</severity>
          <cvssV3>
            <baseScore>6.5</baseScore>
            <attackVector>NETWORK</attackVector>
            <attackComplexity>LOW</attackComplexity>
            <privilegesRequired>NONE</privilegesRequired>
            <userInteraction>NONE</userInteraction>
            <scope>UNCHANGED</scope>
            <confidentialityImpact>NONE</confidentialityImpact>
            <integrityImpact>LOW</integrityImpact>
            <availabilityImpact>LOW</availabilityImpact>
            <baseSeverity>MEDIUM</baseSeverity>
            <exploitabilityScore>3.9</exploitabilityScore>
            <impactScore>2.5</impactScore>
            <version>3.1</version>
          </cvssV3>
          <cwes>
            <cwe>CWE-754</cwe>
          </cwes>
          <description>cryptography is a package designed to expose cryptographic primitives and recipes to Python developers. In affected versions `Cipher.update_into` would accept Python objects which implement the buffer protocol, but provide only immutable buffers. This would allow immutable objects (such as `bytes`) to be mutated, thus violating fundamental rules of Python and resulting in corrupted output. This now correctly raises an exception. This issue has been present since `update_into` was originally introduced in cryptography 1.8.</description>
          <references>
            <reference>
              <source>OSSIndex</source>
              <url>https://github.com/advisories/GHSA-w7pp-m8wf-vj6r</url>
              <name>https://github.com/advisories/GHSA-w7pp-m8wf-vj6r</name>
            </reference>
            <reference>
              <source>OSSIndex</source>
              <url>http://web.nvd.nist.gov/view/vuln/detail?vulnId=CVE-2023-23931</url>
              <name>http://web.nvd.nist.gov/view/vuln/detail?vulnId=CVE-2023-23931</name>
            </reference>
            <reference>
              <source>OSSINDEX</source>
              <url>https://ossindex.sonatype.org/vulnerability/CVE-2023-23931?component-type=pypi&amp;component-name=cryptography&amp;utm_source=dependency-check&amp;utm_medium=integration&amp;utm_content=10.0.3</url>
              <name>[CVE-2023-23931] CWE-754: Improper Check for Unusual or Exceptional Conditions</name>
            </reference>
            <reference>
              <source>security-advisories@github.com</source>
              <url>https://github.com/pyca/cryptography/security/advisories/GHSA-w7pp-m8wf-vj6r</url>
              <name>EXPLOIT,VENDOR_ADVISORY</name>
            </reference>
            <reference>
              <source>security-advisories@github.com</source>
              <url>https://github.com/pyca/cryptography/pull/8230/commits/94a50a9731f35405f0357fa5f3b177d46a726ab3</url>
              <name>PATCH</name>
            </reference>
          </references>
          <vulnerableSoftware>
            <software vulnerabilityIdMatched="true" versionStartIncluding="1.8" versionEndExcluding="39.0.1">cpe:2.3:a:cryptography_project:cryptography:*:*:*:*:*:python:*:*</software>
          </vulnerableSoftware>
        </vulnerability>
      </vulnerabilities>
    </dependency>
    <dependency isVirtual="false">
      <fileName>cryptography:39.0.0</fileName>
      <filePath>D:\a\H6060-Python-Cryptography\H6060-Python-Cryptography\upstream-repository\src\cryptography\__init__.py</filePath>
      <md5>487ef18d8a01a4a2f4abc1ff02cecfad</md5>
      <sha1>0e383b3c00a2c676cafea39e191e7d0c029aa3fd</sha1>
      <sha256>ca7089f496d04d0394b127ef4cdfc3c15b2c184b8e4a36ffc5fe5cd6ebb73104</sha256>
      <relatedDependencies>
        <relatedDependency>
          <fileName>cryptography:39.0.0</fileName>
          <filePath>D:\a\H6060-Python-Cryptography\H6060-Python-Cryptography\upstream-repository\dist\cryptography-39.0.0.tar.gz\cryptography-39.0.0.tar\cryptography-39.0.0\src\cryptography\__init__.py</filePath>
          <sha256>ca7089f496d04d0394b127ef4cdfc3c15b2c184b8e4a36ffc5fe5cd6ebb73104</sha256>
          <sha1>0e383b3c00a2c676cafea39e191e7d0c029aa3fd</sha1>
          <md5>487ef18d8a01a4a2f4abc1ff02cecfad</md5>
          <identifiers>
            <package>
              <id>pkg:pypi/cryptography</id>
            </package>
            <package>
              <id>pkg:pypi/cryptography@39.0.0</id>
              <url>https://ossindex.sonatype.org/component/pkg:pypi/cryptography@39.0.0?utm_source=dependency-check&amp;utm_medium=integration&amp;utm_content=10.0.3</url>
            </package>
          </identifiers>
        </relatedDependency>
      </relatedDependencies>
      <evidenceCollected>
        <evidence type="vendor" confidence="MEDIUM">
          <source>__about__.py</source>
          <name>SourceAuthor</name>
          <value>The Python Cryptographic Authority and individual contributors</value>
        </evidence>
        <evidence type="product" confidence="HIGHEST">
          <source>__init__.py</source>
          <name>PackageName</name>
          <value>cryptography</value>
        </evidence>
        <evidence type="version" confidence="MEDIUM">
          <source>__about__.py</source>
          <name>SourceVersion</name>
          <value>39.0.0</value>
        </evidence>
      </evidenceCollected>
      <identifiers>
        <package confidence="HIGHEST">
          <id>pkg:pypi/cryptography</id>
        </package>
        <package confidence="HIGHEST">
          <id>pkg:pypi/cryptography@39.0.0</id>
          <url>https://ossindex.sonatype.org/component/pkg:pypi/cryptography@39.0.0?utm_source=dependency-check&amp;utm_medium=integration&amp;utm_content=10.0.3</url>
        </package>
      </identifiers>
      <vulnerabilities>
        <vulnerability source="OSSINDEX">
          <name>CVE-2023-4807</name>
          <severity>HIGH</severity>
          <cvssV3>
            <baseScore>7.800000190734863</baseScore>
            <attackVector>LOCAL</attackVector>
            <attackComplexity>LOW</attackComplexity>
            <privilegesRequired>LOW</privilegesRequired>
            <userInteraction>NONE</userInteraction>
            <scope>UNCHANGED</scope>
            <confidentialityImpact>HIGH</confidentialityImpact>
            <integrityImpact>HIGH</integrityImpact>
            <availabilityImpact>HIGH</availabilityImpact>
            <baseSeverity>HIGH</baseSeverity>
            <version>3.1</version>
          </cvssV3>
          <cwes>
            <cwe>CWE-noinfo</cwe>
          </cwes>
          <description>Issue summary: The POLY1305 MAC (message authentication code) implementation
contains a bug that might corrupt the internal state of applications on the
Windows 64 platform when running on newer X86_64 processors supporting the
AVX512-IFMA instructions.

Impact summary: If in an application that uses the OpenSSL library an attacker
can influence whether the POLY1305 MAC algorithm is used, the application
state might be corrupted with various application dependent consequences.

The POLY1305 MAC (message authentication code) implementation in OpenSSL does
not save the contents of non-volatile XMM registers on Windows 64 platform
when calculating the MAC of data larger than 64 bytes. Before returning to
the caller all the XMM registers are set to zero rather than restoring their
previous content. The vulnerable code is used only on newer x86_64 processors
supporting the AVX512-IFMA instructions.

The consequences of this kind of internal application state corruption can
be various - from no consequences, if the calling application does not
depend on the contents of non-volatile XMM registers at all, to the worst
consequences, where the attacker could get complete control of the application
process. However given the contents of the registers are just zeroized so
the attacker cannot put arbitrary values inside, the most likely consequence,
if any, would be an incorrect result of some application dependent
calculations or a crash leading to a denial of service.

The POLY1305 MAC algorithm is most frequently used as part of the
CHACHA20-POLY1305 AEAD (authenticated encryption with associated data)
algorithm. The most common usage of this AEAD cipher is with TLS protocol
versions 1.2 and 1.3 and a malicious client can influence whether this AEAD
cipher is used by the server. This implies that server applications using
OpenSSL can be potentially impacted. However we are currently not aware of
any concrete application that would be affected by this issue therefore we
consider this a Low severity security issue.

As a workaround the AVX512-IFMA instructions support can be disabled at
runtime by setting the environment variable OPENSSL_ia32cap:

   OPENSSL_ia32cap=:~0x200000

The FIPS provider is not affected by this issue.</description>
          <references>
            <reference>
              <source>OSSINDEX</source>
              <url>https://ossindex.sonatype.org/vulnerability/CVE-2023-4807?component-type=pypi&amp;component-name=cryptography&amp;utm_source=dependency-check&amp;utm_medium=integration&amp;utm_content=10.0.3</url>
              <name>[CVE-2023-4807] CWE-noinfo</name>
            </reference>
            <reference>
              <source>OSSIndex</source>
              <url>https://github.com/advisories/GHSA-v8gr-m533-ghj9</url>
              <name>https://github.com/advisories/GHSA-v8gr-m533-ghj9</name>
            </reference>
            <reference>
              <source>OSSIndex</source>
              <url>https://www.openssl.org/news/secadv/20230908.txt</url>
              <name>https://www.openssl.org/news/secadv/20230908.txt</name>
            </reference>
            <reference>
              <source>OSSIndex</source>
              <url>http://web.nvd.nist.gov/view/vuln/detail?vulnId=CVE-2023-4807</url>
              <name>http://web.nvd.nist.gov/view/vuln/detail?vulnId=CVE-2023-4807</name>
            </reference>
          </references>
          <vulnerableSoftware>
            <software vulnerabilityIdMatched="true">cpe:2.3:a:*:cryptography:39.0.0:*:*:*:*:*:*:*</software>
          </vulnerableSoftware>
        </vulnerability>
        <vulnerability source="OSSINDEX">
          <name>CVE-2023-49083</name>
          <severity>HIGH</severity>
          <cvssV3>
            <baseScore>7.5</baseScore>
            <attackVector>NETWORK</attackVector>
            <attackComplexity>LOW</attackComplexity>
            <privilegesRequired>NONE</privilegesRequired>
            <userInteraction>NONE</userInteraction>
            <scope>UNCHANGED</scope>
            <confidentialityImpact>NONE</confidentialityImpact>
            <integrityImpact>NONE</integrityImpact>
            <availabilityImpact>HIGH</availabilityImpact>
            <baseSeverity>HIGH</baseSeverity>
            <version>3.1</version>
          </cvssV3>
          <cwes>
            <cwe>CWE-476</cwe>
          </cwes>
          <description>cryptography is a package designed to expose cryptographic primitives and recipes to Python developers. Calling `load_pem_pkcs7_certificates` or `load_der_pkcs7_certificates` could lead to a NULL-pointer dereference and segfault. Exploitation of this vulnerability poses a serious risk of Denial of Service (DoS) for any application attempting to deserialize a PKCS7 blob/certificate. The consequences extend to potential disruptions in system availability and stability. This vulnerability has been patched in version 41.0.6.</description>
          <references>
            <reference>
              <source>OSSIndex</source>
              <url>https://github.com/pyca/cryptography/pull/9926</url>
              <name>https://github.com/pyca/cryptography/pull/9926</name>
            </reference>
            <reference>
              <source>OSSIndex</source>
              <url>http://web.nvd.nist.gov/view/vuln/detail?vulnId=CVE-2023-49083</url>
              <name>http://web.nvd.nist.gov/view/vuln/detail?vulnId=CVE-2023-49083</name>
            </reference>
            <reference>
              <source>OSSINDEX</source>
              <url>https://ossindex.sonatype.org/vulnerability/CVE-2023-49083?component-type=pypi&amp;component-name=cryptography&amp;utm_source=dependency-check&amp;utm_medium=integration&amp;utm_content=10.0.3</url>
              <name>[CVE-2023-49083] CWE-476: NULL Pointer Dereference</name>
            </reference>
          </references>
          <vulnerableSoftware>
            <software vulnerabilityIdMatched="true">cpe:2.3:a:*:cryptography:39.0.0:*:*:*:*:*:*:*</software>
          </vulnerableSoftware>
        </vulnerability>
        <vulnerability source="OSSINDEX">
          <name>CVE-2023-50782</name>
          <severity>HIGH</severity>
          <cvssV3>
            <baseScore>7.5</baseScore>
            <attackVector>NETWORK</attackVector>
            <attackComplexity>LOW</attackComplexity>
            <privilegesRequired>NONE</privilegesRequired>
            <userInteraction>NONE</userInteraction>
            <scope>UNCHANGED</scope>
            <confidentialityImpact>HIGH</confidentialityImpact>
            <integrityImpact>NONE</integrityImpact>
            <availabilityImpact>NONE</availabilityImpact>
            <baseSeverity>HIGH</baseSeverity>
            <version>3.1</version>
          </cvssV3>
          <cwes>
            <cwe>CWE-203</cwe>
          </cwes>
          <description>A flaw was found in the python-cryptography package. This issue may allow a remote attacker to decrypt captured messages in TLS servers that use RSA key exchanges, which may lead to exposure of confidential or sensitive data.

Sonatype's research suggests that this CVE's details differ from those defined at NVD. See https://ossindex.sonatype.org/vulnerability/CVE-2023-50782 for details</description>
          <references>
            <reference>
              <source>OSSIndex</source>
              <url>https://github.com/tomato42/marvin-toolkit/tree/master/example/pyca-cryptography</url>
              <name>https://github.com/tomato42/marvin-toolkit/tree/master/example/pyca-cryptography</name>
            </reference>
            <reference>
              <source>OSSIndex</source>
              <url>https://github.com/advisories/GHSA-3ww4-gg4f-jr7f</url>
              <name>https://github.com/advisories/GHSA-3ww4-gg4f-jr7f</name>
            </reference>
            <reference>
              <source>OSSINDEX</source>
              <url>https://ossindex.sonatype.org/vulnerability/CVE-2023-50782?component-type=pypi&amp;component-name=cryptography&amp;utm_source=dependency-check&amp;utm_medium=integration&amp;utm_content=10.0.3</url>
              <name>[CVE-2023-50782] CWE-203: Information Exposure Through Discrepancy</name>
            </reference>
            <reference>
              <source>OSSIndex</source>
              <url>http://web.nvd.nist.gov/view/vuln/detail?vulnId=CVE-2023-50782</url>
              <name>http://web.nvd.nist.gov/view/vuln/detail?vulnId=CVE-2023-50782</name>
            </reference>
          </references>
          <vulnerableSoftware>
            <software vulnerabilityIdMatched="true">cpe:2.3:a:*:cryptography:39.0.0:*:*:*:*:*:*:*</software>
          </vulnerableSoftware>
        </vulnerability>
        <vulnerability source="OSSINDEX">
          <name>CVE-2024-26130</name>
          <severity>HIGH</severity>
          <cvssV3>
            <baseScore>7.5</baseScore>
            <attackVector>NETWORK</attackVector>
            <attackComplexity>LOW</attackComplexity>
            <privilegesRequired>NONE</privilegesRequired>
            <userInteraction>NONE</userInteraction>
            <scope>UNCHANGED</scope>
            <confidentialityImpact>NONE</confidentialityImpact>
            <integrityImpact>NONE</integrityImpact>
            <availabilityImpact>HIGH</availabilityImpact>
            <baseSeverity>HIGH</baseSeverity>
            <version>3.1</version>
          </cvssV3>
          <cwes>
            <cwe>CWE-476</cwe>
          </cwes>
          <description>cryptography is a package designed to expose cryptographic primitives and recipes to Python developers. Starting in version 38.0.0 and prior to version 42.0.4, if `pkcs12.serialize_key_and_certificates` is called with both a certificate whose public key did not match the provided private key and an `encryption_algorithm` with `hmac_hash` set (via `PrivateFormat.PKCS12.encryption_builder().hmac_hash(...)`, then a NULL pointer dereference would occur, crashing the Python process. This has been resolved in version 42.0.4, the first version in which a `ValueError` is properly raised.

Sonatype's research suggests that this CVE's details differ from those defined at NVD. See https://ossindex.sonatype.org/vulnerability/CVE-2024-26130 for details</description>
          <references>
            <reference>
              <source>OSSIndex</source>
              <url>https://github.com/advisories/GHSA-6vqw-3v5j-54x4</url>
              <name>https://github.com/advisories/GHSA-6vqw-3v5j-54x4</name>
            </reference>
            <reference>
              <source>OSSINDEX</source>
              <url>https://ossindex.sonatype.org/vulnerability/CVE-2024-26130?component-type=pypi&amp;component-name=cryptography&amp;utm_source=dependency-check&amp;utm_medium=integration&amp;utm_content=10.0.3</url>
              <name>[CVE-2024-26130] CWE-476: NULL Pointer Dereference</name>
            </reference>
            <reference>
              <source>OSSIndex</source>
              <url>http://web.nvd.nist.gov/view/vuln/detail?vulnId=CVE-2024-26130</url>
              <name>http://web.nvd.nist.gov/view/vuln/detail?vulnId=CVE-2024-26130</name>
            </reference>
          </references>
          <vulnerableSoftware>
            <software vulnerabilityIdMatched="true">cpe:2.3:a:*:cryptography:39.0.0:*:*:*:*:*:*:*</software>
          </vulnerableSoftware>
        </vulnerability>
        <vulnerability source="OSSINDEX">
          <name>CVE-2023-23931</name>
          <severity>MEDIUM</severity>
          <cvssV3>
            <baseScore>6.5</baseScore>
            <attackVector>NETWORK</attackVector>
            <attackComplexity>LOW</attackComplexity>
            <privilegesRequired>NONE</privilegesRequired>
            <userInteraction>NONE</userInteraction>
            <scope>UNCHANGED</scope>
            <confidentialityImpact>NONE</confidentialityImpact>
            <integrityImpact>LOW</integrityImpact>
            <availabilityImpact>LOW</availabilityImpact>
            <baseSeverity>MEDIUM</baseSeverity>
            <version>3.1</version>
          </cvssV3>
          <cwes>
            <cwe>CWE-754</cwe>
          </cwes>
          <description>cryptography is a package designed to expose cryptographic primitives and recipes to Python developers. In affected versions `Cipher.update_into` would accept Python objects which implement the buffer protocol, but provide only immutable buffers. This would allow immutable objects (such as `bytes`) to be mutated, thus violating fundamental rules of Python and resulting in corrupted output. This now correctly raises an exception. This issue has been present since `update_into` was originally introduced in cryptography 1.8.

Sonatype's research suggests that this CVE's details differ from those defined at NVD. See https://ossindex.sonatype.org/vulnerability/CVE-2023-23931 for details</description>
          <references>
            <reference>
              <source>OSSIndex</source>
              <url>https://github.com/advisories/GHSA-w7pp-m8wf-vj6r</url>
              <name>https://github.com/advisories/GHSA-w7pp-m8wf-vj6r</name>
            </reference>
            <reference>
              <source>OSSIndex</source>
              <url>http://web.nvd.nist.gov/view/vuln/detail?vulnId=CVE-2023-23931</url>
              <name>http://web.nvd.nist.gov/view/vuln/detail?vulnId=CVE-2023-23931</name>
            </reference>
            <reference>
              <source>OSSINDEX</source>
              <url>https://ossindex.sonatype.org/vulnerability/CVE-2023-23931?component-type=pypi&amp;component-name=cryptography&amp;utm_source=dependency-check&amp;utm_medium=integration&amp;utm_content=10.0.3</url>
              <name>[CVE-2023-23931] CWE-754: Improper Check for Unusual or Exceptional Conditions</name>
            </reference>
          </references>
          <vulnerableSoftware>
            <software vulnerabilityIdMatched="true">cpe:2.3:a:*:cryptography:39.0.0:*:*:*:*:*:*:*</software>
          </vulnerableSoftware>
        </vulnerability>
      </vulnerabilities>
    </dependency>
    <dependency isVirtual="false">
      <fileName>cryptography_vectors:39.0.0</fileName>
      <filePath>D:\a\H6060-Python-Cryptography\H6060-Python-Cryptography\upstream-repository\vectors\cryptography_vectors\__init__.py</filePath>
      <md5>ad868facf7df7669ceacfae24f98fbf1</md5>
      <sha1>57b8075115dd3910ecce23df6a71c7babed17388</sha1>
      <sha256>d92811d59770c26f937a7473b1139ede10fc38f5ec7308867524138cd2bf3689</sha256>
      <evidenceCollected>
        <evidence type="product" confidence="HIGHEST">
          <source>__init__.py</source>
          <name>PackageName</name>
          <value>cryptography_vectors</value>
        </evidence>
        <evidence type="version" confidence="MEDIUM">
          <source>__about__.py</source>
          <name>SourceVersion</name>
          <value>39.0.0</value>
        </evidence>
      </evidenceCollected>
      <identifiers>
        <package confidence="HIGHEST">
          <id>pkg:pypi/cryptography-vectors@39.0.0</id>
          <url>https://ossindex.sonatype.org/component/pkg:pypi/cryptography-vectors@39.0.0?utm_source=dependency-check&amp;utm_medium=integration&amp;utm_content=10.0.3</url>
        </package>
      </identifiers>
    </dependency>
    <dependency isVirtual="true">
      <fileName>hypothesis!=3.79.2,:1.11.4</fileName>
      <filePath>D:\a\H6060-Python-Cryptography\H6060-Python-Cryptography\upstream-repository\requirements.txt:hypothesis!=3.79.2,/1.11.4</filePath>
      <md5/>
      <sha1/>
      <sha256/>
      <evidenceCollected>
        <evidence type="vendor" confidence="HIGHEST">
          <source>requirements.txt</source>
          <name>vendor</name>
          <value>hypothesis!=3.79.2,</value>
        </evidence>
        <evidence type="product" confidence="HIGHEST">
          <source>requirements.txt</source>
          <name>product</name>
          <value>hypothesis!=3.79.2,</value>
        </evidence>
        <evidence type="version" confidence="HIGHEST">
          <source>requirements.txt</source>
          <name>version</name>
          <value>1.11.4</value>
        </evidence>
      </evidenceCollected>
      <identifiers>
        <package confidence="HIGHEST">
          <id>pkg:pypi/hypothesis%21%3D3.79.2%2C@1.11.4</id>
          <url>https://ossindex.sonatype.org/component/pkg:pypi/hypothesis%21%3D3.79.2%2C@1.11.4?utm_source=dependency-check&amp;utm_medium=integration&amp;utm_content=10.0.3</url>
        </package>
      </identifiers>
    </dependency>
    <dependency isVirtual="true">
      <fileName>iso8601</fileName>
      <filePath>D:\a\H6060-Python-Cryptography\H6060-Python-Cryptography\upstream-repository\requirements.txt:iso8601/null</filePath>
      <md5/>
      <sha1/>
      <sha256/>
      <evidenceCollected>
        <evidence type="vendor" confidence="HIGHEST">
          <source>requirements.txt</source>
          <name>vendor</name>
          <value>iso8601</value>
        </evidence>
        <evidence type="product" confidence="HIGHEST">
          <source>requirements.txt</source>
          <name>product</name>
          <value>iso8601</value>
        </evidence>
        <evidence type="version" confidence="HIGHEST">
          <source>requirements.txt</source>
          <name>version</name>
          <value>$enc.xml($evidence.getValue().trim())</value>
        </evidence>
      </evidenceCollected>
      <identifiers>
        <package confidence="HIGHEST">
          <id>pkg:pypi/iso8601</id>
        </package>
      </identifiers>
    </dependency>
    <dependency isVirtual="true">
      <fileName>pretend</fileName>
      <filePath>D:\a\H6060-Python-Cryptography\H6060-Python-Cryptography\upstream-repository\requirements.txt:pretend/null</filePath>
      <md5/>
      <sha1/>
      <sha256/>
      <evidenceCollected>
        <evidence type="vendor" confidence="HIGHEST">
          <source>requirements.txt</source>
          <name>vendor</name>
          <value>pretend</value>
        </evidence>
        <evidence type="product" confidence="HIGHEST">
          <source>requirements.txt</source>
          <name>product</name>
          <value>pretend</value>
        </evidence>
        <evidence type="version" confidence="HIGHEST">
          <source>requirements.txt</source>
          <name>version</name>
          <value>$enc.xml($evidence.getValue().trim())</value>
        </evidence>
      </evidenceCollected>
      <identifiers>
        <package confidence="HIGHEST">
          <id>pkg:pypi/pretend</id>
        </package>
      </identifiers>
    </dependency>
    <dependency isVirtual="true">
      <fileName>pyenchant:1.6.11</fileName>
      <filePath>D:\a\H6060-Python-Cryptography\H6060-Python-Cryptography\upstream-repository\requirements.txt:pyenchant/1.6.11</filePath>
      <md5/>
      <sha1/>
      <sha256/>
      <evidenceCollected>
        <evidence type="vendor" confidence="HIGHEST">
          <source>requirements.txt</source>
          <name>vendor</name>
          <value>pyenchant</value>
        </evidence>
        <evidence type="product" confidence="HIGHEST">
          <source>requirements.txt</source>
          <name>product</name>
          <value>pyenchant</value>
        </evidence>
        <evidence type="version" confidence="HIGHEST">
          <source>requirements.txt</source>
          <name>version</name>
          <value>1.6.11</value>
        </evidence>
      </evidenceCollected>
      <identifiers>
        <package confidence="HIGHEST">
          <id>pkg:pypi/pyenchant@1.6.11</id>
          <url>https://ossindex.sonatype.org/component/pkg:pypi/pyenchant@1.6.11?utm_source=dependency-check&amp;utm_medium=integration&amp;utm_content=10.0.3</url>
        </package>
      </identifiers>
    </dependency>
    <dependency isVirtual="true">
      <fileName>pytest-benchmark</fileName>
      <filePath>D:\a\H6060-Python-Cryptography\H6060-Python-Cryptography\upstream-repository\requirements.txt:pytest-benchmark/null</filePath>
      <md5/>
      <sha1/>
      <sha256/>
      <evidenceCollected>
        <evidence type="vendor" confidence="HIGHEST">
          <source>requirements.txt</source>
          <name>vendor</name>
          <value>pytest-benchmark</value>
        </evidence>
        <evidence type="product" confidence="HIGHEST">
          <source>requirements.txt</source>
          <name>product</name>
          <value>pytest-benchmark</value>
        </evidence>
        <evidence type="version" confidence="HIGHEST">
          <source>requirements.txt</source>
          <name>version</name>
          <value>$enc.xml($evidence.getValue().trim())</value>
        </evidence>
      </evidenceCollected>
      <identifiers>
        <package confidence="HIGHEST">
          <id>pkg:pypi/pytest-benchmark</id>
        </package>
      </identifiers>
    </dependency>
    <dependency isVirtual="true">
      <fileName>pytest-cov</fileName>
      <filePath>D:\a\H6060-Python-Cryptography\H6060-Python-Cryptography\upstream-repository\requirements.txt:pytest-cov/null</filePath>
      <md5/>
      <sha1/>
      <sha256/>
      <evidenceCollected>
        <evidence type="vendor" confidence="HIGHEST">
          <source>requirements.txt</source>
          <name>vendor</name>
          <value>pytest-cov</value>
        </evidence>
        <evidence type="product" confidence="HIGHEST">
          <source>requirements.txt</source>
          <name>product</name>
          <value>pytest-cov</value>
        </evidence>
        <evidence type="version" confidence="HIGHEST">
          <source>requirements.txt</source>
          <name>version</name>
          <value>$enc.xml($evidence.getValue().trim())</value>
        </evidence>
      </evidenceCollected>
      <identifiers>
        <package confidence="HIGHEST">
          <id>pkg:pypi/pytest-cov</id>
        </package>
      </identifiers>
    </dependency>
    <dependency isVirtual="true">
      <fileName>pytest-subtests</fileName>
      <filePath>D:\a\H6060-Python-Cryptography\H6060-Python-Cryptography\upstream-repository\requirements.txt:pytest-subtests/null</filePath>
      <md5/>
      <sha1/>
      <sha256/>
      <evidenceCollected>
        <evidence type="vendor" confidence="HIGHEST">
          <source>requirements.txt</source>
          <name>vendor</name>
          <value>pytest-subtests</value>
        </evidence>
        <evidence type="product" confidence="HIGHEST">
          <source>requirements.txt</source>
          <name>product</name>
          <value>pytest-subtests</value>
        </evidence>
        <evidence type="version" confidence="HIGHEST">
          <source>requirements.txt</source>
          <name>version</name>
          <value>$enc.xml($evidence.getValue().trim())</value>
        </evidence>
      </evidenceCollected>
      <identifiers>
        <package confidence="HIGHEST">
          <id>pkg:pypi/pytest-subtests</id>
        </package>
      </identifiers>
    </dependency>
    <dependency isVirtual="true">
      <fileName>pytest-xdist</fileName>
      <filePath>D:\a\H6060-Python-Cryptography\H6060-Python-Cryptography\upstream-repository\requirements.txt:pytest-xdist/null</filePath>
      <md5/>
      <sha1/>
      <sha256/>
      <evidenceCollected>
        <evidence type="vendor" confidence="HIGHEST">
          <source>requirements.txt</source>
          <name>vendor</name>
          <value>pytest-xdist</value>
        </evidence>
        <evidence type="product" confidence="HIGHEST">
          <source>requirements.txt</source>
          <name>product</name>
          <value>pytest-xdist</value>
        </evidence>
        <evidence type="version" confidence="HIGHEST">
          <source>requirements.txt</source>
          <name>version</name>
          <value>$enc.xml($evidence.getValue().trim())</value>
        </evidence>
      </evidenceCollected>
      <identifiers>
        <package confidence="HIGHEST">
          <id>pkg:pypi/pytest-xdist</id>
        </package>
      </identifiers>
    </dependency>
    <dependency isVirtual="true">
      <fileName>pytest:6.2.0</fileName>
      <filePath>D:\a\H6060-Python-Cryptography\H6060-Python-Cryptography\upstream-repository\requirements.txt:pytest/6.2.0</filePath>
      <md5/>
      <sha1/>
      <sha256/>
      <evidenceCollected>
        <evidence type="vendor" confidence="HIGHEST">
          <source>requirements.txt</source>
          <name>vendor</name>
          <value>pytest</value>
        </evidence>
        <evidence type="product" confidence="HIGHEST">
          <source>requirements.txt</source>
          <name>product</name>
          <value>pytest</value>
        </evidence>
        <evidence type="version" confidence="HIGHEST">
          <source>requirements.txt</source>
          <name>version</name>
          <value>6.2.0</value>
        </evidence>
      </evidenceCollected>
      <identifiers>
        <package confidence="HIGHEST">
          <id>pkg:pypi/pytest@6.2.0</id>
          <url>https://ossindex.sonatype.org/component/pkg:pypi/pytest@6.2.0?utm_source=dependency-check&amp;utm_medium=integration&amp;utm_content=10.0.3</url>
        </package>
      </identifiers>
    </dependency>
    <dependency isVirtual="true">
      <fileName>pytz</fileName>
      <filePath>D:\a\H6060-Python-Cryptography\H6060-Python-Cryptography\upstream-repository\requirements.txt:pytz/null</filePath>
      <md5/>
      <sha1/>
      <sha256/>
      <evidenceCollected>
        <evidence type="vendor" confidence="HIGHEST">
          <source>requirements.txt</source>
          <name>vendor</name>
          <value>pytz</value>
        </evidence>
        <evidence type="product" confidence="HIGHEST">
          <source>requirements.txt</source>
          <name>product</name>
          <value>pytz</value>
        </evidence>
        <evidence type="version" confidence="HIGHEST">
          <source>requirements.txt</source>
          <name>version</name>
          <value>$enc.xml($evidence.getValue().trim())</value>
        </evidence>
      </evidenceCollected>
      <identifiers>
        <package confidence="HIGHEST">
          <id>pkg:pypi/pytz</id>
        </package>
      </identifiers>
    </dependency>
    <dependency isVirtual="true">
      <fileName>ruff</fileName>
      <filePath>D:\a\H6060-Python-Cryptography\H6060-Python-Cryptography\upstream-repository\requirements.txt:ruff/null</filePath>
      <md5/>
      <sha1/>
      <sha256/>
      <evidenceCollected>
        <evidence type="vendor" confidence="HIGHEST">
          <source>requirements.txt</source>
          <name>vendor</name>
          <value>ruff</value>
        </evidence>
        <evidence type="product" confidence="HIGHEST">
          <source>requirements.txt</source>
          <name>product</name>
          <value>ruff</value>
        </evidence>
        <evidence type="version" confidence="HIGHEST">
          <source>requirements.txt</source>
          <name>version</name>
          <value>$enc.xml($evidence.getValue().trim())</value>
        </evidence>
      </evidenceCollected>
      <identifiers>
        <package confidence="HIGHEST">
          <id>pkg:pypi/ruff</id>
        </package>
      </identifiers>
    </dependency>
    <dependency isVirtual="true">
      <fileName>setuptools_rust:0.11.4</fileName>
      <filePath>D:\a\H6060-Python-Cryptography\H6060-Python-Cryptography\upstream-repository\requirements.txt:setuptools_rust/0.11.4</filePath>
      <md5/>
      <sha1/>
      <sha256/>
      <evidenceCollected>
        <evidence type="vendor" confidence="HIGHEST">
          <source>requirements.txt</source>
          <name>vendor</name>
          <value>setuptools_rust</value>
        </evidence>
        <evidence type="product" confidence="HIGHEST">
          <source>requirements.txt</source>
          <name>product</name>
          <value>setuptools_rust</value>
        </evidence>
        <evidence type="version" confidence="HIGHEST">
          <source>requirements.txt</source>
          <name>version</name>
          <value>0.11.4</value>
        </evidence>
      </evidenceCollected>
      <identifiers>
        <package confidence="HIGHEST">
          <id>pkg:pypi/setuptools-rust@0.11.4</id>
          <url>https://ossindex.sonatype.org/component/pkg:pypi/setuptools-rust@0.11.4?utm_source=dependency-check&amp;utm_medium=integration&amp;utm_content=10.0.3</url>
        </package>
      </identifiers>
    </dependency>
    <dependency isVirtual="true">
      <fileName>sphinx!=1.8.0,!=3.1.0,!=3.1.1,!=5.2.0,!=5.2.0.post0,:1.6.5</fileName>
      <filePath>D:\a\H6060-Python-Cryptography\H6060-Python-Cryptography\upstream-repository\requirements.txt:sphinx!=1.8.0,!=3.1.0,!=3.1.1,!=5.2.0,!=5.2.0.post0,/1.6.5</filePath>
      <md5/>
      <sha1/>
      <sha256/>
      <evidenceCollected>
        <evidence type="vendor" confidence="HIGHEST">
          <source>requirements.txt</source>
          <name>vendor</name>
          <value>sphinx!=1.8.0,!=3.1.0,!=3.1.1,!=5.2.0,!=5.2.0.post0,</value>
        </evidence>
        <evidence type="product" confidence="HIGHEST">
          <source>requirements.txt</source>
          <name>product</name>
          <value>sphinx!=1.8.0,!=3.1.0,!=3.1.1,!=5.2.0,!=5.2.0.post0,</value>
        </evidence>
        <evidence type="version" confidence="HIGHEST">
          <source>requirements.txt</source>
          <name>version</name>
          <value>1.6.5</value>
        </evidence>
      </evidenceCollected>
      <identifiers>
        <package confidence="HIGHEST">
          <id>pkg:pypi/sphinx%21%3D1.8.0%2C%21%3D3.1.0%2C%21%3D3.1.1%2C%21%3D5.2.0%2C%21%3D5.2.0.post0%2C@1.6.5</id>
          <url>https://ossindex.sonatype.org/component/pkg:pypi/sphinx%21%3D1.8.0%2C%21%3D3.1.0%2C%21%3D3.1.1%2C%21%3D5.2.0%2C%21%3D5.2.0.post0%2C@1.6.5?utm_source=dependency-check&amp;utm_medium=integration&amp;utm_content=10.0.3</url>
        </package>
      </identifiers>
    </dependency>
    <dependency isVirtual="true">
      <fileName>sphinx_rtd_theme</fileName>
      <filePath>D:\a\H6060-Python-Cryptography\H6060-Python-Cryptography\upstream-repository\requirements.txt:sphinx_rtd_theme/null</filePath>
      <md5/>
      <sha1/>
      <sha256/>
      <evidenceCollected>
        <evidence type="vendor" confidence="HIGHEST">
          <source>requirements.txt</source>
          <name>vendor</name>
          <value>sphinx_rtd_theme</value>
        </evidence>
        <evidence type="product" confidence="HIGHEST">
          <source>requirements.txt</source>
          <name>product</name>
          <value>sphinx_rtd_theme</value>
        </evidence>
        <evidence type="version" confidence="HIGHEST">
          <source>requirements.txt</source>
          <name>version</name>
          <value>$enc.xml($evidence.getValue().trim())</value>
        </evidence>
      </evidenceCollected>
      <identifiers>
        <package confidence="HIGHEST">
          <id>pkg:pypi/sphinx-rtd-theme</id>
        </package>
      </identifiers>
    </dependency>
    <dependency isVirtual="true">
      <fileName>sphinxcontrib-spelling:4.0.1</fileName>
      <filePath>D:\a\H6060-Python-Cryptography\H6060-Python-Cryptography\upstream-repository\requirements.txt:sphinxcontrib-spelling/4.0.1</filePath>
      <md5/>
      <sha1/>
      <sha256/>
      <evidenceCollected>
        <evidence type="vendor" confidence="HIGHEST">
          <source>requirements.txt</source>
          <name>vendor</name>
          <value>sphinxcontrib-spelling</value>
        </evidence>
        <evidence type="product" confidence="HIGHEST">
          <source>requirements.txt</source>
          <name>product</name>
          <value>sphinxcontrib-spelling</value>
        </evidence>
        <evidence type="version" confidence="HIGHEST">
          <source>requirements.txt</source>
          <name>version</name>
          <value>4.0.1</value>
        </evidence>
      </evidenceCollected>
      <identifiers>
        <package confidence="HIGHEST">
          <id>pkg:pypi/sphinxcontrib-spelling@4.0.1</id>
          <url>https://ossindex.sonatype.org/component/pkg:pypi/sphinxcontrib-spelling@4.0.1?utm_source=dependency-check&amp;utm_medium=integration&amp;utm_content=10.0.3</url>
        </package>
      </identifiers>
    </dependency>
    <dependency isVirtual="true">
      <fileName>twine:1.12.0</fileName>
      <filePath>D:\a\H6060-Python-Cryptography\H6060-Python-Cryptography\upstream-repository\requirements.txt:twine/1.12.0</filePath>
      <md5/>
      <sha1/>
      <sha256/>
      <evidenceCollected>
        <evidence type="vendor" confidence="HIGHEST">
          <source>requirements.txt</source>
          <name>vendor</name>
          <value>twine</value>
        </evidence>
        <evidence type="product" confidence="HIGHEST">
          <source>requirements.txt</source>
          <name>product</name>
          <value>twine</value>
        </evidence>
        <evidence type="version" confidence="HIGHEST">
          <source>requirements.txt</source>
          <name>version</name>
          <value>1.12.0</value>
        </evidence>
      </evidenceCollected>
      <identifiers>
        <package confidence="HIGHEST">
          <id>pkg:pypi/twine@1.12.0</id>
          <url>https://ossindex.sonatype.org/component/pkg:pypi/twine@1.12.0?utm_source=dependency-check&amp;utm_medium=integration&amp;utm_content=10.0.3</url>
        </package>
      </identifiers>
    </dependency>
  </dependencies>
</analysis>
