{"version": "15.0.6","schema": "https://gitlab.com/gitlab-org/security-products/security-report-schemas/-/raw/v15.0.6/dist/dependency-scanning-report-format.json?ref_type=tags", "scan": {"scanner": {"id": "org.owasp.dependency-check","name": "Dependency-Check Core","version": "10.0.3","vendor": {"name": "OWASP"},"url": "https://github.com/jeremylong/DependencyCheck/"},"analyzer": {"id": "org.owasp.dependency-check","name": "Dependency-Check Core","version": "10.0.3","vendor": {"name": "OWASP"},"url": "https://github.com/jeremylong/DependencyCheck/"},"end_time": "2024-08-15T10:37:53","start_time": "2024-08-15T10:37:53","status":  "success"  ,"type": "dependency_scanning"},"vulnerabilities": [{"id": "CVE-2023-4807","identifiers": [{"type": "OSSINDEX", "name": "CVE-2023-4807", "value": "96336b476c98943c5bb6f4352629c14a0fdcf6a4"}],"location": {"file": "D:\\a\\H6060-Python-Cryptography\\H6060-Python-Cryptography\\upstream-repository\\dist\\cryptography-39.0.0-cp38-cp38-win_amd64.whl","dependency": {"package": {"name": "cryptography"},"version": "39.0.0"}},"name": "CVE-2023-4807","description": "Issue summary: The POLY1305 MAC (message authentication code) implementation\ncontains a bug that might corrupt the internal state of applications on the\nWindows 64 platform when running on newer X86_64 processors supporting the\nAVX512-IFMA instructions.\n\nImpact summary: If in an application that uses the OpenSSL library an attacker\ncan influence whether the POLY1305 MAC algorithm is used, the application\nstate might be corrupted with various application dependent consequences.\n\nThe POLY1305 MAC (message authentication code) implementation in OpenSSL does\nnot save the contents of non-volatile XMM registers on Windows 64 platform\nwhen calculating the MAC of data larger than 64 bytes. Before returning to\nthe caller all the XMM registers are set to zero rather than restoring their\nprevious content. The vulnerable code is used only on newer x86_64 processors\nsupporting the AVX512-IFMA instructions.\n\nThe consequences of this kind of internal application state corruption can\nbe various - from no consequences, if the calling application does not\ndepend on the contents of non-volatile XMM registers at all, to the worst\nconsequences, where the attacker could get complete control of the application\nprocess. However given the contents of the registers are just zeroized so\nthe attacker cannot put arbitrary values inside, the most likely consequence,\nif any, would be an incorrect result of some application dependent\ncalculations or a crash leading to a denial of service.\n\nThe POLY1305 MAC algorithm is most frequently used as part of the\nCHACHA20-POLY1305 AEAD (authenticated encryption with associated data)\nalgorithm. The most common usage of this AEAD cipher is with TLS protocol\nversions 1.2 and 1.3 and a malicious client can influence whether this AEAD\ncipher is used by the server. This implies that server applications using\nOpenSSL can be potentially impacted. However we are currently not aware of\nany concrete application that would be affected by this issue therefore we\nconsider this a Low severity security issue.\n\nAs a workaround the AVX512-IFMA instructions support can be disabled at\nruntime by setting the environment variable OPENSSL_ia32cap:\n\n   OPENSSL_ia32cap=:~0x200000\n\nThe FIPS provider is not affected by this issue.","severity": "High","links": [{"name": "[CVE-2023-4807] CWE-noinfo","url": "https:\/\/ossindex.sonatype.org\/vulnerability\/CVE-2023-4807?component-type=pypi&component-name=cryptography&utm_source=dependency-check&utm_medium=integration&utm_content=10.0.3"},{"name": "http:\/\/web.nvd.nist.gov\/view\/vuln\/detail?vulnId=CVE-2023-4807","url": "http:\/\/web.nvd.nist.gov\/view\/vuln\/detail?vulnId=CVE-2023-4807"},{"name": "https:\/\/github.com\/advisories\/GHSA-v8gr-m533-ghj9","url": "https:\/\/github.com\/advisories\/GHSA-v8gr-m533-ghj9"},{"name": "https:\/\/www.openssl.org\/news\/secadv\/20230908.txt","url": "https:\/\/www.openssl.org\/news\/secadv\/20230908.txt"}]},{"id": "CVE-2023-49083","identifiers": [{"type": "NVD", "name": "CVE-2023-49083", "value": "96336b476c98943c5bb6f4352629c14a0fdcf6a4", "url": "https://web.nvd.nist.gov/view/vuln/detail?vulnId=CVE-2023-49083"}],"location": {"file": "D:\\a\\H6060-Python-Cryptography\\H6060-Python-Cryptography\\upstream-repository\\dist\\cryptography-39.0.0-cp38-cp38-win_amd64.whl","dependency": {"package": {"name": "cryptography"},"version": "39.0.0"}},"name": "CVE-2023-49083","description": "cryptography is a package designed to expose cryptographic primitives and recipes to Python developers. Calling `load_pem_pkcs7_certificates` or `load_der_pkcs7_certificates` could lead to a NULL-pointer dereference and segfault. Exploitation of this vulnerability poses a serious risk of Denial of Service (DoS) for any application attempting to deserialize a PKCS7 blob\/certificate. The consequences extend to potential disruptions in system availability and stability. This vulnerability has been patched in version 41.0.6.","severity": "High","links": [{"name": "[CVE-2023-49083] CWE-476: NULL Pointer Dereference","url": "https:\/\/ossindex.sonatype.org\/vulnerability\/CVE-2023-49083?component-type=pypi&component-name=cryptography&utm_source=dependency-check&utm_medium=integration&utm_content=10.0.3"},{"name": "http:\/\/web.nvd.nist.gov\/view\/vuln\/detail?vulnId=CVE-2023-49083","url": "http:\/\/web.nvd.nist.gov\/view\/vuln\/detail?vulnId=CVE-2023-49083"},{"name": "https:\/\/github.com\/pyca\/cryptography\/pull\/9926","url": "https:\/\/github.com\/pyca\/cryptography\/pull\/9926"},{"url": "https:\/\/lists.fedoraproject.org\/archives\/list\/package-announce@lists.fedoraproject.org\/message\/QMNTYMUGFJSDBYBU22FUYBHFRZODRKXV\/"},{"name": "EXPLOIT,VENDOR_ADVISORY","url": "https:\/\/github.com\/pyca\/cryptography\/security\/advisories\/GHSA-jfhm-5ghh-2f97"},{"name": "ISSUE_TRACKING,PATCH","url": "https:\/\/github.com\/pyca\/cryptography\/pull\/9926"},{"name": "PATCH","url": "https:\/\/github.com\/pyca\/cryptography\/commit\/f09c261ca10a31fe41b1262306db7f8f1da0e48a"}]},{"id": "CVE-2023-50782","identifiers": [{"type": "OSSINDEX", "name": "CVE-2023-50782", "value": "96336b476c98943c5bb6f4352629c14a0fdcf6a4"}],"location": {"file": "D:\\a\\H6060-Python-Cryptography\\H6060-Python-Cryptography\\upstream-repository\\dist\\cryptography-39.0.0-cp38-cp38-win_amd64.whl","dependency": {"package": {"name": "cryptography"},"version": "39.0.0"}},"name": "CVE-2023-50782","description": "A flaw was found in the python-cryptography package. This issue may allow a remote attacker to decrypt captured messages in TLS servers that use RSA key exchanges, which may lead to exposure of confidential or sensitive data.\n\nSonatype's research suggests that this CVE's details differ from those defined at NVD. See https:\/\/ossindex.sonatype.org\/vulnerability\/CVE-2023-50782 for details","severity": "High","links": [{"name": "[CVE-2023-50782] CWE-203: Information Exposure Through Discrepancy","url": "https:\/\/ossindex.sonatype.org\/vulnerability\/CVE-2023-50782?component-type=pypi&component-name=cryptography&utm_source=dependency-check&utm_medium=integration&utm_content=10.0.3"},{"name": "http:\/\/web.nvd.nist.gov\/view\/vuln\/detail?vulnId=CVE-2023-50782","url": "http:\/\/web.nvd.nist.gov\/view\/vuln\/detail?vulnId=CVE-2023-50782"},{"name": "https:\/\/github.com\/advisories\/GHSA-3ww4-gg4f-jr7f","url": "https:\/\/github.com\/advisories\/GHSA-3ww4-gg4f-jr7f"},{"name": "https:\/\/github.com\/tomato42\/marvin-toolkit\/tree\/master\/example\/pyca-cryptography","url": "https:\/\/github.com\/tomato42\/marvin-toolkit\/tree\/master\/example\/pyca-cryptography"}]},{"id": "CVE-2024-26130","identifiers": [{"type": "OSSINDEX", "name": "CVE-2024-26130", "value": "96336b476c98943c5bb6f4352629c14a0fdcf6a4"}],"location": {"file": "D:\\a\\H6060-Python-Cryptography\\H6060-Python-Cryptography\\upstream-repository\\dist\\cryptography-39.0.0-cp38-cp38-win_amd64.whl","dependency": {"package": {"name": "cryptography"},"version": "39.0.0"}},"name": "CVE-2024-26130","description": "cryptography is a package designed to expose cryptographic primitives and recipes to Python developers. Starting in version 38.0.0 and prior to version 42.0.4, if `pkcs12.serialize_key_and_certificates` is called with both a certificate whose public key did not match the provided private key and an `encryption_algorithm` with `hmac_hash` set (via `PrivateFormat.PKCS12.encryption_builder().hmac_hash(...)`, then a NULL pointer dereference would occur, crashing the Python process. This has been resolved in version 42.0.4, the first version in which a `ValueError` is properly raised.\n\nSonatype's research suggests that this CVE's details differ from those defined at NVD. See https:\/\/ossindex.sonatype.org\/vulnerability\/CVE-2024-26130 for details","severity": "High","links": [{"name": "[CVE-2024-26130] CWE-476: NULL Pointer Dereference","url": "https:\/\/ossindex.sonatype.org\/vulnerability\/CVE-2024-26130?component-type=pypi&component-name=cryptography&utm_source=dependency-check&utm_medium=integration&utm_content=10.0.3"},{"name": "http:\/\/web.nvd.nist.gov\/view\/vuln\/detail?vulnId=CVE-2024-26130","url": "http:\/\/web.nvd.nist.gov\/view\/vuln\/detail?vulnId=CVE-2024-26130"},{"name": "https:\/\/github.com\/advisories\/GHSA-6vqw-3v5j-54x4","url": "https:\/\/github.com\/advisories\/GHSA-6vqw-3v5j-54x4"}]},{"id": "CVE-2023-23931","identifiers": [{"type": "NVD", "name": "CVE-2023-23931", "value": "96336b476c98943c5bb6f4352629c14a0fdcf6a4", "url": "https://web.nvd.nist.gov/view/vuln/detail?vulnId=CVE-2023-23931"}],"location": {"file": "D:\\a\\H6060-Python-Cryptography\\H6060-Python-Cryptography\\upstream-repository\\dist\\cryptography-39.0.0-cp38-cp38-win_amd64.whl","dependency": {"package": {"name": "cryptography"},"version": "39.0.0"}},"name": "CVE-2023-23931","description": "cryptography is a package designed to expose cryptographic primitives and recipes to Python developers. In affected versions `Cipher.update_into` would accept Python objects which implement the buffer protocol, but provide only immutable buffers. This would allow immutable objects (such as `bytes`) to be mutated, thus violating fundamental rules of Python and resulting in corrupted output. This now correctly raises an exception. This issue has been present since `update_into` was originally introduced in cryptography 1.8.","severity": "Medium","links": [{"name": "[CVE-2023-23931] CWE-754: Improper Check for Unusual or Exceptional Conditions","url": "https:\/\/ossindex.sonatype.org\/vulnerability\/CVE-2023-23931?component-type=pypi&component-name=cryptography&utm_source=dependency-check&utm_medium=integration&utm_content=10.0.3"},{"name": "http:\/\/web.nvd.nist.gov\/view\/vuln\/detail?vulnId=CVE-2023-23931","url": "http:\/\/web.nvd.nist.gov\/view\/vuln\/detail?vulnId=CVE-2023-23931"},{"name": "https:\/\/github.com\/advisories\/GHSA-w7pp-m8wf-vj6r","url": "https:\/\/github.com\/advisories\/GHSA-w7pp-m8wf-vj6r"},{"name": "EXPLOIT,VENDOR_ADVISORY","url": "https:\/\/github.com\/pyca\/cryptography\/security\/advisories\/GHSA-w7pp-m8wf-vj6r"},{"name": "PATCH","url": "https:\/\/github.com\/pyca\/cryptography\/pull\/8230\/commits\/94a50a9731f35405f0357fa5f3b177d46a726ab3"}]},{"id": "CVE-2023-4807","identifiers": [{"type": "OSSINDEX", "name": "CVE-2023-4807", "value": "0e383b3c00a2c676cafea39e191e7d0c029aa3fd"}],"location": {"file": "D:\\a\\H6060-Python-Cryptography\\H6060-Python-Cryptography\\upstream-repository\\src\\cryptography\\__init__.py","dependency": {"package": {"name": "cryptography"},"version": "39.0.0"}},"name": "CVE-2023-4807","description": "Issue summary: The POLY1305 MAC (message authentication code) implementation\ncontains a bug that might corrupt the internal state of applications on the\nWindows 64 platform when running on newer X86_64 processors supporting the\nAVX512-IFMA instructions.\n\nImpact summary: If in an application that uses the OpenSSL library an attacker\ncan influence whether the POLY1305 MAC algorithm is used, the application\nstate might be corrupted with various application dependent consequences.\n\nThe POLY1305 MAC (message authentication code) implementation in OpenSSL does\nnot save the contents of non-volatile XMM registers on Windows 64 platform\nwhen calculating the MAC of data larger than 64 bytes. Before returning to\nthe caller all the XMM registers are set to zero rather than restoring their\nprevious content. The vulnerable code is used only on newer x86_64 processors\nsupporting the AVX512-IFMA instructions.\n\nThe consequences of this kind of internal application state corruption can\nbe various - from no consequences, if the calling application does not\ndepend on the contents of non-volatile XMM registers at all, to the worst\nconsequences, where the attacker could get complete control of the application\nprocess. However given the contents of the registers are just zeroized so\nthe attacker cannot put arbitrary values inside, the most likely consequence,\nif any, would be an incorrect result of some application dependent\ncalculations or a crash leading to a denial of service.\n\nThe POLY1305 MAC algorithm is most frequently used as part of the\nCHACHA20-POLY1305 AEAD (authenticated encryption with associated data)\nalgorithm. The most common usage of this AEAD cipher is with TLS protocol\nversions 1.2 and 1.3 and a malicious client can influence whether this AEAD\ncipher is used by the server. This implies that server applications using\nOpenSSL can be potentially impacted. However we are currently not aware of\nany concrete application that would be affected by this issue therefore we\nconsider this a Low severity security issue.\n\nAs a workaround the AVX512-IFMA instructions support can be disabled at\nruntime by setting the environment variable OPENSSL_ia32cap:\n\n   OPENSSL_ia32cap=:~0x200000\n\nThe FIPS provider is not affected by this issue.","severity": "High","links": [{"name": "[CVE-2023-4807] CWE-noinfo","url": "https:\/\/ossindex.sonatype.org\/vulnerability\/CVE-2023-4807?component-type=pypi&component-name=cryptography&utm_source=dependency-check&utm_medium=integration&utm_content=10.0.3"},{"name": "http:\/\/web.nvd.nist.gov\/view\/vuln\/detail?vulnId=CVE-2023-4807","url": "http:\/\/web.nvd.nist.gov\/view\/vuln\/detail?vulnId=CVE-2023-4807"},{"name": "https:\/\/github.com\/advisories\/GHSA-v8gr-m533-ghj9","url": "https:\/\/github.com\/advisories\/GHSA-v8gr-m533-ghj9"},{"name": "https:\/\/www.openssl.org\/news\/secadv\/20230908.txt","url": "https:\/\/www.openssl.org\/news\/secadv\/20230908.txt"}]},{"id": "CVE-2023-49083","identifiers": [{"type": "OSSINDEX", "name": "CVE-2023-49083", "value": "0e383b3c00a2c676cafea39e191e7d0c029aa3fd"}],"location": {"file": "D:\\a\\H6060-Python-Cryptography\\H6060-Python-Cryptography\\upstream-repository\\src\\cryptography\\__init__.py","dependency": {"package": {"name": "cryptography"},"version": "39.0.0"}},"name": "CVE-2023-49083","description": "cryptography is a package designed to expose cryptographic primitives and recipes to Python developers. Calling `load_pem_pkcs7_certificates` or `load_der_pkcs7_certificates` could lead to a NULL-pointer dereference and segfault. Exploitation of this vulnerability poses a serious risk of Denial of Service (DoS) for any application attempting to deserialize a PKCS7 blob\/certificate. The consequences extend to potential disruptions in system availability and stability. This vulnerability has been patched in version 41.0.6.","severity": "High","links": [{"name": "[CVE-2023-49083] CWE-476: NULL Pointer Dereference","url": "https:\/\/ossindex.sonatype.org\/vulnerability\/CVE-2023-49083?component-type=pypi&component-name=cryptography&utm_source=dependency-check&utm_medium=integration&utm_content=10.0.3"},{"name": "http:\/\/web.nvd.nist.gov\/view\/vuln\/detail?vulnId=CVE-2023-49083","url": "http:\/\/web.nvd.nist.gov\/view\/vuln\/detail?vulnId=CVE-2023-49083"},{"name": "https:\/\/github.com\/pyca\/cryptography\/pull\/9926","url": "https:\/\/github.com\/pyca\/cryptography\/pull\/9926"}]},{"id": "CVE-2023-50782","identifiers": [{"type": "OSSINDEX", "name": "CVE-2023-50782", "value": "0e383b3c00a2c676cafea39e191e7d0c029aa3fd"}],"location": {"file": "D:\\a\\H6060-Python-Cryptography\\H6060-Python-Cryptography\\upstream-repository\\src\\cryptography\\__init__.py","dependency": {"package": {"name": "cryptography"},"version": "39.0.0"}},"name": "CVE-2023-50782","description": "A flaw was found in the python-cryptography package. This issue may allow a remote attacker to decrypt captured messages in TLS servers that use RSA key exchanges, which may lead to exposure of confidential or sensitive data.\n\nSonatype's research suggests that this CVE's details differ from those defined at NVD. See https:\/\/ossindex.sonatype.org\/vulnerability\/CVE-2023-50782 for details","severity": "High","links": [{"name": "[CVE-2023-50782] CWE-203: Information Exposure Through Discrepancy","url": "https:\/\/ossindex.sonatype.org\/vulnerability\/CVE-2023-50782?component-type=pypi&component-name=cryptography&utm_source=dependency-check&utm_medium=integration&utm_content=10.0.3"},{"name": "http:\/\/web.nvd.nist.gov\/view\/vuln\/detail?vulnId=CVE-2023-50782","url": "http:\/\/web.nvd.nist.gov\/view\/vuln\/detail?vulnId=CVE-2023-50782"},{"name": "https:\/\/github.com\/advisories\/GHSA-3ww4-gg4f-jr7f","url": "https:\/\/github.com\/advisories\/GHSA-3ww4-gg4f-jr7f"},{"name": "https:\/\/github.com\/tomato42\/marvin-toolkit\/tree\/master\/example\/pyca-cryptography","url": "https:\/\/github.com\/tomato42\/marvin-toolkit\/tree\/master\/example\/pyca-cryptography"}]},{"id": "CVE-2024-26130","identifiers": [{"type": "OSSINDEX", "name": "CVE-2024-26130", "value": "0e383b3c00a2c676cafea39e191e7d0c029aa3fd"}],"location": {"file": "D:\\a\\H6060-Python-Cryptography\\H6060-Python-Cryptography\\upstream-repository\\src\\cryptography\\__init__.py","dependency": {"package": {"name": "cryptography"},"version": "39.0.0"}},"name": "CVE-2024-26130","description": "cryptography is a package designed to expose cryptographic primitives and recipes to Python developers. Starting in version 38.0.0 and prior to version 42.0.4, if `pkcs12.serialize_key_and_certificates` is called with both a certificate whose public key did not match the provided private key and an `encryption_algorithm` with `hmac_hash` set (via `PrivateFormat.PKCS12.encryption_builder().hmac_hash(...)`, then a NULL pointer dereference would occur, crashing the Python process. This has been resolved in version 42.0.4, the first version in which a `ValueError` is properly raised.\n\nSonatype's research suggests that this CVE's details differ from those defined at NVD. See https:\/\/ossindex.sonatype.org\/vulnerability\/CVE-2024-26130 for details","severity": "High","links": [{"name": "[CVE-2024-26130] CWE-476: NULL Pointer Dereference","url": "https:\/\/ossindex.sonatype.org\/vulnerability\/CVE-2024-26130?component-type=pypi&component-name=cryptography&utm_source=dependency-check&utm_medium=integration&utm_content=10.0.3"},{"name": "http:\/\/web.nvd.nist.gov\/view\/vuln\/detail?vulnId=CVE-2024-26130","url": "http:\/\/web.nvd.nist.gov\/view\/vuln\/detail?vulnId=CVE-2024-26130"},{"name": "https:\/\/github.com\/advisories\/GHSA-6vqw-3v5j-54x4","url": "https:\/\/github.com\/advisories\/GHSA-6vqw-3v5j-54x4"}]},{"id": "CVE-2023-23931","identifiers": [{"type": "OSSINDEX", "name": "CVE-2023-23931", "value": "0e383b3c00a2c676cafea39e191e7d0c029aa3fd"}],"location": {"file": "D:\\a\\H6060-Python-Cryptography\\H6060-Python-Cryptography\\upstream-repository\\src\\cryptography\\__init__.py","dependency": {"package": {"name": "cryptography"},"version": "39.0.0"}},"name": "CVE-2023-23931","description": "cryptography is a package designed to expose cryptographic primitives and recipes to Python developers. In affected versions `Cipher.update_into` would accept Python objects which implement the buffer protocol, but provide only immutable buffers. This would allow immutable objects (such as `bytes`) to be mutated, thus violating fundamental rules of Python and resulting in corrupted output. This now correctly raises an exception. This issue has been present since `update_into` was originally introduced in cryptography 1.8.\n\nSonatype's research suggests that this CVE's details differ from those defined at NVD. See https:\/\/ossindex.sonatype.org\/vulnerability\/CVE-2023-23931 for details","severity": "Medium","links": [{"name": "[CVE-2023-23931] CWE-754: Improper Check for Unusual or Exceptional Conditions","url": "https:\/\/ossindex.sonatype.org\/vulnerability\/CVE-2023-23931?component-type=pypi&component-name=cryptography&utm_source=dependency-check&utm_medium=integration&utm_content=10.0.3"},{"name": "http:\/\/web.nvd.nist.gov\/view\/vuln\/detail?vulnId=CVE-2023-23931","url": "http:\/\/web.nvd.nist.gov\/view\/vuln\/detail?vulnId=CVE-2023-23931"},{"name": "https:\/\/github.com\/advisories\/GHSA-w7pp-m8wf-vj6r","url": "https:\/\/github.com\/advisories\/GHSA-w7pp-m8wf-vj6r"}]}],"dependency_files": [{"path": "pom.xml","package_manager": "maven","dependencies": [{"package": {"name": "_cffi_src"},"version": "$enc.json($dependency.version)"},{"package": {"name": "hazmat"},"version": "$enc.json($dependency.version)"},{"package": {"name": "backends"},"version": "$enc.json($dependency.version)"},{"package": {"name": "openssl"},"version": "$enc.json($dependency.version)"},{"package": {"name": "ciphers"},"version": "$enc.json($dependency.version)"},{"package": {"name": "kdf"},"version": "$enc.json($dependency.version)"},{"package": {"name": "serialization"},"version": "$enc.json($dependency.version)"},{"package": {"name": "twofactor"},"version": "$enc.json($dependency.version)"},{"package": {"name": "x509"},"version": "$enc.json($dependency.version)"},{"package": {"name": "tests"},"version": "$enc.json($dependency.version)"},{"package": {"name": "bcrypt"},"version": "3.1.5"},{"package": {"name": "black"},"version": "$enc.json($dependency.version)"},{"package": {"name": "cffi"},"version": "1.12"},{"package": {"name": "cryptography"},"version": "39.0.0"},{"package": {"name": "cryptography"},"version": "39.0.0"},{"package": {"name": "cryptography_vectors"},"version": "39.0.0"},{"package": {"name": "hypothesis!=3.79.2,"},"version": "1.11.4"},{"package": {"name": "iso8601"},"version": "$enc.json($dependency.version)"},{"package": {"name": "pretend"},"version": "$enc.json($dependency.version)"},{"package": {"name": "pyenchant"},"version": "1.6.11"},{"package": {"name": "pytest-benchmark"},"version": "$enc.json($dependency.version)"},{"package": {"name": "pytest-cov"},"version": "$enc.json($dependency.version)"},{"package": {"name": "pytest-subtests"},"version": "$enc.json($dependency.version)"},{"package": {"name": "pytest-xdist"},"version": "$enc.json($dependency.version)"},{"package": {"name": "pytest"},"version": "6.2.0"},{"package": {"name": "pytz"},"version": "$enc.json($dependency.version)"},{"package": {"name": "ruff"},"version": "$enc.json($dependency.version)"},{"package": {"name": "setuptools_rust"},"version": "0.11.4"},{"package": {"name": "sphinx!=1.8.0,!=3.1.0,!=3.1.1,!=5.2.0,!=5.2.0.post0,"},"version": "1.6.5"},{"package": {"name": "sphinx_rtd_theme"},"version": "$enc.json($dependency.version)"},{"package": {"name": "sphinxcontrib-spelling"},"version": "4.0.1"},{"package": {"name": "twine"},"version": "1.12.0"}]}],"remediations": [] }