{
 "matches": [
  {
   "vulnerability": {
    "id": "CVE-2022-42004",
    "dataSource": "https://nvd.nist.gov/vuln/detail/CVE-2022-42004",
    "namespace": "nvd:cpe",
    "severity": "High",
    "urls": [
     "https://bugs.chromium.org/p/oss-fuzz/issues/detail?id=50490",
     "https://github.com/FasterXML/jackson-databind/commit/063183589218fec19a9293ed2f17ec53ea80ba88",
     "https://github.com/FasterXML/jackson-databind/issues/3582",
     "https://lists.debian.org/debian-lts-announce/2022/11/msg00035.html",
     "https://security.gentoo.org/glsa/202210-21",
     "https://security.netapp.com/advisory/ntap-20221118-0008/",
     "https://www.debian.org/security/2022/dsa-5283"
    ],
    "description": "In FasterXML jackson-databind before 2.13.4, resource exhaustion can occur because of a lack of a check in BeanDeserializer._deserializeFromArray to prevent use of deeply nested arrays. An application is vulnerable only with certain customized choices for deserialization.",
    "cvss": [
     {
      "source": "nvd@nist.gov",
      "type": "Primary",
      "version": "3.1",
      "vector": "CVSS:3.1/AV:N/AC:L/PR:N/UI:N/S:U/C:N/I:N/A:H",
      "metrics": {
       "baseScore": 7.5,
       "exploitabilityScore": 3.9,
       "impactScore": 3.6
      },
      "vendorMetadata": {}
     }
    ],
    "fix": {
     "versions": [
      "2.12.7.1"
     ],
     "state": "fixed"
    },
    "advisories": []
   },
   "relatedVulnerabilities": [
    {
     "id": "GHSA-rgv9-q543-rqg4",
     "dataSource": "https://github.com/advisories/GHSA-rgv9-q543-rqg4",
     "namespace": "github:language:java",
     "severity": "High",
     "urls": [
      "https://github.com/advisories/GHSA-rgv9-q543-rqg4"
     ],
     "description": "Uncontrolled Resource Consumption in FasterXML jackson-databind",
     "cvss": [
      {
       "version": "3.1",
       "vector": "CVSS:3.1/AV:N/AC:L/PR:N/UI:N/S:U/C:N/I:N/A:H",
       "metrics": {
        "baseScore": 7.5,
        "exploitabilityScore": 3.9,
        "impactScore": 3.6
       },
       "vendorMetadata": {
        "base_severity": "High",
        "status": "N/A"
       }
      }
     ]
    }
   ],
   "matchDetails": [
    {
     "type": "exact-direct-match",
     "matcher": "java-matcher",
     "searchedBy": {
      "language": "java",
      "namespace": "github:language:java",
      "package": {
       "name": "jackson-databind",
       "version": "2.9.10.7"
      }
     },
     "found": {
      "versionConstraint": "<2.12.7.1 (unknown)",
      "vulnerabilityID": "GHSA-rgv9-q543-rqg4"
     }
    }
   ],
   "artifact": {
    "id": "8eafe469ff6584dc",
    "name": "jackson-databind",
    "version": "2.9.10.7",
    "type": "java-archive",
    "locations": [
     {
      "path": "/target/target/jackson-databind-2.9.10.7.jar"
     }
    ],
    "language": "java",
    "licenses": [
     "http://www.apache.org/licenses/LICENSE-2.0.txt"
    ],
    "cpes": [
     "cpe:2.3:a:jackson-databind:jackson-databind:2.9.10.7:*:*:*:*:*:*:*",
     "cpe:2.3:a:jackson-databind:jackson_databind:2.9.10.7:*:*:*:*:*:*:*",
     "cpe:2.3:a:jackson_databind:jackson-databind:2.9.10.7:*:*:*:*:*:*:*",
     "cpe:2.3:a:jackson_databind:jackson_databind:2.9.10.7:*:*:*:*:*:*:*",
     "cpe:2.3:a:fasterxml:jackson-databind:2.9.10.7:*:*:*:*:*:*:*",
     "cpe:2.3:a:fasterxml:jackson_databind:2.9.10.7:*:*:*:*:*:*:*",
     "cpe:2.3:a:jackson-databind:jackson:2.9.10.7:*:*:*:*:*:*:*",
     "cpe:2.3:a:jackson:jackson-databind:2.9.10.7:*:*:*:*:*:*:*",
     "cpe:2.3:a:jackson:jackson_databind:2.9.10.7:*:*:*:*:*:*:*",
     "cpe:2.3:a:jackson_databind:jackson:2.9.10.7:*:*:*:*:*:*:*",
     "cpe:2.3:a:core:jackson-databind:2.9.10.7:*:*:*:*:*:*:*",
     "cpe:2.3:a:core:jackson_databind:2.9.10.7:*:*:*:*:*:*:*",
     "cpe:2.3:a:fasterxml:jackson:2.9.10.7:*:*:*:*:*:*:*",
     "cpe:2.3:a:jackson:jackson:2.9.10.7:*:*:*:*:*:*:*",
     "cpe:2.3:a:core:jackson:2.9.10.7:*:*:*:*:*:*:*"
    ],
    "purl": "pkg:maven/com.fasterxml.jackson.core/jackson-databind@2.9.10.7",
    "upstreams": [],
    "metadataType": "JavaMetadata",
    "metadata": {
     "virtualPath": "/target/target/jackson-databind-2.9.10.7.jar",
     "pomArtifactID": "jackson-databind",
     "pomGroupID": "com.fasterxml.jackson.core",
     "manifestName": "",
     "archiveDigests": [
      {
       "algorithm": "sha1",
       "value": "dfda848a6816a00fe45c3b1d6b8ec556106f0317"
      }
     ]
    }
   }
  },
  {
   "vulnerability": {
    "id": "CVE-2022-42003",
    "dataSource": "https://nvd.nist.gov/vuln/detail/CVE-2022-42003",
    "namespace": "nvd:cpe",
    "severity": "High",
    "urls": [
     "https://bugs.chromium.org/p/oss-fuzz/issues/detail?id=51020",
     "https://github.com/FasterXML/jackson-databind/commit/d78d00ee7b5245b93103fef3187f70543d67ca33",
     "https://github.com/FasterXML/jackson-databind/issues/3590",
     "https://lists.debian.org/debian-lts-announce/2022/11/msg00035.html",
     "https://security.gentoo.org/glsa/202210-21",
     "https://security.netapp.com/advisory/ntap-20221124-0004/",
     "https://www.debian.org/security/2022/dsa-5283"
    ],
    "description": "In FasterXML jackson-databind before versions 2.13.4.1 and 2.12.17.1, resource exhaustion can occur because of a lack of a check in primitive value deserializers to avoid deep wrapper array nesting, when the UNWRAP_SINGLE_VALUE_ARRAYS feature is enabled.",
    "cvss": [
     {
      "source": "nvd@nist.gov",
      "type": "Primary",
      "version": "3.1",
      "vector": "CVSS:3.1/AV:N/AC:L/PR:N/UI:N/S:U/C:N/I:N/A:H",
      "metrics": {
       "baseScore": 7.5,
       "exploitabilityScore": 3.9,
       "impactScore": 3.6
      },
      "vendorMetadata": {}
     }
    ],
    "fix": {
     "versions": [
      "2.12.7.1"
     ],
     "state": "fixed"
    },
    "advisories": []
   },
   "relatedVulnerabilities": [
    {
     "id": "GHSA-jjjh-jjxp-wpff",
     "dataSource": "https://github.com/advisories/GHSA-jjjh-jjxp-wpff",
     "namespace": "github:language:java",
     "severity": "High",
     "urls": [
      "https://github.com/advisories/GHSA-jjjh-jjxp-wpff"
     ],
     "description": "Uncontrolled Resource Consumption in Jackson-databind",
     "cvss": [
      {
       "version": "3.1",
       "vector": "CVSS:3.1/AV:N/AC:L/PR:N/UI:N/S:U/C:N/I:N/A:H",
       "metrics": {
        "baseScore": 7.5,
        "exploitabilityScore": 3.9,
        "impactScore": 3.6
       },
       "vendorMetadata": {
        "base_severity": "High",
        "status": "N/A"
       }
      }
     ]
    }
   ],
   "matchDetails": [
    {
     "type": "exact-direct-match",
     "matcher": "java-matcher",
     "searchedBy": {
      "language": "java",
      "namespace": "github:language:java",
      "package": {
       "name": "jackson-databind",
       "version": "2.9.10.7"
      }
     },
     "found": {
      "versionConstraint": ">=2.4.0-rc1,<2.12.7.1 (unknown)",
      "vulnerabilityID": "GHSA-jjjh-jjxp-wpff"
     }
    }
   ],
   "artifact": {
    "id": "8eafe469ff6584dc",
    "name": "jackson-databind",
    "version": "2.9.10.7",
    "type": "java-archive",
    "locations": [
     {
      "path": "/target/target/jackson-databind-2.9.10.7.jar"
     }
    ],
    "language": "java",
    "licenses": [
     "http://www.apache.org/licenses/LICENSE-2.0.txt"
    ],
    "cpes": [
     "cpe:2.3:a:jackson-databind:jackson-databind:2.9.10.7:*:*:*:*:*:*:*",
     "cpe:2.3:a:jackson-databind:jackson_databind:2.9.10.7:*:*:*:*:*:*:*",
     "cpe:2.3:a:jackson_databind:jackson-databind:2.9.10.7:*:*:*:*:*:*:*",
     "cpe:2.3:a:jackson_databind:jackson_databind:2.9.10.7:*:*:*:*:*:*:*",
     "cpe:2.3:a:fasterxml:jackson-databind:2.9.10.7:*:*:*:*:*:*:*",
     "cpe:2.3:a:fasterxml:jackson_databind:2.9.10.7:*:*:*:*:*:*:*",
     "cpe:2.3:a:jackson-databind:jackson:2.9.10.7:*:*:*:*:*:*:*",
     "cpe:2.3:a:jackson:jackson-databind:2.9.10.7:*:*:*:*:*:*:*",
     "cpe:2.3:a:jackson:jackson_databind:2.9.10.7:*:*:*:*:*:*:*",
     "cpe:2.3:a:jackson_databind:jackson:2.9.10.7:*:*:*:*:*:*:*",
     "cpe:2.3:a:core:jackson-databind:2.9.10.7:*:*:*:*:*:*:*",
     "cpe:2.3:a:core:jackson_databind:2.9.10.7:*:*:*:*:*:*:*",
     "cpe:2.3:a:fasterxml:jackson:2.9.10.7:*:*:*:*:*:*:*",
     "cpe:2.3:a:jackson:jackson:2.9.10.7:*:*:*:*:*:*:*",
     "cpe:2.3:a:core:jackson:2.9.10.7:*:*:*:*:*:*:*"
    ],
    "purl": "pkg:maven/com.fasterxml.jackson.core/jackson-databind@2.9.10.7",
    "upstreams": [],
    "metadataType": "JavaMetadata",
    "metadata": {
     "virtualPath": "/target/target/jackson-databind-2.9.10.7.jar",
     "pomArtifactID": "jackson-databind",
     "pomGroupID": "com.fasterxml.jackson.core",
     "manifestName": "",
     "archiveDigests": [
      {
       "algorithm": "sha1",
       "value": "dfda848a6816a00fe45c3b1d6b8ec556106f0317"
      }
     ]
    }
   }
  },
  {
   "vulnerability": {
    "id": "CVE-2020-36518",
    "dataSource": "https://nvd.nist.gov/vuln/detail/CVE-2020-36518",
    "namespace": "nvd:cpe",
    "severity": "High",
    "urls": [
     "https://github.com/FasterXML/jackson-databind/issues/2816",
     "https://lists.debian.org/debian-lts-announce/2022/05/msg00001.html",
     "https://lists.debian.org/debian-lts-announce/2022/11/msg00035.html",
     "https://security.netapp.com/advisory/ntap-20220506-0004/",
     "https://www.debian.org/security/2022/dsa-5283",
     "https://www.oracle.com/security-alerts/cpuapr2022.html",
     "https://www.oracle.com/security-alerts/cpujul2022.html"
    ],
    "description": "jackson-databind before 2.13.0 allows a Java StackOverflow exception and denial of service via a large depth of nested objects.",
    "cvss": [
     {
      "source": "nvd@nist.gov",
      "type": "Primary",
      "version": "2.0",
      "vector": "AV:N/AC:L/Au:N/C:N/I:N/A:P",
      "metrics": {
       "baseScore": 5,
       "exploitabilityScore": 10,
       "impactScore": 2.9
      },
      "vendorMetadata": {}
     },
     {
      "source": "nvd@nist.gov",
      "type": "Primary",
      "version": "3.1",
      "vector": "CVSS:3.1/AV:N/AC:L/PR:N/UI:N/S:U/C:N/I:N/A:H",
      "metrics": {
       "baseScore": 7.5,
       "exploitabilityScore": 3.9,
       "impactScore": 3.6
      },
      "vendorMetadata": {}
     }
    ],
    "fix": {
     "versions": [
      "2.12.6.1"
     ],
     "state": "fixed"
    },
    "advisories": []
   },
   "relatedVulnerabilities": [
    {
     "id": "GHSA-57j2-w4cx-62h2",
     "dataSource": "https://github.com/advisories/GHSA-57j2-w4cx-62h2",
     "namespace": "github:language:java",
     "severity": "High",
     "urls": [
      "https://github.com/advisories/GHSA-57j2-w4cx-62h2"
     ],
     "description": "Deeply nested json in jackson-databind",
     "cvss": [
      {
       "version": "3.1",
       "vector": "CVSS:3.1/AV:N/AC:L/PR:N/UI:N/S:U/C:N/I:N/A:H",
       "metrics": {
        "baseScore": 7.5,
        "exploitabilityScore": 3.9,
        "impactScore": 3.6
       },
       "vendorMetadata": {
        "base_severity": "High",
        "status": "N/A"
       }
      }
     ]
    }
   ],
   "matchDetails": [
    {
     "type": "exact-direct-match",
     "matcher": "java-matcher",
     "searchedBy": {
      "language": "java",
      "namespace": "github:language:java",
      "package": {
       "name": "jackson-databind",
       "version": "2.9.10.7"
      }
     },
     "found": {
      "versionConstraint": "<=2.12.6.0 (unknown)",
      "vulnerabilityID": "GHSA-57j2-w4cx-62h2"
     }
    }
   ],
   "artifact": {
    "id": "8eafe469ff6584dc",
    "name": "jackson-databind",
    "version": "2.9.10.7",
    "type": "java-archive",
    "locations": [
     {
      "path": "/target/target/jackson-databind-2.9.10.7.jar"
     }
    ],
    "language": "java",
    "licenses": [
     "http://www.apache.org/licenses/LICENSE-2.0.txt"
    ],
    "cpes": [
     "cpe:2.3:a:jackson-databind:jackson-databind:2.9.10.7:*:*:*:*:*:*:*",
     "cpe:2.3:a:jackson-databind:jackson_databind:2.9.10.7:*:*:*:*:*:*:*",
     "cpe:2.3:a:jackson_databind:jackson-databind:2.9.10.7:*:*:*:*:*:*:*",
     "cpe:2.3:a:jackson_databind:jackson_databind:2.9.10.7:*:*:*:*:*:*:*",
     "cpe:2.3:a:fasterxml:jackson-databind:2.9.10.7:*:*:*:*:*:*:*",
     "cpe:2.3:a:fasterxml:jackson_databind:2.9.10.7:*:*:*:*:*:*:*",
     "cpe:2.3:a:jackson-databind:jackson:2.9.10.7:*:*:*:*:*:*:*",
     "cpe:2.3:a:jackson:jackson-databind:2.9.10.7:*:*:*:*:*:*:*",
     "cpe:2.3:a:jackson:jackson_databind:2.9.10.7:*:*:*:*:*:*:*",
     "cpe:2.3:a:jackson_databind:jackson:2.9.10.7:*:*:*:*:*:*:*",
     "cpe:2.3:a:core:jackson-databind:2.9.10.7:*:*:*:*:*:*:*",
     "cpe:2.3:a:core:jackson_databind:2.9.10.7:*:*:*:*:*:*:*",
     "cpe:2.3:a:fasterxml:jackson:2.9.10.7:*:*:*:*:*:*:*",
     "cpe:2.3:a:jackson:jackson:2.9.10.7:*:*:*:*:*:*:*",
     "cpe:2.3:a:core:jackson:2.9.10.7:*:*:*:*:*:*:*"
    ],
    "purl": "pkg:maven/com.fasterxml.jackson.core/jackson-databind@2.9.10.7",
    "upstreams": [],
    "metadataType": "JavaMetadata",
    "metadata": {
     "virtualPath": "/target/target/jackson-databind-2.9.10.7.jar",
     "pomArtifactID": "jackson-databind",
     "pomGroupID": "com.fasterxml.jackson.core",
     "manifestName": "",
     "archiveDigests": [
      {
       "algorithm": "sha1",
       "value": "dfda848a6816a00fe45c3b1d6b8ec556106f0317"
      }
     ]
    }
   }
  },
  {
   "vulnerability": {
    "id": "CVE-2020-36189",
    "dataSource": "https://nvd.nist.gov/vuln/detail/CVE-2020-36189",
    "namespace": "nvd:cpe",
    "severity": "High",
    "urls": [
     "https://cowtowncoder.medium.com/on-jackson-cves-dont-panic-here-is-what-you-need-to-know-54cd0d6e8062",
     "https://github.com/FasterXML/jackson-databind/issues/2996",
     "https://lists.debian.org/debian-lts-announce/2021/04/msg00025.html",
     "https://security.netapp.com/advisory/ntap-20210205-0005/",
     "https://www.oracle.com//security-alerts/cpujul2021.html",
     "https://www.oracle.com/security-alerts/cpuApr2021.html",
     "https://www.oracle.com/security-alerts/cpuapr2022.html",
     "https://www.oracle.com/security-alerts/cpujan2022.html",
     "https://www.oracle.com/security-alerts/cpujul2022.html",
     "https://www.oracle.com/security-alerts/cpuoct2021.html"
    ],
    "description": "FasterXML jackson-databind 2.x before 2.9.10.8 mishandles the interaction between serialization gadgets and typing, related to com.newrelic.agent.deps.ch.qos.logback.core.db.DriverManagerConnectionSource.",
    "cvss": [
     {
      "source": "nvd@nist.gov",
      "type": "Primary",
      "version": "2.0",
      "vector": "AV:N/AC:M/Au:N/C:P/I:P/A:P",
      "metrics": {
       "baseScore": 6.8,
       "exploitabilityScore": 8.6,
       "impactScore": 6.4
      },
      "vendorMetadata": {}
     },
     {
      "source": "nvd@nist.gov",
      "type": "Primary",
      "version": "3.1",
      "vector": "CVSS:3.1/AV:N/AC:H/PR:N/UI:N/S:U/C:H/I:H/A:H",
      "metrics": {
       "baseScore": 8.1,
       "exploitabilityScore": 2.2,
       "impactScore": 5.9
      },
      "vendorMetadata": {}
     }
    ],
    "fix": {
     "versions": [
      "2.9.10.8"
     ],
     "state": "fixed"
    },
    "advisories": []
   },
   "relatedVulnerabilities": [
    {
     "id": "GHSA-vfqx-33qm-g869",
     "dataSource": "https://github.com/advisories/GHSA-vfqx-33qm-g869",
     "namespace": "github:language:java",
     "severity": "High",
     "urls": [
      "https://github.com/advisories/GHSA-vfqx-33qm-g869"
     ],
     "description": "Unsafe Deserialization in jackson-databind",
     "cvss": [
      {
       "version": "3.1",
       "vector": "CVSS:3.1/AV:N/AC:H/PR:N/UI:N/S:U/C:H/I:H/A:H",
       "metrics": {
        "baseScore": 8.1,
        "exploitabilityScore": 2.2,
        "impactScore": 5.9
       },
       "vendorMetadata": {
        "base_severity": "High",
        "status": "N/A"
       }
      }
     ]
    }
   ],
   "matchDetails": [
    {
     "type": "exact-direct-match",
     "matcher": "java-matcher",
     "searchedBy": {
      "language": "java",
      "namespace": "github:language:java",
      "package": {
       "name": "jackson-databind",
       "version": "2.9.10.7"
      }
     },
     "found": {
      "versionConstraint": ">=2.7.0,<2.9.10.8 (unknown)",
      "vulnerabilityID": "GHSA-vfqx-33qm-g869"
     }
    }
   ],
   "artifact": {
    "id": "8eafe469ff6584dc",
    "name": "jackson-databind",
    "version": "2.9.10.7",
    "type": "java-archive",
    "locations": [
     {
      "path": "/target/target/jackson-databind-2.9.10.7.jar"
     }
    ],
    "language": "java",
    "licenses": [
     "http://www.apache.org/licenses/LICENSE-2.0.txt"
    ],
    "cpes": [
     "cpe:2.3:a:jackson-databind:jackson-databind:2.9.10.7:*:*:*:*:*:*:*",
     "cpe:2.3:a:jackson-databind:jackson_databind:2.9.10.7:*:*:*:*:*:*:*",
     "cpe:2.3:a:jackson_databind:jackson-databind:2.9.10.7:*:*:*:*:*:*:*",
     "cpe:2.3:a:jackson_databind:jackson_databind:2.9.10.7:*:*:*:*:*:*:*",
     "cpe:2.3:a:fasterxml:jackson-databind:2.9.10.7:*:*:*:*:*:*:*",
     "cpe:2.3:a:fasterxml:jackson_databind:2.9.10.7:*:*:*:*:*:*:*",
     "cpe:2.3:a:jackson-databind:jackson:2.9.10.7:*:*:*:*:*:*:*",
     "cpe:2.3:a:jackson:jackson-databind:2.9.10.7:*:*:*:*:*:*:*",
     "cpe:2.3:a:jackson:jackson_databind:2.9.10.7:*:*:*:*:*:*:*",
     "cpe:2.3:a:jackson_databind:jackson:2.9.10.7:*:*:*:*:*:*:*",
     "cpe:2.3:a:core:jackson-databind:2.9.10.7:*:*:*:*:*:*:*",
     "cpe:2.3:a:core:jackson_databind:2.9.10.7:*:*:*:*:*:*:*",
     "cpe:2.3:a:fasterxml:jackson:2.9.10.7:*:*:*:*:*:*:*",
     "cpe:2.3:a:jackson:jackson:2.9.10.7:*:*:*:*:*:*:*",
     "cpe:2.3:a:core:jackson:2.9.10.7:*:*:*:*:*:*:*"
    ],
    "purl": "pkg:maven/com.fasterxml.jackson.core/jackson-databind@2.9.10.7",
    "upstreams": [],
    "metadataType": "JavaMetadata",
    "metadata": {
     "virtualPath": "/target/target/jackson-databind-2.9.10.7.jar",
     "pomArtifactID": "jackson-databind",
     "pomGroupID": "com.fasterxml.jackson.core",
     "manifestName": "",
     "archiveDigests": [
      {
       "algorithm": "sha1",
       "value": "dfda848a6816a00fe45c3b1d6b8ec556106f0317"
      }
     ]
    }
   }
  },
  {
   "vulnerability": {
    "id": "CVE-2020-36188",
    "dataSource": "https://nvd.nist.gov/vuln/detail/CVE-2020-36188",
    "namespace": "nvd:cpe",
    "severity": "High",
    "urls": [
     "https://cowtowncoder.medium.com/on-jackson-cves-dont-panic-here-is-what-you-need-to-know-54cd0d6e8062",
     "https://github.com/FasterXML/jackson-databind/issues/2996",
     "https://lists.debian.org/debian-lts-announce/2021/04/msg00025.html",
     "https://security.netapp.com/advisory/ntap-20210205-0005/",
     "https://www.oracle.com//security-alerts/cpujul2021.html",
     "https://www.oracle.com/security-alerts/cpuApr2021.html",
     "https://www.oracle.com/security-alerts/cpuapr2022.html",
     "https://www.oracle.com/security-alerts/cpujan2022.html",
     "https://www.oracle.com/security-alerts/cpujul2022.html",
     "https://www.oracle.com/security-alerts/cpuoct2021.html"
    ],
    "description": "FasterXML jackson-databind 2.x before 2.9.10.8 mishandles the interaction between serialization gadgets and typing, related to com.newrelic.agent.deps.ch.qos.logback.core.db.JNDIConnectionSource.",
    "cvss": [
     {
      "source": "nvd@nist.gov",
      "type": "Primary",
      "version": "2.0",
      "vector": "AV:N/AC:M/Au:N/C:P/I:P/A:P",
      "metrics": {
       "baseScore": 6.8,
       "exploitabilityScore": 8.6,
       "impactScore": 6.4
      },
      "vendorMetadata": {}
     },
     {
      "source": "nvd@nist.gov",
      "type": "Primary",
      "version": "3.1",
      "vector": "CVSS:3.1/AV:N/AC:H/PR:N/UI:N/S:U/C:H/I:H/A:H",
      "metrics": {
       "baseScore": 8.1,
       "exploitabilityScore": 2.2,
       "impactScore": 5.9
      },
      "vendorMetadata": {}
     }
    ],
    "fix": {
     "versions": [
      "2.9.10.8"
     ],
     "state": "fixed"
    },
    "advisories": []
   },
   "relatedVulnerabilities": [
    {
     "id": "GHSA-f9xh-2qgp-cq57",
     "dataSource": "https://github.com/advisories/GHSA-f9xh-2qgp-cq57",
     "namespace": "github:language:java",
     "severity": "High",
     "urls": [
      "https://github.com/advisories/GHSA-f9xh-2qgp-cq57"
     ],
     "description": "Unsafe Deserialization in jackson-databind",
     "cvss": [
      {
       "version": "3.1",
       "vector": "CVSS:3.1/AV:N/AC:H/PR:N/UI:N/S:U/C:H/I:H/A:H",
       "metrics": {
        "baseScore": 8.1,
        "exploitabilityScore": 2.2,
        "impactScore": 5.9
       },
       "vendorMetadata": {
        "base_severity": "High",
        "status": "N/A"
       }
      }
     ]
    }
   ],
   "matchDetails": [
    {
     "type": "exact-direct-match",
     "matcher": "java-matcher",
     "searchedBy": {
      "language": "java",
      "namespace": "github:language:java",
      "package": {
       "name": "jackson-databind",
       "version": "2.9.10.7"
      }
     },
     "found": {
      "versionConstraint": ">=2.7.0,<2.9.10.8 (unknown)",
      "vulnerabilityID": "GHSA-f9xh-2qgp-cq57"
     }
    }
   ],
   "artifact": {
    "id": "8eafe469ff6584dc",
    "name": "jackson-databind",
    "version": "2.9.10.7",
    "type": "java-archive",
    "locations": [
     {
      "path": "/target/target/jackson-databind-2.9.10.7.jar"
     }
    ],
    "language": "java",
    "licenses": [
     "http://www.apache.org/licenses/LICENSE-2.0.txt"
    ],
    "cpes": [
     "cpe:2.3:a:jackson-databind:jackson-databind:2.9.10.7:*:*:*:*:*:*:*",
     "cpe:2.3:a:jackson-databind:jackson_databind:2.9.10.7:*:*:*:*:*:*:*",
     "cpe:2.3:a:jackson_databind:jackson-databind:2.9.10.7:*:*:*:*:*:*:*",
     "cpe:2.3:a:jackson_databind:jackson_databind:2.9.10.7:*:*:*:*:*:*:*",
     "cpe:2.3:a:fasterxml:jackson-databind:2.9.10.7:*:*:*:*:*:*:*",
     "cpe:2.3:a:fasterxml:jackson_databind:2.9.10.7:*:*:*:*:*:*:*",
     "cpe:2.3:a:jackson-databind:jackson:2.9.10.7:*:*:*:*:*:*:*",
     "cpe:2.3:a:jackson:jackson-databind:2.9.10.7:*:*:*:*:*:*:*",
     "cpe:2.3:a:jackson:jackson_databind:2.9.10.7:*:*:*:*:*:*:*",
     "cpe:2.3:a:jackson_databind:jackson:2.9.10.7:*:*:*:*:*:*:*",
     "cpe:2.3:a:core:jackson-databind:2.9.10.7:*:*:*:*:*:*:*",
     "cpe:2.3:a:core:jackson_databind:2.9.10.7:*:*:*:*:*:*:*",
     "cpe:2.3:a:fasterxml:jackson:2.9.10.7:*:*:*:*:*:*:*",
     "cpe:2.3:a:jackson:jackson:2.9.10.7:*:*:*:*:*:*:*",
     "cpe:2.3:a:core:jackson:2.9.10.7:*:*:*:*:*:*:*"
    ],
    "purl": "pkg:maven/com.fasterxml.jackson.core/jackson-databind@2.9.10.7",
    "upstreams": [],
    "metadataType": "JavaMetadata",
    "metadata": {
     "virtualPath": "/target/target/jackson-databind-2.9.10.7.jar",
     "pomArtifactID": "jackson-databind",
     "pomGroupID": "com.fasterxml.jackson.core",
     "manifestName": "",
     "archiveDigests": [
      {
       "algorithm": "sha1",
       "value": "dfda848a6816a00fe45c3b1d6b8ec556106f0317"
      }
     ]
    }
   }
  },
  {
   "vulnerability": {
    "id": "CVE-2020-36187",
    "dataSource": "https://nvd.nist.gov/vuln/detail/CVE-2020-36187",
    "namespace": "nvd:cpe",
    "severity": "High",
    "urls": [
     "https://cowtowncoder.medium.com/on-jackson-cves-dont-panic-here-is-what-you-need-to-know-54cd0d6e8062",
     "https://github.com/FasterXML/jackson-databind/issues/2997",
     "https://lists.debian.org/debian-lts-announce/2021/04/msg00025.html",
     "https://security.netapp.com/advisory/ntap-20210205-0005/",
     "https://www.oracle.com//security-alerts/cpujul2021.html",
     "https://www.oracle.com/security-alerts/cpuApr2021.html",
     "https://www.oracle.com/security-alerts/cpuapr2022.html",
     "https://www.oracle.com/security-alerts/cpujan2022.html",
     "https://www.oracle.com/security-alerts/cpujul2022.html",
     "https://www.oracle.com/security-alerts/cpuoct2021.html"
    ],
    "description": "FasterXML jackson-databind 2.x before 2.9.10.8 mishandles the interaction between serialization gadgets and typing, related to org.apache.tomcat.dbcp.dbcp.datasources.SharedPoolDataSource.",
    "cvss": [
     {
      "source": "nvd@nist.gov",
      "type": "Primary",
      "version": "2.0",
      "vector": "AV:N/AC:M/Au:N/C:P/I:P/A:P",
      "metrics": {
       "baseScore": 6.8,
       "exploitabilityScore": 8.6,
       "impactScore": 6.4
      },
      "vendorMetadata": {}
     },
     {
      "source": "nvd@nist.gov",
      "type": "Primary",
      "version": "3.1",
      "vector": "CVSS:3.1/AV:N/AC:H/PR:N/UI:N/S:U/C:H/I:H/A:H",
      "metrics": {
       "baseScore": 8.1,
       "exploitabilityScore": 2.2,
       "impactScore": 5.9
      },
      "vendorMetadata": {}
     }
    ],
    "fix": {
     "versions": [
      "2.9.10.8"
     ],
     "state": "fixed"
    },
    "advisories": []
   },
   "relatedVulnerabilities": [
    {
     "id": "GHSA-r695-7vr9-jgc2",
     "dataSource": "https://github.com/advisories/GHSA-r695-7vr9-jgc2",
     "namespace": "github:language:java",
     "severity": "High",
     "urls": [
      "https://github.com/advisories/GHSA-r695-7vr9-jgc2"
     ],
     "description": "Unsafe Deserialization in jackson-databind",
     "cvss": [
      {
       "version": "3.1",
       "vector": "CVSS:3.1/AV:N/AC:H/PR:N/UI:N/S:U/C:H/I:H/A:H",
       "metrics": {
        "baseScore": 8.1,
        "exploitabilityScore": 2.2,
        "impactScore": 5.9
       },
       "vendorMetadata": {
        "base_severity": "High",
        "status": "N/A"
       }
      }
     ]
    }
   ],
   "matchDetails": [
    {
     "type": "exact-direct-match",
     "matcher": "java-matcher",
     "searchedBy": {
      "language": "java",
      "namespace": "github:language:java",
      "package": {
       "name": "jackson-databind",
       "version": "2.9.10.7"
      }
     },
     "found": {
      "versionConstraint": ">=2.0.0,<2.9.10.8 (unknown)",
      "vulnerabilityID": "GHSA-r695-7vr9-jgc2"
     }
    }
   ],
   "artifact": {
    "id": "8eafe469ff6584dc",
    "name": "jackson-databind",
    "version": "2.9.10.7",
    "type": "java-archive",
    "locations": [
     {
      "path": "/target/target/jackson-databind-2.9.10.7.jar"
     }
    ],
    "language": "java",
    "licenses": [
     "http://www.apache.org/licenses/LICENSE-2.0.txt"
    ],
    "cpes": [
     "cpe:2.3:a:jackson-databind:jackson-databind:2.9.10.7:*:*:*:*:*:*:*",
     "cpe:2.3:a:jackson-databind:jackson_databind:2.9.10.7:*:*:*:*:*:*:*",
     "cpe:2.3:a:jackson_databind:jackson-databind:2.9.10.7:*:*:*:*:*:*:*",
     "cpe:2.3:a:jackson_databind:jackson_databind:2.9.10.7:*:*:*:*:*:*:*",
     "cpe:2.3:a:fasterxml:jackson-databind:2.9.10.7:*:*:*:*:*:*:*",
     "cpe:2.3:a:fasterxml:jackson_databind:2.9.10.7:*:*:*:*:*:*:*",
     "cpe:2.3:a:jackson-databind:jackson:2.9.10.7:*:*:*:*:*:*:*",
     "cpe:2.3:a:jackson:jackson-databind:2.9.10.7:*:*:*:*:*:*:*",
     "cpe:2.3:a:jackson:jackson_databind:2.9.10.7:*:*:*:*:*:*:*",
     "cpe:2.3:a:jackson_databind:jackson:2.9.10.7:*:*:*:*:*:*:*",
     "cpe:2.3:a:core:jackson-databind:2.9.10.7:*:*:*:*:*:*:*",
     "cpe:2.3:a:core:jackson_databind:2.9.10.7:*:*:*:*:*:*:*",
     "cpe:2.3:a:fasterxml:jackson:2.9.10.7:*:*:*:*:*:*:*",
     "cpe:2.3:a:jackson:jackson:2.9.10.7:*:*:*:*:*:*:*",
     "cpe:2.3:a:core:jackson:2.9.10.7:*:*:*:*:*:*:*"
    ],
    "purl": "pkg:maven/com.fasterxml.jackson.core/jackson-databind@2.9.10.7",
    "upstreams": [],
    "metadataType": "JavaMetadata",
    "metadata": {
     "virtualPath": "/target/target/jackson-databind-2.9.10.7.jar",
     "pomArtifactID": "jackson-databind",
     "pomGroupID": "com.fasterxml.jackson.core",
     "manifestName": "",
     "archiveDigests": [
      {
       "algorithm": "sha1",
       "value": "dfda848a6816a00fe45c3b1d6b8ec556106f0317"
      }
     ]
    }
   }
  },
  {
   "vulnerability": {
    "id": "CVE-2020-36186",
    "dataSource": "https://nvd.nist.gov/vuln/detail/CVE-2020-36186",
    "namespace": "nvd:cpe",
    "severity": "High",
    "urls": [
     "https://cowtowncoder.medium.com/on-jackson-cves-dont-panic-here-is-what-you-need-to-know-54cd0d6e8062",
     "https://github.com/FasterXML/jackson-databind/issues/2997",
     "https://lists.debian.org/debian-lts-announce/2021/04/msg00025.html",
     "https://security.netapp.com/advisory/ntap-20210205-0005/",
     "https://www.oracle.com//security-alerts/cpujul2021.html",
     "https://www.oracle.com/security-alerts/cpuApr2021.html",
     "https://www.oracle.com/security-alerts/cpuapr2022.html",
     "https://www.oracle.com/security-alerts/cpujan2022.html",
     "https://www.oracle.com/security-alerts/cpujul2022.html",
     "https://www.oracle.com/security-alerts/cpuoct2021.html"
    ],
    "description": "FasterXML jackson-databind 2.x before 2.9.10.8 mishandles the interaction between serialization gadgets and typing, related to org.apache.tomcat.dbcp.dbcp.datasources.PerUserPoolDataSource.",
    "cvss": [
     {
      "source": "nvd@nist.gov",
      "type": "Primary",
      "version": "2.0",
      "vector": "AV:N/AC:M/Au:N/C:P/I:P/A:P",
      "metrics": {
       "baseScore": 6.8,
       "exploitabilityScore": 8.6,
       "impactScore": 6.4
      },
      "vendorMetadata": {}
     },
     {
      "source": "nvd@nist.gov",
      "type": "Primary",
      "version": "3.1",
      "vector": "CVSS:3.1/AV:N/AC:H/PR:N/UI:N/S:U/C:H/I:H/A:H",
      "metrics": {
       "baseScore": 8.1,
       "exploitabilityScore": 2.2,
       "impactScore": 5.9
      },
      "vendorMetadata": {}
     }
    ],
    "fix": {
     "versions": [
      "2.9.10.8"
     ],
     "state": "fixed"
    },
    "advisories": []
   },
   "relatedVulnerabilities": [
    {
     "id": "GHSA-v585-23hc-c647",
     "dataSource": "https://github.com/advisories/GHSA-v585-23hc-c647",
     "namespace": "github:language:java",
     "severity": "High",
     "urls": [
      "https://github.com/advisories/GHSA-v585-23hc-c647"
     ],
     "description": "Unsafe Deserialization in jackson-databind",
     "cvss": [
      {
       "version": "3.1",
       "vector": "CVSS:3.1/AV:N/AC:H/PR:N/UI:N/S:U/C:H/I:H/A:H",
       "metrics": {
        "baseScore": 8.1,
        "exploitabilityScore": 2.2,
        "impactScore": 5.9
       },
       "vendorMetadata": {
        "base_severity": "High",
        "status": "N/A"
       }
      }
     ]
    }
   ],
   "matchDetails": [
    {
     "type": "exact-direct-match",
     "matcher": "java-matcher",
     "searchedBy": {
      "language": "java",
      "namespace": "github:language:java",
      "package": {
       "name": "jackson-databind",
       "version": "2.9.10.7"
      }
     },
     "found": {
      "versionConstraint": ">=2.0.0,<2.9.10.8 (unknown)",
      "vulnerabilityID": "GHSA-v585-23hc-c647"
     }
    }
   ],
   "artifact": {
    "id": "8eafe469ff6584dc",
    "name": "jackson-databind",
    "version": "2.9.10.7",
    "type": "java-archive",
    "locations": [
     {
      "path": "/target/target/jackson-databind-2.9.10.7.jar"
     }
    ],
    "language": "java",
    "licenses": [
     "http://www.apache.org/licenses/LICENSE-2.0.txt"
    ],
    "cpes": [
     "cpe:2.3:a:jackson-databind:jackson-databind:2.9.10.7:*:*:*:*:*:*:*",
     "cpe:2.3:a:jackson-databind:jackson_databind:2.9.10.7:*:*:*:*:*:*:*",
     "cpe:2.3:a:jackson_databind:jackson-databind:2.9.10.7:*:*:*:*:*:*:*",
     "cpe:2.3:a:jackson_databind:jackson_databind:2.9.10.7:*:*:*:*:*:*:*",
     "cpe:2.3:a:fasterxml:jackson-databind:2.9.10.7:*:*:*:*:*:*:*",
     "cpe:2.3:a:fasterxml:jackson_databind:2.9.10.7:*:*:*:*:*:*:*",
     "cpe:2.3:a:jackson-databind:jackson:2.9.10.7:*:*:*:*:*:*:*",
     "cpe:2.3:a:jackson:jackson-databind:2.9.10.7:*:*:*:*:*:*:*",
     "cpe:2.3:a:jackson:jackson_databind:2.9.10.7:*:*:*:*:*:*:*",
     "cpe:2.3:a:jackson_databind:jackson:2.9.10.7:*:*:*:*:*:*:*",
     "cpe:2.3:a:core:jackson-databind:2.9.10.7:*:*:*:*:*:*:*",
     "cpe:2.3:a:core:jackson_databind:2.9.10.7:*:*:*:*:*:*:*",
     "cpe:2.3:a:fasterxml:jackson:2.9.10.7:*:*:*:*:*:*:*",
     "cpe:2.3:a:jackson:jackson:2.9.10.7:*:*:*:*:*:*:*",
     "cpe:2.3:a:core:jackson:2.9.10.7:*:*:*:*:*:*:*"
    ],
    "purl": "pkg:maven/com.fasterxml.jackson.core/jackson-databind@2.9.10.7",
    "upstreams": [],
    "metadataType": "JavaMetadata",
    "metadata": {
     "virtualPath": "/target/target/jackson-databind-2.9.10.7.jar",
     "pomArtifactID": "jackson-databind",
     "pomGroupID": "com.fasterxml.jackson.core",
     "manifestName": "",
     "archiveDigests": [
      {
       "algorithm": "sha1",
       "value": "dfda848a6816a00fe45c3b1d6b8ec556106f0317"
      }
     ]
    }
   }
  },
  {
   "vulnerability": {
    "id": "CVE-2020-36185",
    "dataSource": "https://nvd.nist.gov/vuln/detail/CVE-2020-36185",
    "namespace": "nvd:cpe",
    "severity": "High",
    "urls": [
     "https://cowtowncoder.medium.com/on-jackson-cves-dont-panic-here-is-what-you-need-to-know-54cd0d6e8062",
     "https://github.com/FasterXML/jackson-databind/issues/2998",
     "https://lists.debian.org/debian-lts-announce/2021/04/msg00025.html",
     "https://security.netapp.com/advisory/ntap-20210205-0005/",
     "https://www.oracle.com//security-alerts/cpujul2021.html",
     "https://www.oracle.com/security-alerts/cpuApr2021.html",
     "https://www.oracle.com/security-alerts/cpuapr2022.html",
     "https://www.oracle.com/security-alerts/cpujan2022.html",
     "https://www.oracle.com/security-alerts/cpujul2022.html",
     "https://www.oracle.com/security-alerts/cpuoct2021.html"
    ],
    "description": "FasterXML jackson-databind 2.x before 2.9.10.8 mishandles the interaction between serialization gadgets and typing, related to org.apache.tomcat.dbcp.dbcp2.datasources.SharedPoolDataSource.",
    "cvss": [
     {
      "source": "nvd@nist.gov",
      "type": "Primary",
      "version": "2.0",
      "vector": "AV:N/AC:M/Au:N/C:P/I:P/A:P",
      "metrics": {
       "baseScore": 6.8,
       "exploitabilityScore": 8.6,
       "impactScore": 6.4
      },
      "vendorMetadata": {}
     },
     {
      "source": "nvd@nist.gov",
      "type": "Primary",
      "version": "3.1",
      "vector": "CVSS:3.1/AV:N/AC:H/PR:N/UI:N/S:U/C:H/I:H/A:H",
      "metrics": {
       "baseScore": 8.1,
       "exploitabilityScore": 2.2,
       "impactScore": 5.9
      },
      "vendorMetadata": {}
     }
    ],
    "fix": {
     "versions": [
      "2.9.10.8"
     ],
     "state": "fixed"
    },
    "advisories": []
   },
   "relatedVulnerabilities": [
    {
     "id": "GHSA-8w26-6f25-cm9x",
     "dataSource": "https://github.com/advisories/GHSA-8w26-6f25-cm9x",
     "namespace": "github:language:java",
     "severity": "High",
     "urls": [
      "https://github.com/advisories/GHSA-8w26-6f25-cm9x"
     ],
     "description": "Unsafe Deserialization in jackson-databind",
     "cvss": [
      {
       "version": "3.1",
       "vector": "CVSS:3.1/AV:N/AC:H/PR:N/UI:N/S:U/C:H/I:H/A:H",
       "metrics": {
        "baseScore": 8.1,
        "exploitabilityScore": 2.2,
        "impactScore": 5.9
       },
       "vendorMetadata": {
        "base_severity": "High",
        "status": "N/A"
       }
      }
     ]
    }
   ],
   "matchDetails": [
    {
     "type": "exact-direct-match",
     "matcher": "java-matcher",
     "searchedBy": {
      "language": "java",
      "namespace": "github:language:java",
      "package": {
       "name": "jackson-databind",
       "version": "2.9.10.7"
      }
     },
     "found": {
      "versionConstraint": ">=2.0.0,<2.9.10.8 (unknown)",
      "vulnerabilityID": "GHSA-8w26-6f25-cm9x"
     }
    }
   ],
   "artifact": {
    "id": "8eafe469ff6584dc",
    "name": "jackson-databind",
    "version": "2.9.10.7",
    "type": "java-archive",
    "locations": [
     {
      "path": "/target/target/jackson-databind-2.9.10.7.jar"
     }
    ],
    "language": "java",
    "licenses": [
     "http://www.apache.org/licenses/LICENSE-2.0.txt"
    ],
    "cpes": [
     "cpe:2.3:a:jackson-databind:jackson-databind:2.9.10.7:*:*:*:*:*:*:*",
     "cpe:2.3:a:jackson-databind:jackson_databind:2.9.10.7:*:*:*:*:*:*:*",
     "cpe:2.3:a:jackson_databind:jackson-databind:2.9.10.7:*:*:*:*:*:*:*",
     "cpe:2.3:a:jackson_databind:jackson_databind:2.9.10.7:*:*:*:*:*:*:*",
     "cpe:2.3:a:fasterxml:jackson-databind:2.9.10.7:*:*:*:*:*:*:*",
     "cpe:2.3:a:fasterxml:jackson_databind:2.9.10.7:*:*:*:*:*:*:*",
     "cpe:2.3:a:jackson-databind:jackson:2.9.10.7:*:*:*:*:*:*:*",
     "cpe:2.3:a:jackson:jackson-databind:2.9.10.7:*:*:*:*:*:*:*",
     "cpe:2.3:a:jackson:jackson_databind:2.9.10.7:*:*:*:*:*:*:*",
     "cpe:2.3:a:jackson_databind:jackson:2.9.10.7:*:*:*:*:*:*:*",
     "cpe:2.3:a:core:jackson-databind:2.9.10.7:*:*:*:*:*:*:*",
     "cpe:2.3:a:core:jackson_databind:2.9.10.7:*:*:*:*:*:*:*",
     "cpe:2.3:a:fasterxml:jackson:2.9.10.7:*:*:*:*:*:*:*",
     "cpe:2.3:a:jackson:jackson:2.9.10.7:*:*:*:*:*:*:*",
     "cpe:2.3:a:core:jackson:2.9.10.7:*:*:*:*:*:*:*"
    ],
    "purl": "pkg:maven/com.fasterxml.jackson.core/jackson-databind@2.9.10.7",
    "upstreams": [],
    "metadataType": "JavaMetadata",
    "metadata": {
     "virtualPath": "/target/target/jackson-databind-2.9.10.7.jar",
     "pomArtifactID": "jackson-databind",
     "pomGroupID": "com.fasterxml.jackson.core",
     "manifestName": "",
     "archiveDigests": [
      {
       "algorithm": "sha1",
       "value": "dfda848a6816a00fe45c3b1d6b8ec556106f0317"
      }
     ]
    }
   }
  },
  {
   "vulnerability": {
    "id": "CVE-2020-36184",
    "dataSource": "https://nvd.nist.gov/vuln/detail/CVE-2020-36184",
    "namespace": "nvd:cpe",
    "severity": "High",
    "urls": [
     "https://cowtowncoder.medium.com/on-jackson-cves-dont-panic-here-is-what-you-need-to-know-54cd0d6e8062",
     "https://github.com/FasterXML/jackson-databind/issues/2998",
     "https://lists.debian.org/debian-lts-announce/2021/04/msg00025.html",
     "https://security.netapp.com/advisory/ntap-20210205-0005/",
     "https://www.oracle.com//security-alerts/cpujul2021.html",
     "https://www.oracle.com/security-alerts/cpuApr2021.html",
     "https://www.oracle.com/security-alerts/cpuapr2022.html",
     "https://www.oracle.com/security-alerts/cpujan2022.html",
     "https://www.oracle.com/security-alerts/cpujul2022.html",
     "https://www.oracle.com/security-alerts/cpuoct2021.html"
    ],
    "description": "FasterXML jackson-databind 2.x before 2.9.10.8 mishandles the interaction between serialization gadgets and typing, related to org.apache.tomcat.dbcp.dbcp2.datasources.PerUserPoolDataSource.",
    "cvss": [
     {
      "source": "nvd@nist.gov",
      "type": "Primary",
      "version": "2.0",
      "vector": "AV:N/AC:M/Au:N/C:P/I:P/A:P",
      "metrics": {
       "baseScore": 6.8,
       "exploitabilityScore": 8.6,
       "impactScore": 6.4
      },
      "vendorMetadata": {}
     },
     {
      "source": "nvd@nist.gov",
      "type": "Primary",
      "version": "3.1",
      "vector": "CVSS:3.1/AV:N/AC:H/PR:N/UI:N/S:U/C:H/I:H/A:H",
      "metrics": {
       "baseScore": 8.1,
       "exploitabilityScore": 2.2,
       "impactScore": 5.9
      },
      "vendorMetadata": {}
     },
     {
      "source": "134c704f-9b21-4f2e-91b3-4a467353bcc0",
      "type": "Secondary",
      "version": "3.1",
      "vector": "CVSS:3.1/AV:N/AC:L/PR:N/UI:R/S:U/C:H/I:H/A:H",
      "metrics": {
       "baseScore": 8.8,
       "exploitabilityScore": 2.8,
       "impactScore": 5.9
      },
      "vendorMetadata": {}
     }
    ],
    "fix": {
     "versions": [
      "2.9.10.8"
     ],
     "state": "fixed"
    },
    "advisories": []
   },
   "relatedVulnerabilities": [
    {
     "id": "GHSA-m6x4-97wx-4q27",
     "dataSource": "https://github.com/advisories/GHSA-m6x4-97wx-4q27",
     "namespace": "github:language:java",
     "severity": "High",
     "urls": [
      "https://github.com/advisories/GHSA-m6x4-97wx-4q27"
     ],
     "description": "Unsafe Deserialization in jackson-databind",
     "cvss": [
      {
       "version": "3.1",
       "vector": "CVSS:3.1/AV:N/AC:H/PR:N/UI:N/S:U/C:H/I:H/A:H",
       "metrics": {
        "baseScore": 8.1,
        "exploitabilityScore": 2.2,
        "impactScore": 5.9
       },
       "vendorMetadata": {
        "base_severity": "High",
        "status": "N/A"
       }
      }
     ]
    }
   ],
   "matchDetails": [
    {
     "type": "exact-direct-match",
     "matcher": "java-matcher",
     "searchedBy": {
      "language": "java",
      "namespace": "github:language:java",
      "package": {
       "name": "jackson-databind",
       "version": "2.9.10.7"
      }
     },
     "found": {
      "versionConstraint": ">=2.0.0,<2.9.10.8 (unknown)",
      "vulnerabilityID": "GHSA-m6x4-97wx-4q27"
     }
    }
   ],
   "artifact": {
    "id": "8eafe469ff6584dc",
    "name": "jackson-databind",
    "version": "2.9.10.7",
    "type": "java-archive",
    "locations": [
     {
      "path": "/target/target/jackson-databind-2.9.10.7.jar"
     }
    ],
    "language": "java",
    "licenses": [
     "http://www.apache.org/licenses/LICENSE-2.0.txt"
    ],
    "cpes": [
     "cpe:2.3:a:jackson-databind:jackson-databind:2.9.10.7:*:*:*:*:*:*:*",
     "cpe:2.3:a:jackson-databind:jackson_databind:2.9.10.7:*:*:*:*:*:*:*",
     "cpe:2.3:a:jackson_databind:jackson-databind:2.9.10.7:*:*:*:*:*:*:*",
     "cpe:2.3:a:jackson_databind:jackson_databind:2.9.10.7:*:*:*:*:*:*:*",
     "cpe:2.3:a:fasterxml:jackson-databind:2.9.10.7:*:*:*:*:*:*:*",
     "cpe:2.3:a:fasterxml:jackson_databind:2.9.10.7:*:*:*:*:*:*:*",
     "cpe:2.3:a:jackson-databind:jackson:2.9.10.7:*:*:*:*:*:*:*",
     "cpe:2.3:a:jackson:jackson-databind:2.9.10.7:*:*:*:*:*:*:*",
     "cpe:2.3:a:jackson:jackson_databind:2.9.10.7:*:*:*:*:*:*:*",
     "cpe:2.3:a:jackson_databind:jackson:2.9.10.7:*:*:*:*:*:*:*",
     "cpe:2.3:a:core:jackson-databind:2.9.10.7:*:*:*:*:*:*:*",
     "cpe:2.3:a:core:jackson_databind:2.9.10.7:*:*:*:*:*:*:*",
     "cpe:2.3:a:fasterxml:jackson:2.9.10.7:*:*:*:*:*:*:*",
     "cpe:2.3:a:jackson:jackson:2.9.10.7:*:*:*:*:*:*:*",
     "cpe:2.3:a:core:jackson:2.9.10.7:*:*:*:*:*:*:*"
    ],
    "purl": "pkg:maven/com.fasterxml.jackson.core/jackson-databind@2.9.10.7",
    "upstreams": [],
    "metadataType": "JavaMetadata",
    "metadata": {
     "virtualPath": "/target/target/jackson-databind-2.9.10.7.jar",
     "pomArtifactID": "jackson-databind",
     "pomGroupID": "com.fasterxml.jackson.core",
     "manifestName": "",
     "archiveDigests": [
      {
       "algorithm": "sha1",
       "value": "dfda848a6816a00fe45c3b1d6b8ec556106f0317"
      }
     ]
    }
   }
  },
  {
   "vulnerability": {
    "id": "CVE-2020-36183",
    "dataSource": "https://nvd.nist.gov/vuln/detail/CVE-2020-36183",
    "namespace": "nvd:cpe",
    "severity": "High",
    "urls": [
     "https://cowtowncoder.medium.com/on-jackson-cves-dont-panic-here-is-what-you-need-to-know-54cd0d6e8062",
     "https://github.com/FasterXML/jackson-databind/issues/3003",
     "https://lists.debian.org/debian-lts-announce/2021/04/msg00025.html",
     "https://security.netapp.com/advisory/ntap-20210205-0005/",
     "https://www.oracle.com//security-alerts/cpujul2021.html",
     "https://www.oracle.com/security-alerts/cpuApr2021.html",
     "https://www.oracle.com/security-alerts/cpuapr2022.html",
     "https://www.oracle.com/security-alerts/cpujan2022.html",
     "https://www.oracle.com/security-alerts/cpujul2022.html",
     "https://www.oracle.com/security-alerts/cpuoct2021.html"
    ],
    "description": "FasterXML jackson-databind 2.x before 2.9.10.8 mishandles the interaction between serialization gadgets and typing, related to org.docx4j.org.apache.xalan.lib.sql.JNDIConnectionPool.",
    "cvss": [
     {
      "source": "nvd@nist.gov",
      "type": "Primary",
      "version": "2.0",
      "vector": "AV:N/AC:M/Au:N/C:P/I:P/A:P",
      "metrics": {
       "baseScore": 6.8,
       "exploitabilityScore": 8.6,
       "impactScore": 6.4
      },
      "vendorMetadata": {}
     },
     {
      "source": "nvd@nist.gov",
      "type": "Primary",
      "version": "3.1",
      "vector": "CVSS:3.1/AV:N/AC:H/PR:N/UI:N/S:U/C:H/I:H/A:H",
      "metrics": {
       "baseScore": 8.1,
       "exploitabilityScore": 2.2,
       "impactScore": 5.9
      },
      "vendorMetadata": {}
     }
    ],
    "fix": {
     "versions": [
      "2.9.10.8"
     ],
     "state": "fixed"
    },
    "advisories": []
   },
   "relatedVulnerabilities": [
    {
     "id": "GHSA-9m6f-7xcq-8vf8",
     "dataSource": "https://github.com/advisories/GHSA-9m6f-7xcq-8vf8",
     "namespace": "github:language:java",
     "severity": "High",
     "urls": [
      "https://github.com/advisories/GHSA-9m6f-7xcq-8vf8"
     ],
     "description": "Unsafe Deserialization in jackson-databind",
     "cvss": [
      {
       "version": "3.1",
       "vector": "CVSS:3.1/AV:N/AC:H/PR:N/UI:N/S:U/C:H/I:H/A:H",
       "metrics": {
        "baseScore": 8.1,
        "exploitabilityScore": 2.2,
        "impactScore": 5.9
       },
       "vendorMetadata": {
        "base_severity": "High",
        "status": "N/A"
       }
      }
     ]
    }
   ],
   "matchDetails": [
    {
     "type": "exact-direct-match",
     "matcher": "java-matcher",
     "searchedBy": {
      "language": "java",
      "namespace": "github:language:java",
      "package": {
       "name": "jackson-databind",
       "version": "2.9.10.7"
      }
     },
     "found": {
      "versionConstraint": ">=2.7.00,<2.9.10.8 (unknown)",
      "vulnerabilityID": "GHSA-9m6f-7xcq-8vf8"
     }
    }
   ],
   "artifact": {
    "id": "8eafe469ff6584dc",
    "name": "jackson-databind",
    "version": "2.9.10.7",
    "type": "java-archive",
    "locations": [
     {
      "path": "/target/target/jackson-databind-2.9.10.7.jar"
     }
    ],
    "language": "java",
    "licenses": [
     "http://www.apache.org/licenses/LICENSE-2.0.txt"
    ],
    "cpes": [
     "cpe:2.3:a:jackson-databind:jackson-databind:2.9.10.7:*:*:*:*:*:*:*",
     "cpe:2.3:a:jackson-databind:jackson_databind:2.9.10.7:*:*:*:*:*:*:*",
     "cpe:2.3:a:jackson_databind:jackson-databind:2.9.10.7:*:*:*:*:*:*:*",
     "cpe:2.3:a:jackson_databind:jackson_databind:2.9.10.7:*:*:*:*:*:*:*",
     "cpe:2.3:a:fasterxml:jackson-databind:2.9.10.7:*:*:*:*:*:*:*",
     "cpe:2.3:a:fasterxml:jackson_databind:2.9.10.7:*:*:*:*:*:*:*",
     "cpe:2.3:a:jackson-databind:jackson:2.9.10.7:*:*:*:*:*:*:*",
     "cpe:2.3:a:jackson:jackson-databind:2.9.10.7:*:*:*:*:*:*:*",
     "cpe:2.3:a:jackson:jackson_databind:2.9.10.7:*:*:*:*:*:*:*",
     "cpe:2.3:a:jackson_databind:jackson:2.9.10.7:*:*:*:*:*:*:*",
     "cpe:2.3:a:core:jackson-databind:2.9.10.7:*:*:*:*:*:*:*",
     "cpe:2.3:a:core:jackson_databind:2.9.10.7:*:*:*:*:*:*:*",
     "cpe:2.3:a:fasterxml:jackson:2.9.10.7:*:*:*:*:*:*:*",
     "cpe:2.3:a:jackson:jackson:2.9.10.7:*:*:*:*:*:*:*",
     "cpe:2.3:a:core:jackson:2.9.10.7:*:*:*:*:*:*:*"
    ],
    "purl": "pkg:maven/com.fasterxml.jackson.core/jackson-databind@2.9.10.7",
    "upstreams": [],
    "metadataType": "JavaMetadata",
    "metadata": {
     "virtualPath": "/target/target/jackson-databind-2.9.10.7.jar",
     "pomArtifactID": "jackson-databind",
     "pomGroupID": "com.fasterxml.jackson.core",
     "manifestName": "",
     "archiveDigests": [
      {
       "algorithm": "sha1",
       "value": "dfda848a6816a00fe45c3b1d6b8ec556106f0317"
      }
     ]
    }
   }
  },
  {
   "vulnerability": {
    "id": "CVE-2020-36182",
    "dataSource": "https://nvd.nist.gov/vuln/detail/CVE-2020-36182",
    "namespace": "nvd:cpe",
    "severity": "High",
    "urls": [
     "https://cowtowncoder.medium.com/on-jackson-cves-dont-panic-here-is-what-you-need-to-know-54cd0d6e8062",
     "https://github.com/FasterXML/jackson-databind/issues/3004",
     "https://lists.debian.org/debian-lts-announce/2021/04/msg00025.html",
     "https://security.netapp.com/advisory/ntap-20210205-0005/",
     "https://www.oracle.com//security-alerts/cpujul2021.html",
     "https://www.oracle.com/security-alerts/cpuApr2021.html",
     "https://www.oracle.com/security-alerts/cpuapr2022.html",
     "https://www.oracle.com/security-alerts/cpujan2022.html",
     "https://www.oracle.com/security-alerts/cpujul2022.html",
     "https://www.oracle.com/security-alerts/cpuoct2021.html"
    ],
    "description": "FasterXML jackson-databind 2.x before 2.9.10.8 mishandles the interaction between serialization gadgets and typing, related to org.apache.tomcat.dbcp.dbcp2.cpdsadapter.DriverAdapterCPDS.",
    "cvss": [
     {
      "source": "nvd@nist.gov",
      "type": "Primary",
      "version": "2.0",
      "vector": "AV:N/AC:M/Au:N/C:P/I:P/A:P",
      "metrics": {
       "baseScore": 6.8,
       "exploitabilityScore": 8.6,
       "impactScore": 6.4
      },
      "vendorMetadata": {}
     },
     {
      "source": "nvd@nist.gov",
      "type": "Primary",
      "version": "3.1",
      "vector": "CVSS:3.1/AV:N/AC:H/PR:N/UI:N/S:U/C:H/I:H/A:H",
      "metrics": {
       "baseScore": 8.1,
       "exploitabilityScore": 2.2,
       "impactScore": 5.9
      },
      "vendorMetadata": {}
     },
     {
      "source": "134c704f-9b21-4f2e-91b3-4a467353bcc0",
      "type": "Secondary",
      "version": "3.1",
      "vector": "CVSS:3.1/AV:N/AC:L/PR:N/UI:R/S:U/C:H/I:H/A:H",
      "metrics": {
       "baseScore": 8.8,
       "exploitabilityScore": 2.8,
       "impactScore": 5.9
      },
      "vendorMetadata": {}
     }
    ],
    "fix": {
     "versions": [
      "2.9.10.8"
     ],
     "state": "fixed"
    },
    "advisories": []
   },
   "relatedVulnerabilities": [
    {
     "id": "GHSA-89qr-369f-5m5x",
     "dataSource": "https://github.com/advisories/GHSA-89qr-369f-5m5x",
     "namespace": "github:language:java",
     "severity": "High",
     "urls": [
      "https://github.com/advisories/GHSA-89qr-369f-5m5x"
     ],
     "description": "Unsafe Deserialization in jackson-databind",
     "cvss": [
      {
       "version": "3.1",
       "vector": "CVSS:3.1/AV:N/AC:H/PR:N/UI:N/S:U/C:H/I:H/A:H",
       "metrics": {
        "baseScore": 8.1,
        "exploitabilityScore": 2.2,
        "impactScore": 5.9
       },
       "vendorMetadata": {
        "base_severity": "High",
        "status": "N/A"
       }
      }
     ]
    }
   ],
   "matchDetails": [
    {
     "type": "exact-direct-match",
     "matcher": "java-matcher",
     "searchedBy": {
      "language": "java",
      "namespace": "github:language:java",
      "package": {
       "name": "jackson-databind",
       "version": "2.9.10.7"
      }
     },
     "found": {
      "versionConstraint": ">=2.7.0,<2.9.10.8 (unknown)",
      "vulnerabilityID": "GHSA-89qr-369f-5m5x"
     }
    }
   ],
   "artifact": {
    "id": "8eafe469ff6584dc",
    "name": "jackson-databind",
    "version": "2.9.10.7",
    "type": "java-archive",
    "locations": [
     {
      "path": "/target/target/jackson-databind-2.9.10.7.jar"
     }
    ],
    "language": "java",
    "licenses": [
     "http://www.apache.org/licenses/LICENSE-2.0.txt"
    ],
    "cpes": [
     "cpe:2.3:a:jackson-databind:jackson-databind:2.9.10.7:*:*:*:*:*:*:*",
     "cpe:2.3:a:jackson-databind:jackson_databind:2.9.10.7:*:*:*:*:*:*:*",
     "cpe:2.3:a:jackson_databind:jackson-databind:2.9.10.7:*:*:*:*:*:*:*",
     "cpe:2.3:a:jackson_databind:jackson_databind:2.9.10.7:*:*:*:*:*:*:*",
     "cpe:2.3:a:fasterxml:jackson-databind:2.9.10.7:*:*:*:*:*:*:*",
     "cpe:2.3:a:fasterxml:jackson_databind:2.9.10.7:*:*:*:*:*:*:*",
     "cpe:2.3:a:jackson-databind:jackson:2.9.10.7:*:*:*:*:*:*:*",
     "cpe:2.3:a:jackson:jackson-databind:2.9.10.7:*:*:*:*:*:*:*",
     "cpe:2.3:a:jackson:jackson_databind:2.9.10.7:*:*:*:*:*:*:*",
     "cpe:2.3:a:jackson_databind:jackson:2.9.10.7:*:*:*:*:*:*:*",
     "cpe:2.3:a:core:jackson-databind:2.9.10.7:*:*:*:*:*:*:*",
     "cpe:2.3:a:core:jackson_databind:2.9.10.7:*:*:*:*:*:*:*",
     "cpe:2.3:a:fasterxml:jackson:2.9.10.7:*:*:*:*:*:*:*",
     "cpe:2.3:a:jackson:jackson:2.9.10.7:*:*:*:*:*:*:*",
     "cpe:2.3:a:core:jackson:2.9.10.7:*:*:*:*:*:*:*"
    ],
    "purl": "pkg:maven/com.fasterxml.jackson.core/jackson-databind@2.9.10.7",
    "upstreams": [],
    "metadataType": "JavaMetadata",
    "metadata": {
     "virtualPath": "/target/target/jackson-databind-2.9.10.7.jar",
     "pomArtifactID": "jackson-databind",
     "pomGroupID": "com.fasterxml.jackson.core",
     "manifestName": "",
     "archiveDigests": [
      {
       "algorithm": "sha1",
       "value": "dfda848a6816a00fe45c3b1d6b8ec556106f0317"
      }
     ]
    }
   }
  },
  {
   "vulnerability": {
    "id": "CVE-2020-36181",
    "dataSource": "https://nvd.nist.gov/vuln/detail/CVE-2020-36181",
    "namespace": "nvd:cpe",
    "severity": "High",
    "urls": [
     "https://cowtowncoder.medium.com/on-jackson-cves-dont-panic-here-is-what-you-need-to-know-54cd0d6e8062",
     "https://github.com/FasterXML/jackson-databind/issues/3004",
     "https://lists.debian.org/debian-lts-announce/2021/04/msg00025.html",
     "https://security.netapp.com/advisory/ntap-20210205-0005/",
     "https://www.oracle.com//security-alerts/cpujul2021.html",
     "https://www.oracle.com/security-alerts/cpuApr2021.html",
     "https://www.oracle.com/security-alerts/cpuapr2022.html",
     "https://www.oracle.com/security-alerts/cpujan2022.html",
     "https://www.oracle.com/security-alerts/cpujul2022.html",
     "https://www.oracle.com/security-alerts/cpuoct2021.html"
    ],
    "description": "FasterXML jackson-databind 2.x before 2.9.10.8 mishandles the interaction between serialization gadgets and typing, related to org.apache.tomcat.dbcp.dbcp.cpdsadapter.DriverAdapterCPDS.",
    "cvss": [
     {
      "source": "nvd@nist.gov",
      "type": "Primary",
      "version": "2.0",
      "vector": "AV:N/AC:M/Au:N/C:P/I:P/A:P",
      "metrics": {
       "baseScore": 6.8,
       "exploitabilityScore": 8.6,
       "impactScore": 6.4
      },
      "vendorMetadata": {}
     },
     {
      "source": "nvd@nist.gov",
      "type": "Primary",
      "version": "3.1",
      "vector": "CVSS:3.1/AV:N/AC:H/PR:N/UI:N/S:U/C:H/I:H/A:H",
      "metrics": {
       "baseScore": 8.1,
       "exploitabilityScore": 2.2,
       "impactScore": 5.9
      },
      "vendorMetadata": {}
     },
     {
      "source": "134c704f-9b21-4f2e-91b3-4a467353bcc0",
      "type": "Secondary",
      "version": "3.1",
      "vector": "CVSS:3.1/AV:N/AC:L/PR:N/UI:R/S:U/C:H/I:H/A:H",
      "metrics": {
       "baseScore": 8.8,
       "exploitabilityScore": 2.8,
       "impactScore": 5.9
      },
      "vendorMetadata": {}
     }
    ],
    "fix": {
     "versions": [
      "2.9.10.8"
     ],
     "state": "fixed"
    },
    "advisories": []
   },
   "relatedVulnerabilities": [
    {
     "id": "GHSA-cvm9-fjm9-3572",
     "dataSource": "https://github.com/advisories/GHSA-cvm9-fjm9-3572",
     "namespace": "github:language:java",
     "severity": "High",
     "urls": [
      "https://github.com/advisories/GHSA-cvm9-fjm9-3572"
     ],
     "description": "Unsafe Deserialization in jackson-databind",
     "cvss": [
      {
       "version": "3.1",
       "vector": "CVSS:3.1/AV:N/AC:H/PR:N/UI:N/S:U/C:H/I:H/A:H",
       "metrics": {
        "baseScore": 8.1,
        "exploitabilityScore": 2.2,
        "impactScore": 5.9
       },
       "vendorMetadata": {
        "base_severity": "High",
        "status": "N/A"
       }
      }
     ]
    }
   ],
   "matchDetails": [
    {
     "type": "exact-direct-match",
     "matcher": "java-matcher",
     "searchedBy": {
      "language": "java",
      "namespace": "github:language:java",
      "package": {
       "name": "jackson-databind",
       "version": "2.9.10.7"
      }
     },
     "found": {
      "versionConstraint": ">=2.7.0,<2.9.10.8 (unknown)",
      "vulnerabilityID": "GHSA-cvm9-fjm9-3572"
     }
    }
   ],
   "artifact": {
    "id": "8eafe469ff6584dc",
    "name": "jackson-databind",
    "version": "2.9.10.7",
    "type": "java-archive",
    "locations": [
     {
      "path": "/target/target/jackson-databind-2.9.10.7.jar"
     }
    ],
    "language": "java",
    "licenses": [
     "http://www.apache.org/licenses/LICENSE-2.0.txt"
    ],
    "cpes": [
     "cpe:2.3:a:jackson-databind:jackson-databind:2.9.10.7:*:*:*:*:*:*:*",
     "cpe:2.3:a:jackson-databind:jackson_databind:2.9.10.7:*:*:*:*:*:*:*",
     "cpe:2.3:a:jackson_databind:jackson-databind:2.9.10.7:*:*:*:*:*:*:*",
     "cpe:2.3:a:jackson_databind:jackson_databind:2.9.10.7:*:*:*:*:*:*:*",
     "cpe:2.3:a:fasterxml:jackson-databind:2.9.10.7:*:*:*:*:*:*:*",
     "cpe:2.3:a:fasterxml:jackson_databind:2.9.10.7:*:*:*:*:*:*:*",
     "cpe:2.3:a:jackson-databind:jackson:2.9.10.7:*:*:*:*:*:*:*",
     "cpe:2.3:a:jackson:jackson-databind:2.9.10.7:*:*:*:*:*:*:*",
     "cpe:2.3:a:jackson:jackson_databind:2.9.10.7:*:*:*:*:*:*:*",
     "cpe:2.3:a:jackson_databind:jackson:2.9.10.7:*:*:*:*:*:*:*",
     "cpe:2.3:a:core:jackson-databind:2.9.10.7:*:*:*:*:*:*:*",
     "cpe:2.3:a:core:jackson_databind:2.9.10.7:*:*:*:*:*:*:*",
     "cpe:2.3:a:fasterxml:jackson:2.9.10.7:*:*:*:*:*:*:*",
     "cpe:2.3:a:jackson:jackson:2.9.10.7:*:*:*:*:*:*:*",
     "cpe:2.3:a:core:jackson:2.9.10.7:*:*:*:*:*:*:*"
    ],
    "purl": "pkg:maven/com.fasterxml.jackson.core/jackson-databind@2.9.10.7",
    "upstreams": [],
    "metadataType": "JavaMetadata",
    "metadata": {
     "virtualPath": "/target/target/jackson-databind-2.9.10.7.jar",
     "pomArtifactID": "jackson-databind",
     "pomGroupID": "com.fasterxml.jackson.core",
     "manifestName": "",
     "archiveDigests": [
      {
       "algorithm": "sha1",
       "value": "dfda848a6816a00fe45c3b1d6b8ec556106f0317"
      }
     ]
    }
   }
  },
  {
   "vulnerability": {
    "id": "CVE-2020-36180",
    "dataSource": "https://nvd.nist.gov/vuln/detail/CVE-2020-36180",
    "namespace": "nvd:cpe",
    "severity": "High",
    "urls": [
     "https://cowtowncoder.medium.com/on-jackson-cves-dont-panic-here-is-what-you-need-to-know-54cd0d6e8062",
     "https://github.com/FasterXML/jackson-databind/issues/3004",
     "https://lists.debian.org/debian-lts-announce/2021/04/msg00025.html",
     "https://security.netapp.com/advisory/ntap-20210205-0005/",
     "https://www.oracle.com//security-alerts/cpujul2021.html",
     "https://www.oracle.com/security-alerts/cpuApr2021.html",
     "https://www.oracle.com/security-alerts/cpuapr2022.html",
     "https://www.oracle.com/security-alerts/cpujan2022.html",
     "https://www.oracle.com/security-alerts/cpujul2022.html",
     "https://www.oracle.com/security-alerts/cpuoct2021.html"
    ],
    "description": "FasterXML jackson-databind 2.x before 2.9.10.8 mishandles the interaction between serialization gadgets and typing, related to org.apache.commons.dbcp2.cpdsadapter.DriverAdapterCPDS.",
    "cvss": [
     {
      "source": "nvd@nist.gov",
      "type": "Primary",
      "version": "2.0",
      "vector": "AV:N/AC:M/Au:N/C:P/I:P/A:P",
      "metrics": {
       "baseScore": 6.8,
       "exploitabilityScore": 8.6,
       "impactScore": 6.4
      },
      "vendorMetadata": {}
     },
     {
      "source": "nvd@nist.gov",
      "type": "Primary",
      "version": "3.1",
      "vector": "CVSS:3.1/AV:N/AC:H/PR:N/UI:N/S:U/C:H/I:H/A:H",
      "metrics": {
       "baseScore": 8.1,
       "exploitabilityScore": 2.2,
       "impactScore": 5.9
      },
      "vendorMetadata": {}
     },
     {
      "source": "134c704f-9b21-4f2e-91b3-4a467353bcc0",
      "type": "Secondary",
      "version": "3.1",
      "vector": "CVSS:3.1/AV:N/AC:L/PR:N/UI:R/S:U/C:H/I:H/A:H",
      "metrics": {
       "baseScore": 8.8,
       "exploitabilityScore": 2.8,
       "impactScore": 5.9
      },
      "vendorMetadata": {}
     }
    ],
    "fix": {
     "versions": [
      "2.9.10.8"
     ],
     "state": "fixed"
    },
    "advisories": []
   },
   "relatedVulnerabilities": [
    {
     "id": "GHSA-8c4j-34r4-xr8g",
     "dataSource": "https://github.com/advisories/GHSA-8c4j-34r4-xr8g",
     "namespace": "github:language:java",
     "severity": "High",
     "urls": [
      "https://github.com/advisories/GHSA-8c4j-34r4-xr8g"
     ],
     "description": "Unsafe Deserialization in jackson-databind",
     "cvss": [
      {
       "version": "3.1",
       "vector": "CVSS:3.1/AV:N/AC:H/PR:N/UI:N/S:U/C:H/I:H/A:H",
       "metrics": {
        "baseScore": 8.1,
        "exploitabilityScore": 2.2,
        "impactScore": 5.9
       },
       "vendorMetadata": {
        "base_severity": "High",
        "status": "N/A"
       }
      }
     ]
    }
   ],
   "matchDetails": [
    {
     "type": "exact-direct-match",
     "matcher": "java-matcher",
     "searchedBy": {
      "language": "java",
      "namespace": "github:language:java",
      "package": {
       "name": "jackson-databind",
       "version": "2.9.10.7"
      }
     },
     "found": {
      "versionConstraint": ">=2.7.0,<2.9.10.8 (unknown)",
      "vulnerabilityID": "GHSA-8c4j-34r4-xr8g"
     }
    }
   ],
   "artifact": {
    "id": "8eafe469ff6584dc",
    "name": "jackson-databind",
    "version": "2.9.10.7",
    "type": "java-archive",
    "locations": [
     {
      "path": "/target/target/jackson-databind-2.9.10.7.jar"
     }
    ],
    "language": "java",
    "licenses": [
     "http://www.apache.org/licenses/LICENSE-2.0.txt"
    ],
    "cpes": [
     "cpe:2.3:a:jackson-databind:jackson-databind:2.9.10.7:*:*:*:*:*:*:*",
     "cpe:2.3:a:jackson-databind:jackson_databind:2.9.10.7:*:*:*:*:*:*:*",
     "cpe:2.3:a:jackson_databind:jackson-databind:2.9.10.7:*:*:*:*:*:*:*",
     "cpe:2.3:a:jackson_databind:jackson_databind:2.9.10.7:*:*:*:*:*:*:*",
     "cpe:2.3:a:fasterxml:jackson-databind:2.9.10.7:*:*:*:*:*:*:*",
     "cpe:2.3:a:fasterxml:jackson_databind:2.9.10.7:*:*:*:*:*:*:*",
     "cpe:2.3:a:jackson-databind:jackson:2.9.10.7:*:*:*:*:*:*:*",
     "cpe:2.3:a:jackson:jackson-databind:2.9.10.7:*:*:*:*:*:*:*",
     "cpe:2.3:a:jackson:jackson_databind:2.9.10.7:*:*:*:*:*:*:*",
     "cpe:2.3:a:jackson_databind:jackson:2.9.10.7:*:*:*:*:*:*:*",
     "cpe:2.3:a:core:jackson-databind:2.9.10.7:*:*:*:*:*:*:*",
     "cpe:2.3:a:core:jackson_databind:2.9.10.7:*:*:*:*:*:*:*",
     "cpe:2.3:a:fasterxml:jackson:2.9.10.7:*:*:*:*:*:*:*",
     "cpe:2.3:a:jackson:jackson:2.9.10.7:*:*:*:*:*:*:*",
     "cpe:2.3:a:core:jackson:2.9.10.7:*:*:*:*:*:*:*"
    ],
    "purl": "pkg:maven/com.fasterxml.jackson.core/jackson-databind@2.9.10.7",
    "upstreams": [],
    "metadataType": "JavaMetadata",
    "metadata": {
     "virtualPath": "/target/target/jackson-databind-2.9.10.7.jar",
     "pomArtifactID": "jackson-databind",
     "pomGroupID": "com.fasterxml.jackson.core",
     "manifestName": "",
     "archiveDigests": [
      {
       "algorithm": "sha1",
       "value": "dfda848a6816a00fe45c3b1d6b8ec556106f0317"
      }
     ]
    }
   }
  },
  {
   "vulnerability": {
    "id": "CVE-2020-36179",
    "dataSource": "https://nvd.nist.gov/vuln/detail/CVE-2020-36179",
    "namespace": "nvd:cpe",
    "severity": "High",
    "urls": [
     "https://cowtowncoder.medium.com/on-jackson-cves-dont-panic-here-is-what-you-need-to-know-54cd0d6e8062",
     "https://github.com/FasterXML/jackson-databind/issues/3004",
     "https://lists.apache.org/thread.html/rc255f41d9a61d3dc79a51fb5c713de4ae10e71e3673feeb0b180b436%40%3Cissues.spark.apache.org%3E",
     "https://lists.debian.org/debian-lts-announce/2021/04/msg00025.html",
     "https://security.netapp.com/advisory/ntap-20210205-0005/",
     "https://www.oracle.com//security-alerts/cpujul2021.html",
     "https://www.oracle.com/security-alerts/cpuApr2021.html",
     "https://www.oracle.com/security-alerts/cpuapr2022.html",
     "https://www.oracle.com/security-alerts/cpujan2022.html",
     "https://www.oracle.com/security-alerts/cpujul2022.html",
     "https://www.oracle.com/security-alerts/cpuoct2021.html"
    ],
    "description": "FasterXML jackson-databind 2.x before 2.9.10.8 mishandles the interaction between serialization gadgets and typing, related to oadd.org.apache.commons.dbcp.cpdsadapter.DriverAdapterCPDS.",
    "cvss": [
     {
      "source": "nvd@nist.gov",
      "type": "Primary",
      "version": "2.0",
      "vector": "AV:N/AC:M/Au:N/C:P/I:P/A:P",
      "metrics": {
       "baseScore": 6.8,
       "exploitabilityScore": 8.6,
       "impactScore": 6.4
      },
      "vendorMetadata": {}
     },
     {
      "source": "nvd@nist.gov",
      "type": "Primary",
      "version": "3.1",
      "vector": "CVSS:3.1/AV:N/AC:H/PR:N/UI:N/S:U/C:H/I:H/A:H",
      "metrics": {
       "baseScore": 8.1,
       "exploitabilityScore": 2.2,
       "impactScore": 5.9
      },
      "vendorMetadata": {}
     },
     {
      "source": "134c704f-9b21-4f2e-91b3-4a467353bcc0",
      "type": "Secondary",
      "version": "3.1",
      "vector": "CVSS:3.1/AV:N/AC:L/PR:N/UI:R/S:U/C:H/I:H/A:H",
      "metrics": {
       "baseScore": 8.8,
       "exploitabilityScore": 2.8,
       "impactScore": 5.9
      },
      "vendorMetadata": {}
     }
    ],
    "fix": {
     "versions": [
      "2.9.10.8"
     ],
     "state": "fixed"
    },
    "advisories": []
   },
   "relatedVulnerabilities": [
    {
     "id": "GHSA-9gph-22xh-8x98",
     "dataSource": "https://github.com/advisories/GHSA-9gph-22xh-8x98",
     "namespace": "github:language:java",
     "severity": "High",
     "urls": [
      "https://github.com/advisories/GHSA-9gph-22xh-8x98"
     ],
     "description": "Unsafe Deserialization in jackson-databind",
     "cvss": [
      {
       "version": "3.1",
       "vector": "CVSS:3.1/AV:N/AC:H/PR:N/UI:N/S:U/C:H/I:H/A:H",
       "metrics": {
        "baseScore": 8.1,
        "exploitabilityScore": 2.2,
        "impactScore": 5.9
       },
       "vendorMetadata": {
        "base_severity": "High",
        "status": "N/A"
       }
      }
     ]
    }
   ],
   "matchDetails": [
    {
     "type": "exact-direct-match",
     "matcher": "java-matcher",
     "searchedBy": {
      "language": "java",
      "namespace": "github:language:java",
      "package": {
       "name": "jackson-databind",
       "version": "2.9.10.7"
      }
     },
     "found": {
      "versionConstraint": ">=2.7.0,<2.9.10.8 (unknown)",
      "vulnerabilityID": "GHSA-9gph-22xh-8x98"
     }
    }
   ],
   "artifact": {
    "id": "8eafe469ff6584dc",
    "name": "jackson-databind",
    "version": "2.9.10.7",
    "type": "java-archive",
    "locations": [
     {
      "path": "/target/target/jackson-databind-2.9.10.7.jar"
     }
    ],
    "language": "java",
    "licenses": [
     "http://www.apache.org/licenses/LICENSE-2.0.txt"
    ],
    "cpes": [
     "cpe:2.3:a:jackson-databind:jackson-databind:2.9.10.7:*:*:*:*:*:*:*",
     "cpe:2.3:a:jackson-databind:jackson_databind:2.9.10.7:*:*:*:*:*:*:*",
     "cpe:2.3:a:jackson_databind:jackson-databind:2.9.10.7:*:*:*:*:*:*:*",
     "cpe:2.3:a:jackson_databind:jackson_databind:2.9.10.7:*:*:*:*:*:*:*",
     "cpe:2.3:a:fasterxml:jackson-databind:2.9.10.7:*:*:*:*:*:*:*",
     "cpe:2.3:a:fasterxml:jackson_databind:2.9.10.7:*:*:*:*:*:*:*",
     "cpe:2.3:a:jackson-databind:jackson:2.9.10.7:*:*:*:*:*:*:*",
     "cpe:2.3:a:jackson:jackson-databind:2.9.10.7:*:*:*:*:*:*:*",
     "cpe:2.3:a:jackson:jackson_databind:2.9.10.7:*:*:*:*:*:*:*",
     "cpe:2.3:a:jackson_databind:jackson:2.9.10.7:*:*:*:*:*:*:*",
     "cpe:2.3:a:core:jackson-databind:2.9.10.7:*:*:*:*:*:*:*",
     "cpe:2.3:a:core:jackson_databind:2.9.10.7:*:*:*:*:*:*:*",
     "cpe:2.3:a:fasterxml:jackson:2.9.10.7:*:*:*:*:*:*:*",
     "cpe:2.3:a:jackson:jackson:2.9.10.7:*:*:*:*:*:*:*",
     "cpe:2.3:a:core:jackson:2.9.10.7:*:*:*:*:*:*:*"
    ],
    "purl": "pkg:maven/com.fasterxml.jackson.core/jackson-databind@2.9.10.7",
    "upstreams": [],
    "metadataType": "JavaMetadata",
    "metadata": {
     "virtualPath": "/target/target/jackson-databind-2.9.10.7.jar",
     "pomArtifactID": "jackson-databind",
     "pomGroupID": "com.fasterxml.jackson.core",
     "manifestName": "",
     "archiveDigests": [
      {
       "algorithm": "sha1",
       "value": "dfda848a6816a00fe45c3b1d6b8ec556106f0317"
      }
     ]
    }
   }
  },
  {
   "vulnerability": {
    "id": "CVE-2020-35728",
    "dataSource": "https://nvd.nist.gov/vuln/detail/CVE-2020-35728",
    "namespace": "nvd:cpe",
    "severity": "High",
    "urls": [
     "https://github.com/FasterXML/jackson-databind/issues/2999",
     "https://lists.debian.org/debian-lts-announce/2021/04/msg00025.html",
     "https://medium.com/%40cowtowncoder/on-jackson-cves-dont-panic-here-is-what-you-need-to-know-54cd0d6e8062",
     "https://security.netapp.com/advisory/ntap-20210129-0007/",
     "https://www.oracle.com//security-alerts/cpujul2021.html",
     "https://www.oracle.com/security-alerts/cpuApr2021.html",
     "https://www.oracle.com/security-alerts/cpuapr2022.html",
     "https://www.oracle.com/security-alerts/cpujan2022.html",
     "https://www.oracle.com/security-alerts/cpujul2022.html",
     "https://www.oracle.com/security-alerts/cpuoct2021.html"
    ],
    "description": "FasterXML jackson-databind 2.x before 2.9.10.8 mishandles the interaction between serialization gadgets and typing, related to com.oracle.wls.shaded.org.apache.xalan.lib.sql.JNDIConnectionPool (aka embedded Xalan in org.glassfish.web/javax.servlet.jsp.jstl).",
    "cvss": [
     {
      "source": "nvd@nist.gov",
      "type": "Primary",
      "version": "2.0",
      "vector": "AV:N/AC:M/Au:N/C:P/I:P/A:P",
      "metrics": {
       "baseScore": 6.8,
       "exploitabilityScore": 8.6,
       "impactScore": 6.4
      },
      "vendorMetadata": {}
     },
     {
      "source": "nvd@nist.gov",
      "type": "Primary",
      "version": "3.1",
      "vector": "CVSS:3.1/AV:N/AC:H/PR:N/UI:N/S:U/C:H/I:H/A:H",
      "metrics": {
       "baseScore": 8.1,
       "exploitabilityScore": 2.2,
       "impactScore": 5.9
      },
      "vendorMetadata": {}
     }
    ],
    "fix": {
     "versions": [
      "2.9.10.8"
     ],
     "state": "fixed"
    },
    "advisories": []
   },
   "relatedVulnerabilities": [
    {
     "id": "GHSA-5r5r-6hpj-8gg9",
     "dataSource": "https://github.com/advisories/GHSA-5r5r-6hpj-8gg9",
     "namespace": "github:language:java",
     "severity": "High",
     "urls": [
      "https://github.com/advisories/GHSA-5r5r-6hpj-8gg9"
     ],
     "description": "Serialization gadget exploit in jackson-databind",
     "cvss": [
      {
       "version": "3.1",
       "vector": "CVSS:3.1/AV:N/AC:H/PR:N/UI:N/S:U/C:H/I:H/A:H",
       "metrics": {
        "baseScore": 8.1,
        "exploitabilityScore": 2.2,
        "impactScore": 5.9
       },
       "vendorMetadata": {
        "base_severity": "High",
        "status": "N/A"
       }
      }
     ]
    }
   ],
   "matchDetails": [
    {
     "type": "exact-direct-match",
     "matcher": "java-matcher",
     "searchedBy": {
      "language": "java",
      "namespace": "github:language:java",
      "package": {
       "name": "jackson-databind",
       "version": "2.9.10.7"
      }
     },
     "found": {
      "versionConstraint": ">=2.0.0,<=2.9.10.7 (unknown)",
      "vulnerabilityID": "GHSA-5r5r-6hpj-8gg9"
     }
    }
   ],
   "artifact": {
    "id": "8eafe469ff6584dc",
    "name": "jackson-databind",
    "version": "2.9.10.7",
    "type": "java-archive",
    "locations": [
     {
      "path": "/target/target/jackson-databind-2.9.10.7.jar"
     }
    ],
    "language": "java",
    "licenses": [
     "http://www.apache.org/licenses/LICENSE-2.0.txt"
    ],
    "cpes": [
     "cpe:2.3:a:jackson-databind:jackson-databind:2.9.10.7:*:*:*:*:*:*:*",
     "cpe:2.3:a:jackson-databind:jackson_databind:2.9.10.7:*:*:*:*:*:*:*",
     "cpe:2.3:a:jackson_databind:jackson-databind:2.9.10.7:*:*:*:*:*:*:*",
     "cpe:2.3:a:jackson_databind:jackson_databind:2.9.10.7:*:*:*:*:*:*:*",
     "cpe:2.3:a:fasterxml:jackson-databind:2.9.10.7:*:*:*:*:*:*:*",
     "cpe:2.3:a:fasterxml:jackson_databind:2.9.10.7:*:*:*:*:*:*:*",
     "cpe:2.3:a:jackson-databind:jackson:2.9.10.7:*:*:*:*:*:*:*",
     "cpe:2.3:a:jackson:jackson-databind:2.9.10.7:*:*:*:*:*:*:*",
     "cpe:2.3:a:jackson:jackson_databind:2.9.10.7:*:*:*:*:*:*:*",
     "cpe:2.3:a:jackson_databind:jackson:2.9.10.7:*:*:*:*:*:*:*",
     "cpe:2.3:a:core:jackson-databind:2.9.10.7:*:*:*:*:*:*:*",
     "cpe:2.3:a:core:jackson_databind:2.9.10.7:*:*:*:*:*:*:*",
     "cpe:2.3:a:fasterxml:jackson:2.9.10.7:*:*:*:*:*:*:*",
     "cpe:2.3:a:jackson:jackson:2.9.10.7:*:*:*:*:*:*:*",
     "cpe:2.3:a:core:jackson:2.9.10.7:*:*:*:*:*:*:*"
    ],
    "purl": "pkg:maven/com.fasterxml.jackson.core/jackson-databind@2.9.10.7",
    "upstreams": [],
    "metadataType": "JavaMetadata",
    "metadata": {
     "virtualPath": "/target/target/jackson-databind-2.9.10.7.jar",
     "pomArtifactID": "jackson-databind",
     "pomGroupID": "com.fasterxml.jackson.core",
     "manifestName": "",
     "archiveDigests": [
      {
       "algorithm": "sha1",
       "value": "dfda848a6816a00fe45c3b1d6b8ec556106f0317"
      }
     ]
    }
   }
  },
  {
   "vulnerability": {
    "id": "CVE-2020-35491",
    "dataSource": "https://nvd.nist.gov/vuln/detail/CVE-2020-35491",
    "namespace": "nvd:cpe",
    "severity": "High",
    "urls": [
     "https://cowtowncoder.medium.com/on-jackson-cves-dont-panic-here-is-what-you-need-to-know-54cd0d6e8062",
     "https://github.com/FasterXML/jackson-databind/issues/2986",
     "https://lists.debian.org/debian-lts-announce/2021/04/msg00025.html",
     "https://security.netapp.com/advisory/ntap-20210122-0005/",
     "https://www.oracle.com//security-alerts/cpujul2021.html",
     "https://www.oracle.com/security-alerts/cpuApr2021.html",
     "https://www.oracle.com/security-alerts/cpuapr2022.html",
     "https://www.oracle.com/security-alerts/cpujan2022.html",
     "https://www.oracle.com/security-alerts/cpujul2022.html",
     "https://www.oracle.com/security-alerts/cpuoct2021.html"
    ],
    "description": "FasterXML jackson-databind 2.x before 2.9.10.8 mishandles the interaction between serialization gadgets and typing, related to org.apache.commons.dbcp2.datasources.SharedPoolDataSource.",
    "cvss": [
     {
      "source": "nvd@nist.gov",
      "type": "Primary",
      "version": "2.0",
      "vector": "AV:N/AC:M/Au:N/C:P/I:P/A:P",
      "metrics": {
       "baseScore": 6.8,
       "exploitabilityScore": 8.6,
       "impactScore": 6.4
      },
      "vendorMetadata": {}
     },
     {
      "source": "nvd@nist.gov",
      "type": "Primary",
      "version": "3.1",
      "vector": "CVSS:3.1/AV:N/AC:H/PR:N/UI:N/S:U/C:H/I:H/A:H",
      "metrics": {
       "baseScore": 8.1,
       "exploitabilityScore": 2.2,
       "impactScore": 5.9
      },
      "vendorMetadata": {}
     }
    ],
    "fix": {
     "versions": [
      "2.9.10.8"
     ],
     "state": "fixed"
    },
    "advisories": []
   },
   "relatedVulnerabilities": [
    {
     "id": "GHSA-r3gr-cxrf-hg25",
     "dataSource": "https://github.com/advisories/GHSA-r3gr-cxrf-hg25",
     "namespace": "github:language:java",
     "severity": "High",
     "urls": [
      "https://github.com/advisories/GHSA-r3gr-cxrf-hg25"
     ],
     "description": "Serialization gadgets exploit in jackson-databind",
     "cvss": [
      {
       "version": "3.1",
       "vector": "CVSS:3.1/AV:N/AC:H/PR:N/UI:N/S:U/C:H/I:H/A:H",
       "metrics": {
        "baseScore": 8.1,
        "exploitabilityScore": 2.2,
        "impactScore": 5.9
       },
       "vendorMetadata": {
        "base_severity": "High",
        "status": "N/A"
       }
      }
     ]
    }
   ],
   "matchDetails": [
    {
     "type": "exact-direct-match",
     "matcher": "java-matcher",
     "searchedBy": {
      "language": "java",
      "namespace": "github:language:java",
      "package": {
       "name": "jackson-databind",
       "version": "2.9.10.7"
      }
     },
     "found": {
      "versionConstraint": ">=2.0.0,<=2.9.10.7 (unknown)",
      "vulnerabilityID": "GHSA-r3gr-cxrf-hg25"
     }
    }
   ],
   "artifact": {
    "id": "8eafe469ff6584dc",
    "name": "jackson-databind",
    "version": "2.9.10.7",
    "type": "java-archive",
    "locations": [
     {
      "path": "/target/target/jackson-databind-2.9.10.7.jar"
     }
    ],
    "language": "java",
    "licenses": [
     "http://www.apache.org/licenses/LICENSE-2.0.txt"
    ],
    "cpes": [
     "cpe:2.3:a:jackson-databind:jackson-databind:2.9.10.7:*:*:*:*:*:*:*",
     "cpe:2.3:a:jackson-databind:jackson_databind:2.9.10.7:*:*:*:*:*:*:*",
     "cpe:2.3:a:jackson_databind:jackson-databind:2.9.10.7:*:*:*:*:*:*:*",
     "cpe:2.3:a:jackson_databind:jackson_databind:2.9.10.7:*:*:*:*:*:*:*",
     "cpe:2.3:a:fasterxml:jackson-databind:2.9.10.7:*:*:*:*:*:*:*",
     "cpe:2.3:a:fasterxml:jackson_databind:2.9.10.7:*:*:*:*:*:*:*",
     "cpe:2.3:a:jackson-databind:jackson:2.9.10.7:*:*:*:*:*:*:*",
     "cpe:2.3:a:jackson:jackson-databind:2.9.10.7:*:*:*:*:*:*:*",
     "cpe:2.3:a:jackson:jackson_databind:2.9.10.7:*:*:*:*:*:*:*",
     "cpe:2.3:a:jackson_databind:jackson:2.9.10.7:*:*:*:*:*:*:*",
     "cpe:2.3:a:core:jackson-databind:2.9.10.7:*:*:*:*:*:*:*",
     "cpe:2.3:a:core:jackson_databind:2.9.10.7:*:*:*:*:*:*:*",
     "cpe:2.3:a:fasterxml:jackson:2.9.10.7:*:*:*:*:*:*:*",
     "cpe:2.3:a:jackson:jackson:2.9.10.7:*:*:*:*:*:*:*",
     "cpe:2.3:a:core:jackson:2.9.10.7:*:*:*:*:*:*:*"
    ],
    "purl": "pkg:maven/com.fasterxml.jackson.core/jackson-databind@2.9.10.7",
    "upstreams": [],
    "metadataType": "JavaMetadata",
    "metadata": {
     "virtualPath": "/target/target/jackson-databind-2.9.10.7.jar",
     "pomArtifactID": "jackson-databind",
     "pomGroupID": "com.fasterxml.jackson.core",
     "manifestName": "",
     "archiveDigests": [
      {
       "algorithm": "sha1",
       "value": "dfda848a6816a00fe45c3b1d6b8ec556106f0317"
      }
     ]
    }
   }
  },
  {
   "vulnerability": {
    "id": "CVE-2020-35490",
    "dataSource": "https://nvd.nist.gov/vuln/detail/CVE-2020-35490",
    "namespace": "nvd:cpe",
    "severity": "High",
    "urls": [
     "https://cowtowncoder.medium.com/on-jackson-cves-dont-panic-here-is-what-you-need-to-know-54cd0d6e8062",
     "https://github.com/FasterXML/jackson-databind/issues/2986",
     "https://lists.debian.org/debian-lts-announce/2021/04/msg00025.html",
     "https://security.netapp.com/advisory/ntap-20210122-0005/",
     "https://www.oracle.com//security-alerts/cpujul2021.html",
     "https://www.oracle.com/security-alerts/cpuApr2021.html",
     "https://www.oracle.com/security-alerts/cpuapr2022.html",
     "https://www.oracle.com/security-alerts/cpujan2022.html",
     "https://www.oracle.com/security-alerts/cpujul2022.html",
     "https://www.oracle.com/security-alerts/cpuoct2021.html"
    ],
    "description": "FasterXML jackson-databind 2.x before 2.9.10.8 mishandles the interaction between serialization gadgets and typing, related to org.apache.commons.dbcp2.datasources.PerUserPoolDataSource.",
    "cvss": [
     {
      "source": "nvd@nist.gov",
      "type": "Primary",
      "version": "2.0",
      "vector": "AV:N/AC:M/Au:N/C:P/I:P/A:P",
      "metrics": {
       "baseScore": 6.8,
       "exploitabilityScore": 8.6,
       "impactScore": 6.4
      },
      "vendorMetadata": {}
     },
     {
      "source": "nvd@nist.gov",
      "type": "Primary",
      "version": "3.1",
      "vector": "CVSS:3.1/AV:N/AC:H/PR:N/UI:N/S:U/C:H/I:H/A:H",
      "metrics": {
       "baseScore": 8.1,
       "exploitabilityScore": 2.2,
       "impactScore": 5.9
      },
      "vendorMetadata": {}
     }
    ],
    "fix": {
     "versions": [
      "2.9.10.8"
     ],
     "state": "fixed"
    },
    "advisories": []
   },
   "relatedVulnerabilities": [
    {
     "id": "GHSA-wh8g-3j2c-rqj5",
     "dataSource": "https://github.com/advisories/GHSA-wh8g-3j2c-rqj5",
     "namespace": "github:language:java",
     "severity": "High",
     "urls": [
      "https://github.com/advisories/GHSA-wh8g-3j2c-rqj5"
     ],
     "description": "Serialization gadgets exploit in jackson-databind",
     "cvss": [
      {
       "version": "3.1",
       "vector": "CVSS:3.1/AV:N/AC:H/PR:N/UI:N/S:U/C:H/I:H/A:H",
       "metrics": {
        "baseScore": 8.1,
        "exploitabilityScore": 2.2,
        "impactScore": 5.9
       },
       "vendorMetadata": {
        "base_severity": "High",
        "status": "N/A"
       }
      }
     ]
    }
   ],
   "matchDetails": [
    {
     "type": "exact-direct-match",
     "matcher": "java-matcher",
     "searchedBy": {
      "language": "java",
      "namespace": "github:language:java",
      "package": {
       "name": "jackson-databind",
       "version": "2.9.10.7"
      }
     },
     "found": {
      "versionConstraint": ">=2.0.0,<=2.9.10.7 (unknown)",
      "vulnerabilityID": "GHSA-wh8g-3j2c-rqj5"
     }
    }
   ],
   "artifact": {
    "id": "8eafe469ff6584dc",
    "name": "jackson-databind",
    "version": "2.9.10.7",
    "type": "java-archive",
    "locations": [
     {
      "path": "/target/target/jackson-databind-2.9.10.7.jar"
     }
    ],
    "language": "java",
    "licenses": [
     "http://www.apache.org/licenses/LICENSE-2.0.txt"
    ],
    "cpes": [
     "cpe:2.3:a:jackson-databind:jackson-databind:2.9.10.7:*:*:*:*:*:*:*",
     "cpe:2.3:a:jackson-databind:jackson_databind:2.9.10.7:*:*:*:*:*:*:*",
     "cpe:2.3:a:jackson_databind:jackson-databind:2.9.10.7:*:*:*:*:*:*:*",
     "cpe:2.3:a:jackson_databind:jackson_databind:2.9.10.7:*:*:*:*:*:*:*",
     "cpe:2.3:a:fasterxml:jackson-databind:2.9.10.7:*:*:*:*:*:*:*",
     "cpe:2.3:a:fasterxml:jackson_databind:2.9.10.7:*:*:*:*:*:*:*",
     "cpe:2.3:a:jackson-databind:jackson:2.9.10.7:*:*:*:*:*:*:*",
     "cpe:2.3:a:jackson:jackson-databind:2.9.10.7:*:*:*:*:*:*:*",
     "cpe:2.3:a:jackson:jackson_databind:2.9.10.7:*:*:*:*:*:*:*",
     "cpe:2.3:a:jackson_databind:jackson:2.9.10.7:*:*:*:*:*:*:*",
     "cpe:2.3:a:core:jackson-databind:2.9.10.7:*:*:*:*:*:*:*",
     "cpe:2.3:a:core:jackson_databind:2.9.10.7:*:*:*:*:*:*:*",
     "cpe:2.3:a:fasterxml:jackson:2.9.10.7:*:*:*:*:*:*:*",
     "cpe:2.3:a:jackson:jackson:2.9.10.7:*:*:*:*:*:*:*",
     "cpe:2.3:a:core:jackson:2.9.10.7:*:*:*:*:*:*:*"
    ],
    "purl": "pkg:maven/com.fasterxml.jackson.core/jackson-databind@2.9.10.7",
    "upstreams": [],
    "metadataType": "JavaMetadata",
    "metadata": {
     "virtualPath": "/target/target/jackson-databind-2.9.10.7.jar",
     "pomArtifactID": "jackson-databind",
     "pomGroupID": "com.fasterxml.jackson.core",
     "manifestName": "",
     "archiveDigests": [
      {
       "algorithm": "sha1",
       "value": "dfda848a6816a00fe45c3b1d6b8ec556106f0317"
      }
     ]
    }
   }
  }
 ],
 "source": {
  "type": "directory",
  "target": "upstream-repository"
 },
 "distro": {
  "name": "",
  "version": "",
  "idLike": null
 },
 "descriptor": {
  "name": "grype",
  "version": "0.74.4",
  "configuration": {
   "output": [
    "json"
   ],
   "file": "",
   "distro": "",
   "add-cpes-if-none": true,
   "output-template-file": "",
   "check-for-app-update": false,
   "only-fixed": false,
   "only-notfixed": false,
   "ignore-wontfix": "",
   "platform": "",
   "search": {
    "scope": "squashed",
    "unindexed-archives": false,
    "indexed-archives": true
   },
   "ignore": null,
   "exclude": [],
   "db": {
    "cache-dir": "/home/runner/.cache/grype/db",
    "update-url": "https://toolbox-data.anchore.io/grype/databases/listing.json",
    "ca-cert": "",
    "auto-update": true,
    "validate-by-hash-on-start": false,
    "validate-age": true,
    "max-allowed-built-age": 432000000000000
   },
   "externalSources": {
    "enable": false,
    "maven": {
     "searchUpstreamBySha1": true,
     "baseUrl": "https://search.maven.org/solrsearch/select"
    }
   },
   "match": {
    "java": {
     "using-cpes": false
    },
    "dotnet": {
     "using-cpes": false
    },
    "golang": {
     "using-cpes": false,
     "always-use-cpe-for-stdlib": true
    },
    "javascript": {
     "using-cpes": false
    },
    "python": {
     "using-cpes": false
    },
    "ruby": {
     "using-cpes": false
    },
    "rust": {
     "using-cpes": false
    },
    "stock": {
     "using-cpes": true
    }
   },
   "fail-on-severity": "critical",
   "registry": {
    "insecure-skip-tls-verify": false,
    "insecure-use-http": false,
    "auth": null,
    "ca-cert": ""
   },
   "show-suppressed": false,
   "by-cve": true,
   "name": "",
   "default-image-pull-source": "",
   "vex-documents": [],
   "vex-add": []
  },
  "db": {
   "built": "2024-08-12T01:31:51Z",
   "schemaVersion": 5,
   "location": "/home/runner/.cache/grype/db/5",
   "checksum": "sha256:394119250a48dd222c319245307ec50b7ca57050aa8b80897a13d6607d047d2d",
   "error": null
  },
  "timestamp": "2024-08-12T10:42:47.815090432Z"
 }
}
