Experiment ID,Experiment Date,Experiment Runner Environment,Experiment Runner Operating System,Experiment Runner Architecture,Experiment Project Name,Experiment Package Manager,GitHub Repository URL,GitHub Organisation,GitHub Repository Name,GitHub Repository Tag Name,GitHub Repository Tag Commit,GitHub Repository Tag Date,GitHub Repository Tag Author,GitHub Repository Tag Verified,GitHub Repository Tag Reason
3,2024-08-15,Github-Hosted,macOS,ARM64,H6060-Javascript-Exceljs,Npm,https://github.com/exceljs/exceljs,exceljs,exceljs,0.2.2,b1c1373e8ff926fe9eb32d412f44e6ea624a8ab4,2015-05-29T06:38:29Z,cyber.sapiens@hotmail.com,False,unsigned
3,2024-08-15,Github-Hosted,macOS,ARM64,H6060-Javascript-Exceljs,Npm,https://github.com/exceljs/exceljs,exceljs,exceljs,v0.0.1,d163e4a58caf0ddfa069d0877fdc722c8a683e37,2017-05-12T07:43:06Z,guyon@live.com,False,unsigned
3,2024-08-15,Github-Hosted,macOS,ARM64,H6060-Javascript-Exceljs,Npm,https://github.com/exceljs/exceljs,exceljs,exceljs,v0.0.2,a2314e11040387f8a6c9d543bc2d333622b05666,2017-05-12T07:44:16Z,guyon@live.com,False,unsigned
3,2024-08-15,Github-Hosted,macOS,ARM64,H6060-Javascript-Exceljs,Npm,https://github.com/exceljs/exceljs,exceljs,exceljs,v0.0.3,e7ae3d4bd684ae75b5896b34dddfa919bfb0cd0a,2017-05-12T07:44:16Z,guyon@live.com,False,unsigned
3,2024-08-15,Github-Hosted,macOS,ARM64,H6060-Javascript-Exceljs,Npm,https://github.com/exceljs/exceljs,exceljs,exceljs,v0.0.4,0e1b581f9f0bbaaf0bf72872ddd10d9898607947,2017-05-12T07:44:16Z,guyon@live.com,False,unsigned
3,2024-08-15,Github-Hosted,macOS,ARM64,H6060-Javascript-Exceljs,Npm,https://github.com/exceljs/exceljs,exceljs,exceljs,v0.0.5,10432ed9c6d64bbeee4f102bfd558973e1077dea,2017-05-12T07:44:16Z,guyon@live.com,False,unsigned
3,2024-08-15,Github-Hosted,macOS,ARM64,H6060-Javascript-Exceljs,Npm,https://github.com/exceljs/exceljs,exceljs,exceljs,v0.0.6,2abe236dcf9251e60f94e7ed33df05a8350acfcb,2017-05-12T07:44:17Z,guyon@live.com,False,unsigned
3,2024-08-15,Github-Hosted,macOS,ARM64,H6060-Javascript-Exceljs,Npm,https://github.com/exceljs/exceljs,exceljs,exceljs,v0.0.7,0c394961158d79a363142e626b81acaeff13eec4,2017-05-12T07:44:17Z,guyon@live.com,False,unsigned
3,2024-08-15,Github-Hosted,macOS,ARM64,H6060-Javascript-Exceljs,Npm,https://github.com/exceljs/exceljs,exceljs,exceljs,v0.0.8,235563e3a3960f71da6f13544d372169b3e671a4,2017-05-12T07:44:17Z,guyon@live.com,False,unsigned
3,2024-08-15,Github-Hosted,macOS,ARM64,H6060-Javascript-Exceljs,Npm,https://github.com/exceljs/exceljs,exceljs,exceljs,v0.0.9,d08bccc09b9f698796764f34bd89eac4f02e643a,2017-05-12T07:44:17Z,guyon@live.com,False,unsigned
3,2024-08-15,Github-Hosted,macOS,ARM64,H6060-Javascript-Exceljs,Npm,https://github.com/exceljs/exceljs,exceljs,exceljs,v0.1.0,231a2965291fa9228ed977171cdbb2ee6dc3151c,2017-05-12T07:44:17Z,guyon@live.com,False,unsigned
3,2024-08-15,Github-Hosted,macOS,ARM64,H6060-Javascript-Exceljs,Npm,https://github.com/exceljs/exceljs,exceljs,exceljs,v0.1.1,c6f99b0509817c2bf648ed30f8b54379671b6704,2017-05-12T07:44:17Z,guyon@live.com,False,unsigned
3,2024-08-15,Github-Hosted,macOS,ARM64,H6060-Javascript-Exceljs,Npm,https://github.com/exceljs/exceljs,exceljs,exceljs,v0.1.10,aa98b8c3b6bf35c011a2637de53ddd1b5b3fc995,2017-05-12T07:44:17Z,guyon@live.com,False,unsigned
3,2024-08-15,Github-Hosted,macOS,ARM64,H6060-Javascript-Exceljs,Npm,https://github.com/exceljs/exceljs,exceljs,exceljs,v0.1.11,0acbdefaad126ffdebc2b24e3f8332fb6b5d1538,2017-05-12T07:44:17Z,guyon@live.com,False,unsigned
3,2024-08-15,Github-Hosted,macOS,ARM64,H6060-Javascript-Exceljs,Npm,https://github.com/exceljs/exceljs,exceljs,exceljs,v0.1.2,557e16edb476d6e2dacf29a5ff19e77f1f1ac490,2017-05-12T07:44:17Z,guyon@live.com,False,unsigned
3,2024-08-15,Github-Hosted,macOS,ARM64,H6060-Javascript-Exceljs,Npm,https://github.com/exceljs/exceljs,exceljs,exceljs,v0.1.3,1f8ef2cd769a532d45daff025111e329cdc7165a,2017-05-12T07:44:18Z,guyon@live.com,False,unsigned
3,2024-08-15,Github-Hosted,macOS,ARM64,H6060-Javascript-Exceljs,Npm,https://github.com/exceljs/exceljs,exceljs,exceljs,v0.1.4,28569e3c8a937c19409f2969b93cdd3619d429e3,2017-05-12T07:44:18Z,guyon@live.com,False,unsigned
3,2024-08-15,Github-Hosted,macOS,ARM64,H6060-Javascript-Exceljs,Npm,https://github.com/exceljs/exceljs,exceljs,exceljs,v0.1.5,7719fd5620b64741110cef578202c7f25c5196d2,2017-05-12T07:44:18Z,guyon@live.com,False,unsigned
3,2024-08-15,Github-Hosted,macOS,ARM64,H6060-Javascript-Exceljs,Npm,https://github.com/exceljs/exceljs,exceljs,exceljs,v0.1.6,186d1d189a842a0b3268f5e47aa933335123dcf9,2017-05-12T07:44:18Z,guyon@live.com,False,unsigned
3,2024-08-15,Github-Hosted,macOS,ARM64,H6060-Javascript-Exceljs,Npm,https://github.com/exceljs/exceljs,exceljs,exceljs,v0.1.7,f2acf461654499e14ee2c7ae3e404c16375ce740,2017-05-12T07:44:18Z,guyon@live.com,False,unsigned
3,2024-08-15,Github-Hosted,macOS,ARM64,H6060-Javascript-Exceljs,Npm,https://github.com/exceljs/exceljs,exceljs,exceljs,v0.1.8,ad76551a119b304c230423bbb73bc738de532405,2017-05-12T07:44:18Z,guyon@live.com,False,unsigned
3,2024-08-15,Github-Hosted,macOS,ARM64,H6060-Javascript-Exceljs,Npm,https://github.com/exceljs/exceljs,exceljs,exceljs,v0.1.9,6cfe7e780c690bc7fbaf1806188f0c6a5809326c,2017-05-12T07:44:18Z,guyon@live.com,False,unsigned
3,2024-08-15,Github-Hosted,macOS,ARM64,H6060-Javascript-Exceljs,Npm,https://github.com/exceljs/exceljs,exceljs,exceljs,v0.2.0,93b7a50ce709460a9ae169edfa47a288fd6e3abd,2017-05-12T07:44:18Z,guyon@live.com,False,unsigned
3,2024-08-15,Github-Hosted,macOS,ARM64,H6060-Javascript-Exceljs,Npm,https://github.com/exceljs/exceljs,exceljs,exceljs,v0.2.1,70c40d53c887dfd73bd3a1d49df346d6df798bba,2017-05-12T07:44:19Z,guyon@live.com,False,unsigned
3,2024-08-15,Github-Hosted,macOS,ARM64,H6060-Javascript-Exceljs,Npm,https://github.com/exceljs/exceljs,exceljs,exceljs,v0.2.10,a7552db61240a1d70d3f190aa0b9efd28548831f,2017-05-12T07:44:19Z,guyon@live.com,False,unsigned
3,2024-08-15,Github-Hosted,macOS,ARM64,H6060-Javascript-Exceljs,Npm,https://github.com/exceljs/exceljs,exceljs,exceljs,v0.2.11,40851b3b6ac8b6375fc36afafbcd2295773d0a0d,2017-05-12T07:44:19Z,guyon@live.com,False,unsigned
3,2024-08-15,Github-Hosted,macOS,ARM64,H6060-Javascript-Exceljs,Npm,https://github.com/exceljs/exceljs,exceljs,exceljs,v0.2.12,5f4e6e7f0c0bef22e103f02d09fb7dbc4b50173d,2017-05-12T07:44:19Z,guyon@live.com,False,unsigned
3,2024-08-15,Github-Hosted,macOS,ARM64,H6060-Javascript-Exceljs,Npm,https://github.com/exceljs/exceljs,exceljs,exceljs,v0.2.13,c3bfe0b6e4b12cda578502752987d949f3069675,2017-05-12T07:44:19Z,guyon@live.com,False,unsigned
3,2024-08-15,Github-Hosted,macOS,ARM64,H6060-Javascript-Exceljs,Npm,https://github.com/exceljs/exceljs,exceljs,exceljs,v0.2.14,28f0f05db6df54a22d601122b673efab684ff91e,2017-05-12T07:44:19Z,guyon@live.com,False,unsigned
3,2024-08-15,Github-Hosted,macOS,ARM64,H6060-Javascript-Exceljs,Npm,https://github.com/exceljs/exceljs,exceljs,exceljs,v0.2.15,fa1a1deddb1eae2b715c2c88177c3db435b5a28d,2017-05-12T07:44:19Z,guyon@live.com,False,unsigned
3,2024-08-15,Github-Hosted,macOS,ARM64,H6060-Javascript-Exceljs,Npm,https://github.com/exceljs/exceljs,exceljs,exceljs,v0.2.16,7e1450cb6aed68d32c05b1b91af8d17fd31f8c80,2017-05-12T07:44:19Z,guyon@live.com,False,unsigned
3,2024-08-15,Github-Hosted,macOS,ARM64,H6060-Javascript-Exceljs,Npm,https://github.com/exceljs/exceljs,exceljs,exceljs,v0.2.17,19a54a5cad32bcaa8d041fd28fbfe57bbc613057,2017-05-12T07:44:19Z,guyon@live.com,False,unsigned
3,2024-08-15,Github-Hosted,macOS,ARM64,H6060-Javascript-Exceljs,Npm,https://github.com/exceljs/exceljs,exceljs,exceljs,v0.2.18,b580bee02ed80ec188fb32f7be225dc82ed8dd72,2017-05-12T07:44:20Z,guyon@live.com,False,unsigned
3,2024-08-15,Github-Hosted,macOS,ARM64,H6060-Javascript-Exceljs,Npm,https://github.com/exceljs/exceljs,exceljs,exceljs,v0.2.19,b05f7decff2945c8e79526a35578094165a43f5c,2017-05-12T07:44:20Z,guyon@live.com,False,unsigned
3,2024-08-15,Github-Hosted,macOS,ARM64,H6060-Javascript-Exceljs,Npm,https://github.com/exceljs/exceljs,exceljs,exceljs,v0.2.2,042b740bcf6f385d8b67501b198fa62d41caaac6,2017-05-12T07:44:20Z,guyon@live.com,False,unsigned
3,2024-08-15,Github-Hosted,macOS,ARM64,H6060-Javascript-Exceljs,Npm,https://github.com/exceljs/exceljs,exceljs,exceljs,v0.2.20,37612ca799e3585150f4641af86883f688a318b2,2017-05-12T07:44:20Z,guyon@live.com,False,unsigned
3,2024-08-15,Github-Hosted,macOS,ARM64,H6060-Javascript-Exceljs,Npm,https://github.com/exceljs/exceljs,exceljs,exceljs,v0.2.21,a0fa9fbc230bc41dd95386087b15008be49d615d,2017-05-12T07:44:20Z,guyon@live.com,False,unsigned
3,2024-08-15,Github-Hosted,macOS,ARM64,H6060-Javascript-Exceljs,Npm,https://github.com/exceljs/exceljs,exceljs,exceljs,v0.2.22,62f0882a085d85e0b12ec4017fb32c8df3172432,2017-05-12T07:44:20Z,guyon@live.com,False,unsigned
3,2024-08-15,Github-Hosted,macOS,ARM64,H6060-Javascript-Exceljs,Npm,https://github.com/exceljs/exceljs,exceljs,exceljs,v0.2.23,b446711b83b887aef62b8b135a85d3c487677b66,2017-05-12T07:44:20Z,guyon@live.com,False,unsigned
3,2024-08-15,Github-Hosted,macOS,ARM64,H6060-Javascript-Exceljs,Npm,https://github.com/exceljs/exceljs,exceljs,exceljs,v0.2.24,ac866e83901d0d0dfbef38dea34f34967b34a4ef,2017-05-12T07:44:20Z,guyon@live.com,False,unsigned
3,2024-08-15,Github-Hosted,macOS,ARM64,H6060-Javascript-Exceljs,Npm,https://github.com/exceljs/exceljs,exceljs,exceljs,v0.2.26,7484fd4803d064d5e7c9f633cc1ed1e08ac212c8,2017-05-12T07:44:20Z,guyon@live.com,False,unsigned
3,2024-08-15,Github-Hosted,macOS,ARM64,H6060-Javascript-Exceljs,Npm,https://github.com/exceljs/exceljs,exceljs,exceljs,v0.2.27,a52f3f48085b3fa4193f0a7ecabefe50f5ecac8c,2017-05-12T07:44:21Z,guyon@live.com,False,unsigned
3,2024-08-15,Github-Hosted,macOS,ARM64,H6060-Javascript-Exceljs,Npm,https://github.com/exceljs/exceljs,exceljs,exceljs,v0.2.28,e9280d4f8c28b1d19f59b1cb60972d106bc822f2,2017-05-12T07:44:21Z,guyon@live.com,False,unsigned
3,2024-08-15,Github-Hosted,macOS,ARM64,H6060-Javascript-Exceljs,Npm,https://github.com/exceljs/exceljs,exceljs,exceljs,v0.2.29,fc757451eb0c79e4642c8fbcd391e4a7e3735e0a,2017-05-12T07:44:21Z,guyon@live.com,False,unsigned
3,2024-08-15,Github-Hosted,macOS,ARM64,H6060-Javascript-Exceljs,Npm,https://github.com/exceljs/exceljs,exceljs,exceljs,v0.2.3,23387748d2694a2b8986a03b64b909b983566aef,2017-05-12T07:44:21Z,guyon@live.com,False,unsigned
3,2024-08-15,Github-Hosted,macOS,ARM64,H6060-Javascript-Exceljs,Npm,https://github.com/exceljs/exceljs,exceljs,exceljs,v0.2.30,e1d382e83ff1cee2d6ce0db55a4a8d1f3574c757,2017-05-12T07:44:21Z,guyon@live.com,False,unsigned
3,2024-08-15,Github-Hosted,macOS,ARM64,H6060-Javascript-Exceljs,Npm,https://github.com/exceljs/exceljs,exceljs,exceljs,v0.2.31,070377abb4f0f35e8e310a7ae5a631a0566394f7,2017-05-12T07:44:21Z,guyon@live.com,False,unsigned
3,2024-08-15,Github-Hosted,macOS,ARM64,H6060-Javascript-Exceljs,Npm,https://github.com/exceljs/exceljs,exceljs,exceljs,v0.2.33,1b904e7a1ce6f20cf1a272b8284f431483f8cab4,2017-05-12T07:44:21Z,guyon@live.com,False,unsigned
3,2024-08-15,Github-Hosted,macOS,ARM64,H6060-Javascript-Exceljs,Npm,https://github.com/exceljs/exceljs,exceljs,exceljs,v0.2.34,d7066ca7e58925d61b355b21583e4f2aaf66355e,2017-05-12T07:44:21Z,guyon@live.com,False,unsigned
3,2024-08-15,Github-Hosted,macOS,ARM64,H6060-Javascript-Exceljs,Npm,https://github.com/exceljs/exceljs,exceljs,exceljs,v0.2.35,cdf514f19459c562c9b05b88b29463d4c30255f9,2017-05-12T07:44:21Z,guyon@live.com,False,unsigned
3,2024-08-15,Github-Hosted,macOS,ARM64,H6060-Javascript-Exceljs,Npm,https://github.com/exceljs/exceljs,exceljs,exceljs,v0.2.36,ad72cba13e382b0d09bd3ff423baaf42c9bb0960,2017-05-12T07:44:22Z,guyon@live.com,False,unsigned
3,2024-08-15,Github-Hosted,macOS,ARM64,H6060-Javascript-Exceljs,Npm,https://github.com/exceljs/exceljs,exceljs,exceljs,v0.2.37,98ed6475198e49d51e2258fe98f0301752fc401f,2017-05-12T07:44:22Z,guyon@live.com,False,unsigned
3,2024-08-15,Github-Hosted,macOS,ARM64,H6060-Javascript-Exceljs,Npm,https://github.com/exceljs/exceljs,exceljs,exceljs,v0.2.38,c12365648b3fadc8506a74d888c33525feae877f,2017-05-12T07:44:22Z,guyon@live.com,False,unsigned
3,2024-08-15,Github-Hosted,macOS,ARM64,H6060-Javascript-Exceljs,Npm,https://github.com/exceljs/exceljs,exceljs,exceljs,v0.2.39,2db3cb1fe9c2bcb3e25b741dffac246029fb5af5,2017-05-12T07:44:22Z,guyon@live.com,False,unsigned
3,2024-08-15,Github-Hosted,macOS,ARM64,H6060-Javascript-Exceljs,Npm,https://github.com/exceljs/exceljs,exceljs,exceljs,v0.2.40,cbbc451a0f6ceef0b4d7513c73aa89f19a8f7708,2017-05-12T07:44:22Z,guyon@live.com,False,unsigned
3,2024-08-15,Github-Hosted,macOS,ARM64,H6060-Javascript-Exceljs,Npm,https://github.com/exceljs/exceljs,exceljs,exceljs,v0.2.42,d2448be2097a9c1d7a9565736fef91d4508dd08d,2017-05-12T07:44:22Z,guyon@live.com,False,unsigned
3,2024-08-15,Github-Hosted,macOS,ARM64,H6060-Javascript-Exceljs,Npm,https://github.com/exceljs/exceljs,exceljs,exceljs,v0.2.43,21c17ba560ac36ff3ad0ef885e29ee3329f6b67d,2017-05-12T07:44:22Z,guyon@live.com,False,unsigned
3,2024-08-15,Github-Hosted,macOS,ARM64,H6060-Javascript-Exceljs,Npm,https://github.com/exceljs/exceljs,exceljs,exceljs,v0.2.44,4f2445ebd9a67885d36e816cc3c133b135fef8e9,2017-05-12T07:44:22Z,guyon@live.com,False,unsigned
3,2024-08-15,Github-Hosted,macOS,ARM64,H6060-Javascript-Exceljs,Npm,https://github.com/exceljs/exceljs,exceljs,exceljs,v0.2.45,aaa9e9f0431576bbd454bada515f33d15e887fb6,2017-05-12T07:44:22Z,guyon@live.com,False,unsigned
3,2024-08-15,Github-Hosted,macOS,ARM64,H6060-Javascript-Exceljs,Npm,https://github.com/exceljs/exceljs,exceljs,exceljs,v0.2.46,151c842bc2bd2ad3db4c09cc5a6e00c5bd127d75,2017-05-12T07:44:23Z,guyon@live.com,False,unsigned
3,2024-08-15,Github-Hosted,macOS,ARM64,H6060-Javascript-Exceljs,Npm,https://github.com/exceljs/exceljs,exceljs,exceljs,v0.2.8,a2432b6cf7bb9657c3df367190defaf8e55d4794,2017-05-12T07:44:23Z,guyon@live.com,False,unsigned
3,2024-08-15,Github-Hosted,macOS,ARM64,H6060-Javascript-Exceljs,Npm,https://github.com/exceljs/exceljs,exceljs,exceljs,v0.3.0,e739e785fd5786bca3ac09ed45b836002d1387c9,2017-05-12T07:44:23Z,guyon@live.com,False,unsigned
3,2024-08-15,Github-Hosted,macOS,ARM64,H6060-Javascript-Exceljs,Npm,https://github.com/exceljs/exceljs,exceljs,exceljs,v0.4.0,86d7b5a5d5e07aefa0d91fe85eaf1d4d73f80a9d,2017-05-12T07:44:23Z,guyon@live.com,False,unsigned
3,2024-08-15,Github-Hosted,macOS,ARM64,H6060-Javascript-Exceljs,Npm,https://github.com/exceljs/exceljs,exceljs,exceljs,v0.4.1,00bf7d860ecd9d44fda68f13fb86a7a3c448d270,2017-05-12T07:44:23Z,guyon@live.com,False,unsigned
3,2024-08-15,Github-Hosted,macOS,ARM64,H6060-Javascript-Exceljs,Npm,https://github.com/exceljs/exceljs,exceljs,exceljs,v0.4.10,aaa2ebba088272ccd3e0610d3be26f7cf1994907,2017-06-06T20:04:02Z,guyon@live.com,False,unsigned
3,2024-08-15,Github-Hosted,macOS,ARM64,H6060-Javascript-Exceljs,Npm,https://github.com/exceljs/exceljs,exceljs,exceljs,v0.4.11,0bb4084257d9014be36402a2c6aa869e6575bbf0,2017-06-06T20:11:35Z,guyon@live.com,False,unsigned
3,2024-08-15,Github-Hosted,macOS,ARM64,H6060-Javascript-Exceljs,Npm,https://github.com/exceljs/exceljs,exceljs,exceljs,v0.4.12,bfe2933f72fac337fe58448befd9f6d1ad043cc2,2017-06-10T18:26:40Z,guyon@live.com,False,unsigned
3,2024-08-15,Github-Hosted,macOS,ARM64,H6060-Javascript-Exceljs,Npm,https://github.com/exceljs/exceljs,exceljs,exceljs,v0.4.13,2a3117ad820eef16b2ac5f27bf8af1cfd355c8d1,2017-06-22T18:44:48Z,guyon@live.com,False,unsigned
3,2024-08-15,Github-Hosted,macOS,ARM64,H6060-Javascript-Exceljs,Npm,https://github.com/exceljs/exceljs,exceljs,exceljs,v0.4.14,194094581d2d158929e5d2bb4e36336914e7fe80,2017-07-12T19:17:27Z,guyon@live.com,False,unsigned
3,2024-08-15,Github-Hosted,macOS,ARM64,H6060-Javascript-Exceljs,Npm,https://github.com/exceljs/exceljs,exceljs,exceljs,v0.4.2,d3fc12fe99e42bb1867215cc9a50b7fb5b191c06,2017-05-12T07:44:23Z,guyon@live.com,False,unsigned
3,2024-08-15,Github-Hosted,macOS,ARM64,H6060-Javascript-Exceljs,Npm,https://github.com/exceljs/exceljs,exceljs,exceljs,v0.4.3,6d9e64a907463d6295fa4b30950594db3e456f55,2017-05-12T07:44:23Z,guyon@live.com,False,unsigned
3,2024-08-15,Github-Hosted,macOS,ARM64,H6060-Javascript-Exceljs,Npm,https://github.com/exceljs/exceljs,exceljs,exceljs,v0.4.4,433af03f834edda3e074f9b399d1277af1c2fda2,2017-05-12T07:44:23Z,guyon@live.com,False,unsigned
3,2024-08-15,Github-Hosted,macOS,ARM64,H6060-Javascript-Exceljs,Npm,https://github.com/exceljs/exceljs,exceljs,exceljs,v0.4.5,7200f03f3579b4c100596da886dc1f4834a021c4,2017-05-12T07:44:24Z,guyon@live.com,False,unsigned
3,2024-08-15,Github-Hosted,macOS,ARM64,H6060-Javascript-Exceljs,Npm,https://github.com/exceljs/exceljs,exceljs,exceljs,v0.5.0,05489f9ef39dbd9d3430828f05aaf741fb4e35d6,2017-07-16T08:10:32Z,guyon@live.com,False,unsigned
3,2024-08-15,Github-Hosted,macOS,ARM64,H6060-Javascript-Exceljs,Npm,https://github.com/exceljs/exceljs,exceljs,exceljs,v0.5.1,9ad55671f4eeeeb83ab1e95289a7e8588c33c1ba,2017-07-31T00:17:00Z,guyon@live.com,False,unsigned
3,2024-08-15,Github-Hosted,macOS,ARM64,H6060-Javascript-Exceljs,Npm,https://github.com/exceljs/exceljs,exceljs,exceljs,v0.6.0,e9bc999ac3725229a5d402e4d985482f3e47652c,2017-09-17T17:57:18Z,guyon@live.com,False,unsigned
3,2024-08-15,Github-Hosted,macOS,ARM64,H6060-Javascript-Exceljs,Npm,https://github.com/exceljs/exceljs,exceljs,exceljs,v0.6.1,beb679690388c6c54b20b59b08488effa695e007,2017-10-05T06:36:32Z,guyon@live.com,False,unsigned
3,2024-08-15,Github-Hosted,macOS,ARM64,H6060-Javascript-Exceljs,Npm,https://github.com/exceljs/exceljs,exceljs,exceljs,v0.6.2,7208d47093395d3fb943d48f781804a1afbe0ea9,,,False,unsigned
3,2024-08-15,Github-Hosted,macOS,ARM64,H6060-Javascript-Exceljs,Npm,https://github.com/exceljs/exceljs,exceljs,exceljs,v0.7.0,a225c112720d8b6d655e4d9d7ed6ed573aeca006,2017-11-20T09:02:58Z,guyon@live.com,False,unsigned
3,2024-08-15,Github-Hosted,macOS,ARM64,H6060-Javascript-Exceljs,Npm,https://github.com/exceljs/exceljs,exceljs,exceljs,v0.7.1,9b3f33878b3c1017f6481e1991e6c2d47de97a66,2017-11-21T07:52:59Z,guyon@live.com,False,unsigned
3,2024-08-15,Github-Hosted,macOS,ARM64,H6060-Javascript-Exceljs,Npm,https://github.com/exceljs/exceljs,exceljs,exceljs,v0.8.0,24d38cfc2fbf5130b47d43ceb14ac42866ab9362,2017-12-06T20:42:22Z,guyon@live.com,False,unsigned
3,2024-08-15,Github-Hosted,macOS,ARM64,H6060-Javascript-Exceljs,Npm,https://github.com/exceljs/exceljs,exceljs,exceljs,v0.8.1,e3c9c8b6aee37fc3a52e76aeb1a0b010124da8a9,2017-12-16T15:02:53Z,guyon@live.com,False,unsigned
3,2024-08-15,Github-Hosted,macOS,ARM64,H6060-Javascript-Exceljs,Npm,https://github.com/exceljs/exceljs,exceljs,exceljs,v0.8.2,9b34c233b5573d6981addbe300446803c5f8e198,2018-01-16T20:05:31Z,guyon@live.com,False,unsigned
3,2024-08-15,Github-Hosted,macOS,ARM64,H6060-Javascript-Exceljs,Npm,https://github.com/exceljs/exceljs,exceljs,exceljs,v0.8.3,ebf1c613f1e41f6e2a3843f117112a39b5088bf1,2018-02-20T13:10:04Z,guyon@live.com,False,unsigned
3,2024-08-15,Github-Hosted,macOS,ARM64,H6060-Javascript-Exceljs,Npm,https://github.com/exceljs/exceljs,exceljs,exceljs,v0.8.4,a1605d897e76aa143230d6779c21e9e7d229a7b8,2018-02-27T14:41:32Z,guyon@live.com,False,unsigned
3,2024-08-15,Github-Hosted,macOS,ARM64,H6060-Javascript-Exceljs,Npm,https://github.com/exceljs/exceljs,exceljs,exceljs,v0.8.5,2f77c417f3d49a714b7ce9338be935546dab6fbb,2018-02-28T11:19:20Z,guyon@live.com,False,unsigned
3,2024-08-15,Github-Hosted,macOS,ARM64,H6060-Javascript-Exceljs,Npm,https://github.com/exceljs/exceljs,exceljs,exceljs,v0.9.0,4d444d24b520635573b8e92d811657b899ce91af,2018-03-01T17:31:53Z,guyon@live.com,False,unsigned
3,2024-08-15,Github-Hosted,macOS,ARM64,H6060-Javascript-Exceljs,Npm,https://github.com/exceljs/exceljs,exceljs,exceljs,v0.9.1,c3aabe82ac57043dcab32a6a7096cb0faf439e8a,2018-03-05T12:14:50Z,guyon@live.com,False,unsigned
3,2024-08-15,Github-Hosted,macOS,ARM64,H6060-Javascript-Exceljs,Npm,https://github.com/exceljs/exceljs,exceljs,exceljs,v1.0.0,4ab2020cb03ea6b95a4571a08456105c58ebf02d,2018-03-15T11:38:13Z,guyon@live.com,False,unsigned
3,2024-08-15,Github-Hosted,macOS,ARM64,H6060-Javascript-Exceljs,Npm,https://github.com/exceljs/exceljs,exceljs,exceljs,v1.0.1,4d2e5d04eed91c1bf163def279961363bcbf0a2d,2018-03-26T07:44:36Z,guyon@live.com,False,unsigned
3,2024-08-15,Github-Hosted,macOS,ARM64,H6060-Javascript-Exceljs,Npm,https://github.com/exceljs/exceljs,exceljs,exceljs,v1.0.2,075cdd651fd0e30b09f7f6d8ae870d8a88d868b4,2018-03-28T07:12:10Z,guyon@live.com,False,unsigned
3,2024-08-15,Github-Hosted,macOS,ARM64,H6060-Javascript-Exceljs,Npm,https://github.com/exceljs/exceljs,exceljs,exceljs,v1.1.0,59dc9c9ae6782c48a7b6d2cc5f8c1aea7406ffc8,2018-03-29T08:15:30Z,guyon@live.com,False,unsigned
3,2024-08-15,Github-Hosted,macOS,ARM64,H6060-Javascript-Exceljs,Npm,https://github.com/exceljs/exceljs,exceljs,exceljs,v1.1.1,bc6b1e58f07d51030de3014368aaeabde7996d1a,2018-04-08T14:45:30Z,guyon@live.com,False,unsigned
3,2024-08-15,Github-Hosted,macOS,ARM64,H6060-Javascript-Exceljs,Npm,https://github.com/exceljs/exceljs,exceljs,exceljs,v1.1.2,2e5dd0f1047258cced90d67d76ad48afcf5ee288,2018-04-11T09:28:32Z,guyon@live.com,False,unsigned
3,2024-08-15,Github-Hosted,macOS,ARM64,H6060-Javascript-Exceljs,Npm,https://github.com/exceljs/exceljs,exceljs,exceljs,v1.1.3,4b34ae9bb04dc032eae381d6c13965bbd6f215f5,2018-04-13T13:09:52Z,guyon@live.com,False,unsigned
3,2024-08-15,Github-Hosted,macOS,ARM64,H6060-Javascript-Exceljs,Npm,https://github.com/exceljs/exceljs,exceljs,exceljs,v1.10.0,c9f1f56843407acad39a79f8288ed2877294afc1,2019-05-03T16:59:07Z,guyon@live.com,False,unsigned
3,2024-08-15,Github-Hosted,macOS,ARM64,H6060-Javascript-Exceljs,Npm,https://github.com/exceljs/exceljs,exceljs,exceljs,v1.11.0,9b1475c540024c5821b69562019c548462352df7,2019-05-16T16:52:25Z,guyon@live.com,False,unsigned
3,2024-08-15,Github-Hosted,macOS,ARM64,H6060-Javascript-Exceljs,Npm,https://github.com/exceljs/exceljs,exceljs,exceljs,v1.12.0,f43be3c2c9e6169f2de26b683475ed58ab702734,2019-05-31T08:03:29Z,guyon@live.com,False,unsigned
3,2024-08-15,Github-Hosted,macOS,ARM64,H6060-Javascript-Exceljs,Npm,https://github.com/exceljs/exceljs,exceljs,exceljs,v1.12.1,ab47c4e12644487070322847a8307be5940b1d96,2019-06-04T16:31:41Z,guyon@live.com,False,unsigned
3,2024-08-15,Github-Hosted,macOS,ARM64,H6060-Javascript-Exceljs,Npm,https://github.com/exceljs/exceljs,exceljs,exceljs,v1.12.2,e4968f521db12d1359467de541b8ca37a096ccf5,2019-06-18T16:57:02Z,guyon@live.com,False,unsigned
3,2024-08-15,Github-Hosted,macOS,ARM64,H6060-Javascript-Exceljs,Npm,https://github.com/exceljs/exceljs,exceljs,exceljs,v1.13.0,8ad138169b0f3be50c615287a67107213046febd,2019-06-25T16:25:45Z,guyon@live.com,False,unsigned
3,2024-08-15,Github-Hosted,macOS,ARM64,H6060-Javascript-Exceljs,Npm,https://github.com/exceljs/exceljs,exceljs,exceljs,v1.14.0,116af1c84b2821f5a7cc7525098b9eebbb116a42,2019-07-30T17:13:27Z,guyon@live.com,False,unsigned
3,2024-08-15,Github-Hosted,macOS,ARM64,H6060-Javascript-Exceljs,Npm,https://github.com/exceljs/exceljs,exceljs,exceljs,v1.15.0,d78a6ec325e6cb2f3ce9cf383ecd26ad04d07505,2019-08-16T18:22:14Z,guyon@live.com,False,unsigned
3,2024-08-15,Github-Hosted,macOS,ARM64,H6060-Javascript-Exceljs,Npm,https://github.com/exceljs/exceljs,exceljs,exceljs,v1.2.0,35d19a1e85c8c9b341d2aca1e37a9c324ee13f80,2018-04-19T07:26:41Z,guyon@live.com,False,unsigned
3,2024-08-15,Github-Hosted,macOS,ARM64,H6060-Javascript-Exceljs,Npm,https://github.com/exceljs/exceljs,exceljs,exceljs,v1.2.1,17a735f011ff66c8d575b88ecf6ae6f2a190f50c,2018-04-20T07:28:17Z,guyon@live.com,False,unsigned
3,2024-08-15,Github-Hosted,macOS,ARM64,H6060-Javascript-Exceljs,Npm,https://github.com/exceljs/exceljs,exceljs,exceljs,v1.3.0,5cb27dc0bf12f2a38472fcca3592dbd9dacf95ae,2018-04-23T14:48:27Z,guyon@live.com,False,unsigned
3,2024-08-15,Github-Hosted,macOS,ARM64,H6060-Javascript-Exceljs,Npm,https://github.com/exceljs/exceljs,exceljs,exceljs,v1.4.0,42f2947087479d76794748e93f92ef3fe8e55f18,2018-04-24T11:37:44Z,guyon@live.com,False,unsigned
3,2024-08-15,Github-Hosted,macOS,ARM64,H6060-Javascript-Exceljs,Npm,https://github.com/exceljs/exceljs,exceljs,exceljs,v1.4.1,7d354ed1e4009ed89439cc4f6023d5dd12364de4,2018-04-24T11:48:42Z,guyon@live.com,False,unsigned
3,2024-08-15,Github-Hosted,macOS,ARM64,H6060-Javascript-Exceljs,Npm,https://github.com/exceljs/exceljs,exceljs,exceljs,v1.4.10,ac67c03f69dc074b50f9e46b9eb233c4680ca338,2018-06-05T06:36:22Z,guyon@live.com,False,unsigned
3,2024-08-15,Github-Hosted,macOS,ARM64,H6060-Javascript-Exceljs,Npm,https://github.com/exceljs/exceljs,exceljs,exceljs,v1.4.11,a90fc26aa0afef08f149ff42ee29384160e1a371,2018-06-06T07:59:46Z,guyon@live.com,False,unsigned
3,2024-08-15,Github-Hosted,macOS,ARM64,H6060-Javascript-Exceljs,Npm,https://github.com/exceljs/exceljs,exceljs,exceljs,v1.4.12,236d7ffadf6b06e555e81311fa74fb1970ba05e0,2018-06-10T15:47:30Z,guyon@live.com,False,unsigned
3,2024-08-15,Github-Hosted,macOS,ARM64,H6060-Javascript-Exceljs,Npm,https://github.com/exceljs/exceljs,exceljs,exceljs,v1.4.13,17adb33e80b69d02586cb3dddb7c22ffcf9082dc,2018-06-12T07:27:39Z,guyon@live.com,False,unsigned
3,2024-08-15,Github-Hosted,macOS,ARM64,H6060-Javascript-Exceljs,Npm,https://github.com/exceljs/exceljs,exceljs,exceljs,v1.4.2,bf60a1e339842f58c91d167a326edc6959cbfe39,2018-04-24T11:59:42Z,guyon@live.com,False,unsigned
3,2024-08-15,Github-Hosted,macOS,ARM64,H6060-Javascript-Exceljs,Npm,https://github.com/exceljs/exceljs,exceljs,exceljs,v1.4.3,7358e72b0c5454a71f85f46c9cbc4bb4018a949d,2018-04-30T12:24:20Z,guyon@live.com,False,unsigned
3,2024-08-15,Github-Hosted,macOS,ARM64,H6060-Javascript-Exceljs,Npm,https://github.com/exceljs/exceljs,exceljs,exceljs,v1.4.4,0a5eb5f8f2408d3a8df1e25d6075cd8a1d12f68e,2018-05-02T15:28:33Z,guyon@live.com,False,unsigned
3,2024-08-15,Github-Hosted,macOS,ARM64,H6060-Javascript-Exceljs,Npm,https://github.com/exceljs/exceljs,exceljs,exceljs,v1.4.5,d2cb83aab786721a4a6451de673afa204dcba79c,2018-05-02T17:06:28Z,guyon@live.com,False,unsigned
3,2024-08-15,Github-Hosted,macOS,ARM64,H6060-Javascript-Exceljs,Npm,https://github.com/exceljs/exceljs,exceljs,exceljs,v1.4.6,b170b0c89673286616606c748f995801bae38543,2018-05-07T10:27:19Z,guyon@live.com,False,unsigned
3,2024-08-15,Github-Hosted,macOS,ARM64,H6060-Javascript-Exceljs,Npm,https://github.com/exceljs/exceljs,exceljs,exceljs,v1.4.7,e8c828842d03b90da0bb6b6a1b3335178989ef27,2018-05-31T18:58:30Z,guyon@live.com,False,unsigned
3,2024-08-15,Github-Hosted,macOS,ARM64,H6060-Javascript-Exceljs,Npm,https://github.com/exceljs/exceljs,exceljs,exceljs,v1.4.8,1c2851310388c98f7e280eb12051c39626b16ce2,2018-06-01T08:46:22Z,guyon@live.com,False,unsigned
3,2024-08-15,Github-Hosted,macOS,ARM64,H6060-Javascript-Exceljs,Npm,https://github.com/exceljs/exceljs,exceljs,exceljs,v1.4.9,c57eeeecf06176285371c85d44703d281373bbff,2018-06-04T14:54:13Z,guyon@live.com,False,unsigned
3,2024-08-15,Github-Hosted,macOS,ARM64,H6060-Javascript-Exceljs,Npm,https://github.com/exceljs/exceljs,exceljs,exceljs,v1.5.0,ceb9440d0bd7e159dd45d2ea18152248d0085e9b,2018-06-24T12:09:19Z,guyon@live.com,False,unsigned
3,2024-08-15,Github-Hosted,macOS,ARM64,H6060-Javascript-Exceljs,Npm,https://github.com/exceljs/exceljs,exceljs,exceljs,v1.5.1,0f3cf949717b5292771558e2056f6ec31c763842,2018-06-26T12:39:22Z,guyon@live.com,False,unsigned
3,2024-08-15,Github-Hosted,macOS,ARM64,H6060-Javascript-Exceljs,Npm,https://github.com/exceljs/exceljs,exceljs,exceljs,v1.6.0,bbf9f523aeb8fd538d291836f1576ffa84539a3a,2018-08-02T08:32:03Z,guyon@live.com,False,unsigned
3,2024-08-15,Github-Hosted,macOS,ARM64,H6060-Javascript-Exceljs,Npm,https://github.com/exceljs/exceljs,exceljs,exceljs,v1.6.1,22a6ece5e50f8eaf05ddfd6c7205038281b92988,2018-09-04T12:41:40Z,guyon@live.com,False,unsigned
3,2024-08-15,Github-Hosted,macOS,ARM64,H6060-Javascript-Exceljs,Npm,https://github.com/exceljs/exceljs,exceljs,exceljs,v1.6.2,78647d420c113e4007acb31821eaded83fb410ce,2018-09-05T14:02:57Z,guyon@live.com,False,unsigned
3,2024-08-15,Github-Hosted,macOS,ARM64,H6060-Javascript-Exceljs,Npm,https://github.com/exceljs/exceljs,exceljs,exceljs,v1.6.3,7d9da7047c21e713d49c8f9e4d1d982dee8da1c0,2018-11-07T19:30:07Z,guyon@live.com,False,unsigned
3,2024-08-15,Github-Hosted,macOS,ARM64,H6060-Javascript-Exceljs,Npm,https://github.com/exceljs/exceljs,exceljs,exceljs,v1.7.0,43691b843fa8795f3aff7672fca8a7bf8a33b858,2019-01-10T21:26:14Z,guyon@live.com,False,unsigned
3,2024-08-15,Github-Hosted,macOS,ARM64,H6060-Javascript-Exceljs,Npm,https://github.com/exceljs/exceljs,exceljs,exceljs,v1.8.0,32c71b12cff843e60caeffe3aa876ff03fb9c5e3,2019-03-28T17:57:32Z,guyon@live.com,False,unsigned
3,2024-08-15,Github-Hosted,macOS,ARM64,H6060-Javascript-Exceljs,Npm,https://github.com/exceljs/exceljs,exceljs,exceljs,v1.9.0,9bc8addd5a02a49a137c33b3858d66f2787fe993,2019-04-01T17:14:33Z,guyon@live.com,False,unsigned
3,2024-08-15,Github-Hosted,macOS,ARM64,H6060-Javascript-Exceljs,Npm,https://github.com/exceljs/exceljs,exceljs,exceljs,v1.9.1,fe2d465037b651ebab61fd22f097db70bf237cc6,2019-04-18T07:00:06Z,guyon@live.com,False,unsigned
3,2024-08-15,Github-Hosted,macOS,ARM64,H6060-Javascript-Exceljs,Npm,https://github.com/exceljs/exceljs,exceljs,exceljs,v2.0.0,4f6637e975fe037931d8b6d7d24af74c15125ba7,2019-09-05T10:44:06Z,guyon@live.com,False,unsigned
3,2024-08-15,Github-Hosted,macOS,ARM64,H6060-Javascript-Exceljs,Npm,https://github.com/exceljs/exceljs,exceljs,exceljs,v2.0.1,e148826bfd0a49fe5c01234352b7512194e7d779,2019-09-05T19:21:48Z,guyon@live.com,False,unsigned
3,2024-08-15,Github-Hosted,macOS,ARM64,H6060-Javascript-Exceljs,Npm,https://github.com/exceljs/exceljs,exceljs,exceljs,v3.0.0,aca6544da0058d6f2982cbbce094e0d96bbbd97d,2019-10-01T16:40:26Z,guyon@live.com,False,unsigned
3,2024-08-15,Github-Hosted,macOS,ARM64,H6060-Javascript-Exceljs,Npm,https://github.com/exceljs/exceljs,exceljs,exceljs,v3.1.0,b2a0559f4367de3c6de01bb910c73e7ebe2e895f,2019-10-08T06:53:13Z,guyon@live.com,False,unsigned
3,2024-08-15,Github-Hosted,macOS,ARM64,H6060-Javascript-Exceljs,Npm,https://github.com/exceljs/exceljs,exceljs,exceljs,v3.10.0,bdf702f7e34cb2ff99a8fae2140f5a2611993289,2020-06-02T17:54:23Z,guyon@live.com,False,unsigned
3,2024-08-15,Github-Hosted,macOS,ARM64,H6060-Javascript-Exceljs,Npm,https://github.com/exceljs/exceljs,exceljs,exceljs,v3.2.0,85556fc0faee813ed3a7c8aebeacec263fa4b801,2019-10-18T20:20:25Z,guyon@live.com,False,unsigned
3,2024-08-15,Github-Hosted,macOS,ARM64,H6060-Javascript-Exceljs,Npm,https://github.com/exceljs/exceljs,exceljs,exceljs,v3.3.0,c3dd0873067f0f908c5314409ec88489f0f0423e,2019-10-24T19:33:58Z,guyon@live.com,False,unsigned
3,2024-08-15,Github-Hosted,macOS,ARM64,H6060-Javascript-Exceljs,Npm,https://github.com/exceljs/exceljs,exceljs,exceljs,v3.3.1,70ac997f45da4313b8b51fa482059e69e81d9cd1,2019-10-31T17:40:27Z,guyon@live.com,False,unsigned
3,2024-08-15,Github-Hosted,macOS,ARM64,H6060-Javascript-Exceljs,Npm,https://github.com/exceljs/exceljs,exceljs,exceljs,v3.4.0,a5dae4e80beffdfb11c49042c364cc3dc0b10d09,2019-11-13T07:53:58Z,guyon@live.com,False,unsigned
3,2024-08-15,Github-Hosted,macOS,ARM64,H6060-Javascript-Exceljs,Npm,https://github.com/exceljs/exceljs,exceljs,exceljs,v3.5.0,13e54c84d6fb4134ce21442e76c352f1de173c8c,2019-12-12T18:22:23Z,guyon@live.com,False,unsigned
3,2024-08-15,Github-Hosted,macOS,ARM64,H6060-Javascript-Exceljs,Npm,https://github.com/exceljs/exceljs,exceljs,exceljs,v3.6.0,950f8e124ab2d62e83366613036b949b35763624,2020-01-16T17:35:33Z,guyon@live.com,False,unsigned
3,2024-08-15,Github-Hosted,macOS,ARM64,H6060-Javascript-Exceljs,Npm,https://github.com/exceljs/exceljs,exceljs,exceljs,v3.6.1,6767a248286bc937ad91b39370f4b1f6e2b83205,2020-01-20T17:37:17Z,guyon@live.com,False,unsigned
3,2024-08-15,Github-Hosted,macOS,ARM64,H6060-Javascript-Exceljs,Npm,https://github.com/exceljs/exceljs,exceljs,exceljs,v3.7.0,18d4aee768ce6dd0083e3f37031505b6353db0ac,2020-01-27T18:12:24Z,guyon@live.com,False,unsigned
3,2024-08-15,Github-Hosted,macOS,ARM64,H6060-Javascript-Exceljs,Npm,https://github.com/exceljs/exceljs,exceljs,exceljs,v3.8.0,85fbff1b1e1697cdcbc45502780fd0f0d14d6d92,2020-02-11T08:26:24Z,guyon@live.com,False,unsigned
3,2024-08-15,Github-Hosted,macOS,ARM64,H6060-Javascript-Exceljs,Npm,https://github.com/exceljs/exceljs,exceljs,exceljs,v3.8.1,ed63e5976ce93331e6fdd016f8faadb6eb35187f,2020-03-03T17:51:02Z,guyon@live.com,False,unsigned
3,2024-08-15,Github-Hosted,macOS,ARM64,H6060-Javascript-Exceljs,Npm,https://github.com/exceljs/exceljs,exceljs,exceljs,v3.8.2,7e78fd7daa33cd9e3fc24c560605927f8b2fd795,2020-03-24T19:26:36Z,guyon@live.com,False,unsigned
3,2024-08-15,Github-Hosted,macOS,ARM64,H6060-Javascript-Exceljs,Npm,https://github.com/exceljs/exceljs,exceljs,exceljs,v3.9.0,f843b1626f08af9b0351c880761e00176873cb8d,2020-04-23T17:48:04Z,guyon@live.com,False,unsigned
3,2024-08-15,Github-Hosted,macOS,ARM64,H6060-Javascript-Exceljs,Npm,https://github.com/exceljs/exceljs,exceljs,exceljs,v4.0.0,0592a22fa0797eef9bc77c0b17c8b61f1ee1fda2,2020-06-02T21:28:47Z,guyon@live.com,False,unsigned
3,2024-08-15,Github-Hosted,macOS,ARM64,H6060-Javascript-Exceljs,Npm,https://github.com/exceljs/exceljs,exceljs,exceljs,v4.0.1,579c6467ea5c85f0c7b5229dc3789facc4e69778,2020-06-04T18:29:24Z,guyon@live.com,False,unsigned
3,2024-08-15,Github-Hosted,macOS,ARM64,H6060-Javascript-Exceljs,Npm,https://github.com/exceljs/exceljs,exceljs,exceljs,v4.1.0,88ee631c506b991cc3623375b6122b6c5e939068,2020-06-28T11:41:22Z,guyon@live.com,False,unsigned
3,2024-08-15,Github-Hosted,macOS,ARM64,H6060-Javascript-Exceljs,Npm,https://github.com/exceljs/exceljs,exceljs,exceljs,v4.1.1,bb3240ed153e50a9155e5b031f65b8d57d559b25,2020-07-14T07:39:57Z,guyon@live.com,False,unsigned
3,2024-08-15,Github-Hosted,macOS,ARM64,H6060-Javascript-Exceljs,Npm,https://github.com/exceljs/exceljs,exceljs,exceljs,v4.2.0,bcc4c2cc0128f792d96b39f15cc60a3e5e5ac65b,2020-10-27T08:58:43Z,guyon@live.com,False,unsigned
3,2024-08-15,Github-Hosted,macOS,ARM64,H6060-Javascript-Exceljs,Npm,https://github.com/exceljs/exceljs,exceljs,exceljs,v4.2.1,1b2c91560d664c4d13145ba3e9fc34ccb6031d98,2021-03-09T09:06:05Z,guyon@live.com,False,unsigned
3,2024-08-15,Github-Hosted,macOS,ARM64,H6060-Javascript-Exceljs,Npm,https://github.com/exceljs/exceljs,exceljs,exceljs,v4.3.0,6a67a5ac4a31d6afaaadeca7dafe41aaff24fa37,2021-08-21T13:46:08Z,guyon@live.com,False,unsigned
3,2024-08-15,Github-Hosted,macOS,ARM64,H6060-Javascript-Exceljs,Npm,https://github.com/exceljs/exceljs,exceljs,exceljs,v4.4.0,d911329c2c3ca7a4d5e979f2539a3cd868fc09d4,2023-10-19T19:48:56Z,siemienik.pawel@gmail.com,False,unsigned
