<?xml version="1.0" encoding="UTF-8"?><analysis xmlns="https://jeremylong.github.io/DependencyCheck/dependency-check.4.0.xsd">
  <scanInfo>
    <engineVersion>10.0.3</engineVersion>
    <dataSource>
      <name>NVD API Last Checked</name>
      <timestamp>2024-08-14T14:29:41Z</timestamp>
    </dataSource>
    <dataSource>
      <name>NVD API Last Modified</name>
      <timestamp>2024-08-14T14:25:31Z</timestamp>
    </dataSource>
  </scanInfo>
  <projectInfo>
    <name>H6060-Python-Jinja</name>
    <reportDate>2024-08-14T14:29:52.134Z</reportDate>
    <credits>This product uses the NVD API but is not endorsed or certified by the NVD. This report contains data retrieved from the National Vulnerability Database: https://nvd.nist.gov, Github Advisory Database (via NPM Audit API): https://github.com/advisories/, and the RetireJS community.</credits>
  </projectInfo>
  <dependencies>
    <dependency isVirtual="true">
      <fileName>Babel:0.8</fileName>
      <filePath>D:\a\H6060-Python-Jinja\H6060-Python-Jinja\upstream-repository\requirements.txt:Babel/0.8</filePath>
      <md5/>
      <sha1/>
      <sha256/>
      <evidenceCollected>
        <evidence type="vendor" confidence="HIGHEST">
          <source>requirements.txt</source>
          <name>vendor</name>
          <value>Babel</value>
        </evidence>
        <evidence type="product" confidence="HIGHEST">
          <source>requirements.txt</source>
          <name>product</name>
          <value>Babel</value>
        </evidence>
        <evidence type="version" confidence="HIGHEST">
          <source>requirements.txt</source>
          <name>version</name>
          <value>0.8</value>
        </evidence>
      </evidenceCollected>
      <identifiers>
        <package confidence="HIGHEST">
          <id>pkg:pypi/babel@0.8</id>
          <url>https://ossindex.sonatype.org/component/pkg:pypi/babel@0.8?utm_source=dependency-check&amp;utm_medium=integration&amp;utm_content=10.0.3</url>
        </package>
      </identifiers>
    </dependency>
    <dependency isVirtual="false">
      <fileName>Jinja2:2.11.2</fileName>
      <filePath>D:\a\H6060-Python-Jinja\H6060-Python-Jinja\upstream-repository\dist\Jinja2-2.11.2-py2.py3-none-any.whl</filePath>
      <md5>12696b24996e854bf5ea15107d3c1416</md5>
      <sha1>0e1f91abca1d7a916ddee593f2f277e62872ea3d</sha1>
      <sha256>e389e0118cd51ea8e40cc196142d08ae25a028e64ccaf2e3b4f6e5179c15deb3</sha256>
      <description>A very fast and expressive template engine.</description>
      <evidenceCollected>
        <evidence type="vendor" confidence="HIGH">
          <source>file</source>
          <name>name</name>
          <value>Jinja2</value>
        </evidence>
        <evidence type="vendor" confidence="LOW">
          <source>METADATA</source>
          <name>Author</name>
          <value>Armin Ronacher</value>
        </evidence>
        <evidence type="vendor" confidence="HIGHEST">
          <source>METADATA</source>
          <name>Name</name>
          <value>Jinja2</value>
        </evidence>
        <evidence type="vendor" confidence="MEDIUM">
          <source>METADATA</source>
          <name>vendor</name>
          <value>https://palletsprojects.com/p/jinja/</value>
        </evidence>
        <evidence type="product" confidence="HIGH">
          <source>file</source>
          <name>name</name>
          <value>Jinja2</value>
        </evidence>
        <evidence type="product" confidence="HIGHEST">
          <source>METADATA</source>
          <name>Name</name>
          <value>Jinja2</value>
        </evidence>
        <evidence type="version" confidence="HIGH">
          <source>file</source>
          <name>version</name>
          <value>2.11.2</value>
        </evidence>
        <evidence type="version" confidence="HIGHEST">
          <source>METADATA</source>
          <name>Version</name>
          <value>2.11.2</value>
        </evidence>
      </evidenceCollected>
      <identifiers>
        <package confidence="HIGHEST">
          <id>pkg:pypi/jinja2@2.11.2</id>
          <url>https://ossindex.sonatype.org/component/pkg:pypi/jinja2@2.11.2?utm_source=dependency-check&amp;utm_medium=integration&amp;utm_content=10.0.3</url>
        </package>
        <vulnerabilityIds confidence="LOW">
          <id>cpe:2.3:a:palletsprojects:jinja:2.11.2:*:*:*:*:*:*:*</id>
        </vulnerabilityIds>
      </identifiers>
      <vulnerabilities>
        <vulnerability source="NVD">
          <name>CVE-2024-22195</name>
          <severity>MEDIUM</severity>
          <cvssV3>
            <baseScore>6.1</baseScore>
            <attackVector>NETWORK</attackVector>
            <attackComplexity>LOW</attackComplexity>
            <privilegesRequired>NONE</privilegesRequired>
            <userInteraction>REQUIRED</userInteraction>
            <scope>CHANGED</scope>
            <confidentialityImpact>LOW</confidentialityImpact>
            <integrityImpact>LOW</integrityImpact>
            <availabilityImpact>NONE</availabilityImpact>
            <baseSeverity>MEDIUM</baseSeverity>
            <exploitabilityScore>2.8</exploitabilityScore>
            <impactScore>2.7</impactScore>
            <version>3.1</version>
          </cvssV3>
          <cwes>
            <cwe>CWE-79</cwe>
          </cwes>
          <description>Jinja is an extensible templating engine. Special placeholders in the template allow writing code similar to Python syntax. It is possible to inject arbitrary HTML attributes into the rendered HTML template, potentially leading to Cross-Site Scripting (XSS). The Jinja `xmlattr` filter can be abused to inject arbitrary HTML attribute keys and values, bypassing the auto escaping mechanism and potentially leading to XSS. It may also be possible to bypass attribute validation checks if they are blacklist-based.
</description>
          <references>
            <reference>
              <source>security-advisories@github.com</source>
              <url>https://github.com/pallets/jinja/releases/tag/3.1.3</url>
              <name>RELEASE_NOTES</name>
            </reference>
            <reference>
              <source>OSSINDEX</source>
              <url>https://ossindex.sonatype.org/vulnerability/CVE-2024-22195?component-type=pypi&amp;component-name=jinja2&amp;utm_source=dependency-check&amp;utm_medium=integration&amp;utm_content=10.0.3</url>
              <name>[CVE-2024-22195] CWE-79: Improper Neutralization of Input During Web Page Generation ('Cross-site Scripting')</name>
            </reference>
            <reference>
              <source>OSSIndex</source>
              <url>https://github.com/pallets/jinja/security/advisories/GHSA-h5c8-rqwp-cp95</url>
              <name>https://github.com/pallets/jinja/security/advisories/GHSA-h5c8-rqwp-cp95</name>
            </reference>
            <reference>
              <source>security-advisories@github.com</source>
              <url>https://github.com/pallets/jinja/security/advisories/GHSA-h5c8-rqwp-cp95</url>
              <name>THIRD_PARTY_ADVISORY</name>
            </reference>
            <reference>
              <source>OSSIndex</source>
              <url>http://web.nvd.nist.gov/view/vuln/detail?vulnId=CVE-2024-22195</url>
              <name>http://web.nvd.nist.gov/view/vuln/detail?vulnId=CVE-2024-22195</name>
            </reference>
            <reference>
              <source>security-advisories@github.com</source>
              <url>https://lists.fedoraproject.org/archives/list/package-announce@lists.fedoraproject.org/message/DELCVUUYX75I5K4Q5WMJG4MUZJA6VAIP/</url>
            </reference>
            <reference>
              <source>security-advisories@github.com</source>
              <url>https://lists.debian.org/debian-lts-announce/2024/01/msg00010.html</url>
            </reference>
            <reference>
              <source>security-advisories@github.com</source>
              <url>https://lists.fedoraproject.org/archives/list/package-announce@lists.fedoraproject.org/message/O7YWRBX6JQCWC2XXCTZ55C7DPMGICCN3/</url>
            </reference>
            <reference>
              <source>security-advisories@github.com</source>
              <url>https://lists.fedoraproject.org/archives/list/package-announce@lists.fedoraproject.org/message/5XCWZD464AJJJUBOO7CMPXQ4ROBC6JX2/</url>
            </reference>
          </references>
          <vulnerableSoftware>
            <software vulnerabilityIdMatched="true" versionEndExcluding="3.1.3">cpe:2.3:a:palletsprojects:jinja:*:*:*:*:*:*:*:*</software>
          </vulnerableSoftware>
        </vulnerability>
        <vulnerability source="NVD">
          <name>CVE-2020-28493</name>
          <severity>MEDIUM</severity>
          <cvssV2>
            <score>5.0</score>
            <accessVector>NETWORK</accessVector>
            <accessComplexity>LOW</accessComplexity>
            <authenticationr>NONE</authenticationr>
            <confidentialityImpact>NONE</confidentialityImpact>
            <integrityImpact>NONE</integrityImpact>
            <availabilityImpact>PARTIAL</availabilityImpact>
            <severity>MEDIUM</severity>
            <version>2.0</version>
            <exploitabilityScore>10.0</exploitabilityScore>
            <impactScore>2.9</impactScore>
          </cvssV2>
          <cvssV3>
            <baseScore>5.3</baseScore>
            <attackVector>NETWORK</attackVector>
            <attackComplexity>LOW</attackComplexity>
            <privilegesRequired>NONE</privilegesRequired>
            <userInteraction>NONE</userInteraction>
            <scope>UNCHANGED</scope>
            <confidentialityImpact>NONE</confidentialityImpact>
            <integrityImpact>NONE</integrityImpact>
            <availabilityImpact>LOW</availabilityImpact>
            <baseSeverity>MEDIUM</baseSeverity>
            <exploitabilityScore>3.9</exploitabilityScore>
            <impactScore>1.4</impactScore>
            <version>3.1</version>
          </cvssV3>
          <cwes>
            <cwe>CWE-400</cwe>
          </cwes>
          <description>This affects the package jinja2 from 0.0.0 and before 2.11.3. The ReDoS vulnerability is mainly due to the `_punctuation_re regex` operator and its use of multiple wildcards. The last wildcard is the most exploitable as it searches for trailing punctuation. This issue can be mitigated by Markdown to format user content instead of the urlize filter, or by implementing request timeouts and limiting process memory.</description>
          <references>
            <reference>
              <source>report@snyk.io</source>
              <url>https://github.com/pallets/jinja/pull/1343</url>
              <name>PATCH,THIRD_PARTY_ADVISORY</name>
            </reference>
            <reference>
              <source>OSSIndex</source>
              <url>https://github.com/pallets/jinja/pull/1195</url>
              <name>https://github.com/pallets/jinja/pull/1195</name>
            </reference>
            <reference>
              <source>report@snyk.io</source>
              <url>https://security.gentoo.org/glsa/202107-19</url>
              <name>THIRD_PARTY_ADVISORY</name>
            </reference>
            <reference>
              <source>OSSINDEX</source>
              <url>https://ossindex.sonatype.org/vulnerability/CVE-2020-28493?component-type=pypi&amp;component-name=jinja2&amp;utm_source=dependency-check&amp;utm_medium=integration&amp;utm_content=10.0.3</url>
              <name>[CVE-2020-28493] CWE-400: Uncontrolled Resource Consumption ('Resource Exhaustion')</name>
            </reference>
            <reference>
              <source>OSSIndex</source>
              <url>https://github.com/pallets/jinja/pull/1343</url>
              <name>https://github.com/pallets/jinja/pull/1343</name>
            </reference>
            <reference>
              <source>report@snyk.io</source>
              <url>https://lists.fedoraproject.org/archives/list/package-announce%40lists.fedoraproject.org/message/PVAKCOO7VBVUBM3Q6CBBTPBFNP5NDXF4/</url>
            </reference>
            <reference>
              <source>report@snyk.io</source>
              <url>https://snyk.io/vuln/SNYK-PYTHON-JINJA2-1012994</url>
              <name>EXPLOIT,THIRD_PARTY_ADVISORY</name>
            </reference>
            <reference>
              <source>report@snyk.io</source>
              <url>https://github.com/pallets/jinja/blob/ab81fd9c277900c85da0c322a2ff9d68a235b2e6/src/jinja2/utils.py%23L20</url>
              <name>BROKEN_LINK</name>
            </reference>
            <reference>
              <source>OSSIndex</source>
              <url>http://web.nvd.nist.gov/view/vuln/detail?vulnId=CVE-2020-28493</url>
              <name>http://web.nvd.nist.gov/view/vuln/detail?vulnId=CVE-2020-28493</name>
            </reference>
          </references>
          <vulnerableSoftware>
            <software vulnerabilityIdMatched="true" versionEndExcluding="2.11.3">cpe:2.3:a:palletsprojects:jinja:*:*:*:*:*:*:*:*</software>
          </vulnerableSoftware>
        </vulnerability>
      </vulnerabilities>
    </dependency>
    <dependency isVirtual="true">
      <fileName>MarkupSafe:0.23</fileName>
      <filePath>D:\a\H6060-Python-Jinja\H6060-Python-Jinja\upstream-repository\requirements.txt:MarkupSafe/0.23</filePath>
      <md5/>
      <sha1/>
      <sha256/>
      <evidenceCollected>
        <evidence type="vendor" confidence="HIGHEST">
          <source>requirements.txt</source>
          <name>vendor</name>
          <value>MarkupSafe</value>
        </evidence>
        <evidence type="product" confidence="HIGHEST">
          <source>requirements.txt</source>
          <name>product</name>
          <value>MarkupSafe</value>
        </evidence>
        <evidence type="version" confidence="HIGHEST">
          <source>requirements.txt</source>
          <name>version</name>
          <value>0.23</value>
        </evidence>
      </evidenceCollected>
      <identifiers>
        <package confidence="HIGHEST">
          <id>pkg:pypi/markupsafe@0.23</id>
          <url>https://ossindex.sonatype.org/component/pkg:pypi/markupsafe@0.23?utm_source=dependency-check&amp;utm_medium=integration&amp;utm_content=10.0.3</url>
        </package>
      </identifiers>
    </dependency>
    <dependency isVirtual="true">
      <fileName>Pallets-Sphinx-Themes:1.2.0</fileName>
      <filePath>D:\a\H6060-Python-Jinja\H6060-Python-Jinja\upstream-repository\dist\jinja2-2.11.2.tar.gz\jinja2-2.11.2.tar\jinja2-2.11.2\docs\requirements.txt:Pallets-Sphinx-Themes/1.2.0</filePath>
      <md5/>
      <sha1/>
      <sha256/>
      <evidenceCollected>
        <evidence type="vendor" confidence="HIGHEST">
          <source>requirements.txt</source>
          <name>vendor</name>
          <value>Pallets-Sphinx-Themes</value>
        </evidence>
        <evidence type="product" confidence="HIGHEST">
          <source>requirements.txt</source>
          <name>product</name>
          <value>Pallets-Sphinx-Themes</value>
        </evidence>
        <evidence type="version" confidence="HIGHEST">
          <source>requirements.txt</source>
          <name>version</name>
          <value>1.2.0</value>
        </evidence>
      </evidenceCollected>
      <identifiers>
        <package confidence="HIGHEST">
          <id>pkg:pypi/pallets-sphinx-themes@1.2.0</id>
          <url>https://ossindex.sonatype.org/component/pkg:pypi/pallets-sphinx-themes@1.2.0?utm_source=dependency-check&amp;utm_medium=integration&amp;utm_content=10.0.3</url>
        </package>
      </identifiers>
    </dependency>
    <dependency isVirtual="true">
      <fileName>Pallets-Sphinx-Themes:1.2.0</fileName>
      <filePath>D:\a\H6060-Python-Jinja\H6060-Python-Jinja\upstream-repository\docs\requirements.txt:Pallets-Sphinx-Themes/1.2.0</filePath>
      <md5/>
      <sha1/>
      <sha256/>
      <evidenceCollected>
        <evidence type="vendor" confidence="HIGHEST">
          <source>requirements.txt</source>
          <name>vendor</name>
          <value>Pallets-Sphinx-Themes</value>
        </evidence>
        <evidence type="product" confidence="HIGHEST">
          <source>requirements.txt</source>
          <name>product</name>
          <value>Pallets-Sphinx-Themes</value>
        </evidence>
        <evidence type="version" confidence="HIGHEST">
          <source>requirements.txt</source>
          <name>version</name>
          <value>1.2.0</value>
        </evidence>
      </evidenceCollected>
      <identifiers>
        <package confidence="HIGHEST">
          <id>pkg:pypi/pallets-sphinx-themes@1.2.0</id>
          <url>https://ossindex.sonatype.org/component/pkg:pypi/pallets-sphinx-themes@1.2.0?utm_source=dependency-check&amp;utm_medium=integration&amp;utm_content=10.0.3</url>
        </package>
      </identifiers>
    </dependency>
    <dependency isVirtual="true">
      <fileName>Sphinx:2.1.2</fileName>
      <filePath>D:\a\H6060-Python-Jinja\H6060-Python-Jinja\upstream-repository\dist\jinja2-2.11.2.tar.gz\jinja2-2.11.2.tar\jinja2-2.11.2\docs\requirements.txt:Sphinx/2.1.2</filePath>
      <md5/>
      <sha1/>
      <sha256/>
      <evidenceCollected>
        <evidence type="vendor" confidence="HIGHEST">
          <source>requirements.txt</source>
          <name>vendor</name>
          <value>Sphinx</value>
        </evidence>
        <evidence type="product" confidence="HIGHEST">
          <source>requirements.txt</source>
          <name>product</name>
          <value>Sphinx</value>
        </evidence>
        <evidence type="version" confidence="HIGHEST">
          <source>requirements.txt</source>
          <name>version</name>
          <value>2.1.2</value>
        </evidence>
      </evidenceCollected>
      <identifiers>
        <package confidence="HIGHEST">
          <id>pkg:pypi/sphinx@2.1.2</id>
          <url>https://ossindex.sonatype.org/component/pkg:pypi/sphinx@2.1.2?utm_source=dependency-check&amp;utm_medium=integration&amp;utm_content=10.0.3</url>
        </package>
      </identifiers>
    </dependency>
    <dependency isVirtual="true">
      <fileName>Sphinx:2.1.2</fileName>
      <filePath>D:\a\H6060-Python-Jinja\H6060-Python-Jinja\upstream-repository\docs\requirements.txt:Sphinx/2.1.2</filePath>
      <md5/>
      <sha1/>
      <sha256/>
      <evidenceCollected>
        <evidence type="vendor" confidence="HIGHEST">
          <source>requirements.txt</source>
          <name>vendor</name>
          <value>Sphinx</value>
        </evidence>
        <evidence type="product" confidence="HIGHEST">
          <source>requirements.txt</source>
          <name>product</name>
          <value>Sphinx</value>
        </evidence>
        <evidence type="version" confidence="HIGHEST">
          <source>requirements.txt</source>
          <name>version</name>
          <value>2.1.2</value>
        </evidence>
      </evidenceCollected>
      <identifiers>
        <package confidence="HIGHEST">
          <id>pkg:pypi/sphinx@2.1.2</id>
          <url>https://ossindex.sonatype.org/component/pkg:pypi/sphinx@2.1.2?utm_source=dependency-check&amp;utm_medium=integration&amp;utm_content=10.0.3</url>
        </package>
      </identifiers>
    </dependency>
    <dependency isVirtual="false">
      <fileName>__init__.py</fileName>
      <filePath>D:\a\H6060-Python-Jinja\H6060-Python-Jinja\upstream-repository\tests\res\__init__.py</filePath>
      <md5>d41d8cd98f00b204e9800998ecf8427e</md5>
      <sha1>da39a3ee5e6b4b0d3255bfef95601890afd80709</sha1>
      <sha256>e3b0c44298fc1c149afbf4c8996fb92427ae41e4649b934ca495991b7852b855</sha256>
      <relatedDependencies>
        <relatedDependency>
          <fileName>jinja2-2.11.2.tar.gz: jinja2-2.11.2.tar: __init__.py</fileName>
          <filePath>D:\a\H6060-Python-Jinja\H6060-Python-Jinja\upstream-repository\dist\jinja2-2.11.2.tar.gz\jinja2-2.11.2.tar\jinja2-2.11.2\tests\res\__init__.py</filePath>
          <sha256>e3b0c44298fc1c149afbf4c8996fb92427ae41e4649b934ca495991b7852b855</sha256>
          <sha1>da39a3ee5e6b4b0d3255bfef95601890afd80709</sha1>
          <md5>d41d8cd98f00b204e9800998ecf8427e</md5>
        </relatedDependency>
      </relatedDependencies>
      <evidenceCollected>
        <evidence type="product" confidence="HIGHEST">
          <source>__init__.py</source>
          <name>PackageName</name>
          <value>res</value>
        </evidence>
      </evidenceCollected>
    </dependency>
    <dependency isVirtual="false">
      <fileName>jinja2-2.11.2.tar.gz: jinja2-2.11.2.tar: PKG-INFO</fileName>
      <filePath>D:\a\H6060-Python-Jinja\H6060-Python-Jinja\upstream-repository\dist\jinja2-2.11.2.tar.gz\jinja2-2.11.2.tar\jinja2-2.11.2\PKG-INFO</filePath>
      <md5>cb101457de59380511b7229fbd0772e1</md5>
      <sha1>9f300aa793c68f4ea00da6f2311cbc39ad27fdb3</sha1>
      <sha256>d074d800d310840e320fd184e327cba330e9aec65acc4a4fb139c079d7e1b55d</sha256>
      <relatedDependencies>
        <relatedDependency>
          <fileName>Jinja2:2.11.2</fileName>
          <filePath>D:\a\H6060-Python-Jinja\H6060-Python-Jinja\upstream-repository\dist\jinja2-2.11.2.tar.gz\jinja2-2.11.2.tar\jinja2-2.11.2\src\Jinja2.egg-info\PKG-INFO</filePath>
          <sha256>d074d800d310840e320fd184e327cba330e9aec65acc4a4fb139c079d7e1b55d</sha256>
          <sha1>9f300aa793c68f4ea00da6f2311cbc39ad27fdb3</sha1>
          <md5>cb101457de59380511b7229fbd0772e1</md5>
          <identifiers>
            <package>
              <id>pkg:pypi/jinja2@2.11.2</id>
              <url>https://ossindex.sonatype.org/component/pkg:pypi/jinja2@2.11.2?utm_source=dependency-check&amp;utm_medium=integration&amp;utm_content=10.0.3</url>
            </package>
          </identifiers>
        </relatedDependency>
      </relatedDependencies>
      <evidenceCollected/>
    </dependency>
    <dependency isVirtual="false">
      <fileName>jinja2-2.11.2.tar.gz: jinja2-2.11.2.tar: requirements.txt</fileName>
      <filePath>D:\a\H6060-Python-Jinja\H6060-Python-Jinja\upstream-repository\dist\jinja2-2.11.2.tar.gz\jinja2-2.11.2.tar\jinja2-2.11.2\docs\requirements.txt</filePath>
      <md5>5c7ef6b1b4353033397788778abb6800</md5>
      <sha1>d92a4a7f4bd425acd56f13f2defdb29288465237</sha1>
      <sha256>c2ac8bdd8f5436fe1151a4971185b5748458dff8ad603124757a5f7cc274aa1a</sha256>
      <evidenceCollected>
        <evidence type="vendor" confidence="HIGH">
          <source>file</source>
          <name>name</name>
          <value>requirements</value>
        </evidence>
        <evidence type="product" confidence="HIGH">
          <source>file</source>
          <name>name</name>
          <value>requirements</value>
        </evidence>
      </evidenceCollected>
    </dependency>
    <dependency isVirtual="false">
      <fileName>jinja2:2.11.2</fileName>
      <filePath>D:\a\H6060-Python-Jinja\H6060-Python-Jinja\upstream-repository\src\jinja2\__init__.py</filePath>
      <md5>5270491a8012245f465f3e99d8ea86d8</md5>
      <sha1>3dc737476b60bcc458ce8e8fec41691af6950351</sha1>
      <sha256>a3ad2e3a49922ef4da6261e46dc213fb718c13445fd171648be74b574a03ce29</sha256>
      <relatedDependencies>
        <relatedDependency>
          <fileName>jinja2:2.11.2</fileName>
          <filePath>D:\a\H6060-Python-Jinja\H6060-Python-Jinja\upstream-repository\dist\jinja2-2.11.2.tar.gz\jinja2-2.11.2.tar\jinja2-2.11.2\src\jinja2\__init__.py</filePath>
          <sha256>a3ad2e3a49922ef4da6261e46dc213fb718c13445fd171648be74b574a03ce29</sha256>
          <sha1>3dc737476b60bcc458ce8e8fec41691af6950351</sha1>
          <md5>5270491a8012245f465f3e99d8ea86d8</md5>
          <identifiers>
            <package>
              <id>pkg:pypi/jinja2</id>
            </package>
            <package>
              <id>pkg:pypi/jinja2@2.11.2</id>
              <url>https://ossindex.sonatype.org/component/pkg:pypi/jinja2@2.11.2?utm_source=dependency-check&amp;utm_medium=integration&amp;utm_content=10.0.3</url>
            </package>
          </identifiers>
        </relatedDependency>
      </relatedDependencies>
      <evidenceCollected>
        <evidence type="product" confidence="HIGHEST">
          <source>__init__.py</source>
          <name>PackageName</name>
          <value>jinja2</value>
        </evidence>
        <evidence type="version" confidence="MEDIUM">
          <source>__init__.py</source>
          <name>SourceVersion</name>
          <value>2.11.2</value>
        </evidence>
      </evidenceCollected>
      <identifiers>
        <package confidence="HIGHEST">
          <id>pkg:pypi/jinja2</id>
        </package>
        <package confidence="HIGHEST">
          <id>pkg:pypi/jinja2@2.11.2</id>
          <url>https://ossindex.sonatype.org/component/pkg:pypi/jinja2@2.11.2?utm_source=dependency-check&amp;utm_medium=integration&amp;utm_content=10.0.3</url>
        </package>
      </identifiers>
      <vulnerabilities>
        <vulnerability source="OSSINDEX">
          <name>CVE-2024-22195</name>
          <severity>MEDIUM</severity>
          <cvssV3>
            <baseScore>6.099999904632568</baseScore>
            <attackVector>NETWORK</attackVector>
            <attackComplexity>LOW</attackComplexity>
            <privilegesRequired>NONE</privilegesRequired>
            <userInteraction>REQUIRED</userInteraction>
            <scope>CHANGED</scope>
            <confidentialityImpact>LOW</confidentialityImpact>
            <integrityImpact>LOW</integrityImpact>
            <availabilityImpact>NONE</availabilityImpact>
            <baseSeverity>MEDIUM</baseSeverity>
            <version>3.1</version>
          </cvssV3>
          <cwes>
            <cwe>CWE-79</cwe>
          </cwes>
          <description>Jinja is an extensible templating engine. Special placeholders in the template allow writing code similar to Python syntax. It is possible to inject arbitrary HTML attributes into the rendered HTML template, potentially leading to Cross-Site Scripting (XSS). The Jinja `xmlattr` filter can be abused to inject arbitrary HTML attribute keys and values, bypassing the auto escaping mechanism and potentially leading to XSS. It may also be possible to bypass attribute validation checks if they are blacklist-based.
</description>
          <references>
            <reference>
              <source>OSSINDEX</source>
              <url>https://ossindex.sonatype.org/vulnerability/CVE-2024-22195?component-type=pypi&amp;component-name=jinja2&amp;utm_source=dependency-check&amp;utm_medium=integration&amp;utm_content=10.0.3</url>
              <name>[CVE-2024-22195] CWE-79: Improper Neutralization of Input During Web Page Generation ('Cross-site Scripting')</name>
            </reference>
            <reference>
              <source>OSSIndex</source>
              <url>https://github.com/pallets/jinja/security/advisories/GHSA-h5c8-rqwp-cp95</url>
              <name>https://github.com/pallets/jinja/security/advisories/GHSA-h5c8-rqwp-cp95</name>
            </reference>
            <reference>
              <source>OSSIndex</source>
              <url>http://web.nvd.nist.gov/view/vuln/detail?vulnId=CVE-2024-22195</url>
              <name>http://web.nvd.nist.gov/view/vuln/detail?vulnId=CVE-2024-22195</name>
            </reference>
          </references>
          <vulnerableSoftware>
            <software vulnerabilityIdMatched="true">cpe:2.3:a:*:jinja2:2.11.2:*:*:*:*:*:*:*</software>
          </vulnerableSoftware>
        </vulnerability>
        <vulnerability source="OSSINDEX">
          <name>CVE-2020-28493</name>
          <severity>MEDIUM</severity>
          <cvssV3>
            <baseScore>5.300000190734863</baseScore>
            <attackVector>NETWORK</attackVector>
            <attackComplexity>LOW</attackComplexity>
            <privilegesRequired>NONE</privilegesRequired>
            <userInteraction>NONE</userInteraction>
            <scope>UNCHANGED</scope>
            <confidentialityImpact>NONE</confidentialityImpact>
            <integrityImpact>NONE</integrityImpact>
            <availabilityImpact>LOW</availabilityImpact>
            <baseSeverity>MEDIUM</baseSeverity>
            <version>3.1</version>
          </cvssV3>
          <cwes>
            <cwe>CWE-400</cwe>
          </cwes>
          <description>This affects the package jinja2 from 0.0.0 and before 2.11.3. The ReDoS vulnerability is mainly due to the `_punctuation_re regex` operator and its use of multiple wildcards. The last wildcard is the most exploitable as it searches for trailing punctuation. This issue can be mitigated by Markdown to format user content instead of the urlize filter, or by implementing request timeouts and limiting process memory.</description>
          <references>
            <reference>
              <source>OSSIndex</source>
              <url>https://github.com/pallets/jinja/pull/1195</url>
              <name>https://github.com/pallets/jinja/pull/1195</name>
            </reference>
            <reference>
              <source>OSSINDEX</source>
              <url>https://ossindex.sonatype.org/vulnerability/CVE-2020-28493?component-type=pypi&amp;component-name=jinja2&amp;utm_source=dependency-check&amp;utm_medium=integration&amp;utm_content=10.0.3</url>
              <name>[CVE-2020-28493] CWE-400: Uncontrolled Resource Consumption ('Resource Exhaustion')</name>
            </reference>
            <reference>
              <source>OSSIndex</source>
              <url>https://github.com/pallets/jinja/pull/1343</url>
              <name>https://github.com/pallets/jinja/pull/1343</name>
            </reference>
            <reference>
              <source>OSSIndex</source>
              <url>http://web.nvd.nist.gov/view/vuln/detail?vulnId=CVE-2020-28493</url>
              <name>http://web.nvd.nist.gov/view/vuln/detail?vulnId=CVE-2020-28493</name>
            </reference>
          </references>
          <vulnerableSoftware>
            <software vulnerabilityIdMatched="true">cpe:2.3:a:*:jinja2:2.11.2:*:*:*:*:*:*:*</software>
          </vulnerableSoftware>
        </vulnerability>
      </vulnerabilities>
    </dependency>
    <dependency isVirtual="true">
      <fileName>sphinx-issues:1.2.0</fileName>
      <filePath>D:\a\H6060-Python-Jinja\H6060-Python-Jinja\upstream-repository\dist\jinja2-2.11.2.tar.gz\jinja2-2.11.2.tar\jinja2-2.11.2\docs\requirements.txt:sphinx-issues/1.2.0</filePath>
      <md5/>
      <sha1/>
      <sha256/>
      <evidenceCollected>
        <evidence type="vendor" confidence="HIGHEST">
          <source>requirements.txt</source>
          <name>vendor</name>
          <value>sphinx-issues</value>
        </evidence>
        <evidence type="product" confidence="HIGHEST">
          <source>requirements.txt</source>
          <name>product</name>
          <value>sphinx-issues</value>
        </evidence>
        <evidence type="version" confidence="HIGHEST">
          <source>requirements.txt</source>
          <name>version</name>
          <value>1.2.0</value>
        </evidence>
      </evidenceCollected>
      <identifiers>
        <package confidence="HIGHEST">
          <id>pkg:pypi/sphinx-issues@1.2.0</id>
          <url>https://ossindex.sonatype.org/component/pkg:pypi/sphinx-issues@1.2.0?utm_source=dependency-check&amp;utm_medium=integration&amp;utm_content=10.0.3</url>
        </package>
      </identifiers>
    </dependency>
    <dependency isVirtual="true">
      <fileName>sphinx-issues:1.2.0</fileName>
      <filePath>D:\a\H6060-Python-Jinja\H6060-Python-Jinja\upstream-repository\docs\requirements.txt:sphinx-issues/1.2.0</filePath>
      <md5/>
      <sha1/>
      <sha256/>
      <evidenceCollected>
        <evidence type="vendor" confidence="HIGHEST">
          <source>requirements.txt</source>
          <name>vendor</name>
          <value>sphinx-issues</value>
        </evidence>
        <evidence type="product" confidence="HIGHEST">
          <source>requirements.txt</source>
          <name>product</name>
          <value>sphinx-issues</value>
        </evidence>
        <evidence type="version" confidence="HIGHEST">
          <source>requirements.txt</source>
          <name>version</name>
          <value>1.2.0</value>
        </evidence>
      </evidenceCollected>
      <identifiers>
        <package confidence="HIGHEST">
          <id>pkg:pypi/sphinx-issues@1.2.0</id>
          <url>https://ossindex.sonatype.org/component/pkg:pypi/sphinx-issues@1.2.0?utm_source=dependency-check&amp;utm_medium=integration&amp;utm_content=10.0.3</url>
        </package>
      </identifiers>
    </dependency>
    <dependency isVirtual="true">
      <fileName>sphinxcontrib-log-cabinet:1.0.1</fileName>
      <filePath>D:\a\H6060-Python-Jinja\H6060-Python-Jinja\upstream-repository\dist\jinja2-2.11.2.tar.gz\jinja2-2.11.2.tar\jinja2-2.11.2\docs\requirements.txt:sphinxcontrib-log-cabinet/1.0.1</filePath>
      <md5/>
      <sha1/>
      <sha256/>
      <evidenceCollected>
        <evidence type="vendor" confidence="HIGHEST">
          <source>requirements.txt</source>
          <name>vendor</name>
          <value>sphinxcontrib-log-cabinet</value>
        </evidence>
        <evidence type="product" confidence="HIGHEST">
          <source>requirements.txt</source>
          <name>product</name>
          <value>sphinxcontrib-log-cabinet</value>
        </evidence>
        <evidence type="version" confidence="HIGHEST">
          <source>requirements.txt</source>
          <name>version</name>
          <value>1.0.1</value>
        </evidence>
      </evidenceCollected>
      <identifiers>
        <package confidence="HIGHEST">
          <id>pkg:pypi/sphinxcontrib-log-cabinet@1.0.1</id>
          <url>https://ossindex.sonatype.org/component/pkg:pypi/sphinxcontrib-log-cabinet@1.0.1?utm_source=dependency-check&amp;utm_medium=integration&amp;utm_content=10.0.3</url>
        </package>
      </identifiers>
    </dependency>
    <dependency isVirtual="true">
      <fileName>sphinxcontrib-log-cabinet:1.0.1</fileName>
      <filePath>D:\a\H6060-Python-Jinja\H6060-Python-Jinja\upstream-repository\docs\requirements.txt:sphinxcontrib-log-cabinet/1.0.1</filePath>
      <md5/>
      <sha1/>
      <sha256/>
      <evidenceCollected>
        <evidence type="vendor" confidence="HIGHEST">
          <source>requirements.txt</source>
          <name>vendor</name>
          <value>sphinxcontrib-log-cabinet</value>
        </evidence>
        <evidence type="product" confidence="HIGHEST">
          <source>requirements.txt</source>
          <name>product</name>
          <value>sphinxcontrib-log-cabinet</value>
        </evidence>
        <evidence type="version" confidence="HIGHEST">
          <source>requirements.txt</source>
          <name>version</name>
          <value>1.0.1</value>
        </evidence>
      </evidenceCollected>
      <identifiers>
        <package confidence="HIGHEST">
          <id>pkg:pypi/sphinxcontrib-log-cabinet@1.0.1</id>
          <url>https://ossindex.sonatype.org/component/pkg:pypi/sphinxcontrib-log-cabinet@1.0.1?utm_source=dependency-check&amp;utm_medium=integration&amp;utm_content=10.0.3</url>
        </package>
      </identifiers>
    </dependency>
  </dependencies>
</analysis>
