{
  "reportSchema" : "1.1",
  "scanInfo" : {
    "engineVersion" : "10.0.3",
    "dataSource" : [ {
      "name" : "NVD API Last Checked",
      "timestamp" : "2024-08-14T14:29:41Z"
    }, {
      "name" : "NVD API Last Modified",
      "timestamp" : "2024-08-14T14:25:31Z"
    } ]
  },
  "projectInfo" : {
    "name" : "H6060-Python-Jinja",
    "reportDate" : "2024-08-14T14:29:52.134Z",
    "credits" : {
      "NVD" : "This product uses the NVD API but is not endorsed or certified by the NVD. This report contains data retrieved from the National Vulnerability Database: https://nvd.nist.gov",
      "CISA" : "This report may contain data retrieved from the CISA Known Exploited Vulnerability Catalog: https://www.cisa.gov/known-exploited-vulnerabilities-catalog",
      "NPM" : "This report may contain data retrieved from the Github Advisory Database (via NPM Audit API): https://github.com/advisories/",
      "RETIREJS" : "This report may contain data retrieved from the RetireJS community: https://retirejs.github.io/retire.js/",
      "OSSINDEX" : "This report may contain data retrieved from the Sonatype OSS Index: https://ossindex.sonatype.org"
    }
  },
  "dependencies" : [ {
    "isVirtual" : true,
    "fileName" : "Babel:0.8",
    "filePath" : "D:\\a\\H6060-Python-Jinja\\H6060-Python-Jinja\\upstream-repository\\requirements.txt:Babel/0.8",
    "evidenceCollected" : {
      "vendorEvidence" : [ {
        "type" : "vendor",
        "confidence" : "HIGHEST",
        "source" : "requirements.txt",
        "name" : "vendor",
        "value" : "Babel"
      } ],
      "productEvidence" : [ {
        "type" : "product",
        "confidence" : "HIGHEST",
        "source" : "requirements.txt",
        "name" : "product",
        "value" : "Babel"
      } ],
      "versionEvidence" : [ {
        "type" : "version",
        "confidence" : "HIGHEST",
        "source" : "requirements.txt",
        "name" : "version",
        "value" : "0.8"
      } ]
    },
    "packages" : [ {
      "id" : "pkg:pypi/babel@0.8",
      "confidence" : "HIGHEST",
      "url" : "https://ossindex.sonatype.org/component/pkg:pypi/babel@0.8?utm_source=dependency-check&utm_medium=integration&utm_content=10.0.3"
    } ]
  }, {
    "isVirtual" : false,
    "fileName" : "Jinja2:2.11.2",
    "filePath" : "D:\\a\\H6060-Python-Jinja\\H6060-Python-Jinja\\upstream-repository\\dist\\Jinja2-2.11.2-py2.py3-none-any.whl",
    "md5" : "12696b24996e854bf5ea15107d3c1416",
    "sha1" : "0e1f91abca1d7a916ddee593f2f277e62872ea3d",
    "sha256" : "e389e0118cd51ea8e40cc196142d08ae25a028e64ccaf2e3b4f6e5179c15deb3",
    "description" : "A very fast and expressive template engine.",
    "evidenceCollected" : {
      "vendorEvidence" : [ {
        "type" : "vendor",
        "confidence" : "HIGH",
        "source" : "file",
        "name" : "name",
        "value" : "Jinja2"
      }, {
        "type" : "vendor",
        "confidence" : "LOW",
        "source" : "METADATA",
        "name" : "Author",
        "value" : "Armin Ronacher"
      }, {
        "type" : "vendor",
        "confidence" : "HIGHEST",
        "source" : "METADATA",
        "name" : "Name",
        "value" : "Jinja2"
      }, {
        "type" : "vendor",
        "confidence" : "MEDIUM",
        "source" : "METADATA",
        "name" : "vendor",
        "value" : "https://palletsprojects.com/p/jinja/"
      } ],
      "productEvidence" : [ {
        "type" : "product",
        "confidence" : "HIGH",
        "source" : "file",
        "name" : "name",
        "value" : "Jinja2"
      }, {
        "type" : "product",
        "confidence" : "HIGHEST",
        "source" : "METADATA",
        "name" : "Name",
        "value" : "Jinja2"
      } ],
      "versionEvidence" : [ {
        "type" : "version",
        "confidence" : "HIGH",
        "source" : "file",
        "name" : "version",
        "value" : "2.11.2"
      }, {
        "type" : "version",
        "confidence" : "HIGHEST",
        "source" : "METADATA",
        "name" : "Version",
        "value" : "2.11.2"
      } ]
    },
    "packages" : [ {
      "id" : "pkg:pypi/jinja2@2.11.2",
      "confidence" : "HIGHEST",
      "url" : "https://ossindex.sonatype.org/component/pkg:pypi/jinja2@2.11.2?utm_source=dependency-check&utm_medium=integration&utm_content=10.0.3"
    } ],
    "vulnerabilityIds" : [ {
      "id" : "cpe:2.3:a:palletsprojects:jinja:2.11.2:*:*:*:*:*:*:*",
      "confidence" : "LOW"
    } ],
    "vulnerabilities" : [ {
      "source" : "NVD",
      "name" : "CVE-2024-22195",
      "severity" : "MEDIUM",
      "cvssv3" : {
        "baseScore" : 6.1,
        "attackVector" : "NETWORK",
        "attackComplexity" : "LOW",
        "privilegesRequired" : "NONE",
        "userInteraction" : "REQUIRED",
        "scope" : "CHANGED",
        "confidentialityImpact" : "LOW",
        "integrityImpact" : "LOW",
        "availabilityImpact" : "NONE",
        "baseSeverity" : "MEDIUM",
        "exploitabilityScore" : "2.8",
        "impactScore" : "2.7",
        "version" : "3.1"
      },
      "cwes" : [ "CWE-79" ],
      "description" : "Jinja is an extensible templating engine. Special placeholders in the template allow writing code similar to Python syntax. It is possible to inject arbitrary HTML attributes into the rendered HTML template, potentially leading to Cross-Site Scripting (XSS). The Jinja `xmlattr` filter can be abused to inject arbitrary HTML attribute keys and values, bypassing the auto escaping mechanism and potentially leading to XSS. It may also be possible to bypass attribute validation checks if they are blacklist-based.\n",
      "notes" : "",
      "references" : [ {
        "source" : "security-advisories@github.com",
        "url" : "https://github.com/pallets/jinja/releases/tag/3.1.3",
        "name" : "RELEASE_NOTES"
      }, {
        "source" : "OSSINDEX",
        "url" : "https://ossindex.sonatype.org/vulnerability/CVE-2024-22195?component-type=pypi&component-name=jinja2&utm_source=dependency-check&utm_medium=integration&utm_content=10.0.3",
        "name" : "[CVE-2024-22195] CWE-79: Improper Neutralization of Input During Web Page Generation ('Cross-site Scripting')"
      }, {
        "source" : "OSSIndex",
        "url" : "https://github.com/pallets/jinja/security/advisories/GHSA-h5c8-rqwp-cp95",
        "name" : "https://github.com/pallets/jinja/security/advisories/GHSA-h5c8-rqwp-cp95"
      }, {
        "source" : "security-advisories@github.com",
        "url" : "https://github.com/pallets/jinja/security/advisories/GHSA-h5c8-rqwp-cp95",
        "name" : "THIRD_PARTY_ADVISORY"
      }, {
        "source" : "OSSIndex",
        "url" : "http://web.nvd.nist.gov/view/vuln/detail?vulnId=CVE-2024-22195",
        "name" : "http://web.nvd.nist.gov/view/vuln/detail?vulnId=CVE-2024-22195"
      }, {
        "source" : "security-advisories@github.com",
        "url" : "https://lists.fedoraproject.org/archives/list/package-announce@lists.fedoraproject.org/message/DELCVUUYX75I5K4Q5WMJG4MUZJA6VAIP/"
      }, {
        "source" : "security-advisories@github.com",
        "url" : "https://lists.debian.org/debian-lts-announce/2024/01/msg00010.html"
      }, {
        "source" : "security-advisories@github.com",
        "url" : "https://lists.fedoraproject.org/archives/list/package-announce@lists.fedoraproject.org/message/O7YWRBX6JQCWC2XXCTZ55C7DPMGICCN3/"
      }, {
        "source" : "security-advisories@github.com",
        "url" : "https://lists.fedoraproject.org/archives/list/package-announce@lists.fedoraproject.org/message/5XCWZD464AJJJUBOO7CMPXQ4ROBC6JX2/"
      } ],
      "vulnerableSoftware" : [ {
        "software" : {
          "id" : "cpe:2.3:a:palletsprojects:jinja:*:*:*:*:*:*:*:*",
          "vulnerabilityIdMatched" : "true",
          "versionEndExcluding" : "3.1.3"
        }
      } ]
    }, {
      "source" : "NVD",
      "name" : "CVE-2020-28493",
      "severity" : "MEDIUM",
      "cvssv2" : {
        "score" : 5.0,
        "accessVector" : "NETWORK",
        "accessComplexity" : "LOW",
        "authenticationr" : "NONE",
        "confidentialityImpact" : "NONE",
        "integrityImpact" : "NONE",
        "availabilityImpact" : "PARTIAL",
        "severity" : "MEDIUM",
        "version" : "2.0",
        "exploitabilityScore" : "10.0",
        "impactScore" : "2.9"
      },
      "cvssv3" : {
        "baseScore" : 5.3,
        "attackVector" : "NETWORK",
        "attackComplexity" : "LOW",
        "privilegesRequired" : "NONE",
        "userInteraction" : "NONE",
        "scope" : "UNCHANGED",
        "confidentialityImpact" : "NONE",
        "integrityImpact" : "NONE",
        "availabilityImpact" : "LOW",
        "baseSeverity" : "MEDIUM",
        "exploitabilityScore" : "3.9",
        "impactScore" : "1.4",
        "version" : "3.1"
      },
      "cwes" : [ "CWE-400" ],
      "description" : "This affects the package jinja2 from 0.0.0 and before 2.11.3. The ReDoS vulnerability is mainly due to the `_punctuation_re regex` operator and its use of multiple wildcards. The last wildcard is the most exploitable as it searches for trailing punctuation. This issue can be mitigated by Markdown to format user content instead of the urlize filter, or by implementing request timeouts and limiting process memory.",
      "notes" : "",
      "references" : [ {
        "source" : "report@snyk.io",
        "url" : "https://github.com/pallets/jinja/pull/1343",
        "name" : "PATCH,THIRD_PARTY_ADVISORY"
      }, {
        "source" : "OSSIndex",
        "url" : "https://github.com/pallets/jinja/pull/1195",
        "name" : "https://github.com/pallets/jinja/pull/1195"
      }, {
        "source" : "report@snyk.io",
        "url" : "https://security.gentoo.org/glsa/202107-19",
        "name" : "THIRD_PARTY_ADVISORY"
      }, {
        "source" : "OSSINDEX",
        "url" : "https://ossindex.sonatype.org/vulnerability/CVE-2020-28493?component-type=pypi&component-name=jinja2&utm_source=dependency-check&utm_medium=integration&utm_content=10.0.3",
        "name" : "[CVE-2020-28493] CWE-400: Uncontrolled Resource Consumption ('Resource Exhaustion')"
      }, {
        "source" : "OSSIndex",
        "url" : "https://github.com/pallets/jinja/pull/1343",
        "name" : "https://github.com/pallets/jinja/pull/1343"
      }, {
        "source" : "report@snyk.io",
        "url" : "https://lists.fedoraproject.org/archives/list/package-announce%40lists.fedoraproject.org/message/PVAKCOO7VBVUBM3Q6CBBTPBFNP5NDXF4/"
      }, {
        "source" : "report@snyk.io",
        "url" : "https://snyk.io/vuln/SNYK-PYTHON-JINJA2-1012994",
        "name" : "EXPLOIT,THIRD_PARTY_ADVISORY"
      }, {
        "source" : "report@snyk.io",
        "url" : "https://github.com/pallets/jinja/blob/ab81fd9c277900c85da0c322a2ff9d68a235b2e6/src/jinja2/utils.py%23L20",
        "name" : "BROKEN_LINK"
      }, {
        "source" : "OSSIndex",
        "url" : "http://web.nvd.nist.gov/view/vuln/detail?vulnId=CVE-2020-28493",
        "name" : "http://web.nvd.nist.gov/view/vuln/detail?vulnId=CVE-2020-28493"
      } ],
      "vulnerableSoftware" : [ {
        "software" : {
          "id" : "cpe:2.3:a:palletsprojects:jinja:*:*:*:*:*:*:*:*",
          "vulnerabilityIdMatched" : "true",
          "versionEndExcluding" : "2.11.3"
        }
      } ]
    } ]
  }, {
    "isVirtual" : true,
    "fileName" : "MarkupSafe:0.23",
    "filePath" : "D:\\a\\H6060-Python-Jinja\\H6060-Python-Jinja\\upstream-repository\\requirements.txt:MarkupSafe/0.23",
    "evidenceCollected" : {
      "vendorEvidence" : [ {
        "type" : "vendor",
        "confidence" : "HIGHEST",
        "source" : "requirements.txt",
        "name" : "vendor",
        "value" : "MarkupSafe"
      } ],
      "productEvidence" : [ {
        "type" : "product",
        "confidence" : "HIGHEST",
        "source" : "requirements.txt",
        "name" : "product",
        "value" : "MarkupSafe"
      } ],
      "versionEvidence" : [ {
        "type" : "version",
        "confidence" : "HIGHEST",
        "source" : "requirements.txt",
        "name" : "version",
        "value" : "0.23"
      } ]
    },
    "packages" : [ {
      "id" : "pkg:pypi/markupsafe@0.23",
      "confidence" : "HIGHEST",
      "url" : "https://ossindex.sonatype.org/component/pkg:pypi/markupsafe@0.23?utm_source=dependency-check&utm_medium=integration&utm_content=10.0.3"
    } ]
  }, {
    "isVirtual" : true,
    "fileName" : "Pallets-Sphinx-Themes:1.2.0",
    "filePath" : "D:\\a\\H6060-Python-Jinja\\H6060-Python-Jinja\\upstream-repository\\dist\\jinja2-2.11.2.tar.gz\\jinja2-2.11.2.tar\\jinja2-2.11.2\\docs\\requirements.txt:Pallets-Sphinx-Themes/1.2.0",
    "evidenceCollected" : {
      "vendorEvidence" : [ {
        "type" : "vendor",
        "confidence" : "HIGHEST",
        "source" : "requirements.txt",
        "name" : "vendor",
        "value" : "Pallets-Sphinx-Themes"
      } ],
      "productEvidence" : [ {
        "type" : "product",
        "confidence" : "HIGHEST",
        "source" : "requirements.txt",
        "name" : "product",
        "value" : "Pallets-Sphinx-Themes"
      } ],
      "versionEvidence" : [ {
        "type" : "version",
        "confidence" : "HIGHEST",
        "source" : "requirements.txt",
        "name" : "version",
        "value" : "1.2.0"
      } ]
    },
    "packages" : [ {
      "id" : "pkg:pypi/pallets-sphinx-themes@1.2.0",
      "confidence" : "HIGHEST",
      "url" : "https://ossindex.sonatype.org/component/pkg:pypi/pallets-sphinx-themes@1.2.0?utm_source=dependency-check&utm_medium=integration&utm_content=10.0.3"
    } ]
  }, {
    "isVirtual" : true,
    "fileName" : "Pallets-Sphinx-Themes:1.2.0",
    "filePath" : "D:\\a\\H6060-Python-Jinja\\H6060-Python-Jinja\\upstream-repository\\docs\\requirements.txt:Pallets-Sphinx-Themes/1.2.0",
    "evidenceCollected" : {
      "vendorEvidence" : [ {
        "type" : "vendor",
        "confidence" : "HIGHEST",
        "source" : "requirements.txt",
        "name" : "vendor",
        "value" : "Pallets-Sphinx-Themes"
      } ],
      "productEvidence" : [ {
        "type" : "product",
        "confidence" : "HIGHEST",
        "source" : "requirements.txt",
        "name" : "product",
        "value" : "Pallets-Sphinx-Themes"
      } ],
      "versionEvidence" : [ {
        "type" : "version",
        "confidence" : "HIGHEST",
        "source" : "requirements.txt",
        "name" : "version",
        "value" : "1.2.0"
      } ]
    },
    "packages" : [ {
      "id" : "pkg:pypi/pallets-sphinx-themes@1.2.0",
      "confidence" : "HIGHEST",
      "url" : "https://ossindex.sonatype.org/component/pkg:pypi/pallets-sphinx-themes@1.2.0?utm_source=dependency-check&utm_medium=integration&utm_content=10.0.3"
    } ]
  }, {
    "isVirtual" : true,
    "fileName" : "Sphinx:2.1.2",
    "filePath" : "D:\\a\\H6060-Python-Jinja\\H6060-Python-Jinja\\upstream-repository\\dist\\jinja2-2.11.2.tar.gz\\jinja2-2.11.2.tar\\jinja2-2.11.2\\docs\\requirements.txt:Sphinx/2.1.2",
    "evidenceCollected" : {
      "vendorEvidence" : [ {
        "type" : "vendor",
        "confidence" : "HIGHEST",
        "source" : "requirements.txt",
        "name" : "vendor",
        "value" : "Sphinx"
      } ],
      "productEvidence" : [ {
        "type" : "product",
        "confidence" : "HIGHEST",
        "source" : "requirements.txt",
        "name" : "product",
        "value" : "Sphinx"
      } ],
      "versionEvidence" : [ {
        "type" : "version",
        "confidence" : "HIGHEST",
        "source" : "requirements.txt",
        "name" : "version",
        "value" : "2.1.2"
      } ]
    },
    "packages" : [ {
      "id" : "pkg:pypi/sphinx@2.1.2",
      "confidence" : "HIGHEST",
      "url" : "https://ossindex.sonatype.org/component/pkg:pypi/sphinx@2.1.2?utm_source=dependency-check&utm_medium=integration&utm_content=10.0.3"
    } ]
  }, {
    "isVirtual" : true,
    "fileName" : "Sphinx:2.1.2",
    "filePath" : "D:\\a\\H6060-Python-Jinja\\H6060-Python-Jinja\\upstream-repository\\docs\\requirements.txt:Sphinx/2.1.2",
    "evidenceCollected" : {
      "vendorEvidence" : [ {
        "type" : "vendor",
        "confidence" : "HIGHEST",
        "source" : "requirements.txt",
        "name" : "vendor",
        "value" : "Sphinx"
      } ],
      "productEvidence" : [ {
        "type" : "product",
        "confidence" : "HIGHEST",
        "source" : "requirements.txt",
        "name" : "product",
        "value" : "Sphinx"
      } ],
      "versionEvidence" : [ {
        "type" : "version",
        "confidence" : "HIGHEST",
        "source" : "requirements.txt",
        "name" : "version",
        "value" : "2.1.2"
      } ]
    },
    "packages" : [ {
      "id" : "pkg:pypi/sphinx@2.1.2",
      "confidence" : "HIGHEST",
      "url" : "https://ossindex.sonatype.org/component/pkg:pypi/sphinx@2.1.2?utm_source=dependency-check&utm_medium=integration&utm_content=10.0.3"
    } ]
  }, {
    "isVirtual" : false,
    "fileName" : "__init__.py",
    "filePath" : "D:\\a\\H6060-Python-Jinja\\H6060-Python-Jinja\\upstream-repository\\tests\\res\\__init__.py",
    "md5" : "d41d8cd98f00b204e9800998ecf8427e",
    "sha1" : "da39a3ee5e6b4b0d3255bfef95601890afd80709",
    "sha256" : "e3b0c44298fc1c149afbf4c8996fb92427ae41e4649b934ca495991b7852b855",
    "relatedDependencies" : [ {
      "isVirtual" : false,
      "fileName" : "jinja2-2.11.2.tar.gz: jinja2-2.11.2.tar: __init__.py",
      "filePath" : "D:\\a\\H6060-Python-Jinja\\H6060-Python-Jinja\\upstream-repository\\dist\\jinja2-2.11.2.tar.gz\\jinja2-2.11.2.tar\\jinja2-2.11.2\\tests\\res\\__init__.py",
      "sha256" : "e3b0c44298fc1c149afbf4c8996fb92427ae41e4649b934ca495991b7852b855",
      "sha1" : "da39a3ee5e6b4b0d3255bfef95601890afd80709",
      "md5" : "d41d8cd98f00b204e9800998ecf8427e"
    } ],
    "evidenceCollected" : {
      "vendorEvidence" : [ ],
      "productEvidence" : [ {
        "type" : "product",
        "confidence" : "HIGHEST",
        "source" : "__init__.py",
        "name" : "PackageName",
        "value" : "res"
      } ],
      "versionEvidence" : [ ]
    }
  }, {
    "isVirtual" : false,
    "fileName" : "jinja2-2.11.2.tar.gz: jinja2-2.11.2.tar: PKG-INFO",
    "filePath" : "D:\\a\\H6060-Python-Jinja\\H6060-Python-Jinja\\upstream-repository\\dist\\jinja2-2.11.2.tar.gz\\jinja2-2.11.2.tar\\jinja2-2.11.2\\PKG-INFO",
    "md5" : "cb101457de59380511b7229fbd0772e1",
    "sha1" : "9f300aa793c68f4ea00da6f2311cbc39ad27fdb3",
    "sha256" : "d074d800d310840e320fd184e327cba330e9aec65acc4a4fb139c079d7e1b55d",
    "relatedDependencies" : [ {
      "isVirtual" : false,
      "fileName" : "Jinja2:2.11.2",
      "filePath" : "D:\\a\\H6060-Python-Jinja\\H6060-Python-Jinja\\upstream-repository\\dist\\jinja2-2.11.2.tar.gz\\jinja2-2.11.2.tar\\jinja2-2.11.2\\src\\Jinja2.egg-info\\PKG-INFO",
      "sha256" : "d074d800d310840e320fd184e327cba330e9aec65acc4a4fb139c079d7e1b55d",
      "sha1" : "9f300aa793c68f4ea00da6f2311cbc39ad27fdb3",
      "md5" : "cb101457de59380511b7229fbd0772e1",
      "packageIds" : [ {
        "id" : "pkg:pypi/jinja2@2.11.2",
        "url" : "https://ossindex.sonatype.org/component/pkg:pypi/jinja2@2.11.2?utm_source=dependency-check&utm_medium=integration&utm_content=10.0.3"
      } ]
    } ],
    "evidenceCollected" : {
      "vendorEvidence" : [ ],
      "productEvidence" : [ ],
      "versionEvidence" : [ ]
    }
  }, {
    "isVirtual" : false,
    "fileName" : "jinja2-2.11.2.tar.gz: jinja2-2.11.2.tar: requirements.txt",
    "filePath" : "D:\\a\\H6060-Python-Jinja\\H6060-Python-Jinja\\upstream-repository\\dist\\jinja2-2.11.2.tar.gz\\jinja2-2.11.2.tar\\jinja2-2.11.2\\docs\\requirements.txt",
    "md5" : "5c7ef6b1b4353033397788778abb6800",
    "sha1" : "d92a4a7f4bd425acd56f13f2defdb29288465237",
    "sha256" : "c2ac8bdd8f5436fe1151a4971185b5748458dff8ad603124757a5f7cc274aa1a",
    "evidenceCollected" : {
      "vendorEvidence" : [ {
        "type" : "vendor",
        "confidence" : "HIGH",
        "source" : "file",
        "name" : "name",
        "value" : "requirements"
      } ],
      "productEvidence" : [ {
        "type" : "product",
        "confidence" : "HIGH",
        "source" : "file",
        "name" : "name",
        "value" : "requirements"
      } ],
      "versionEvidence" : [ ]
    }
  }, {
    "isVirtual" : false,
    "fileName" : "jinja2:2.11.2",
    "filePath" : "D:\\a\\H6060-Python-Jinja\\H6060-Python-Jinja\\upstream-repository\\src\\jinja2\\__init__.py",
    "md5" : "5270491a8012245f465f3e99d8ea86d8",
    "sha1" : "3dc737476b60bcc458ce8e8fec41691af6950351",
    "sha256" : "a3ad2e3a49922ef4da6261e46dc213fb718c13445fd171648be74b574a03ce29",
    "relatedDependencies" : [ {
      "isVirtual" : false,
      "fileName" : "jinja2:2.11.2",
      "filePath" : "D:\\a\\H6060-Python-Jinja\\H6060-Python-Jinja\\upstream-repository\\dist\\jinja2-2.11.2.tar.gz\\jinja2-2.11.2.tar\\jinja2-2.11.2\\src\\jinja2\\__init__.py",
      "sha256" : "a3ad2e3a49922ef4da6261e46dc213fb718c13445fd171648be74b574a03ce29",
      "sha1" : "3dc737476b60bcc458ce8e8fec41691af6950351",
      "md5" : "5270491a8012245f465f3e99d8ea86d8",
      "packageIds" : [ {
        "id" : "pkg:pypi/jinja2"
      }, {
        "id" : "pkg:pypi/jinja2@2.11.2",
        "url" : "https://ossindex.sonatype.org/component/pkg:pypi/jinja2@2.11.2?utm_source=dependency-check&utm_medium=integration&utm_content=10.0.3"
      } ]
    } ],
    "evidenceCollected" : {
      "vendorEvidence" : [ ],
      "productEvidence" : [ {
        "type" : "product",
        "confidence" : "HIGHEST",
        "source" : "__init__.py",
        "name" : "PackageName",
        "value" : "jinja2"
      } ],
      "versionEvidence" : [ {
        "type" : "version",
        "confidence" : "MEDIUM",
        "source" : "__init__.py",
        "name" : "SourceVersion",
        "value" : "2.11.2"
      } ]
    },
    "packages" : [ {
      "id" : "pkg:pypi/jinja2",
      "confidence" : "HIGHEST"
    }, {
      "id" : "pkg:pypi/jinja2@2.11.2",
      "confidence" : "HIGHEST",
      "url" : "https://ossindex.sonatype.org/component/pkg:pypi/jinja2@2.11.2?utm_source=dependency-check&utm_medium=integration&utm_content=10.0.3"
    } ],
    "vulnerabilities" : [ {
      "source" : "OSSINDEX",
      "name" : "CVE-2024-22195",
      "severity" : "MEDIUM",
      "cvssv3" : {
        "baseScore" : 6.099999904632568,
        "attackVector" : "NETWORK",
        "attackComplexity" : "LOW",
        "privilegesRequired" : "NONE",
        "userInteraction" : "REQUIRED",
        "scope" : "CHANGED",
        "confidentialityImpact" : "LOW",
        "integrityImpact" : "LOW",
        "availabilityImpact" : "NONE",
        "baseSeverity" : "MEDIUM",
        "version" : "3.1"
      },
      "cwes" : [ "CWE-79" ],
      "description" : "Jinja is an extensible templating engine. Special placeholders in the template allow writing code similar to Python syntax. It is possible to inject arbitrary HTML attributes into the rendered HTML template, potentially leading to Cross-Site Scripting (XSS). The Jinja `xmlattr` filter can be abused to inject arbitrary HTML attribute keys and values, bypassing the auto escaping mechanism and potentially leading to XSS. It may also be possible to bypass attribute validation checks if they are blacklist-based.\n",
      "notes" : "",
      "references" : [ {
        "source" : "OSSINDEX",
        "url" : "https://ossindex.sonatype.org/vulnerability/CVE-2024-22195?component-type=pypi&component-name=jinja2&utm_source=dependency-check&utm_medium=integration&utm_content=10.0.3",
        "name" : "[CVE-2024-22195] CWE-79: Improper Neutralization of Input During Web Page Generation ('Cross-site Scripting')"
      }, {
        "source" : "OSSIndex",
        "url" : "https://github.com/pallets/jinja/security/advisories/GHSA-h5c8-rqwp-cp95",
        "name" : "https://github.com/pallets/jinja/security/advisories/GHSA-h5c8-rqwp-cp95"
      }, {
        "source" : "OSSIndex",
        "url" : "http://web.nvd.nist.gov/view/vuln/detail?vulnId=CVE-2024-22195",
        "name" : "http://web.nvd.nist.gov/view/vuln/detail?vulnId=CVE-2024-22195"
      } ],
      "vulnerableSoftware" : [ {
        "software" : {
          "id" : "cpe:2.3:a:*:jinja2:2.11.2:*:*:*:*:*:*:*",
          "vulnerabilityIdMatched" : "true"
        }
      } ]
    }, {
      "source" : "OSSINDEX",
      "name" : "CVE-2020-28493",
      "severity" : "MEDIUM",
      "cvssv3" : {
        "baseScore" : 5.300000190734863,
        "attackVector" : "NETWORK",
        "attackComplexity" : "LOW",
        "privilegesRequired" : "NONE",
        "userInteraction" : "NONE",
        "scope" : "UNCHANGED",
        "confidentialityImpact" : "NONE",
        "integrityImpact" : "NONE",
        "availabilityImpact" : "LOW",
        "baseSeverity" : "MEDIUM",
        "version" : "3.1"
      },
      "cwes" : [ "CWE-400" ],
      "description" : "This affects the package jinja2 from 0.0.0 and before 2.11.3. The ReDoS vulnerability is mainly due to the `_punctuation_re regex` operator and its use of multiple wildcards. The last wildcard is the most exploitable as it searches for trailing punctuation. This issue can be mitigated by Markdown to format user content instead of the urlize filter, or by implementing request timeouts and limiting process memory.",
      "notes" : "",
      "references" : [ {
        "source" : "OSSIndex",
        "url" : "https://github.com/pallets/jinja/pull/1195",
        "name" : "https://github.com/pallets/jinja/pull/1195"
      }, {
        "source" : "OSSINDEX",
        "url" : "https://ossindex.sonatype.org/vulnerability/CVE-2020-28493?component-type=pypi&component-name=jinja2&utm_source=dependency-check&utm_medium=integration&utm_content=10.0.3",
        "name" : "[CVE-2020-28493] CWE-400: Uncontrolled Resource Consumption ('Resource Exhaustion')"
      }, {
        "source" : "OSSIndex",
        "url" : "https://github.com/pallets/jinja/pull/1343",
        "name" : "https://github.com/pallets/jinja/pull/1343"
      }, {
        "source" : "OSSIndex",
        "url" : "http://web.nvd.nist.gov/view/vuln/detail?vulnId=CVE-2020-28493",
        "name" : "http://web.nvd.nist.gov/view/vuln/detail?vulnId=CVE-2020-28493"
      } ],
      "vulnerableSoftware" : [ {
        "software" : {
          "id" : "cpe:2.3:a:*:jinja2:2.11.2:*:*:*:*:*:*:*",
          "vulnerabilityIdMatched" : "true"
        }
      } ]
    } ]
  }, {
    "isVirtual" : true,
    "fileName" : "sphinx-issues:1.2.0",
    "filePath" : "D:\\a\\H6060-Python-Jinja\\H6060-Python-Jinja\\upstream-repository\\dist\\jinja2-2.11.2.tar.gz\\jinja2-2.11.2.tar\\jinja2-2.11.2\\docs\\requirements.txt:sphinx-issues/1.2.0",
    "evidenceCollected" : {
      "vendorEvidence" : [ {
        "type" : "vendor",
        "confidence" : "HIGHEST",
        "source" : "requirements.txt",
        "name" : "vendor",
        "value" : "sphinx-issues"
      } ],
      "productEvidence" : [ {
        "type" : "product",
        "confidence" : "HIGHEST",
        "source" : "requirements.txt",
        "name" : "product",
        "value" : "sphinx-issues"
      } ],
      "versionEvidence" : [ {
        "type" : "version",
        "confidence" : "HIGHEST",
        "source" : "requirements.txt",
        "name" : "version",
        "value" : "1.2.0"
      } ]
    },
    "packages" : [ {
      "id" : "pkg:pypi/sphinx-issues@1.2.0",
      "confidence" : "HIGHEST",
      "url" : "https://ossindex.sonatype.org/component/pkg:pypi/sphinx-issues@1.2.0?utm_source=dependency-check&utm_medium=integration&utm_content=10.0.3"
    } ]
  }, {
    "isVirtual" : true,
    "fileName" : "sphinx-issues:1.2.0",
    "filePath" : "D:\\a\\H6060-Python-Jinja\\H6060-Python-Jinja\\upstream-repository\\docs\\requirements.txt:sphinx-issues/1.2.0",
    "evidenceCollected" : {
      "vendorEvidence" : [ {
        "type" : "vendor",
        "confidence" : "HIGHEST",
        "source" : "requirements.txt",
        "name" : "vendor",
        "value" : "sphinx-issues"
      } ],
      "productEvidence" : [ {
        "type" : "product",
        "confidence" : "HIGHEST",
        "source" : "requirements.txt",
        "name" : "product",
        "value" : "sphinx-issues"
      } ],
      "versionEvidence" : [ {
        "type" : "version",
        "confidence" : "HIGHEST",
        "source" : "requirements.txt",
        "name" : "version",
        "value" : "1.2.0"
      } ]
    },
    "packages" : [ {
      "id" : "pkg:pypi/sphinx-issues@1.2.0",
      "confidence" : "HIGHEST",
      "url" : "https://ossindex.sonatype.org/component/pkg:pypi/sphinx-issues@1.2.0?utm_source=dependency-check&utm_medium=integration&utm_content=10.0.3"
    } ]
  }, {
    "isVirtual" : true,
    "fileName" : "sphinxcontrib-log-cabinet:1.0.1",
    "filePath" : "D:\\a\\H6060-Python-Jinja\\H6060-Python-Jinja\\upstream-repository\\dist\\jinja2-2.11.2.tar.gz\\jinja2-2.11.2.tar\\jinja2-2.11.2\\docs\\requirements.txt:sphinxcontrib-log-cabinet/1.0.1",
    "evidenceCollected" : {
      "vendorEvidence" : [ {
        "type" : "vendor",
        "confidence" : "HIGHEST",
        "source" : "requirements.txt",
        "name" : "vendor",
        "value" : "sphinxcontrib-log-cabinet"
      } ],
      "productEvidence" : [ {
        "type" : "product",
        "confidence" : "HIGHEST",
        "source" : "requirements.txt",
        "name" : "product",
        "value" : "sphinxcontrib-log-cabinet"
      } ],
      "versionEvidence" : [ {
        "type" : "version",
        "confidence" : "HIGHEST",
        "source" : "requirements.txt",
        "name" : "version",
        "value" : "1.0.1"
      } ]
    },
    "packages" : [ {
      "id" : "pkg:pypi/sphinxcontrib-log-cabinet@1.0.1",
      "confidence" : "HIGHEST",
      "url" : "https://ossindex.sonatype.org/component/pkg:pypi/sphinxcontrib-log-cabinet@1.0.1?utm_source=dependency-check&utm_medium=integration&utm_content=10.0.3"
    } ]
  }, {
    "isVirtual" : true,
    "fileName" : "sphinxcontrib-log-cabinet:1.0.1",
    "filePath" : "D:\\a\\H6060-Python-Jinja\\H6060-Python-Jinja\\upstream-repository\\docs\\requirements.txt:sphinxcontrib-log-cabinet/1.0.1",
    "evidenceCollected" : {
      "vendorEvidence" : [ {
        "type" : "vendor",
        "confidence" : "HIGHEST",
        "source" : "requirements.txt",
        "name" : "vendor",
        "value" : "sphinxcontrib-log-cabinet"
      } ],
      "productEvidence" : [ {
        "type" : "product",
        "confidence" : "HIGHEST",
        "source" : "requirements.txt",
        "name" : "product",
        "value" : "sphinxcontrib-log-cabinet"
      } ],
      "versionEvidence" : [ {
        "type" : "version",
        "confidence" : "HIGHEST",
        "source" : "requirements.txt",
        "name" : "version",
        "value" : "1.0.1"
      } ]
    },
    "packages" : [ {
      "id" : "pkg:pypi/sphinxcontrib-log-cabinet@1.0.1",
      "confidence" : "HIGHEST",
      "url" : "https://ossindex.sonatype.org/component/pkg:pypi/sphinxcontrib-log-cabinet@1.0.1?utm_source=dependency-check&utm_medium=integration&utm_content=10.0.3"
    } ]
  } ]
}