Experiment ID,Experiment Date,Experiment Runner Environment,Experiment Runner Operating System,Experiment Runner Architecture,Experiment Project Name,Experiment Upstream GitHub Repository,Experiment GitHub Repository,Experiment GitHub Branch,Experiment GitHub Commit,Experiment GitHub Workflow Name,Experiment GitHub Workflow Run URL,BOM Format,Spec Version,Component Scope,Component Name,Component Type,Component Group,Component Version,Component BOM Ref,Component PURL,Component Author,Component Description,Component Adversary Model,Component Advisories,Component Analysis Report,Component Attestation,Component BOM,Component Build Meta,Component Build System,Component Certification Report,Component Chat,Component Codified Infrastructure,Component Configuration,Component Digital Signature,Component Distribution,Component Distribution Intake,Component Documentation,Component Dynamic Analysis Report,Component Electronic Signature,Component Evidence,Component Exploitability Statement,Component Formulation,Component Issue Tracker,Component License,Component Log,Component Mailing List,Component Maturity Report,Component Model Card,Component Other,Component Pentest Report,Component POAM,Component Quality Metrics,Component RFC-9116,Component Release Notes,Component Risk Assessment,Component Runtime Analysis Report,Component Security Contact,Component Social,Component Source Distribution,Component Static Analysis Report,Component Support,Component Threat Model,Component VCS,Component Vulnerability Assertion,Component Website,OSV Vulnerability ID,OSV Vulnerability Summary,OSV Vulnerability CVE,OSV Vulnerability Severity,OSV Vulnerability CWE IDs,OSV Vulnerability NVD Published Date,OSV Vulnerability Advisory URL,OSV Vulnerability Introduced,OSV Vulnerability Fixed,OSV Vulnerability CVSS V2,OSV Vulnerability CVSS V3,OSV Vulnerability CVSS V4
2,2024-08-14,Github-Hosted,macOS,ARM64,H6060-Python-Requests,https://github.com/psf/requests,https://github.com/seansmith2600/H6060-Python-Requests,v2.19.0,fd7734b9e1a802bb0b590e57e76c9d08de601222,H6060 Experiment 2 - Requests,https://github.com/seansmith2600/H6060-Python-Requests/actions/runs/10393979345,CycloneDX,1.6,required,PySocks,library,Not found,1.7.1,requirements-L8,pkg:pypi/pysocks@1.7.1,Not found,requirements line 8: PySocks==1.7.1,Not found,Not found,Not found,Not found,Not found,Not found,Not found,Not found,Not found,Not found,Not found,Not found,https://pypi.org/simple/PySocks/,Not found,Not found,Not found,Not found,Not found,Not found,Not found,Not found,Not found,Not found,Not found,Not found,Not found,Not found,Not found,Not found,Not found,Not found,Not found,Not found,Not found,Not found,Not found,Not found,Not found,Not found,Not found,Not found,Not found,Not found,Not found,Not found,Not found,Not found,Not found,Not found,Not found,Not found,Not found,Not found,Not found,Not found
2,2024-08-14,Github-Hosted,macOS,ARM64,H6060-Python-Requests,https://github.com/psf/requests,https://github.com/seansmith2600/H6060-Python-Requests,v2.19.0,fd7734b9e1a802bb0b590e57e76c9d08de601222,H6060 Experiment 2 - Requests,https://github.com/seansmith2600/H6060-Python-Requests/actions/runs/10393979345,CycloneDX,1.6,required,certifi,library,Not found,2024.7.4,requirements-L1,pkg:pypi/certifi@2024.7.4,Not found,requirements line 1: certifi==2024.7.4,Not found,Not found,Not found,Not found,Not found,Not found,Not found,Not found,Not found,Not found,Not found,Not found,https://pypi.org/simple/certifi/,Not found,Not found,Not found,Not found,Not found,Not found,Not found,Not found,Not found,Not found,Not found,Not found,Not found,Not found,Not found,Not found,Not found,Not found,Not found,Not found,Not found,Not found,Not found,Not found,Not found,Not found,Not found,Not found,Not found,Not found,Not found,Not found,Not found,Not found,Not found,Not found,Not found,Not found,Not found,Not found,Not found,Not found
2,2024-08-14,Github-Hosted,macOS,ARM64,H6060-Python-Requests,https://github.com/psf/requests,https://github.com/seansmith2600/H6060-Python-Requests,v2.19.0,fd7734b9e1a802bb0b590e57e76c9d08de601222,H6060 Experiment 2 - Requests,https://github.com/seansmith2600/H6060-Python-Requests/actions/runs/10393979345,CycloneDX,1.6,required,cffi,library,Not found,1.17.0,requirements-L2,pkg:pypi/cffi@1.17.0,Not found,requirements line 2: cffi==1.17.0,Not found,Not found,Not found,Not found,Not found,Not found,Not found,Not found,Not found,Not found,Not found,Not found,https://pypi.org/simple/cffi/,Not found,Not found,Not found,Not found,Not found,Not found,Not found,Not found,Not found,Not found,Not found,Not found,Not found,Not found,Not found,Not found,Not found,Not found,Not found,Not found,Not found,Not found,Not found,Not found,Not found,Not found,Not found,Not found,Not found,Not found,Not found,Not found,Not found,Not found,Not found,Not found,Not found,Not found,Not found,Not found,Not found,Not found
2,2024-08-14,Github-Hosted,macOS,ARM64,H6060-Python-Requests,https://github.com/psf/requests,https://github.com/seansmith2600/H6060-Python-Requests,v2.19.0,fd7734b9e1a802bb0b590e57e76c9d08de601222,H6060 Experiment 2 - Requests,https://github.com/seansmith2600/H6060-Python-Requests/actions/runs/10393979345,CycloneDX,1.6,required,chardet,library,Not found,3.0.4,requirements-L3,pkg:pypi/chardet@3.0.4,Not found,requirements line 3: chardet==3.0.4,Not found,Not found,Not found,Not found,Not found,Not found,Not found,Not found,Not found,Not found,Not found,Not found,https://pypi.org/simple/chardet/,Not found,Not found,Not found,Not found,Not found,Not found,Not found,Not found,Not found,Not found,Not found,Not found,Not found,Not found,Not found,Not found,Not found,Not found,Not found,Not found,Not found,Not found,Not found,Not found,Not found,Not found,Not found,Not found,Not found,Not found,Not found,Not found,Not found,Not found,Not found,Not found,Not found,Not found,Not found,Not found,Not found,Not found
2,2024-08-14,Github-Hosted,macOS,ARM64,H6060-Python-Requests,https://github.com/psf/requests,https://github.com/seansmith2600/H6060-Python-Requests,v2.19.0,fd7734b9e1a802bb0b590e57e76c9d08de601222,H6060 Experiment 2 - Requests,https://github.com/seansmith2600/H6060-Python-Requests/actions/runs/10393979345,CycloneDX,1.6,required,cryptography,library,Not found,43.0.0,requirements-L4,pkg:pypi/cryptography@43.0.0,Not found,requirements line 4: cryptography==43.0.0,Not found,Not found,Not found,Not found,Not found,Not found,Not found,Not found,Not found,Not found,Not found,Not found,https://pypi.org/simple/cryptography/,Not found,Not found,Not found,Not found,Not found,Not found,Not found,Not found,Not found,Not found,Not found,Not found,Not found,Not found,Not found,Not found,Not found,Not found,Not found,Not found,Not found,Not found,Not found,Not found,Not found,Not found,Not found,Not found,Not found,Not found,Not found,Not found,Not found,Not found,Not found,Not found,Not found,Not found,Not found,Not found,Not found,Not found
2,2024-08-14,Github-Hosted,macOS,ARM64,H6060-Python-Requests,https://github.com/psf/requests,https://github.com/seansmith2600/H6060-Python-Requests,v2.19.0,fd7734b9e1a802bb0b590e57e76c9d08de601222,H6060 Experiment 2 - Requests,https://github.com/seansmith2600/H6060-Python-Requests/actions/runs/10393979345,CycloneDX,1.6,required,idna,library,Not found,2.7,requirements-L5,pkg:pypi/idna@2.7,Not found,requirements line 5: idna==2.7,Not found,Not found,Not found,Not found,Not found,Not found,Not found,Not found,Not found,Not found,Not found,Not found,https://pypi.org/simple/idna/,Not found,Not found,Not found,Not found,Not found,Not found,Not found,Not found,Not found,Not found,Not found,Not found,Not found,Not found,Not found,Not found,Not found,Not found,Not found,Not found,Not found,Not found,Not found,Not found,Not found,Not found,Not found,Not found,Not found,Not found,GHSA-jjg7-2v4v-x38h,Internationalized Domain Names in Applications (IDNA) vulnerable to denial of service from specially crafted inputs to idna.encode,CVE-2024-3651,MODERATE,CWE-400,2024-07-07T18:15:09Z,https://nvd.nist.gov/vuln/detail/CVE-2024-3651,Not found,Not found,Not found,CVSS:3.1/AV:L/AC:L/PR:N/UI:N/S:U/C:N/I:N/A:H,CVSS:4.0/AV:L/AC:L/AT:N/PR:N/UI:N/VC:N/VI:N/VA:H/SC:N/SI:N/SA:N
2,2024-08-14,Github-Hosted,macOS,ARM64,H6060-Python-Requests,https://github.com/psf/requests,https://github.com/seansmith2600/H6060-Python-Requests,v2.19.0,fd7734b9e1a802bb0b590e57e76c9d08de601222,H6060 Experiment 2 - Requests,https://github.com/seansmith2600/H6060-Python-Requests/actions/runs/10393979345,CycloneDX,1.6,required,idna,library,Not found,2.7,requirements-L5,pkg:pypi/idna@2.7,Not found,requirements line 5: idna==2.7,Not found,Not found,Not found,Not found,Not found,Not found,Not found,Not found,Not found,Not found,Not found,Not found,https://pypi.org/simple/idna/,Not found,Not found,Not found,Not found,Not found,Not found,Not found,Not found,Not found,Not found,Not found,Not found,Not found,Not found,Not found,Not found,Not found,Not found,Not found,Not found,Not found,Not found,Not found,Not found,Not found,Not found,Not found,Not found,Not found,Not found,PYSEC-2024-60,Not found,CVE-2024-3651,Not found,Not found,Not found,Not found,Not found,Not found,Not found,CVSS:3.1/AV:N/AC:L/PR:N/UI:N/S:U/C:N/I:N/A:H,Not found
2,2024-08-14,Github-Hosted,macOS,ARM64,H6060-Python-Requests,https://github.com/psf/requests,https://github.com/seansmith2600/H6060-Python-Requests,v2.19.0,fd7734b9e1a802bb0b590e57e76c9d08de601222,H6060 Experiment 2 - Requests,https://github.com/seansmith2600/H6060-Python-Requests/actions/runs/10393979345,CycloneDX,1.6,required,pyOpenSSL,library,Not found,24.2.1,requirements-L7,pkg:pypi/pyopenssl@24.2.1,Not found,requirements line 7: pyOpenSSL==24.2.1,Not found,Not found,Not found,Not found,Not found,Not found,Not found,Not found,Not found,Not found,Not found,Not found,https://pypi.org/simple/pyOpenSSL/,Not found,Not found,Not found,Not found,Not found,Not found,Not found,Not found,Not found,Not found,Not found,Not found,Not found,Not found,Not found,Not found,Not found,Not found,Not found,Not found,Not found,Not found,Not found,Not found,Not found,Not found,Not found,Not found,Not found,Not found,Not found,Not found,Not found,Not found,Not found,Not found,Not found,Not found,Not found,Not found,Not found,Not found
2,2024-08-14,Github-Hosted,macOS,ARM64,H6060-Python-Requests,https://github.com/psf/requests,https://github.com/seansmith2600/H6060-Python-Requests,v2.19.0,fd7734b9e1a802bb0b590e57e76c9d08de601222,H6060 Experiment 2 - Requests,https://github.com/seansmith2600/H6060-Python-Requests/actions/runs/10393979345,CycloneDX,1.6,required,pycparser,library,Not found,2.22,requirements-L6,pkg:pypi/pycparser@2.22,Not found,requirements line 6: pycparser==2.22,Not found,Not found,Not found,Not found,Not found,Not found,Not found,Not found,Not found,Not found,Not found,Not found,https://pypi.org/simple/pycparser/,Not found,Not found,Not found,Not found,Not found,Not found,Not found,Not found,Not found,Not found,Not found,Not found,Not found,Not found,Not found,Not found,Not found,Not found,Not found,Not found,Not found,Not found,Not found,Not found,Not found,Not found,Not found,Not found,Not found,Not found,Not found,Not found,Not found,Not found,Not found,Not found,Not found,Not found,Not found,Not found,Not found,Not found
2,2024-08-14,Github-Hosted,macOS,ARM64,H6060-Python-Requests,https://github.com/psf/requests,https://github.com/seansmith2600/H6060-Python-Requests,v2.19.0,fd7734b9e1a802bb0b590e57e76c9d08de601222,H6060 Experiment 2 - Requests,https://github.com/seansmith2600/H6060-Python-Requests/actions/runs/10393979345,CycloneDX,1.6,required,urllib3,library,Not found,1.23,requirements-L9,pkg:pypi/urllib3@1.23,Not found,requirements line 9: urllib3==1.23,Not found,Not found,Not found,Not found,Not found,Not found,Not found,Not found,Not found,Not found,Not found,Not found,https://pypi.org/simple/urllib3/,Not found,Not found,Not found,Not found,Not found,Not found,Not found,Not found,Not found,Not found,Not found,Not found,Not found,Not found,Not found,Not found,Not found,Not found,Not found,Not found,Not found,Not found,Not found,Not found,Not found,Not found,Not found,Not found,Not found,Not found,GHSA-34jh-p97f-mpxf,urllib3's Proxy-Authorization request header isn't stripped during cross-origin redirects ,CVE-2024-37891,MODERATE,CWE-669,2024-06-17T20:15:13Z,https://nvd.nist.gov/vuln/detail/CVE-2024-37891,Not found,1.26.19,Not found,CVSS:3.1/AV:N/AC:H/PR:H/UI:N/S:U/C:H/I:N/A:N,Not found
2,2024-08-14,Github-Hosted,macOS,ARM64,H6060-Python-Requests,https://github.com/psf/requests,https://github.com/seansmith2600/H6060-Python-Requests,v2.19.0,fd7734b9e1a802bb0b590e57e76c9d08de601222,H6060 Experiment 2 - Requests,https://github.com/seansmith2600/H6060-Python-Requests/actions/runs/10393979345,CycloneDX,1.6,required,urllib3,library,Not found,1.23,requirements-L9,pkg:pypi/urllib3@1.23,Not found,requirements line 9: urllib3==1.23,Not found,Not found,Not found,Not found,Not found,Not found,Not found,Not found,Not found,Not found,Not found,Not found,https://pypi.org/simple/urllib3/,Not found,Not found,Not found,Not found,Not found,Not found,Not found,Not found,Not found,Not found,Not found,Not found,Not found,Not found,Not found,Not found,Not found,Not found,Not found,Not found,Not found,Not found,Not found,Not found,Not found,Not found,Not found,Not found,Not found,Not found,GHSA-g4mx-q9vg-27p4,urllib3's request body not stripped after redirect from 303 status changes request method to GET,CVE-2023-45803,MODERATE,CWE-200,2023-10-17T20:15:10Z,https://nvd.nist.gov/vuln/detail/CVE-2023-45803,Not found,Not found,Not found,CVSS:3.1/AV:A/AC:H/PR:H/UI:N/S:U/C:H/I:N/A:N,Not found
2,2024-08-14,Github-Hosted,macOS,ARM64,H6060-Python-Requests,https://github.com/psf/requests,https://github.com/seansmith2600/H6060-Python-Requests,v2.19.0,fd7734b9e1a802bb0b590e57e76c9d08de601222,H6060 Experiment 2 - Requests,https://github.com/seansmith2600/H6060-Python-Requests/actions/runs/10393979345,CycloneDX,1.6,required,urllib3,library,Not found,1.23,requirements-L9,pkg:pypi/urllib3@1.23,Not found,requirements line 9: urllib3==1.23,Not found,Not found,Not found,Not found,Not found,Not found,Not found,Not found,Not found,Not found,Not found,Not found,https://pypi.org/simple/urllib3/,Not found,Not found,Not found,Not found,Not found,Not found,Not found,Not found,Not found,Not found,Not found,Not found,Not found,Not found,Not found,Not found,Not found,Not found,Not found,Not found,Not found,Not found,Not found,Not found,Not found,Not found,Not found,Not found,Not found,Not found,GHSA-gwvm-45gx-3cf8,Authorization Header forwarded on redirect,CVE-2018-25091,MODERATE,"CWE-200,CWE-601",2023-10-15T19:15:09Z,https://nvd.nist.gov/vuln/detail/CVE-2018-25091,Not found,1.24.2,Not found,CVSS:3.1/AV:N/AC:L/PR:N/UI:R/S:C/C:L/I:L/A:N,Not found
2,2024-08-14,Github-Hosted,macOS,ARM64,H6060-Python-Requests,https://github.com/psf/requests,https://github.com/seansmith2600/H6060-Python-Requests,v2.19.0,fd7734b9e1a802bb0b590e57e76c9d08de601222,H6060 Experiment 2 - Requests,https://github.com/seansmith2600/H6060-Python-Requests/actions/runs/10393979345,CycloneDX,1.6,required,urllib3,library,Not found,1.23,requirements-L9,pkg:pypi/urllib3@1.23,Not found,requirements line 9: urllib3==1.23,Not found,Not found,Not found,Not found,Not found,Not found,Not found,Not found,Not found,Not found,Not found,Not found,https://pypi.org/simple/urllib3/,Not found,Not found,Not found,Not found,Not found,Not found,Not found,Not found,Not found,Not found,Not found,Not found,Not found,Not found,Not found,Not found,Not found,Not found,Not found,Not found,Not found,Not found,Not found,Not found,Not found,Not found,Not found,Not found,Not found,Not found,GHSA-mh33-7rrq-662w,Improper Certificate Validation in urllib3,CVE-2019-11324,HIGH,CWE-295,2019-04-18T21:29:00Z,https://nvd.nist.gov/vuln/detail/CVE-2019-11324,Not found,1.24.2,Not found,CVSS:3.0/AV:N/AC:L/PR:N/UI:N/S:U/C:N/I:H/A:N,Not found
2,2024-08-14,Github-Hosted,macOS,ARM64,H6060-Python-Requests,https://github.com/psf/requests,https://github.com/seansmith2600/H6060-Python-Requests,v2.19.0,fd7734b9e1a802bb0b590e57e76c9d08de601222,H6060 Experiment 2 - Requests,https://github.com/seansmith2600/H6060-Python-Requests/actions/runs/10393979345,CycloneDX,1.6,required,urllib3,library,Not found,1.23,requirements-L9,pkg:pypi/urllib3@1.23,Not found,requirements line 9: urllib3==1.23,Not found,Not found,Not found,Not found,Not found,Not found,Not found,Not found,Not found,Not found,Not found,Not found,https://pypi.org/simple/urllib3/,Not found,Not found,Not found,Not found,Not found,Not found,Not found,Not found,Not found,Not found,Not found,Not found,Not found,Not found,Not found,Not found,Not found,Not found,Not found,Not found,Not found,Not found,Not found,Not found,Not found,Not found,Not found,Not found,Not found,Not found,GHSA-r64q-w8jr-g9qp,Improper Neutralization of CRLF Sequences in urllib3 library for Python,CVE-2019-11236,MODERATE,CWE-93,2019-04-15T15:29:00Z,https://nvd.nist.gov/vuln/detail/CVE-2019-11236,Not found,1.24.3,Not found,CVSS:3.0/AV:N/AC:L/PR:N/UI:R/S:C/C:L/I:L/A:N,Not found
2,2024-08-14,Github-Hosted,macOS,ARM64,H6060-Python-Requests,https://github.com/psf/requests,https://github.com/seansmith2600/H6060-Python-Requests,v2.19.0,fd7734b9e1a802bb0b590e57e76c9d08de601222,H6060 Experiment 2 - Requests,https://github.com/seansmith2600/H6060-Python-Requests/actions/runs/10393979345,CycloneDX,1.6,required,urllib3,library,Not found,1.23,requirements-L9,pkg:pypi/urllib3@1.23,Not found,requirements line 9: urllib3==1.23,Not found,Not found,Not found,Not found,Not found,Not found,Not found,Not found,Not found,Not found,Not found,Not found,https://pypi.org/simple/urllib3/,Not found,Not found,Not found,Not found,Not found,Not found,Not found,Not found,Not found,Not found,Not found,Not found,Not found,Not found,Not found,Not found,Not found,Not found,Not found,Not found,Not found,Not found,Not found,Not found,Not found,Not found,Not found,Not found,Not found,Not found,GHSA-v845-jxx5-vc9f,`Cookie` HTTP header isn't stripped on cross-origin redirects,CVE-2023-43804,MODERATE,CWE-200,2023-10-04T17:15:10Z,https://nvd.nist.gov/vuln/detail/CVE-2023-43804,Not found,Not found,Not found,CVSS:3.1/AV:N/AC:H/PR:H/UI:N/S:U/C:H/I:H/A:N,Not found
2,2024-08-14,Github-Hosted,macOS,ARM64,H6060-Python-Requests,https://github.com/psf/requests,https://github.com/seansmith2600/H6060-Python-Requests,v2.19.0,fd7734b9e1a802bb0b590e57e76c9d08de601222,H6060 Experiment 2 - Requests,https://github.com/seansmith2600/H6060-Python-Requests/actions/runs/10393979345,CycloneDX,1.6,required,urllib3,library,Not found,1.23,requirements-L9,pkg:pypi/urllib3@1.23,Not found,requirements line 9: urllib3==1.23,Not found,Not found,Not found,Not found,Not found,Not found,Not found,Not found,Not found,Not found,Not found,Not found,https://pypi.org/simple/urllib3/,Not found,Not found,Not found,Not found,Not found,Not found,Not found,Not found,Not found,Not found,Not found,Not found,Not found,Not found,Not found,Not found,Not found,Not found,Not found,Not found,Not found,Not found,Not found,Not found,Not found,Not found,Not found,Not found,Not found,Not found,GHSA-wqvq-5m8c-6g24,CRLF injection in urllib3,CVE-2020-26137,MODERATE,CWE-74,2020-09-30T18:15:00Z,https://nvd.nist.gov/vuln/detail/CVE-2020-26137,Not found,1.25.9,Not found,CVSS:3.1/AV:N/AC:L/PR:N/UI:N/S:U/C:L/I:L/A:N,Not found
2,2024-08-14,Github-Hosted,macOS,ARM64,H6060-Python-Requests,https://github.com/psf/requests,https://github.com/seansmith2600/H6060-Python-Requests,v2.19.0,fd7734b9e1a802bb0b590e57e76c9d08de601222,H6060 Experiment 2 - Requests,https://github.com/seansmith2600/H6060-Python-Requests/actions/runs/10393979345,CycloneDX,1.6,required,urllib3,library,Not found,1.23,requirements-L9,pkg:pypi/urllib3@1.23,Not found,requirements line 9: urllib3==1.23,Not found,Not found,Not found,Not found,Not found,Not found,Not found,Not found,Not found,Not found,Not found,Not found,https://pypi.org/simple/urllib3/,Not found,Not found,Not found,Not found,Not found,Not found,Not found,Not found,Not found,Not found,Not found,Not found,Not found,Not found,Not found,Not found,Not found,Not found,Not found,Not found,Not found,Not found,Not found,Not found,Not found,Not found,Not found,Not found,Not found,Not found,PYSEC-2019-132,Not found,CVE-2019-11236,Not found,Not found,Not found,https://access.redhat.com/errata/RHSA-2019:2272,Not found,1.24.3,Not found,Not found,Not found
2,2024-08-14,Github-Hosted,macOS,ARM64,H6060-Python-Requests,https://github.com/psf/requests,https://github.com/seansmith2600/H6060-Python-Requests,v2.19.0,fd7734b9e1a802bb0b590e57e76c9d08de601222,H6060 Experiment 2 - Requests,https://github.com/seansmith2600/H6060-Python-Requests/actions/runs/10393979345,CycloneDX,1.6,required,urllib3,library,Not found,1.23,requirements-L9,pkg:pypi/urllib3@1.23,Not found,requirements line 9: urllib3==1.23,Not found,Not found,Not found,Not found,Not found,Not found,Not found,Not found,Not found,Not found,Not found,Not found,https://pypi.org/simple/urllib3/,Not found,Not found,Not found,Not found,Not found,Not found,Not found,Not found,Not found,Not found,Not found,Not found,Not found,Not found,Not found,Not found,Not found,Not found,Not found,Not found,Not found,Not found,Not found,Not found,Not found,Not found,Not found,Not found,Not found,Not found,PYSEC-2019-133,Not found,CVE-2019-11324,Not found,Not found,Not found,https://access.redhat.com/errata/RHSA-2019:3335,Not found,1.24.2,Not found,Not found,Not found
2,2024-08-14,Github-Hosted,macOS,ARM64,H6060-Python-Requests,https://github.com/psf/requests,https://github.com/seansmith2600/H6060-Python-Requests,v2.19.0,fd7734b9e1a802bb0b590e57e76c9d08de601222,H6060 Experiment 2 - Requests,https://github.com/seansmith2600/H6060-Python-Requests/actions/runs/10393979345,CycloneDX,1.6,required,urllib3,library,Not found,1.23,requirements-L9,pkg:pypi/urllib3@1.23,Not found,requirements line 9: urllib3==1.23,Not found,Not found,Not found,Not found,Not found,Not found,Not found,Not found,Not found,Not found,Not found,Not found,https://pypi.org/simple/urllib3/,Not found,Not found,Not found,Not found,Not found,Not found,Not found,Not found,Not found,Not found,Not found,Not found,Not found,Not found,Not found,Not found,Not found,Not found,Not found,Not found,Not found,Not found,Not found,Not found,Not found,Not found,Not found,Not found,Not found,Not found,PYSEC-2020-148,Not found,CVE-2020-26137,Not found,Not found,Not found,https://github.com/advisories/GHSA-wqvq-5m8c-6g24,Not found,1dd69c5c5982fae7c87a620d487c2ebf7a6b436b,Not found,Not found,Not found
2,2024-08-14,Github-Hosted,macOS,ARM64,H6060-Python-Requests,https://github.com/psf/requests,https://github.com/seansmith2600/H6060-Python-Requests,v2.19.0,fd7734b9e1a802bb0b590e57e76c9d08de601222,H6060 Experiment 2 - Requests,https://github.com/seansmith2600/H6060-Python-Requests/actions/runs/10393979345,CycloneDX,1.6,required,urllib3,library,Not found,1.23,requirements-L9,pkg:pypi/urllib3@1.23,Not found,requirements line 9: urllib3==1.23,Not found,Not found,Not found,Not found,Not found,Not found,Not found,Not found,Not found,Not found,Not found,Not found,https://pypi.org/simple/urllib3/,Not found,Not found,Not found,Not found,Not found,Not found,Not found,Not found,Not found,Not found,Not found,Not found,Not found,Not found,Not found,Not found,Not found,Not found,Not found,Not found,Not found,Not found,Not found,Not found,Not found,Not found,Not found,Not found,Not found,Not found,PYSEC-2021-108,Not found,CVE-2021-33503,Not found,Not found,Not found,https://github.com/advisories/GHSA-q2q7-5pp4-w6pg,Not found,Not found,Not found,Not found,Not found
2,2024-08-14,Github-Hosted,macOS,ARM64,H6060-Python-Requests,https://github.com/psf/requests,https://github.com/seansmith2600/H6060-Python-Requests,v2.19.0,fd7734b9e1a802bb0b590e57e76c9d08de601222,H6060 Experiment 2 - Requests,https://github.com/seansmith2600/H6060-Python-Requests/actions/runs/10393979345,CycloneDX,1.6,required,urllib3,library,Not found,1.23,requirements-L9,pkg:pypi/urllib3@1.23,Not found,requirements line 9: urllib3==1.23,Not found,Not found,Not found,Not found,Not found,Not found,Not found,Not found,Not found,Not found,Not found,Not found,https://pypi.org/simple/urllib3/,Not found,Not found,Not found,Not found,Not found,Not found,Not found,Not found,Not found,Not found,Not found,Not found,Not found,Not found,Not found,Not found,Not found,Not found,Not found,Not found,Not found,Not found,Not found,Not found,Not found,Not found,Not found,Not found,Not found,Not found,PYSEC-2023-192,Not found,CVE-2023-43804,Not found,Not found,Not found,https://github.com/urllib3/urllib3/security/advisories/GHSA-v845-jxx5-vc9f,Not found,Not found,Not found,CVSS:3.1/AV:N/AC:L/PR:L/UI:N/S:U/C:H/I:H/A:N,Not found
2,2024-08-14,Github-Hosted,macOS,ARM64,H6060-Python-Requests,https://github.com/psf/requests,https://github.com/seansmith2600/H6060-Python-Requests,v2.19.0,fd7734b9e1a802bb0b590e57e76c9d08de601222,H6060 Experiment 2 - Requests,https://github.com/seansmith2600/H6060-Python-Requests/actions/runs/10393979345,CycloneDX,1.6,required,urllib3,library,Not found,1.23,requirements-L9,pkg:pypi/urllib3@1.23,Not found,requirements line 9: urllib3==1.23,Not found,Not found,Not found,Not found,Not found,Not found,Not found,Not found,Not found,Not found,Not found,Not found,https://pypi.org/simple/urllib3/,Not found,Not found,Not found,Not found,Not found,Not found,Not found,Not found,Not found,Not found,Not found,Not found,Not found,Not found,Not found,Not found,Not found,Not found,Not found,Not found,Not found,Not found,Not found,Not found,Not found,Not found,Not found,Not found,Not found,Not found,PYSEC-2023-207,Not found,CVE-2018-25091,Not found,Not found,Not found,https://github.com/urllib3/urllib3/issues/1510,Not found,Not found,Not found,CVSS:3.1/AV:N/AC:L/PR:N/UI:R/S:C/C:L/I:L/A:N,Not found
2,2024-08-14,Github-Hosted,macOS,ARM64,H6060-Python-Requests,https://github.com/psf/requests,https://github.com/seansmith2600/H6060-Python-Requests,v2.19.0,fd7734b9e1a802bb0b590e57e76c9d08de601222,H6060 Experiment 2 - Requests,https://github.com/seansmith2600/H6060-Python-Requests/actions/runs/10393979345,CycloneDX,1.6,required,urllib3,library,Not found,1.23,requirements-L9,pkg:pypi/urllib3@1.23,Not found,requirements line 9: urllib3==1.23,Not found,Not found,Not found,Not found,Not found,Not found,Not found,Not found,Not found,Not found,Not found,Not found,https://pypi.org/simple/urllib3/,Not found,Not found,Not found,Not found,Not found,Not found,Not found,Not found,Not found,Not found,Not found,Not found,Not found,Not found,Not found,Not found,Not found,Not found,Not found,Not found,Not found,Not found,Not found,Not found,Not found,Not found,Not found,Not found,Not found,Not found,PYSEC-2023-212,Not found,CVE-2023-45803,Not found,Not found,Not found,https://github.com/urllib3/urllib3/security/advisories/GHSA-g4mx-q9vg-27p4,Not found,Not found,Not found,CVSS:3.1/AV:A/AC:H/PR:H/UI:N/S:U/C:H/I:N/A:N,Not found
