{"errors": [], "interfile_languages_used": [], "paths": {"scanned": [".deepsource.toml", ".eslintrc.js", ".gitattributes", ".github/workflows/H6060-Experiment-3.yml", ".gitignore", ".gitmodules", ".istanbul.yml", ".travis.yml", "CONTRIBUTING.md", "FAQ.md", "Gruntfile.js", "LICENSE", "README.markdown", "appveyor.yml", "bench/.eslintrc", "bench/dist-size.js", "bench/index.js", "bench/precompile-size.js", "bench/templates/arguments.js", "bench/templates/array-each.js", "bench/templates/array-mustache.js", "bench/templates/complex.dust", "bench/templates/complex.eco", "bench/templates/complex.handlebars", "bench/templates/complex.js", "bench/templates/complex.mustache", "bench/templates/data.js", "bench/templates/depth-1.js", "bench/templates/depth-2.js", "bench/templates/index.js", "bench/templates/object-mustache.js", "bench/templates/object.js", "bench/templates/partial-recursion.js", "bench/templates/partial.js", "bench/templates/paths.js", "bench/templates/string.js", "bench/templates/subexpression.js", "bench/templates/variables.js", "bench/throughput.js", "bench/util/benchwarmer.js", "bench/util/template-runner.js", "bin/handlebars", "components/bower.json", "components/component.json", "components/composer.json", "components/handlebars-source.gemspec", "components/handlebars.js.nuspec", "components/lib/handlebars/source.rb", "components/package.json", "docs/compiler-api.md", "docs/decorators-api.md", "lib/handlebars/base.js", "lib/handlebars/compiler/ast.js", "lib/handlebars/compiler/base.js", "lib/handlebars/compiler/code-gen.js", "lib/handlebars/compiler/compiler.js", "lib/handlebars/compiler/helpers.js", "lib/handlebars/compiler/javascript-compiler.js", "lib/handlebars/compiler/printer.js", "lib/handlebars/compiler/visitor.js", "lib/handlebars/compiler/whitespace-control.js", "lib/handlebars/decorators/inline.js", "lib/handlebars/decorators.js", "lib/handlebars/exception.js", "lib/handlebars/helpers/block-helper-missing.js", "lib/handlebars/helpers/each.js", "lib/handlebars/helpers/helper-missing.js", "lib/handlebars/helpers/if.js", "lib/handlebars/helpers/log.js", "lib/handlebars/helpers/lookup.js", "lib/handlebars/helpers/with.js", "lib/handlebars/helpers.js", "lib/handlebars/logger.js", "lib/handlebars/no-conflict.js", "lib/handlebars/runtime.js", "lib/handlebars/safe-string.js", "lib/handlebars/utils.js", "lib/handlebars.js", "lib/handlebars.runtime.js", "lib/index.js", "lib/precompiler.js", "package-lock.json", "package.json", "print-script", "release-notes.md", "runtime.d.ts", "runtime.js", "spec/.eslintrc", "spec/amd-runtime.html", "spec/amd.html", "spec/artifacts/bom.handlebars", "spec/artifacts/empty.handlebars", "spec/artifacts/example_1.handlebars", "spec/artifacts/example_2.hbs", "spec/ast.js", "spec/basic.js", "spec/blocks.js", "spec/builtins.js", "spec/compiler.js", "spec/data.js", "spec/env/browser.js", "spec/env/common.js", "spec/env/json2.js", "spec/env/node.js", "spec/env/require.js", "spec/env/runner.js", "spec/env/runtime.js", "spec/expected/empty.amd.js", "spec/helpers.js", "spec/index.html", "spec/javascript-compiler.js", "spec/parser.js", "spec/partials.js", "spec/precompiler.js", "spec/regressions.js", "spec/require.js", "spec/runtime.js", "spec/security.js", "spec/source-map.js", "spec/spec.js", "spec/strict.js", "spec/string-params.js", "spec/subexpressions.js", "spec/tokenizer.js", "spec/track-ids.js", "spec/umd-runtime.html", "spec/umd.html", "spec/utils.js", "spec/visitor.js", "spec/whitespace-control.js", "src/handlebars.l", "src/handlebars.yy", "src/parser-prefix.js", "src/parser-suffix.js", "tasks/.eslintrc", "tasks/metrics.js", "tasks/parser.js", "tasks/publish.js", "tasks/test.js", "tasks/util/git.js", "tasks/version.js", "types/index.d.ts", "types/test.ts", "types/tsconfig.json", "types/tslint.json", "yarn.lock"]}, "results": [{"check_id": "javascript.express.security.audit.xss.mustache.var-in-href.var-in-href", "end": {"col": 48, "line": 9, "offset": 203}, "extra": {"engine_kind": "OSS", "fingerprint": "2844b4279dcdb997f4ef20e10580efd135f60d410a8f8b0ddce98d70fa7b4df8e69282f34b270b51e9581442ee7c88804e4171f66116b65d6fab1fe08df174d2_0", "is_ignored": false, "lines": "        <li><a href=\"{{url}}\">{{name}}</a></li>", "message": "Detected a template variable used in an anchor tag with the 'href' attribute. This allows a malicious actor to input the 'javascript:' URI and is subject to cross- site scripting (XSS) attacks. If using a relative URL, start with a literal forward slash and concatenate the URL, like this: href='/{{link}}'. You may also consider setting the Content Security Policy (CSP) header.", "metadata": {"category": "security", "confidence": "LOW", "cwe": ["CWE-79: Improper Neutralization of Input During Web Page Generation ('Cross-site Scripting')"], "cwe2021-top25": true, "cwe2022-top25": true, "impact": "MEDIUM", "license": "Commons Clause License Condition v1.0[LGPL-2.1-only]", "likelihood": "LOW", "owasp": ["A07:2017 - Cross-Site Scripting (XSS)", "A03:2021 - Injection"], "references": ["https://flask.palletsprojects.com/en/1.1.x/security/#cross-site-scripting-xss#:~:text=javascript:%20URI", "https://github.com/pugjs/pug/issues/2952"], "semgrep.dev": {"rule": {"origin": "community", "r_id": 9284, "rule_id": "AbUzlj", "rv_id": 834088, "url": "https://semgrep.dev/playground/r/e1TDkjP/javascript.express.security.audit.xss.mustache.var-in-href.var-in-href", "version_id": "e1TDkjP"}}, "shortlink": "https://sg.run/8yOq", "source": "https://semgrep.dev/r/javascript.express.security.audit.xss.mustache.var-in-href.var-in-href", "subcategory": ["audit"], "technology": ["express"], "vulnerability_class": ["Cross-Site-Scripting (XSS)"]}, "metavars": {"$1": {"abstract_content": "\"", "end": {"col": 22, "line": 9, "offset": 177}, "start": {"col": 21, "line": 9, "offset": 176}}}, "severity": "WARNING", "validation_state": "NO_VALIDATOR"}, "path": "bench/templates/complex.mustache", "start": {"col": 13, "line": 9, "offset": 168}}, {"check_id": "javascript.lang.security.audit.detect-non-literal-regexp.detect-non-literal-regexp", "end": {"col": 28, "line": 11, "offset": 340}, "extra": {"dataflow_trace": {"intermediate_vars": [{"content": "grunt", "location": {"end": {"col": 32, "line": 5, "offset": 148}, "path": "bench/util/template-runner.js", "start": {"col": 27, "line": 5, "offset": 143}}}, {"content": "grep", "location": {"end": {"col": 11, "line": 9, "offset": 274}, "path": "bench/util/template-runner.js", "start": {"col": 7, "line": 9, "offset": 270}}}], "taint_sink": ["CliLoc", [{"end": {"col": 28, "line": 11, "offset": 340}, "path": "bench/util/template-runner.js", "start": {"col": 12, "line": 11, "offset": 324}}, "new RegExp(grep)"]], "taint_source": ["CliLoc", [{"end": {"col": 32, "line": 5, "offset": 148}, "path": "bench/util/template-runner.js", "start": {"col": 27, "line": 5, "offset": 143}}, "grunt"]]}, "engine_kind": "OSS", "fingerprint": "95181273881d7812b2e2d525a4ba8da4ad876eb59ab10a88f6566ee55ff1ffb0728113969367094c32f3e84a2566878989f923b829ca48daf4e2a6b4f12b0e02_0", "is_ignored": false, "lines": "    grep = new RegExp(grep);", "message": "RegExp() called with a `grunt` function argument, this might allow an attacker to cause a Regular Expression Denial-of-Service (ReDoS) within your application as RegExP blocks the main thread. For this reason, it is recommended to use hardcoded regexes instead. If your regex is run on user-controlled input, consider performing input validation or use a regex checking/sanitization library such as https://www.npmjs.com/package/recheck to verify that the regex does not appear vulnerable to ReDoS.", "metadata": {"category": "security", "confidence": "LOW", "cwe": ["CWE-1333: Inefficient Regular Expression Complexity"], "impact": "MEDIUM", "license": "Commons Clause License Condition v1.0[LGPL-2.1-only]", "likelihood": "MEDIUM", "owasp": ["A05:2021 - Security Misconfiguration", "A06:2017 - Security Misconfiguration"], "references": ["https://owasp.org/www-community/attacks/Regular_expression_Denial_of_Service_-_ReDoS"], "semgrep.dev": {"rule": {"origin": "community", "r_id": 12685, "rule_id": "zdU1gD", "rv_id": 834140, "url": "https://semgrep.dev/playground/r/8KTGkZw/javascript.lang.security.audit.detect-non-literal-regexp.detect-non-literal-regexp", "version_id": "8KTGkZw"}}, "shortlink": "https://sg.run/gr65", "source": "https://semgrep.dev/r/javascript.lang.security.audit.detect-non-literal-regexp.detect-non-literal-regexp", "source-rule-url": "https://github.com/nodesecurity/eslint-plugin-security/blob/master/rules/detect-non-literal-regexp.js", "subcategory": ["vuln"], "technology": ["javascript"], "vulnerability_class": ["Denial-of-Service (DoS)"]}, "metavars": {"$ARG": {"abstract_content": "grunt", "end": {"col": 32, "line": 5, "offset": 148}, "start": {"col": 27, "line": 5, "offset": 143}}}, "severity": "WARNING", "validation_state": "NO_VALIDATOR"}, "path": "bench/util/template-runner.js", "start": {"col": 12, "line": 11, "offset": 324}}, {"check_id": "javascript.lang.security.audit.detect-non-literal-regexp.detect-non-literal-regexp", "end": {"col": 50, "line": 64, "offset": 1781}, "extra": {"dataflow_trace": {"intermediate_vars": [{"content": "opts", "location": {"end": {"col": 24, "line": 61, "offset": 1558}, "path": "lib/precompiler.js", "start": {"col": 20, "line": 61, "offset": 1554}}}, {"content": "extension", "location": {"end": {"col": 16, "line": 63, "offset": 1621}, "path": "lib/precompiler.js", "start": {"col": 7, "line": 63, "offset": 1612}}}], "taint_sink": ["CliLoc", [{"end": {"col": 50, "line": 64, "offset": 1781}, "path": "lib/precompiler.js", "start": {"col": 15, "line": 64, "offset": 1746}}, "new RegExp('\\\\.' + extension + '$')"]], "taint_source": ["CliLoc", [{"end": {"col": 24, "line": 61, "offset": 1558}, "path": "lib/precompiler.js", "start": {"col": 20, "line": 61, "offset": 1554}}, "opts"]]}, "engine_kind": "OSS", "fingerprint": "0cfdeae578cf4e238281fea5491f10a6f5015a46c422de3b7b5e297a0a71472ce899e077e39c8f7f8d2992def8f3cd81a7272839b82d2f8fe4a9a0c828876ebe_0", "is_ignored": false, "lines": "  extension = new RegExp('\\\\.' + extension + '$');", "message": "RegExp() called with a `opts` function argument, this might allow an attacker to cause a Regular Expression Denial-of-Service (ReDoS) within your application as RegExP blocks the main thread. For this reason, it is recommended to use hardcoded regexes instead. If your regex is run on user-controlled input, consider performing input validation or use a regex checking/sanitization library such as https://www.npmjs.com/package/recheck to verify that the regex does not appear vulnerable to ReDoS.", "metadata": {"category": "security", "confidence": "LOW", "cwe": ["CWE-1333: Inefficient Regular Expression Complexity"], "impact": "MEDIUM", "license": "Commons Clause License Condition v1.0[LGPL-2.1-only]", "likelihood": "MEDIUM", "owasp": ["A05:2021 - Security Misconfiguration", "A06:2017 - Security Misconfiguration"], "references": ["https://owasp.org/www-community/attacks/Regular_expression_Denial_of_Service_-_ReDoS"], "semgrep.dev": {"rule": {"origin": "community", "r_id": 12685, "rule_id": "zdU1gD", "rv_id": 834140, "url": "https://semgrep.dev/playground/r/8KTGkZw/javascript.lang.security.audit.detect-non-literal-regexp.detect-non-literal-regexp", "version_id": "8KTGkZw"}}, "shortlink": "https://sg.run/gr65", "source": "https://semgrep.dev/r/javascript.lang.security.audit.detect-non-literal-regexp.detect-non-literal-regexp", "source-rule-url": "https://github.com/nodesecurity/eslint-plugin-security/blob/master/rules/detect-non-literal-regexp.js", "subcategory": ["vuln"], "technology": ["javascript"], "vulnerability_class": ["Denial-of-Service (DoS)"]}, "metavars": {"$ARG": {"abstract_content": "opts", "end": {"col": 24, "line": 61, "offset": 1558}, "start": {"col": 20, "line": 61, "offset": 1554}}}, "severity": "WARNING", "validation_state": "NO_VALIDATOR"}, "path": "lib/precompiler.js", "start": {"col": 15, "line": 64, "offset": 1746}}, {"check_id": "javascript.lang.security.audit.unsafe-formatstring.unsafe-formatstring", "end": {"col": 26, "line": 33, "offset": 874}, "extra": {"dataflow_trace": {"intermediate_vars": [], "taint_sink": ["CliLoc", [{"end": {"col": 26, "line": 33, "offset": 874}, "path": "print-script", "start": {"col": 17, "line": 33, "offset": 865}}, "index + 1"]], "taint_source": ["CliLoc", [{"end": {"col": 26, "line": 33, "offset": 874}, "path": "print-script", "start": {"col": 17, "line": 33, "offset": 865}}, "index + 1"]]}, "engine_kind": "OSS", "fingerprint": "044c13a28c501bfb5c7b8a4b9782a6da449b6c5f4b4142ec4dc8b3d673557ed95ede5d8ea9fe35c444d15ab0f441c2895397d00bf034835cc8aa9996f833c6fb_0", "is_ignored": false, "lines": "    console.log(index + 1, source);", "message": "Detected string concatenation with a non-literal variable in a util.format / console.log function. If an attacker injects a format specifier in the string, it will forge the log message. Try to use constant values for the format string.", "metadata": {"category": "security", "confidence": "LOW", "cwe": ["CWE-134: Use of Externally-Controlled Format String"], "impact": "LOW", "license": "Commons Clause License Condition v1.0[LGPL-2.1-only]", "likelihood": "MEDIUM", "owasp": ["A01:2021 - Broken Access Control"], "references": ["https://cwe.mitre.org/data/definitions/134.html"], "semgrep.dev": {"rule": {"origin": "community", "r_id": 13582, "rule_id": "ReU3OJ", "rv_id": 834156, "url": "https://semgrep.dev/playground/r/qkTQnZj/javascript.lang.security.audit.unsafe-formatstring.unsafe-formatstring", "version_id": "qkTQnZj"}}, "shortlink": "https://sg.run/7Y5R", "source": "https://semgrep.dev/r/javascript.lang.security.audit.unsafe-formatstring.unsafe-formatstring", "subcategory": ["audit"], "technology": ["javascript"], "vulnerability_class": ["Improper Validation"]}, "metavars": {"$LOG": {"abstract_content": "log", "end": {"col": 16, "line": 33, "offset": 864}, "start": {"col": 13, "line": 33, "offset": 861}}, "$PARAM": {"abstract_content": "source", "end": {"col": 34, "line": 33, "offset": 882}, "start": {"col": 28, "line": 33, "offset": 876}}, "$STR": {"abstract_content": "index+1", "end": {"col": 26, "line": 33, "offset": 874}, "start": {"col": 17, "line": 33, "offset": 865}}, "$X": {"abstract_content": "index", "end": {"col": 22, "line": 33, "offset": 870}, "start": {"col": 17, "line": 33, "offset": 865}}, "$Y": {"abstract_content": "1", "end": {"col": 26, "line": 33, "offset": 874}, "start": {"col": 25, "line": 33, "offset": 873}}}, "severity": "INFO", "validation_state": "NO_VALIDATOR"}, "path": "print-script", "start": {"col": 17, "line": 33, "offset": 865}}, {"check_id": "javascript.lang.security.audit.unsafe-formatstring.unsafe-formatstring", "end": {"col": 26, "line": 39, "offset": 1034}, "extra": {"dataflow_trace": {"intermediate_vars": [], "taint_sink": ["CliLoc", [{"end": {"col": 26, "line": 39, "offset": 1034}, "path": "print-script", "start": {"col": 17, "line": 39, "offset": 1025}}, "index + 1"]], "taint_source": ["CliLoc", [{"end": {"col": 26, "line": 39, "offset": 1034}, "path": "print-script", "start": {"col": 17, "line": 39, "offset": 1025}}, "index + 1"]]}, "engine_kind": "OSS", "fingerprint": "044c13a28c501bfb5c7b8a4b9782a6da449b6c5f4b4142ec4dc8b3d673557ed95ede5d8ea9fe35c444d15ab0f441c2895397d00bf034835cc8aa9996f833c6fb_1", "is_ignored": false, "lines": "    console.log(index + 1, source);", "message": "Detected string concatenation with a non-literal variable in a util.format / console.log function. If an attacker injects a format specifier in the string, it will forge the log message. Try to use constant values for the format string.", "metadata": {"category": "security", "confidence": "LOW", "cwe": ["CWE-134: Use of Externally-Controlled Format String"], "impact": "LOW", "license": "Commons Clause License Condition v1.0[LGPL-2.1-only]", "likelihood": "MEDIUM", "owasp": ["A01:2021 - Broken Access Control"], "references": ["https://cwe.mitre.org/data/definitions/134.html"], "semgrep.dev": {"rule": {"origin": "community", "r_id": 13582, "rule_id": "ReU3OJ", "rv_id": 834156, "url": "https://semgrep.dev/playground/r/qkTQnZj/javascript.lang.security.audit.unsafe-formatstring.unsafe-formatstring", "version_id": "qkTQnZj"}}, "shortlink": "https://sg.run/7Y5R", "source": "https://semgrep.dev/r/javascript.lang.security.audit.unsafe-formatstring.unsafe-formatstring", "subcategory": ["audit"], "technology": ["javascript"], "vulnerability_class": ["Improper Validation"]}, "metavars": {"$LOG": {"abstract_content": "log", "end": {"col": 16, "line": 39, "offset": 1024}, "start": {"col": 13, "line": 39, "offset": 1021}}, "$PARAM": {"abstract_content": "source", "end": {"col": 34, "line": 39, "offset": 1042}, "start": {"col": 28, "line": 39, "offset": 1036}}, "$STR": {"abstract_content": "index+1", "end": {"col": 26, "line": 39, "offset": 1034}, "start": {"col": 17, "line": 39, "offset": 1025}}, "$X": {"abstract_content": "index", "end": {"col": 22, "line": 39, "offset": 1030}, "start": {"col": 17, "line": 39, "offset": 1025}}, "$Y": {"abstract_content": "1", "end": {"col": 26, "line": 39, "offset": 1034}, "start": {"col": 25, "line": 39, "offset": 1033}}}, "severity": "INFO", "validation_state": "NO_VALIDATOR"}, "path": "print-script", "start": {"col": 17, "line": 39, "offset": 1025}}, {"check_id": "javascript.browser.security.eval-detected.eval-detected", "end": {"col": 42, "line": 30, "offset": 803}, "extra": {"engine_kind": "OSS", "fingerprint": "530da697d395a25b3cca47b5b39447bd6f57f801b4d9f898536545e5e4ac605b0a486a7d89571496856e4e7d3fb136909834380e4b15d91e4ea05aa3f000c5fc_0", "is_ignored": false, "lines": "    return eval('(' + templateSpec + ')');", "message": "Detected the use of eval(). eval() can be dangerous if used to evaluate dynamic content. If this content can be input from outside the program, this may be a code injection vulnerability. Ensure evaluated content is not definable by external sources.", "metadata": {"asvs": {"control_id": "5.2.4 Dynamic Code Execution Features", "control_url": "https://github.com/OWASP/ASVS/blob/master/4.0/en/0x13-V5-Validation-Sanitization-Encoding.md#v52-sanitization-and-sandboxing", "section": "V5 Validation, Sanitization and Encoding", "version": "4"}, "category": "security", "confidence": "LOW", "cwe": ["CWE-95: Improper Neutralization of Directives in Dynamically Evaluated Code ('Eval Injection')"], "impact": "MEDIUM", "license": "Commons Clause License Condition v1.0[LGPL-2.1-only]", "likelihood": "LOW", "owasp": ["A03:2021 - Injection"], "references": ["https://owasp.org/Top10/A03_2021-Injection"], "semgrep.dev": {"rule": {"origin": "community", "r_id": 9238, "rule_id": "GdU7dw", "rv_id": 834048, "url": "https://semgrep.dev/playground/r/RGTKGx8/javascript.browser.security.eval-detected.eval-detected", "version_id": "RGTKGx8"}}, "shortlink": "https://sg.run/7ope", "source": "https://semgrep.dev/r/javascript.browser.security.eval-detected.eval-detected", "subcategory": ["audit"], "technology": ["browser"], "vulnerability_class": ["Code Injection"]}, "metavars": {}, "severity": "WARNING", "validation_state": "NO_VALIDATOR"}, "path": "spec/env/browser.js", "start": {"col": 12, "line": 30, "offset": 773}}, {"check_id": "javascript.browser.security.eval-detected.eval-detected", "end": {"col": 43, "line": 474, "offset": 17136}, "extra": {"engine_kind": "OSS", "fingerprint": "df5a0a3eb0dc19d540b6151e05f9037ef8de305bd5ef89f40f44a8f9bf3bd29a67dca96dab2362db1e6bf669b69b8366edcfd2acbfefc65bd8433164dbb5686f_0", "is_ignored": false, "lines": "                j = eval('(' + text + ')');", "message": "Detected the use of eval(). eval() can be dangerous if used to evaluate dynamic content. If this content can be input from outside the program, this may be a code injection vulnerability. Ensure evaluated content is not definable by external sources.", "metadata": {"asvs": {"control_id": "5.2.4 Dynamic Code Execution Features", "control_url": "https://github.com/OWASP/ASVS/blob/master/4.0/en/0x13-V5-Validation-Sanitization-Encoding.md#v52-sanitization-and-sandboxing", "section": "V5 Validation, Sanitization and Encoding", "version": "4"}, "category": "security", "confidence": "LOW", "cwe": ["CWE-95: Improper Neutralization of Directives in Dynamically Evaluated Code ('Eval Injection')"], "impact": "MEDIUM", "license": "Commons Clause License Condition v1.0[LGPL-2.1-only]", "likelihood": "LOW", "owasp": ["A03:2021 - Injection"], "references": ["https://owasp.org/Top10/A03_2021-Injection"], "semgrep.dev": {"rule": {"origin": "community", "r_id": 9238, "rule_id": "GdU7dw", "rv_id": 834048, "url": "https://semgrep.dev/playground/r/RGTKGx8/javascript.browser.security.eval-detected.eval-detected", "version_id": "RGTKGx8"}}, "shortlink": "https://sg.run/7ope", "source": "https://semgrep.dev/r/javascript.browser.security.eval-detected.eval-detected", "subcategory": ["audit"], "technology": ["browser"], "vulnerability_class": ["Code Injection"]}, "metavars": {}, "severity": "WARNING", "validation_state": "NO_VALIDATOR"}, "path": "spec/env/json2.js", "start": {"col": 21, "line": 474, "offset": 17114}}, {"check_id": "javascript.browser.security.eval-detected.eval-detected", "end": {"col": 42, "line": 18, "offset": 504}, "extra": {"engine_kind": "OSS", "fingerprint": "ffd22200fb8a4532ad0c29917c87f0b9dba0d29ab1ba691e4ec89dea201ee51dfb62104b488c75ea454bb558d986c65ebe6389b302a5d2907f4a1edd27efd0a0_0", "is_ignored": false, "lines": "    return eval('(' + templateSpec + ')');", "message": "Detected the use of eval(). eval() can be dangerous if used to evaluate dynamic content. If this content can be input from outside the program, this may be a code injection vulnerability. Ensure evaluated content is not definable by external sources.", "metadata": {"asvs": {"control_id": "5.2.4 Dynamic Code Execution Features", "control_url": "https://github.com/OWASP/ASVS/blob/master/4.0/en/0x13-V5-Validation-Sanitization-Encoding.md#v52-sanitization-and-sandboxing", "section": "V5 Validation, Sanitization and Encoding", "version": "4"}, "category": "security", "confidence": "LOW", "cwe": ["CWE-95: Improper Neutralization of Directives in Dynamically Evaluated Code ('Eval Injection')"], "impact": "MEDIUM", "license": "Commons Clause License Condition v1.0[LGPL-2.1-only]", "likelihood": "LOW", "owasp": ["A03:2021 - Injection"], "references": ["https://owasp.org/Top10/A03_2021-Injection"], "semgrep.dev": {"rule": {"origin": "community", "r_id": 9238, "rule_id": "GdU7dw", "rv_id": 834048, "url": "https://semgrep.dev/playground/r/RGTKGx8/javascript.browser.security.eval-detected.eval-detected", "version_id": "RGTKGx8"}}, "shortlink": "https://sg.run/7ope", "source": "https://semgrep.dev/r/javascript.browser.security.eval-detected.eval-detected", "subcategory": ["audit"], "technology": ["browser"], "vulnerability_class": ["Code Injection"]}, "metavars": {}, "severity": "WARNING", "validation_state": "NO_VALIDATOR"}, "path": "spec/env/node.js", "start": {"col": 12, "line": 18, "offset": 474}}, {"check_id": "javascript.browser.security.eval-detected.eval-detected", "end": {"col": 26, "line": 2049, "offset": 82622}, "extra": {"engine_kind": "OSS", "fingerprint": "e517016558cc06386efc750db5e4d482e9c35320662d99914d7b28b80c259bbf4f3570206c654b778dc5330bddc5be8156d192076b632df69cdd330111f2677a_0", "is_ignored": false, "lines": "        return eval(text);", "message": "Detected the use of eval(). eval() can be dangerous if used to evaluate dynamic content. If this content can be input from outside the program, this may be a code injection vulnerability. Ensure evaluated content is not definable by external sources.", "metadata": {"asvs": {"control_id": "5.2.4 Dynamic Code Execution Features", "control_url": "https://github.com/OWASP/ASVS/blob/master/4.0/en/0x13-V5-Validation-Sanitization-Encoding.md#v52-sanitization-and-sandboxing", "section": "V5 Validation, Sanitization and Encoding", "version": "4"}, "category": "security", "confidence": "LOW", "cwe": ["CWE-95: Improper Neutralization of Directives in Dynamically Evaluated Code ('Eval Injection')"], "impact": "MEDIUM", "license": "Commons Clause License Condition v1.0[LGPL-2.1-only]", "likelihood": "LOW", "owasp": ["A03:2021 - Injection"], "references": ["https://owasp.org/Top10/A03_2021-Injection"], "semgrep.dev": {"rule": {"origin": "community", "r_id": 9238, "rule_id": "GdU7dw", "rv_id": 834048, "url": "https://semgrep.dev/playground/r/RGTKGx8/javascript.browser.security.eval-detected.eval-detected", "version_id": "RGTKGx8"}}, "shortlink": "https://sg.run/7ope", "source": "https://semgrep.dev/r/javascript.browser.security.eval-detected.eval-detected", "subcategory": ["audit"], "technology": ["browser"], "vulnerability_class": ["Code Injection"]}, "metavars": {}, "severity": "WARNING", "validation_state": "NO_VALIDATOR"}, "path": "spec/env/require.js", "start": {"col": 16, "line": 2049, "offset": 82612}}, {"check_id": "javascript.browser.security.eval-detected.eval-detected", "end": {"col": 42, "line": 49, "offset": 1763}, "extra": {"engine_kind": "OSS", "fingerprint": "6dd68c66b5fa5d0858b70185862371b3a343b9c8f927c253a80f6d8e786464e7824b4e9eb456bb083605716e57c98a142651ea0e51f901e1f60328c08752997c_0", "is_ignored": false, "lines": "    return eval('(' + templateSpec + ')');", "message": "Detected the use of eval(). eval() can be dangerous if used to evaluate dynamic content. If this content can be input from outside the program, this may be a code injection vulnerability. Ensure evaluated content is not definable by external sources.", "metadata": {"asvs": {"control_id": "5.2.4 Dynamic Code Execution Features", "control_url": "https://github.com/OWASP/ASVS/blob/master/4.0/en/0x13-V5-Validation-Sanitization-Encoding.md#v52-sanitization-and-sandboxing", "section": "V5 Validation, Sanitization and Encoding", "version": "4"}, "category": "security", "confidence": "LOW", "cwe": ["CWE-95: Improper Neutralization of Directives in Dynamically Evaluated Code ('Eval Injection')"], "impact": "MEDIUM", "license": "Commons Clause License Condition v1.0[LGPL-2.1-only]", "likelihood": "LOW", "owasp": ["A03:2021 - Injection"], "references": ["https://owasp.org/Top10/A03_2021-Injection"], "semgrep.dev": {"rule": {"origin": "community", "r_id": 9238, "rule_id": "GdU7dw", "rv_id": 834048, "url": "https://semgrep.dev/playground/r/RGTKGx8/javascript.browser.security.eval-detected.eval-detected", "version_id": "RGTKGx8"}}, "shortlink": "https://sg.run/7ope", "source": "https://semgrep.dev/r/javascript.browser.security.eval-detected.eval-detected", "subcategory": ["audit"], "technology": ["browser"], "vulnerability_class": ["Code Injection"]}, "metavars": {}, "severity": "WARNING", "validation_state": "NO_VALIDATOR"}, "path": "spec/env/runtime.js", "start": {"col": 12, "line": 49, "offset": 1733}}, {"check_id": "javascript.browser.security.eval-detected.eval-detected", "end": {"col": 55, "line": 38, "offset": 1309}, "extra": {"engine_kind": "OSS", "fingerprint": "0b7236d3257709a787e15bd1af0df9f8b48ff731d5feed047abb844966da59be0bc99601f140a6c695e4ec0e79820100aa3ea62c20e70bd22c9ce35a903c6757_0", "is_ignored": false, "lines": "        data.lambda = eval('(' + data.lambda.js + ')');", "message": "Detected the use of eval(). eval() can be dangerous if used to evaluate dynamic content. If this content can be input from outside the program, this may be a code injection vulnerability. Ensure evaluated content is not definable by external sources.", "metadata": {"asvs": {"control_id": "5.2.4 Dynamic Code Execution Features", "control_url": "https://github.com/OWASP/ASVS/blob/master/4.0/en/0x13-V5-Validation-Sanitization-Encoding.md#v52-sanitization-and-sandboxing", "section": "V5 Validation, Sanitization and Encoding", "version": "4"}, "category": "security", "confidence": "LOW", "cwe": ["CWE-95: Improper Neutralization of Directives in Dynamically Evaluated Code ('Eval Injection')"], "impact": "MEDIUM", "license": "Commons Clause License Condition v1.0[LGPL-2.1-only]", "likelihood": "LOW", "owasp": ["A03:2021 - Injection"], "references": ["https://owasp.org/Top10/A03_2021-Injection"], "semgrep.dev": {"rule": {"origin": "community", "r_id": 9238, "rule_id": "GdU7dw", "rv_id": 834048, "url": "https://semgrep.dev/playground/r/RGTKGx8/javascript.browser.security.eval-detected.eval-detected", "version_id": "RGTKGx8"}}, "shortlink": "https://sg.run/7ope", "source": "https://semgrep.dev/r/javascript.browser.security.eval-detected.eval-detected", "subcategory": ["audit"], "technology": ["browser"], "vulnerability_class": ["Code Injection"]}, "metavars": {}, "severity": "WARNING", "validation_state": "NO_VALIDATOR"}, "path": "spec/spec.js", "start": {"col": 23, "line": 38, "offset": 1277}}, {"check_id": "javascript.lang.security.detect-child-process.detect-child-process", "end": {"col": 43, "line": 62, "offset": 1799}, "extra": {"dataflow_trace": {"intermediate_vars": [{"content": "path", "location": {"end": {"col": 21, "line": 61, "offset": 1743}, "path": "tasks/util/git.js", "start": {"col": 17, "line": 61, "offset": 1739}}}], "taint_sink": ["CliLoc", [{"end": {"col": 43, "line": 62, "offset": 1799}, "path": "tasks/util/git.js", "start": {"col": 23, "line": 62, "offset": 1779}}, "'git add -f ' + path"]], "taint_source": ["CliLoc", [{"end": {"col": 21, "line": 61, "offset": 1743}, "path": "tasks/util/git.js", "start": {"col": 17, "line": 61, "offset": 1739}}, "path"]]}, "engine_kind": "OSS", "fingerprint": "43ff1c35327917212977ddee5701835dc62c0df523d8c0af6a8cc3e5c94006e86d4a0a5d57eb939d280c4170bbdc27acb1f79b951da50b3f284d82e9da7684b1_0", "is_ignored": false, "lines": "    childProcess.exec('git add -f ' + path, {}, function(err) {", "message": "Detected calls to child_process from a function argument `path`. This could lead to a command injection if the input is user controllable. Try to avoid calls to child_process, and if it is needed ensure user input is correctly sanitized or sandboxed. ", "metadata": {"category": "security", "confidence": "LOW", "cwe": ["CWE-78: Improper Neutralization of Special Elements used in an OS Command ('OS Command Injection')"], "cwe2021-top25": true, "cwe2022-top25": true, "impact": "HIGH", "license": "Commons Clause License Condition v1.0[LGPL-2.1-only]", "likelihood": "LOW", "owasp": ["A01:2017 - Injection", "A03:2021 - Injection"], "references": ["https://cheatsheetseries.owasp.org/cheatsheets/Nodejs_Security_Cheat_Sheet.html#do-not-use-dangerous-functions"], "semgrep.dev": {"rule": {"origin": "community", "r_id": 9313, "rule_id": "10UKNB", "rv_id": 834158, "url": "https://semgrep.dev/playground/r/YDTl0yQ/javascript.lang.security.detect-child-process.detect-child-process", "version_id": "YDTl0yQ"}}, "shortlink": "https://sg.run/l2lo", "source": "https://semgrep.dev/r/javascript.lang.security.detect-child-process.detect-child-process", "source-rule-url": "https://github.com/nodesecurity/eslint-plugin-security/blob/master/rules/detect-child-process.js", "subcategory": ["audit"], "technology": ["javascript"], "vulnerability_class": ["Command Injection"]}, "metavars": {"$CMD": {"abstract_content": "'git add -f '+path", "end": {"col": 43, "line": 62, "offset": 1799}, "start": {"col": 23, "line": 62, "offset": 1779}}, "$CP": {"abstract_content": "childProcess", "end": {"col": 17, "line": 62, "offset": 1773}, "start": {"col": 5, "line": 62, "offset": 1761}}, "$FUNC": {"abstract_content": "path", "end": {"col": 21, "line": 61, "offset": 1743}, "start": {"col": 17, "line": 61, "offset": 1739}}}, "severity": "ERROR", "validation_state": "NO_VALIDATOR"}, "path": "tasks/util/git.js", "start": {"col": 23, "line": 62, "offset": 1779}}, {"check_id": "javascript.lang.security.detect-child-process.detect-child-process", "end": {"col": 53, "line": 71, "offset": 2019}, "extra": {"dataflow_trace": {"intermediate_vars": [{"content": "name", "location": {"end": {"col": 24, "line": 70, "offset": 1953}, "path": "tasks/util/git.js", "start": {"col": 20, "line": 70, "offset": 1949}}}], "taint_sink": ["CliLoc", [{"end": {"col": 53, "line": 71, "offset": 2019}, "path": "tasks/util/git.js", "start": {"col": 23, "line": 71, "offset": 1989}}, "'git commit --message=' + name"]], "taint_source": ["CliLoc", [{"end": {"col": 24, "line": 70, "offset": 1953}, "path": "tasks/util/git.js", "start": {"col": 20, "line": 70, "offset": 1949}}, "name"]]}, "engine_kind": "OSS", "fingerprint": "a4d18c758b161897a4d7ef65982d999957c9bdd52836c6a1d3066edee33d581cae458762186cd77fd8dc1705aa40c41ed53157a4acb3e72dac93812d731080d8_0", "is_ignored": false, "lines": "    childProcess.exec('git commit --message=' + name, {}, function(err) {", "message": "Detected calls to child_process from a function argument `name`. This could lead to a command injection if the input is user controllable. Try to avoid calls to child_process, and if it is needed ensure user input is correctly sanitized or sandboxed. ", "metadata": {"category": "security", "confidence": "LOW", "cwe": ["CWE-78: Improper Neutralization of Special Elements used in an OS Command ('OS Command Injection')"], "cwe2021-top25": true, "cwe2022-top25": true, "impact": "HIGH", "license": "Commons Clause License Condition v1.0[LGPL-2.1-only]", "likelihood": "LOW", "owasp": ["A01:2017 - Injection", "A03:2021 - Injection"], "references": ["https://cheatsheetseries.owasp.org/cheatsheets/Nodejs_Security_Cheat_Sheet.html#do-not-use-dangerous-functions"], "semgrep.dev": {"rule": {"origin": "community", "r_id": 9313, "rule_id": "10UKNB", "rv_id": 834158, "url": "https://semgrep.dev/playground/r/YDTl0yQ/javascript.lang.security.detect-child-process.detect-child-process", "version_id": "YDTl0yQ"}}, "shortlink": "https://sg.run/l2lo", "source": "https://semgrep.dev/r/javascript.lang.security.detect-child-process.detect-child-process", "source-rule-url": "https://github.com/nodesecurity/eslint-plugin-security/blob/master/rules/detect-child-process.js", "subcategory": ["audit"], "technology": ["javascript"], "vulnerability_class": ["Command Injection"]}, "metavars": {"$CMD": {"abstract_content": "'git commit --message='+name", "end": {"col": 53, "line": 71, "offset": 2019}, "start": {"col": 23, "line": 71, "offset": 1989}}, "$CP": {"abstract_content": "childProcess", "end": {"col": 17, "line": 71, "offset": 1983}, "start": {"col": 5, "line": 71, "offset": 1971}}, "$FUNC": {"abstract_content": "name", "end": {"col": 24, "line": 70, "offset": 1953}, "start": {"col": 20, "line": 70, "offset": 1949}}}, "severity": "ERROR", "validation_state": "NO_VALIDATOR"}, "path": "tasks/util/git.js", "start": {"col": 23, "line": 71, "offset": 1989}}, {"check_id": "javascript.lang.security.detect-child-process.detect-child-process", "end": {"col": 66, "line": 80, "offset": 2252}, "extra": {"dataflow_trace": {"intermediate_vars": [{"content": "name", "location": {"end": {"col": 21, "line": 79, "offset": 2173}, "path": "tasks/util/git.js", "start": {"col": 17, "line": 79, "offset": 2169}}}], "taint_sink": ["CliLoc", [{"end": {"col": 66, "line": 80, "offset": 2252}, "path": "tasks/util/git.js", "start": {"col": 23, "line": 80, "offset": 2209}}, "'git tag -a --message=' + name + ' ' + name"]], "taint_source": ["CliLoc", [{"end": {"col": 21, "line": 79, "offset": 2173}, "path": "tasks/util/git.js", "start": {"col": 17, "line": 79, "offset": 2169}}, "name"]]}, "engine_kind": "OSS", "fingerprint": "67e75148dd7a6c2cccda8d0b6b2dab51722a95ac25d93a3774c734767b9e2473ca98894004f388615ffd3fb601c5f531f88941c3e55d9adf03064e25ed2415b2_0", "is_ignored": false, "lines": "    childProcess.exec('git tag -a --message=' + name + ' ' + name, {}, function(err) {", "message": "Detected calls to child_process from a function argument `name`. This could lead to a command injection if the input is user controllable. Try to avoid calls to child_process, and if it is needed ensure user input is correctly sanitized or sandboxed. ", "metadata": {"category": "security", "confidence": "LOW", "cwe": ["CWE-78: Improper Neutralization of Special Elements used in an OS Command ('OS Command Injection')"], "cwe2021-top25": true, "cwe2022-top25": true, "impact": "HIGH", "license": "Commons Clause License Condition v1.0[LGPL-2.1-only]", "likelihood": "LOW", "owasp": ["A01:2017 - Injection", "A03:2021 - Injection"], "references": ["https://cheatsheetseries.owasp.org/cheatsheets/Nodejs_Security_Cheat_Sheet.html#do-not-use-dangerous-functions"], "semgrep.dev": {"rule": {"origin": "community", "r_id": 9313, "rule_id": "10UKNB", "rv_id": 834158, "url": "https://semgrep.dev/playground/r/YDTl0yQ/javascript.lang.security.detect-child-process.detect-child-process", "version_id": "YDTl0yQ"}}, "shortlink": "https://sg.run/l2lo", "source": "https://semgrep.dev/r/javascript.lang.security.detect-child-process.detect-child-process", "source-rule-url": "https://github.com/nodesecurity/eslint-plugin-security/blob/master/rules/detect-child-process.js", "subcategory": ["audit"], "technology": ["javascript"], "vulnerability_class": ["Command Injection"]}, "metavars": {"$CMD": {"abstract_content": "'git tag -a --message='+name+' '+name", "end": {"col": 66, "line": 80, "offset": 2252}, "start": {"col": 23, "line": 80, "offset": 2209}}, "$CP": {"abstract_content": "childProcess", "end": {"col": 17, "line": 80, "offset": 2203}, "start": {"col": 5, "line": 80, "offset": 2191}}, "$FUNC": {"abstract_content": "name", "end": {"col": 21, "line": 79, "offset": 2173}, "start": {"col": 17, "line": 79, "offset": 2169}}}, "severity": "ERROR", "validation_state": "NO_VALIDATOR"}, "path": "tasks/util/git.js", "start": {"col": 23, "line": 80, "offset": 2209}}], "skipped_rules": [], "version": "1.81.0"}