{
  "version": "v2.8.0",
  "id": "763fa1ad-b35d-4b29-bba3-82ca1dbf9f28",
  "repositoryID": "00000000-0000-0000-0000-000000000000",
  "repositoryName": "",
  "workspaceID": "00000000-0000-0000-0000-000000000000",
  "workspaceName": "",
  "status": "success",
  "errors": "",
  "createdAt": "2024-08-15T20:43:51.402328Z",
  "finishedAt": "2024-08-15T20:44:06.891193Z",
  "analysisVulnerabilities": [
    {
      "vulnerabilityID": "00000000-0000-0000-0000-000000000000",
      "analysisID": "763fa1ad-b35d-4b29-bba3-82ca1dbf9f28",
      "createdAt": "2024-08-15T20:44:06.891194Z",
      "vulnerabilities": {
        "vulnerabilityID": "f6fb5ffb-b8c2-446a-9949-df47ca017640",
        "line": "17",
        "column": "21",
        "confidence": "MEDIUM",
        "file": "benchmarks/zeroFill.js",
        "code": "zeroFillMath(Math.random() * 1e5 | 0, 5);",
        "details": "(1/1) * Possible vulnerability detected: No use weak random number generator\nWhen software generates predictable values in a context requiring unpredictability, it may be possible for an attacker to guess the next value that will be generated, and use this guess to impersonate another user or access sensitive information. As the Math.random() function relies on a weak pseudorandom number generator, this function should not be used for security-critical applications or for protecting sensitive data. In such context, a cryptographically strong pseudorandom number generator (CSPRNG) should be used instead. For more information checkout the CWE-338 (https://cwe.mitre.org/data/definitions/338.html) advisory.",
        "securityTool": "HorusecEngine",
        "language": "JavaScript",
        "severity": "HIGH",
        "type": "Vulnerability",
        "commitAuthor": "-",
        "commitEmail": "-",
        "commitHash": "-",
        "commitMessage": "-",
        "commitDate": "-",
        "rule_id": "HS-JAVASCRIPT-6",
        "vulnHash": "ab899f2074c3c79cea6910274af3b2ebc12ead9c956cd56193747e8b49bb6751",
        "deprecatedHashes": [
          "7d44098bc9eda48744a6bd5ebc2d5020c22d6009f598e01da569bbfbf2e5c527",
          "0f5754047540aa6f5f5caa1b85373213a928382c56e65a053c530052d0c4851f"
        ],
        "securityToolVersion": "",
        "securityToolInfoUri": ""
      }
    },
    {
      "vulnerabilityID": "00000000-0000-0000-0000-000000000000",
      "analysisID": "763fa1ad-b35d-4b29-bba3-82ca1dbf9f28",
      "createdAt": "2024-08-15T20:44:06.891205Z",
      "vulnerabilities": {
        "vulnerabilityID": "19b6be70-4707-4025-814a-c6c533a7e425",
        "line": "18",
        "column": "21",
        "confidence": "MEDIUM",
        "file": "benchmarks/zeroFill.js",
        "code": "zeroFillMath(Math.random() * 1e5 | 0, 10);",
        "details": "(1/1) * Possible vulnerability detected: No use weak random number generator\nWhen software generates predictable values in a context requiring unpredictability, it may be possible for an attacker to guess the next value that will be generated, and use this guess to impersonate another user or access sensitive information. As the Math.random() function relies on a weak pseudorandom number generator, this function should not be used for security-critical applications or for protecting sensitive data. In such context, a cryptographically strong pseudorandom number generator (CSPRNG) should be used instead. For more information checkout the CWE-338 (https://cwe.mitre.org/data/definitions/338.html) advisory.",
        "securityTool": "HorusecEngine",
        "language": "JavaScript",
        "severity": "HIGH",
        "type": "Vulnerability",
        "commitAuthor": "-",
        "commitEmail": "-",
        "commitHash": "-",
        "commitMessage": "-",
        "commitDate": "-",
        "rule_id": "HS-JAVASCRIPT-6",
        "vulnHash": "f1d2b8d0221f01a259cef4243b58261a7112550e6c2937b13231c987317b2c63",
        "deprecatedHashes": [
          "937a1fcd029785ef2a644c56e71aff1ebbe5f3d447d08f5d2756ebd15c2ac636",
          "ae6baa9ea351601d90085f9e0ca8886d4fc83ed2eda530465ec36e5e1020ff5f"
        ],
        "securityToolVersion": "",
        "securityToolInfoUri": ""
      }
    },
    {
      "vulnerabilityID": "00000000-0000-0000-0000-000000000000",
      "analysisID": "763fa1ad-b35d-4b29-bba3-82ca1dbf9f28",
      "createdAt": "2024-08-15T20:44:06.891206Z",
      "vulnerabilities": {
        "vulnerabilityID": "e96ad510-f8e6-4513-a614-f030fb889784",
        "line": "19",
        "column": "21",
        "confidence": "MEDIUM",
        "file": "benchmarks/zeroFill.js",
        "code": "zeroFillMath(Math.random() * 1e10 | 0, 20);",
        "details": "(1/1) * Possible vulnerability detected: No use weak random number generator\nWhen software generates predictable values in a context requiring unpredictability, it may be possible for an attacker to guess the next value that will be generated, and use this guess to impersonate another user or access sensitive information. As the Math.random() function relies on a weak pseudorandom number generator, this function should not be used for security-critical applications or for protecting sensitive data. In such context, a cryptographically strong pseudorandom number generator (CSPRNG) should be used instead. For more information checkout the CWE-338 (https://cwe.mitre.org/data/definitions/338.html) advisory.",
        "securityTool": "HorusecEngine",
        "language": "JavaScript",
        "severity": "HIGH",
        "type": "Vulnerability",
        "commitAuthor": "-",
        "commitEmail": "-",
        "commitHash": "-",
        "commitMessage": "-",
        "commitDate": "-",
        "rule_id": "HS-JAVASCRIPT-6",
        "vulnHash": "6adcf4c8c2a8d27f74587b0d89b16bc9dda8a27a66562ac63ba0ab18f9fd0f63",
        "deprecatedHashes": [
          "1430d996b38a3e5b93591f08e0aee5e6418bf3fd984d19e21d98e95dd2755df6",
          "72a734a659c0dc3704147fbadef3c960ca9578e4c26799648a11c9992ea676ed"
        ],
        "securityToolVersion": "",
        "securityToolInfoUri": ""
      }
    },
    {
      "vulnerabilityID": "00000000-0000-0000-0000-000000000000",
      "analysisID": "763fa1ad-b35d-4b29-bba3-82ca1dbf9f28",
      "createdAt": "2024-08-15T20:44:06.891207Z",
      "vulnerabilities": {
        "vulnerabilityID": "c21dd069-d076-4191-b929-42a1f43dd769",
        "line": "36",
        "column": "22",
        "confidence": "MEDIUM",
        "file": "benchmarks/zeroFill.js",
        "code": "zeroFillWhile(Math.random() * 1e5 | 0, 5);",
        "details": "(1/1) * Possible vulnerability detected: No use weak random number generator\nWhen software generates predictable values in a context requiring unpredictability, it may be possible for an attacker to guess the next value that will be generated, and use this guess to impersonate another user or access sensitive information. As the Math.random() function relies on a weak pseudorandom number generator, this function should not be used for security-critical applications or for protecting sensitive data. In such context, a cryptographically strong pseudorandom number generator (CSPRNG) should be used instead. For more information checkout the CWE-338 (https://cwe.mitre.org/data/definitions/338.html) advisory.",
        "securityTool": "HorusecEngine",
        "language": "JavaScript",
        "severity": "HIGH",
        "type": "Vulnerability",
        "commitAuthor": "-",
        "commitEmail": "-",
        "commitHash": "-",
        "commitMessage": "-",
        "commitDate": "-",
        "rule_id": "HS-JAVASCRIPT-6",
        "vulnHash": "af1712b5659083c076956b91458c64e3200478557eee61fabeee5fd028d2d24b",
        "deprecatedHashes": [
          "7c0c5645ce1f54ec09e664d0194e9f68a99f647882a225a969a9e87342c8abfa",
          "07105a1960dd715b9ac3fa251ba3db7f883317ca67069baceffaa228000307c7"
        ],
        "securityToolVersion": "",
        "securityToolInfoUri": ""
      }
    },
    {
      "vulnerabilityID": "00000000-0000-0000-0000-000000000000",
      "analysisID": "763fa1ad-b35d-4b29-bba3-82ca1dbf9f28",
      "createdAt": "2024-08-15T20:44:06.891208Z",
      "vulnerabilities": {
        "vulnerabilityID": "56f45609-8222-4053-9b5f-57dd8a2f3e2a",
        "line": "37",
        "column": "22",
        "confidence": "MEDIUM",
        "file": "benchmarks/zeroFill.js",
        "code": "zeroFillWhile(Math.random() * 1e5 | 0, 10);",
        "details": "(1/1) * Possible vulnerability detected: No use weak random number generator\nWhen software generates predictable values in a context requiring unpredictability, it may be possible for an attacker to guess the next value that will be generated, and use this guess to impersonate another user or access sensitive information. As the Math.random() function relies on a weak pseudorandom number generator, this function should not be used for security-critical applications or for protecting sensitive data. In such context, a cryptographically strong pseudorandom number generator (CSPRNG) should be used instead. For more information checkout the CWE-338 (https://cwe.mitre.org/data/definitions/338.html) advisory.",
        "securityTool": "HorusecEngine",
        "language": "JavaScript",
        "severity": "HIGH",
        "type": "Vulnerability",
        "commitAuthor": "-",
        "commitEmail": "-",
        "commitHash": "-",
        "commitMessage": "-",
        "commitDate": "-",
        "rule_id": "HS-JAVASCRIPT-6",
        "vulnHash": "834aedca8c7e2e39133941393dd3f15354dd09fd44e57c619063011399b256e6",
        "deprecatedHashes": [
          "2edcb8d6628128d119adbdb486b887a550f54c2bf9ca0b04716786104c136192",
          "123f5e0735cfb4362f630a1751704a4715b2c92394ab2032340a6056e242216b"
        ],
        "securityToolVersion": "",
        "securityToolInfoUri": ""
      }
    },
    {
      "vulnerabilityID": "00000000-0000-0000-0000-000000000000",
      "analysisID": "763fa1ad-b35d-4b29-bba3-82ca1dbf9f28",
      "createdAt": "2024-08-15T20:44:06.891208Z",
      "vulnerabilities": {
        "vulnerabilityID": "2137a566-72e0-4299-b990-880525b6ef34",
        "line": "38",
        "column": "22",
        "confidence": "MEDIUM",
        "file": "benchmarks/zeroFill.js",
        "code": "zeroFillWhile(Math.random() * 1e10 | 0, 20);",
        "details": "(1/1) * Possible vulnerability detected: No use weak random number generator\nWhen software generates predictable values in a context requiring unpredictability, it may be possible for an attacker to guess the next value that will be generated, and use this guess to impersonate another user or access sensitive information. As the Math.random() function relies on a weak pseudorandom number generator, this function should not be used for security-critical applications or for protecting sensitive data. In such context, a cryptographically strong pseudorandom number generator (CSPRNG) should be used instead. For more information checkout the CWE-338 (https://cwe.mitre.org/data/definitions/338.html) advisory.",
        "securityTool": "HorusecEngine",
        "language": "JavaScript",
        "severity": "HIGH",
        "type": "Vulnerability",
        "commitAuthor": "-",
        "commitEmail": "-",
        "commitHash": "-",
        "commitMessage": "-",
        "commitDate": "-",
        "rule_id": "HS-JAVASCRIPT-6",
        "vulnHash": "c3985fda361929579eb9138603baa6508564f501885370ae372cc3e96009208f",
        "deprecatedHashes": [
          "6a22ab087901e71b97d2465cc3be1f4f8fee2b173877a2ee416d91fa9aef8d30",
          "988272397e722a0b717044a68853b6a6d95bb5d4501c6298b65a2e847107d9ec"
        ],
        "securityToolVersion": "",
        "securityToolInfoUri": ""
      }
    },
    {
      "vulnerabilityID": "00000000-0000-0000-0000-000000000000",
      "analysisID": "763fa1ad-b35d-4b29-bba3-82ca1dbf9f28",
      "createdAt": "2024-08-15T20:44:06.89121Z",
      "vulnerabilities": {
        "vulnerabilityID": "96931519-4b2d-48c7-adbd-94909862fdb3",
        "line": "10",
        "column": "4",
        "confidence": "HIGH",
        "file": "scripts/locales.js",
        "code": "console.log(process.argv[1], '[list|mention|find-commenters] ARGS');",
        "details": "(1/2) * Possible vulnerability detected: Using command line arguments\nCommand line arguments can be dangerous just like any other user input. They should never be used without being first validated and sanitized. Remember also that any user can retrieve the list of processes running on a system, which makes the arguments provided to them visible. Thus passing sensitive information via command line arguments should be considered as insecure. This rule raises an issue when on every program entry points (main methods) when command line arguments are used. The goal is to guide security code reviews. Sanitize all command line arguments before using them. For more information checkout the CWE-88 (https://cwe.mitre.org/data/definitions/88.html) advisory.\n         \n(2/2) * Possible vulnerability detected: No Log Sensitive Information in console\nThe App logs information. Sensitive information should never be logged. For more information checkout the CWE-532 (https://cwe.mitre.org/data/definitions/532.html) advisory.",
        "securityTool": "HorusecEngine",
        "language": "JavaScript",
        "severity": "HIGH",
        "type": "Vulnerability",
        "commitAuthor": "-",
        "commitEmail": "-",
        "commitHash": "-",
        "commitMessage": "-",
        "commitDate": "-",
        "rule_id": "HS-JAVASCRIPT-21",
        "vulnHash": "9e12cbe2ec31e1502e6234ce3a95c6b012b3304305964c759715a9fcad8f8cf3",
        "deprecatedHashes": [
          "97f23775e8a711ea104ed48d43f2f95432811ab1a5ae156d97f69d17b6af0a2a",
          "98594359d39a492f5b9ab184286d1e75a9fa65082070f7cac620f2fd9b51c6ea"
        ],
        "securityToolVersion": "",
        "securityToolInfoUri": ""
      }
    },
    {
      "vulnerabilityID": "00000000-0000-0000-0000-000000000000",
      "analysisID": "763fa1ad-b35d-4b29-bba3-82ca1dbf9f28",
      "createdAt": "2024-08-15T20:44:06.891221Z",
      "vulnerabilities": {
        "vulnerabilityID": "d7cff483-56fb-4664-9315-dffa57842951",
        "line": "1",
        "column": "9",
        "confidence": "MEDIUM",
        "file": "min/moment.min.js",
        "code": "(e,t){\"object\"==typeof exports\u0026\u0026\"undefined\"!=typeof module?module.exports=t():\"function\"==typeof def",
        "details": "(1/1) * Possible vulnerability detected: Insecure download of executable file\nDownloading executables or other sensitive files over an unencrypted connection can leave a server open to man-in-the-middle attacks (MITM). Such an attack can allow an attacker to insert arbitrary content into the downloaded file, and in the worst case, allow the attacker to execute arbitrary code on the vulnerable system.. For more information checkout the CWE-829 (https://cwe.mitre.org/data/definitions/829.html) advisory.",
        "securityTool": "HorusecEngine",
        "language": "JavaScript",
        "severity": "MEDIUM",
        "type": "Vulnerability",
        "commitAuthor": "-",
        "commitEmail": "-",
        "commitHash": "-",
        "commitMessage": "-",
        "commitDate": "-",
        "rule_id": "HS-JAVASCRIPT-26",
        "vulnHash": "4f02b015f6712db2fbf75a1e8d4d8cffcb41a2d777899a842ca3c0c83c82e5c4",
        "deprecatedHashes": [
          "c1d8becd4f1381cf95ec8c0022809b79a85bd4a39c3acf9281df256e40542344",
          "0f59d2275e2ff14b5b4e5539e16e7a5331ae3a647f3e57d2ea9565cf9c04631c"
        ],
        "securityToolVersion": "",
        "securityToolInfoUri": ""
      }
    },
    {
      "vulnerabilityID": "00000000-0000-0000-0000-000000000000",
      "analysisID": "763fa1ad-b35d-4b29-bba3-82ca1dbf9f28",
      "createdAt": "2024-08-15T20:44:06.891223Z",
      "vulnerabilities": {
        "vulnerabilityID": "1967b921-03f0-4676-a52c-c3c4989e7d86",
        "line": "1",
        "column": "9",
        "confidence": "MEDIUM",
        "file": "min/moment-with-locales.min.js",
        "code": "(e,a){\"object\"==typeof exports\u0026\u0026\"undefined\"!=typeof module?module.exports=a():\"function\"==typeof def",
        "details": "(1/1) * Possible vulnerability detected: Insecure download of executable file\nDownloading executables or other sensitive files over an unencrypted connection can leave a server open to man-in-the-middle attacks (MITM). Such an attack can allow an attacker to insert arbitrary content into the downloaded file, and in the worst case, allow the attacker to execute arbitrary code on the vulnerable system.. For more information checkout the CWE-829 (https://cwe.mitre.org/data/definitions/829.html) advisory.",
        "securityTool": "HorusecEngine",
        "language": "JavaScript",
        "severity": "MEDIUM",
        "type": "Vulnerability",
        "commitAuthor": "-",
        "commitEmail": "-",
        "commitHash": "-",
        "commitMessage": "-",
        "commitDate": "-",
        "rule_id": "HS-JAVASCRIPT-26",
        "vulnHash": "93a47b271f03783424cbe1b9e55ef05c08a5be2d44b28df05b0b176f546c125a",
        "deprecatedHashes": [
          "5641ba6e47c0993d323a1569b62896203f34a0d395921a5b249fc2c4c6f0dd2a",
          "cc32c3eef9f4c5b48e50e691e8878e2c630090cc761731040f9c6688100aef07"
        ],
        "securityToolVersion": "",
        "securityToolInfoUri": ""
      }
    }
  ]
}