{
  "$schema": "https://raw.githubusercontent.com/oasis-tcs/sarif-spec/master/Schemata/sarif-schema-2.1.0.json",
  "version": "2.1.0",
  "runs": [
    {
      "tool": {
        "driver": {
          "name": "SnykCode",
          "semanticVersion": "1.0.0",
          "version": "1.0.0",
          "rules": [
            {
              "id": "java/UsageOfUnencryptedSocket/test",
              "name": "UsageOfUnencryptedSocket/test",
              "shortDescription": {
                "text": "Cleartext Transmission of Sensitive Information"
              },
              "defaultConfiguration": {
                "level": "note"
              },
              "help": {
                "markdown": "\n## Details\nThis weakness occurs when software transmits sensitive information, such as passwords or credit card numbers, in unencrypted form. This information may then be intercepted by threat actors using sniffer tools or interception techniques such as man-in-the-middle (MITM) attacks (often involving social engineering). Attackers can then use information gleaned to perform a variety of actions, depending on the information type. Possible actions include gaining unauthorized access, impersonating a user, moving laterally within the organization's network, or retrieving and potentially modifying files. This weakness is almost completely avoidable through intelligent architecture and design.\n\n## Best practices for prevention\n* Build web applications around a security mindset and the awareness that sniffers may be present at any time.\n* Ensure that all sensitive data transmission uses reliable encryption.\n* Implement security measures so that sensitive results are never returned in plain text.\n* Implement multiple-factor authentication methods to validate remote instances.\n* Use SSL not only at logon but throughout communications.",
                "text": ""
              },
              "properties": {
                "tags": [
                  "java",
                  "UsageOfUnencryptedSocket",
                  "Security",
                  "InTest"
                ],
                "categories": [
                  "Security",
                  "InTest"
                ],
                "exampleCommitFixes": [
                  {
                    "commitURL": "https://github.com/ashish-gehani/SPADE/commit/39a610fa6c3adc55843e2cb12a3f17dfcbb061e6?diff=split#diff-5e2d52f229fa5b082d9e1991dbf956eb475e1d044d336a710f48037a4d03d621L-1",
                    "lines": [
                      {
                        "line": "\n",
                        "lineNumber": 27,
                        "lineChange": "removed"
                      },
                      {
                        "line": "import spade.core.AuthSSLSocketFactory;\n",
                        "lineNumber": 27,
                        "lineChange": "added"
                      },
                      {
                        "line": "/**\n",
                        "lineNumber": 28,
                        "lineChange": "none"
                      },
                      {
                        "line": " *\n",
                        "lineNumber": 29,
                        "lineChange": "none"
                      },
                      {
                        "line": " * @author dawood\n",
                        "lineNumber": 30,
                        "lineChange": "none"
                      },
                      {
                        "line": " */\n",
                        "lineNumber": 31,
                        "lineChange": "none"
                      },
                      {
                        "line": "public class AndroidShutdown {\n",
                        "lineNumber": 32,
                        "lineChange": "none"
                      },
                      {
                        "line": "\n",
                        "lineNumber": 33,
                        "lineChange": "none"
                      },
                      {
                        "line": "    public static void main(String args[]) {\n",
                        "lineNumber": 34,
                        "lineChange": "none"
                      },
                      {
                        "line": "\n",
                        "lineNumber": 35,
                        "lineChange": "none"
                      },
                      {
                        "line": "        try {\n",
                        "lineNumber": 36,
                        "lineChange": "none"
                      },
                      {
                        "line": "            SocketAddress sockaddr = new InetSocketAddress(\"localhost\", Kernel.LOCAL_CONTROL_PORT);\n",
                        "lineNumber": 37,
                        "lineChange": "removed"
                      },
                      {
                        "line": "            InetSocketAddress sockaddr = new InetSocketAddress(\"localhost\", Kernel.LOCAL_CONTROL_PORT);\n",
                        "lineNumber": 37,
                        "lineChange": "added"
                      },
                      {
                        "line": "            Socket remoteSocket = new Socket();\n",
                        "lineNumber": 38,
                        "lineChange": "none"
                      },
                      {
                        "line": "            remoteSocket.connect(sockaddr, Kernel.CONNECTION_TIMEOUT);\n",
                        "lineNumber": 39,
                        "lineChange": "none"
                      },
                      {
                        "line": "            remoteSocket = AuthSSLSocketFactory.getSocket(remoteSocket, sockaddr, \"DAWOOD_READ_FROM_CONFIG\");\n",
                        "lineNumber": 40,
                        "lineChange": "added"
                      },
                      {
                        "line": "            OutputStream outStream = remoteSocket.getOutputStream();\n",
                        "lineNumber": 41,
                        "lineChange": "none"
                      }
                    ]
                  },
                  {
                    "commitURL": "https://github.com/oblac/jodd/commit/51a3827acd2d88a6b3cca81714e4f2e5b73632ec?diff=split#diff-55838df7e6e0c7cb07e519e8de8335feef4cb28bbf19fe1d706e8926e4b92a8fL-1",
                    "lines": [
                      {
                        "line": "\t\t\tSocketFactory ssocketFactory = SSLSocketFactory.getDefault();\n",
                        "lineNumber": 27,
                        "lineChange": "removed"
                      },
                      {
                        "line": "\t\t\tSSLSocket sslSocket = (SSLSocket) ssocketFactory.createSocket(httpRequest.host(), 443);\n",
                        "lineNumber": 28,
                        "lineChange": "removed"
                      },
                      {
                        "line": "\t\t\tSSLSocket sslSocket = (SSLSocket) createSocket(\n",
                        "lineNumber": 25,
                        "lineChange": "added"
                      },
                      {
                        "line": "\t\t\t\t\tSSLSocketFactory.getDefault(), httpRequest.host(), 443);\n",
                        "lineNumber": 26,
                        "lineChange": "added"
                      },
                      {
                        "line": "\t\t\tsslSocket.startHandshake();\n",
                        "lineNumber": 29,
                        "lineChange": "none"
                      },
                      {
                        "line": "\n",
                        "lineNumber": 30,
                        "lineChange": "none"
                      },
                      {
                        "line": "\t\t\tthis.socket = sslSocket;\n",
                        "lineNumber": 31,
                        "lineChange": "none"
                      },
                      {
                        "line": "\t\t}\n",
                        "lineNumber": 32,
                        "lineChange": "none"
                      },
                      {
                        "line": "\t\telse {\n",
                        "lineNumber": 33,
                        "lineChange": "none"
                      },
                      {
                        "line": "\t\t\tthis.socket = new Socket(httpRequest.host(), httpRequest.port());\n",
                        "lineNumber": 34,
                        "lineChange": "removed"
                      },
                      {
                        "line": "\t\t\tthis.socket = createSocket(\n",
                        "lineNumber": 32,
                        "lineChange": "added"
                      },
                      {
                        "line": "\t\t\t\t\tSocketFactory.getDefault(), httpRequest.host(), httpRequest.port());\n",
                        "lineNumber": 33,
                        "lineChange": "added"
                      },
                      {
                        "line": "\t\t}\n",
                        "lineNumber": 35,
                        "lineChange": "none"
                      },
                      {
                        "line": "\n",
                        "lineNumber": 36,
                        "lineChange": "none"
                      },
                      {
                        "line": "\t\treturn socket;\n",
                        "lineNumber": 37,
                        "lineChange": "none"
                      },
                      {
                        "line": "\t}\n",
                        "lineNumber": 38,
                        "lineChange": "none"
                      },
                      {
                        "line": "\n",
                        "lineNumber": 39,
                        "lineChange": "none"
                      },
                      {
                        "line": "\t/**\n",
                        "lineNumber": 40,
                        "lineChange": "none"
                      },
                      {
                        "line": "\t * Creates a socket with provided socket factory.\n",
                        "lineNumber": 40,
                        "lineChange": "added"
                      },
                      {
                        "line": "\t */\n",
                        "lineNumber": 41,
                        "lineChange": "added"
                      },
                      {
                        "line": "\tprotected Socket createSocket(SocketFactory socketFactory, String host, int port) throws IOException {\n",
                        "lineNumber": 42,
                        "lineChange": "added"
                      },
                      {
                        "line": "\t\treturn socketFactory.createSocket(host, port);\n",
                        "lineNumber": 43,
                        "lineChange": "added"
                      },
                      {
                        "line": "\t}\n",
                        "lineNumber": 44,
                        "lineChange": "added"
                      },
                      {
                        "line": "\n",
                        "lineNumber": 45,
                        "lineChange": "added"
                      },
                      {
                        "line": "\t/**\n",
                        "lineNumber": 46,
                        "lineChange": "added"
                      },
                      {
                        "line": "\t * Opens sockets output stream and sends request data to it.\n",
                        "lineNumber": 47,
                        "lineChange": "none"
                      },
                      {
                        "line": "\t * Returns parsed response.\n",
                        "lineNumber": 48,
                        "lineChange": "none"
                      },
                      {
                        "line": "\t */\n",
                        "lineNumber": 49,
                        "lineChange": "none"
                      },
                      {
                        "line": "\tpublic HttpResponse send() throws IOException {\n",
                        "lineNumber": 44,
                        "lineChange": "removed"
                      },
                      {
                        "line": "\n",
                        "lineNumber": 45,
                        "lineChange": "removed"
                      },
                      {
                        "line": "\tpublic HttpResponse send(HttpRequest httpRequest) throws IOException {\n",
                        "lineNumber": 50,
                        "lineChange": "added"
                      },
                      {
                        "line": "\t\tOutputStream outputStream = socket.getOutputStream();\n",
                        "lineNumber": 51,
                        "lineChange": "none"
                      }
                    ]
                  },
                  {
                    "commitURL": "https://github.com/SmartBear/soapui/commit/98ce7aeaac98963795d4ebf22f673b64032fe572?diff=split#diff-c6679790ed47144c981b0f64cf5abe08d625880b9a6eb64cf9f6373a2ab84c83L-1",
                    "lines": [
                      {
                        "line": "import javax.net.ssl.SSLSocket;\n",
                        "lineNumber": 9,
                        "lineChange": "added"
                      },
                      {
                        "line": "import javax.net.ssl.SSLSocketFactory;\n",
                        "lineNumber": 10,
                        "lineChange": "added"
                      },
                      {
                        "line": "import javax.servlet.ServletException;\n",
                        "lineNumber": 11,
                        "lineChange": "none"
                      },
                      {
                        "line": "\n",
                        "lineNumber": 12,
                        "lineChange": "none"
                      },
                      {
                        "line": "import org.mortbay.jetty.Request;\n",
                        "lineNumber": 13,
                        "lineChange": "none"
                      },
                      {
                        "line": "import org.mortbay.jetty.Response;\n",
                        "lineNumber": 14,
                        "lineChange": "none"
                      },
                      {
                        "line": "import org.mortbay.util.IO;\n",
                        "lineNumber": 15,
                        "lineChange": "none"
                      },
                      {
                        "line": "\n",
                        "lineNumber": 16,
                        "lineChange": "none"
                      },
                      {
                        "line": "public class Server extends org.mortbay.jetty.Server\n",
                        "lineNumber": 17,
                        "lineChange": "none"
                      },
                      {
                        "line": "{\n",
                        "lineNumber": 18,
                        "lineChange": "none"
                      },
                      {
                        "line": "\n",
                        "lineNumber": 19,
                        "lineChange": "none"
                      },
                      {
                        "line": "\t@Override\n",
                        "lineNumber": 20,
                        "lineChange": "none"
                      },
                      {
                        "line": "\tpublic void handle(final org.mortbay.jetty.HttpConnection connection) throws IOException, ServletException\n",
                        "lineNumber": 21,
                        "lineChange": "none"
                      },
                      {
                        "line": "\t{\n",
                        "lineNumber": 22,
                        "lineChange": "none"
                      },
                      {
                        "line": "\t\tfinal Request request = connection.getRequest();\n",
                        "lineNumber": 23,
                        "lineChange": "none"
                      },
                      {
                        "line": "\n",
                        "lineNumber": 24,
                        "lineChange": "none"
                      },
                      {
                        "line": "\t\tif (!request.getMethod().equals(\"CONNECT\"))\n",
                        "lineNumber": 25,
                        "lineChange": "none"
                      },
                      {
                        "line": "\t\t{\n",
                        "lineNumber": 26,
                        "lineChange": "none"
                      },
                      {
                        "line": "\t\t\tsuper.handle(connection);\n",
                        "lineNumber": 27,
                        "lineChange": "none"
                      },
                      {
                        "line": "\t\t\treturn;\n",
                        "lineNumber": 28,
                        "lineChange": "none"
                      },
                      {
                        "line": "\t\t}\n",
                        "lineNumber": 29,
                        "lineChange": "none"
                      },
                      {
                        "line": "\n",
                        "lineNumber": 30,
                        "lineChange": "none"
                      },
                      {
                        "line": "\t\tfinal String uri = request.getUri().toString();\n",
                        "lineNumber": 31,
                        "lineChange": "none"
                      },
                      {
                        "line": "\n",
                        "lineNumber": 32,
                        "lineChange": "none"
                      },
                      {
                        "line": "\t\tfinal int c = uri.indexOf(':');\n",
                        "lineNumber": 33,
                        "lineChange": "none"
                      },
                      {
                        "line": "\t\tfinal String port = uri.substring(c + 1);\n",
                        "lineNumber": 34,
                        "lineChange": "none"
                      },
                      {
                        "line": "\t\tfinal String host = uri.substring(0, c);\n",
                        "lineNumber": 35,
                        "lineChange": "none"
                      },
                      {
                        "line": "\n",
                        "lineNumber": 36,
                        "lineChange": "none"
                      },
                      {
                        "line": "\t\tfinal InetSocketAddress inetAddress = new InetSocketAddress(host, Integer.parseInt(port));\n",
                        "lineNumber": 37,
                        "lineChange": "none"
                      },
                      {
                        "line": "\n",
                        "lineNumber": 38,
                        "lineChange": "none"
                      },
                      {
                        "line": "\t\tfinal Socket clientSocket = connection.getEndPoint().getTransport() instanceof Socket ? (Socket) connection\n",
                        "lineNumber": 39,
                        "lineChange": "none"
                      },
                      {
                        "line": "\t\t\t\t.getEndPoint().getTransport() : ((SocketChannel) connection.getEndPoint().getTransport()).socket();\n",
                        "lineNumber": 40,
                        "lineChange": "none"
                      },
                      {
                        "line": "\t\tfinal InputStream in = clientSocket.getInputStream();\n",
                        "lineNumber": 41,
                        "lineChange": "none"
                      },
                      {
                        "line": "\t\tfinal OutputStream out = clientSocket.getOutputStream();\n",
                        "lineNumber": 42,
                        "lineChange": "none"
                      },
                      {
                        "line": "\n",
                        "lineNumber": 43,
                        "lineChange": "none"
                      },
                      {
                        "line": "\t\tfinal Socket socket = new Socket(inetAddress.getAddress(), inetAddress.getPort());\n",
                        "lineNumber": 42,
                        "lineChange": "removed"
                      },
                      {
                        "line": "\t\tfinal SSLSocket socket = (SSLSocket) SSLSocketFactory.getDefault().createSocket(inetAddress.getAddress(), inetAddress.getPort());\n",
                        "lineNumber": 44,
                        "lineChange": "added"
                      },
                      {
                        "line": "\n",
                        "lineNumber": 45,
                        "lineChange": "none"
                      },
                      {
                        "line": "\t\tfinal Response response = connection.getResponse();\n",
                        "lineNumber": 46,
                        "lineChange": "none"
                      },
                      {
                        "line": "\t\tresponse.setStatus(200);\n",
                        "lineNumber": 47,
                        "lineChange": "none"
                      },
                      {
                        "line": "//\t\tresponse.setHeader(\"Connection\", \"close\");\n",
                        "lineNumber": 48,
                        "lineChange": "none"
                      },
                      {
                        "line": "\t\tresponse.flushBuffer();\n",
                        "lineNumber": 49,
                        "lineChange": "none"
                      },
                      {
                        "line": "\n",
                        "lineNumber": 50,
                        "lineChange": "none"
                      },
                      {
                        "line": "\t\tIO.copyThread(socket.getInputStream(), out);\n",
                        "lineNumber": 51,
                        "lineChange": "none"
                      }
                    ]
                  }
                ],
                "exampleCommitDescriptions": [],
                "precision": "very-high",
                "repoDatasetSize": 22,
                "cwe": [
                  "CWE-319"
                ]
              }
            },
            {
              "id": "java/HardcodedPassword/test",
              "name": "HardcodedPassword/test",
              "shortDescription": {
                "text": "Use of Hardcoded Credentials"
              },
              "defaultConfiguration": {
                "level": "note"
              },
              "help": {
                "markdown": "\n## Details\n\nDevelopers may use hardcoded credentials for convenience when coding in order to simplify their workflow. While they are responsible for removing these before production, occasionally this task may fall through the cracks. This also becomes a maintenance challenge when credentials are re-used across multiple applications.\n\nOnce attackers gain access, they may take advantage of privilege level to remove or alter data, take down a site or app, or hold any of the above for ransom. The risk across multiple similar projects is even greater. If code containing the credentials is reused across multiple projects, they will all be compromised.\n\n## Best practices for prevention\n* Plan software architecture such that keys and passwords are always stored outside the code, wherever possible.\n* Plan encryption into software architecture for all credential information and ensure proper handling of keys, credentials, and passwords.\n* Prompt for a secure password on first login rather than hard-code a default password.\n* If a hardcoded password or credential must be used, limit its use, for example, to system console users rather than via the network.\n* Use strong hashes for inbound password authentication, ideally with randomly assigned salts to increase the difficulty level in case of brute-force attack.",
                "text": ""
              },
              "properties": {
                "tags": [
                  "java",
                  "HardcodedPassword",
                  "Security",
                  "InTest"
                ],
                "categories": [
                  "Security",
                  "InTest"
                ],
                "exampleCommitFixes": [
                  {
                    "commitURL": "https://github.com/winstonli/writelatex-git-bridge/commit/1117c70f31cee7d9a84c565c143f353d8bbab19e?diff=split#diff-16d090e60dcd386546c2164ae454bd356cbf326d715a66796582e8c003d8af10L-1",
                    "lines": [
                      {
                        "line": "    public static void setBasicAuth(String username, String password) {\n",
                        "lineNumber": 27,
                        "lineChange": "added"
                      },
                      {
                        "line": "        USERNAME = username;\n",
                        "lineNumber": 28,
                        "lineChange": "added"
                      },
                      {
                        "line": "        PASSWORD = password;\n",
                        "lineNumber": 29,
                        "lineChange": "added"
                      },
                      {
                        "line": "    }\n",
                        "lineNumber": 30,
                        "lineChange": "added"
                      },
                      {
                        "line": "\n",
                        "lineNumber": 31,
                        "lineChange": "added"
                      },
                      {
                        "line": "    public static void setBaseURL(String baseURL) {\n",
                        "lineNumber": 32,
                        "lineChange": "added"
                      },
                      {
                        "line": "        BASE_URL = baseURL;\n",
                        "lineNumber": 33,
                        "lineChange": "added"
                      },
                      {
                        "line": "    }\n",
                        "lineNumber": 34,
                        "lineChange": "added"
                      },
                      {
                        "line": "\n",
                        "lineNumber": 35,
                        "lineChange": "added"
                      }
                    ]
                  },
                  {
                    "commitURL": "https://github.com/clowee/OpenSZZ-Cloud-Native/commit/ee429faf9d384074cf33515eda2a52e4e85ef061?diff=split#diff-a125fdf9d37b8daa4d9f0a7a46aedd416a80a49936bdee4bae40db3f3eef22deL-1",
                    "lines": [
                      {
                        "line": "final String username = \"noreply.openszz@gmail.com\";\n",
                        "lineNumber": 19,
                        "lineChange": "removed"
                      },
                      {
                        "line": "final String password = \"Aa30011992\";\n",
                        "lineNumber": 20,
                        "lineChange": "removed"
                      },
                      {
                        "line": "final String username = System.getenv(\"EMAIL\");\n",
                        "lineNumber": 19,
                        "lineChange": "added"
                      },
                      {
                        "line": "final String password = System.getenv(\"PWD\");\n",
                        "lineNumber": 20,
                        "lineChange": "added"
                      }
                    ]
                  },
                  {
                    "commitURL": "https://github.com/ScaleSec/vulnado/commit/d4666a783ce3e1edcccdecf44cffcd33efbc18f8?diff=split#diff-0a97815f45976f1bd8887fa62f7671e9f85344c4efeeeef612b6d219e86e50b1L-1",
                    "lines": [
                      {
                        "line": "return DriverManager.getConnection(\"jdbc:postgresql://localhost:5432/vulnado\",\n",
                        "lineNumber": 13,
                        "lineChange": "removed"
                      },
                      {
                        "line": "        \"postgres\", \"vulnado\");\n",
                        "lineNumber": 14,
                        "lineChange": "removed"
                      },
                      {
                        "line": "String url = new StringBuilder()\n",
                        "lineNumber": 15,
                        "lineChange": "added"
                      },
                      {
                        "line": "        .append(\"jdbc:postgresql://\")\n",
                        "lineNumber": 16,
                        "lineChange": "added"
                      },
                      {
                        "line": "        .append(System.getenv(\"PGHOST\"))\n",
                        "lineNumber": 17,
                        "lineChange": "added"
                      },
                      {
                        "line": "        .append(\"/\")\n",
                        "lineNumber": 18,
                        "lineChange": "added"
                      },
                      {
                        "line": "        .append(System.getenv(\"PGDATABASE\")).toString();\n",
                        "lineNumber": 19,
                        "lineChange": "added"
                      },
                      {
                        "line": "return DriverManager.getConnection(url,\n",
                        "lineNumber": 20,
                        "lineChange": "added"
                      },
                      {
                        "line": "        System.getenv(\"PGUSER\"), System.getenv(\"PGPASSWORD\"));\n",
                        "lineNumber": 21,
                        "lineChange": "added"
                      }
                    ]
                  }
                ],
                "exampleCommitDescriptions": [],
                "precision": "very-high",
                "repoDatasetSize": 84,
                "cwe": [
                  "CWE-798",
                  "CWE-259"
                ]
              }
            }
          ]
        }
      },
      "results": [
        {
          "ruleId": "java/UsageOfUnencryptedSocket/test",
          "ruleIndex": 0,
          "level": "note",
          "message": {
            "text": "Writing to an unencrypted socket is insecure - a man-in-the-middle attacker can tamper the messages. Consider using SSL sockets.",
            "markdown": "{0} an unencrypted {1} is insecure - a man-in-the-middle attacker can tamper the messages. Consider using SSL sockets.",
            "arguments": [
              "[Writing to](0)",
              "[socket](1)"
            ]
          },
          "locations": [
            {
              "physicalLocation": {
                "artifactLocation": {
                  "uri": "nio-impl/src/test/java/org/xnio/nio/test/NioSslRandomlyTimedBufferExpansionTcpConnectionTestCase.java",
                  "uriBaseId": "%SRCROOT%"
                },
                "region": {
                  "startLine": 74,
                  "endLine": 74,
                  "startColumn": 45,
                  "endColumn": 67
                }
              }
            }
          ],
          "fingerprints": {
            "0": "dd491d1b920932dacb1d5914d9c0244238f0f232d8b043b0b6958ce0ed0a88bb",
            "1": "19689298.49766a9f.33fa5dbe.6c52ae28.390f960b.7fda7c5e.ec290f27.54d46e25.19689298.49766a9f.33fa5dbe.6c52ae28.390f960b.7fda7c5e.ec290f27.54d46e25"
          },
          "codeFlows": [
            {
              "threadFlows": [
                {
                  "locations": [
                    {
                      "location": {
                        "id": 0,
                        "physicalLocation": {
                          "artifactLocation": {
                            "uri": "nio-impl/src/test/java/org/xnio/nio/test/NioSslRandomlyTimedBufferExpansionTcpConnectionTestCase.java",
                            "uriBaseId": "%SRCROOT%"
                          },
                          "region": {
                            "startLine": 74,
                            "endLine": 74,
                            "startColumn": 45,
                            "endColumn": 67
                          }
                        }
                      }
                    },
                    {
                      "location": {
                        "id": 1,
                        "physicalLocation": {
                          "artifactLocation": {
                            "uri": "nio-impl/src/test/java/org/xnio/nio/test/NioSslRandomlyTimedBufferExpansionTcpConnectionTestCase.java",
                            "uriBaseId": "%SRCROOT%"
                          },
                          "region": {
                            "startLine": 74,
                            "endLine": 74,
                            "startColumn": 45,
                            "endColumn": 67
                          }
                        }
                      }
                    }
                  ]
                }
              ]
            }
          ],
          "properties": {
            "priorityScore": 410,
            "priorityScoreFactors": [
              {
                "label": true,
                "type": "multipleOccurrence"
              },
              {
                "label": true,
                "type": "hotFileCodeFlow"
              },
              {
                "label": true,
                "type": "fixExamples"
              }
            ],
            "isAutofixable": false
          }
        },
        {
          "ruleId": "java/UsageOfUnencryptedSocket/test",
          "ruleIndex": 0,
          "level": "note",
          "message": {
            "text": "Writing to an unencrypted socket is insecure - a man-in-the-middle attacker can tamper the messages. Consider using SSL sockets.",
            "markdown": "{0} an unencrypted {1} is insecure - a man-in-the-middle attacker can tamper the messages. Consider using SSL sockets.",
            "arguments": [
              "[Writing to](0)",
              "[socket](1)"
            ]
          },
          "locations": [
            {
              "physicalLocation": {
                "artifactLocation": {
                  "uri": "nio-impl/src/test/java/org/xnio/nio/test/NioSslRandomlyTimedBufferExpansionTcpChannelTestCase.java",
                  "uriBaseId": "%SRCROOT%"
                },
                "region": {
                  "startLine": 72,
                  "endLine": 72,
                  "startColumn": 45,
                  "endColumn": 67
                }
              }
            }
          ],
          "fingerprints": {
            "0": "78e01adb27376b24d08a7a956a12631861485eda9c0cb9bfa415a16de5daa02b",
            "1": "19689298.49766a9f.33fa5dbe.6c52ae28.390f960b.7fda7c5e.ec290f27.54d46e25.19689298.49766a9f.33fa5dbe.6c52ae28.390f960b.7fda7c5e.ec290f27.54d46e25"
          },
          "codeFlows": [
            {
              "threadFlows": [
                {
                  "locations": [
                    {
                      "location": {
                        "id": 0,
                        "physicalLocation": {
                          "artifactLocation": {
                            "uri": "nio-impl/src/test/java/org/xnio/nio/test/NioSslRandomlyTimedBufferExpansionTcpChannelTestCase.java",
                            "uriBaseId": "%SRCROOT%"
                          },
                          "region": {
                            "startLine": 72,
                            "endLine": 72,
                            "startColumn": 45,
                            "endColumn": 67
                          }
                        }
                      }
                    },
                    {
                      "location": {
                        "id": 1,
                        "physicalLocation": {
                          "artifactLocation": {
                            "uri": "nio-impl/src/test/java/org/xnio/nio/test/NioSslRandomlyTimedBufferExpansionTcpChannelTestCase.java",
                            "uriBaseId": "%SRCROOT%"
                          },
                          "region": {
                            "startLine": 72,
                            "endLine": 72,
                            "startColumn": 45,
                            "endColumn": 67
                          }
                        }
                      }
                    }
                  ]
                }
              ]
            }
          ],
          "properties": {
            "priorityScore": 410,
            "priorityScoreFactors": [
              {
                "label": true,
                "type": "multipleOccurrence"
              },
              {
                "label": true,
                "type": "hotFileCodeFlow"
              },
              {
                "label": true,
                "type": "fixExamples"
              }
            ],
            "isAutofixable": false
          }
        },
        {
          "ruleId": "java/UsageOfUnencryptedSocket/test",
          "ruleIndex": 0,
          "level": "note",
          "message": {
            "text": "Writing to an unencrypted socket is insecure - a man-in-the-middle attacker can tamper the messages. Consider using SSL sockets.",
            "markdown": "{0} an unencrypted {1} is insecure - a man-in-the-middle attacker can tamper the messages. Consider using SSL sockets.",
            "arguments": [
              "[Writing to](0)",
              "[socket](1)"
            ]
          },
          "locations": [
            {
              "physicalLocation": {
                "artifactLocation": {
                  "uri": "nio-impl/src/test/java/org/xnio/nio/test/AbstractNioSslBufferExpansionTcpTest.java",
                  "uriBaseId": "%SRCROOT%"
                },
                "region": {
                  "startLine": 47,
                  "endLine": 47,
                  "startColumn": 37,
                  "endColumn": 59
                }
              }
            }
          ],
          "fingerprints": {
            "0": "a43579b2cbb4a8f196aab920fdb4605bcfabd0aadd44a6eb4948f1f02edd2f39",
            "1": "3b542730.49766a9f.6906ef50.6c52ae28.390f960b.85d83993.ec290f27.54d46e25.3b542730.49766a9f.6906ef50.6c52ae28.390f960b.85d83993.ec290f27.54d46e25"
          },
          "codeFlows": [
            {
              "threadFlows": [
                {
                  "locations": [
                    {
                      "location": {
                        "id": 0,
                        "physicalLocation": {
                          "artifactLocation": {
                            "uri": "nio-impl/src/test/java/org/xnio/nio/test/AbstractNioSslBufferExpansionTcpTest.java",
                            "uriBaseId": "%SRCROOT%"
                          },
                          "region": {
                            "startLine": 47,
                            "endLine": 47,
                            "startColumn": 37,
                            "endColumn": 59
                          }
                        }
                      }
                    },
                    {
                      "location": {
                        "id": 1,
                        "physicalLocation": {
                          "artifactLocation": {
                            "uri": "nio-impl/src/test/java/org/xnio/nio/test/AbstractNioSslBufferExpansionTcpTest.java",
                            "uriBaseId": "%SRCROOT%"
                          },
                          "region": {
                            "startLine": 47,
                            "endLine": 47,
                            "startColumn": 37,
                            "endColumn": 59
                          }
                        }
                      }
                    }
                  ]
                }
              ]
            }
          ],
          "properties": {
            "priorityScore": 410,
            "priorityScoreFactors": [
              {
                "label": true,
                "type": "multipleOccurrence"
              },
              {
                "label": true,
                "type": "hotFileCodeFlow"
              },
              {
                "label": true,
                "type": "fixExamples"
              }
            ],
            "isAutofixable": false
          }
        },
        {
          "ruleId": "java/HardcodedPassword/test",
          "ruleIndex": 1,
          "level": "note",
          "message": {
            "text": "Do not hardcode passwords in code. Found hardcoded password used in here.",
            "markdown": "Do not hardcode passwords in code. Found hardcoded password used in {0}.",
            "arguments": [
              "[here](0)"
            ]
          },
          "locations": [
            {
              "physicalLocation": {
                "artifactLocation": {
                  "uri": "api/src/test/java/org/xnio/XnioTestCase.java",
                  "uriBaseId": "%SRCROOT%"
                },
                "region": {
                  "startLine": 167,
                  "endLine": 167,
                  "startColumn": 59,
                  "endColumn": 97
                }
              }
            }
          ],
          "fingerprints": {
            "0": "98013482ccb8604a17fe9723c7f2e93a8477e0432afdc5464afd009bb3d685bf",
            "1": "416089e6.dd05ec30.763f680e.de031890.ade640d7.ce109560.55c6f621.54d46e25.19689298.dd05ec30.075f7928.383ea08e.408180c7.ce109560.6d877eaa.54d46e25"
          },
          "codeFlows": [
            {
              "threadFlows": [
                {
                  "locations": [
                    {
                      "location": {
                        "id": 0,
                        "physicalLocation": {
                          "artifactLocation": {
                            "uri": "api/src/test/java/org/xnio/XnioTestCase.java",
                            "uriBaseId": "%SRCROOT%"
                          },
                          "region": {
                            "startLine": 167,
                            "endLine": 167,
                            "startColumn": 59,
                            "endColumn": 97
                          }
                        }
                      }
                    }
                  ]
                }
              ]
            }
          ],
          "properties": {
            "priorityScore": 440,
            "priorityScoreFactors": [
              {
                "label": true,
                "type": "multipleOccurrence"
              },
              {
                "label": true,
                "type": "hotFileSource"
              },
              {
                "label": true,
                "type": "fixExamples"
              }
            ],
            "isAutofixable": false
          }
        },
        {
          "ruleId": "java/HardcodedPassword/test",
          "ruleIndex": 1,
          "level": "note",
          "message": {
            "text": "Do not hardcode passwords in code. Found hardcoded password used in here.",
            "markdown": "Do not hardcode passwords in code. Found hardcoded password used in {0}.",
            "arguments": [
              "[here](0)"
            ]
          },
          "locations": [
            {
              "physicalLocation": {
                "artifactLocation": {
                  "uri": "api/src/test/java/org/xnio/XnioTestCase.java",
                  "uriBaseId": "%SRCROOT%"
                },
                "region": {
                  "startLine": 169,
                  "endLine": 169,
                  "startColumn": 42,
                  "endColumn": 80
                }
              }
            }
          ],
          "fingerprints": {
            "0": "130cb6511d1d3c065cd1dff0887af4ed4b34c2865ebe1ec621ecaa5366c84087",
            "1": "235f69f6.aa8ab1db.d3f9cfa4.d6ab05b5.0401ffb1.e2f0b62f.a8425497.54d46e25.19689298.dd05ec30.fc7d5400.de031890.079767d0.ce109560.1854910d.54d46e25"
          },
          "codeFlows": [
            {
              "threadFlows": [
                {
                  "locations": [
                    {
                      "location": {
                        "id": 0,
                        "physicalLocation": {
                          "artifactLocation": {
                            "uri": "api/src/test/java/org/xnio/XnioTestCase.java",
                            "uriBaseId": "%SRCROOT%"
                          },
                          "region": {
                            "startLine": 169,
                            "endLine": 169,
                            "startColumn": 42,
                            "endColumn": 80
                          }
                        }
                      }
                    }
                  ]
                }
              ]
            }
          ],
          "properties": {
            "priorityScore": 440,
            "priorityScoreFactors": [
              {
                "label": true,
                "type": "multipleOccurrence"
              },
              {
                "label": true,
                "type": "hotFileSource"
              },
              {
                "label": true,
                "type": "fixExamples"
              }
            ],
            "isAutofixable": false
          }
        }
      ],
      "properties": {
        "coverage": [
          {
            "isSupported": true,
            "lang": "Java",
            "files": 372,
            "type": "SUPPORTED"
          },
          {
            "isSupported": true,
            "lang": "XML",
            "files": 4,
            "type": "SUPPORTED"
          },
          {
            "isSupported": false,
            "lang": "HTML",
            "files": 1,
            "type": "FAILED_PARSING"
          }
        ]
      }
    }
  ]
}
