Experiment ID,Experiment Date,Experiment Runner Environment,Experiment Runner Operating System,Experiment Runner Architecture,Experiment Project Name,Experiment Package Manager,GitHub Repository URL,GitHub Organisation,GitHub Repository Name,GitHub Repository Tag Name,GitHub Repository Tag Commit,GitHub Repository Tag Date,GitHub Repository Tag Author,GitHub Repository Tag Verified,GitHub Repository Tag Reason
1,2024-08-12,Github-Hosted,Linux,X64,H6060-Java-Xstream,Maven,https://github.com/x-stream/xstream,x-stream,xstream,XSTREAM_0_2,4f326e7a1617f7c8fbcbedc8f9712f19d1c45f16,2015-03-14T23:10:48Z,mauro.talevi@aquilonia.org,False,unsigned
1,2024-08-12,Github-Hosted,Linux,X64,H6060-Java-Xstream,Maven,https://github.com/x-stream/xstream,x-stream,xstream,XSTREAM_0_3,3fb078fe95a718a3a41bf926491eb9fd5b06046e,2015-03-14T23:12:16Z,mauro.talevi@aquilonia.org,False,unsigned
1,2024-08-12,Github-Hosted,Linux,X64,H6060-Java-Xstream,Maven,https://github.com/x-stream/xstream,x-stream,xstream,XSTREAM_0_4,9494bc442359e81cf7cf0cafdddd3be580ad3a93,2015-03-14T23:20:41Z,mauro.talevi@aquilonia.org,False,unsigned
1,2024-08-12,Github-Hosted,Linux,X64,H6060-Java-Xstream,Maven,https://github.com/x-stream/xstream,x-stream,xstream,XSTREAM_0_5,16ef434c8ee5e11c71e639ab8f4e65bfe8bc968a,2015-03-15T09:35:51Z,mauro.talevi@aquilonia.org,False,unsigned
1,2024-08-12,Github-Hosted,Linux,X64,H6060-Java-Xstream,Maven,https://github.com/x-stream/xstream,x-stream,xstream,XSTREAM_0_6,5ff1612126ee87cdc19f744ba6c4dd42deed390e,2015-03-15T09:35:51Z,mauro.talevi@aquilonia.org,False,unsigned
1,2024-08-12,Github-Hosted,Linux,X64,H6060-Java-Xstream,Maven,https://github.com/x-stream/xstream,x-stream,xstream,XSTREAM_0_6_RC1,9558654acec69c644f60422c245ff1f5f57b5069,2015-03-15T09:35:51Z,mauro.talevi@aquilonia.org,False,unsigned
1,2024-08-12,Github-Hosted,Linux,X64,H6060-Java-Xstream,Maven,https://github.com/x-stream/xstream,x-stream,xstream,XSTREAM_1_0_1,4398df832746d1b72de0e9042de0e486e4b98aaf,2015-03-15T09:38:37Z,mauro.talevi@aquilonia.org,False,unsigned
1,2024-08-12,Github-Hosted,Linux,X64,H6060-Java-Xstream,Maven,https://github.com/x-stream/xstream,x-stream,xstream,XSTREAM_1_0_2,97f9ec66790b3ff9bce0195f807abbf2a3b000eb,2015-03-15T09:38:37Z,mauro.talevi@aquilonia.org,False,unsigned
1,2024-08-12,Github-Hosted,Linux,X64,H6060-Java-Xstream,Maven,https://github.com/x-stream/xstream,x-stream,xstream,XSTREAM_1_0_RC1,81903b0a4f3982f2426c09f345b5a60896efff44,2015-03-15T09:38:37Z,mauro.talevi@aquilonia.org,False,unsigned
1,2024-08-12,Github-Hosted,Linux,X64,H6060-Java-Xstream,Maven,https://github.com/x-stream/xstream,x-stream,xstream,XSTREAM_1_1,84a8f46cc0940e99d845ca1f130a21a51d0adf0f,2015-03-15T09:38:38Z,mauro.talevi@aquilonia.org,False,unsigned
1,2024-08-12,Github-Hosted,Linux,X64,H6060-Java-Xstream,Maven,https://github.com/x-stream/xstream,x-stream,xstream,XSTREAM_1_1_1,8958bdc30de3fac10e676313d1de2102bc00fca4,2015-03-15T09:38:38Z,mauro.talevi@aquilonia.org,False,unsigned
1,2024-08-12,Github-Hosted,Linux,X64,H6060-Java-Xstream,Maven,https://github.com/x-stream/xstream,x-stream,xstream,XSTREAM_1_1_2,a33d490c796fcbeb16f9d5903e581835f4980ba5,2015-03-15T09:38:38Z,mauro.talevi@aquilonia.org,False,unsigned
1,2024-08-12,Github-Hosted,Linux,X64,H6060-Java-Xstream,Maven,https://github.com/x-stream/xstream,x-stream,xstream,XSTREAM_1_1_3,69c31f8a555f51325fd2b6cc8d3b756583c0a5b6,2015-03-15T09:38:38Z,mauro.talevi@aquilonia.org,False,unsigned
1,2024-08-12,Github-Hosted,Linux,X64,H6060-Java-Xstream,Maven,https://github.com/x-stream/xstream,x-stream,xstream,XSTREAM_1_2,80c3dd61ce233db8cfb6c4a478b31f6a1088124c,2015-03-15T09:38:38Z,mauro.talevi@aquilonia.org,False,unsigned
1,2024-08-12,Github-Hosted,Linux,X64,H6060-Java-Xstream,Maven,https://github.com/x-stream/xstream,x-stream,xstream,XSTREAM_1_2_1,b7021913641ec536cdb75a3028da09b90976d11f,2015-03-15T09:38:38Z,mauro.talevi@aquilonia.org,False,unsigned
1,2024-08-12,Github-Hosted,Linux,X64,H6060-Java-Xstream,Maven,https://github.com/x-stream/xstream,x-stream,xstream,XSTREAM_1_2_2,882b3b19b2a491a566060f53f3e15f61404af844,2015-03-15T09:38:38Z,mauro.talevi@aquilonia.org,False,unsigned
1,2024-08-12,Github-Hosted,Linux,X64,H6060-Java-Xstream,Maven,https://github.com/x-stream/xstream,x-stream,xstream,XSTREAM_1_3,c96604476ca84217e03e9e23fabfbf7973f54e8c,2015-03-15T09:38:38Z,mauro.talevi@aquilonia.org,False,unsigned
1,2024-08-12,Github-Hosted,Linux,X64,H6060-Java-Xstream,Maven,https://github.com/x-stream/xstream,x-stream,xstream,XSTREAM_1_3_1,0f5257eea12bdd52900fe2345a0a274157c79312,2015-03-15T09:38:39Z,mauro.talevi@aquilonia.org,False,unsigned
1,2024-08-12,Github-Hosted,Linux,X64,H6060-Java-Xstream,Maven,https://github.com/x-stream/xstream,x-stream,xstream,XSTREAM_1_4,c073c0cc555ad6bb2fd9698b26449d7eb7800ae5,2015-03-15T09:38:39Z,mauro.talevi@aquilonia.org,False,unsigned
1,2024-08-12,Github-Hosted,Linux,X64,H6060-Java-Xstream,Maven,https://github.com/x-stream/xstream,x-stream,xstream,XSTREAM_1_4_1,01f16cb03298d38d75674447ea5707ba6b26e1de,2015-03-15T09:38:39Z,mauro.talevi@aquilonia.org,False,unsigned
1,2024-08-12,Github-Hosted,Linux,X64,H6060-Java-Xstream,Maven,https://github.com/x-stream/xstream,x-stream,xstream,XSTREAM_1_4_10,2d4732e113f58b60d531a937df3c3611e4b87437,2017-05-23T14:27:07Z,joerg.schaible@gmx.de,False,unsigned
1,2024-08-12,Github-Hosted,Linux,X64,H6060-Java-Xstream,Maven,https://github.com/x-stream/xstream,x-stream,xstream,XSTREAM_1_4_11,668004ac197c431ed74205a9ffa5321b3725de96,2018-10-22T20:05:41Z,joerg.schaible@gmx.de,False,unsigned
1,2024-08-12,Github-Hosted,Linux,X64,H6060-Java-Xstream,Maven,https://github.com/x-stream/xstream,x-stream,xstream,XSTREAM_1_4_11_1,8830486ec94920d3f92063ef2f441621a0914dd4,2018-10-26T19:03:19Z,joerg.schaible@gmx.de,False,unsigned
1,2024-08-12,Github-Hosted,Linux,X64,H6060-Java-Xstream,Maven,https://github.com/x-stream/xstream,x-stream,xstream,XSTREAM_1_4_12,69c86f31d1e68d3bcad0c68a48a23d9f63f7204a,2020-04-12T17:16:29Z,joerg.schaible@gmx.de,False,unsigned
1,2024-08-12,Github-Hosted,Linux,X64,H6060-Java-Xstream,Maven,https://github.com/x-stream/xstream,x-stream,xstream,XSTREAM_1_4_13,383af9601a6f9e6626d59c086d051ab449fbc687,2020-09-06T21:41:27Z,joerg.schaible@gmx.de,False,unsigned
1,2024-08-12,Github-Hosted,Linux,X64,H6060-Java-Xstream,Maven,https://github.com/x-stream/xstream,x-stream,xstream,XSTREAM_1_4_14,0d69497a630040c584115fc8f270606067226bbb,2020-11-15T23:01:08Z,joerg.schaible@gmx.de,False,unsigned
1,2024-08-12,Github-Hosted,Linux,X64,H6060-Java-Xstream,Maven,https://github.com/x-stream/xstream,x-stream,xstream,XSTREAM_1_4_15,258b739c1f5e374670fac9b9319d57fb5a4d6dce,2020-12-12T23:21:56Z,joerg.schaible@gmx.de,False,unsigned
1,2024-08-12,Github-Hosted,Linux,X64,H6060-Java-Xstream,Maven,https://github.com/x-stream/xstream,x-stream,xstream,XSTREAM_1_4_16,2015467bc79213519e3a49c657029d47ef06957a,2021-03-12T23:22:41Z,joerg.schaible@gmx.de,False,unsigned
1,2024-08-12,Github-Hosted,Linux,X64,H6060-Java-Xstream,Maven,https://github.com/x-stream/xstream,x-stream,xstream,XSTREAM_1_4_17,f8f9e9fe563755da47d643ffe06b82123faf1cb7,2021-05-14T08:20:10Z,joerg.schaible@gmx.de,False,unsigned
1,2024-08-12,Github-Hosted,Linux,X64,H6060-Java-Xstream,Maven,https://github.com/x-stream/xstream,x-stream,xstream,XSTREAM_1_4_18,dbcc8f7ce65b9fbd64cee27fbcf7dcb0900c3e7c,2021-08-22T11:57:46Z,joerg.schaible@gmx.de,False,unsigned
1,2024-08-12,Github-Hosted,Linux,X64,H6060-Java-Xstream,Maven,https://github.com/x-stream/xstream,x-stream,xstream,XSTREAM_1_4_19,fe5a890cfb0fcd0aaeefcee14d9cba6289a684e5,2022-01-29T16:46:19Z,joerg.schaible@gmx.de,False,unsigned
1,2024-08-12,Github-Hosted,Linux,X64,H6060-Java-Xstream,Maven,https://github.com/x-stream/xstream,x-stream,xstream,XSTREAM_1_4_2,989dffbc5954225a7bf539483d0118d6cfb200b0,2015-03-15T09:38:39Z,mauro.talevi@aquilonia.org,False,unsigned
1,2024-08-12,Github-Hosted,Linux,X64,H6060-Java-Xstream,Maven,https://github.com/x-stream/xstream,x-stream,xstream,XSTREAM_1_4_20,6207a7df71526dc31ce5257cc72b13e457624982,2022-12-23T23:13:31Z,joerg.schaible@gmx.de,False,unsigned
1,2024-08-12,Github-Hosted,Linux,X64,H6060-Java-Xstream,Maven,https://github.com/x-stream/xstream,x-stream,xstream,XSTREAM_1_4_3,a367b1972ddec4851ab49eb876342d27d27386ed,2015-03-15T09:38:39Z,mauro.talevi@aquilonia.org,False,unsigned
1,2024-08-12,Github-Hosted,Linux,X64,H6060-Java-Xstream,Maven,https://github.com/x-stream/xstream,x-stream,xstream,XSTREAM_1_4_4,0662257924cd71845f09b1d51b5bcf11aa6d7d57,2015-03-15T09:38:39Z,mauro.talevi@aquilonia.org,False,unsigned
1,2024-08-12,Github-Hosted,Linux,X64,H6060-Java-Xstream,Maven,https://github.com/x-stream/xstream,x-stream,xstream,XSTREAM_1_4_5,eb9a533bbd5fdb73f2d92352a70af841efdd694d,2015-03-15T09:38:39Z,mauro.talevi@aquilonia.org,False,unsigned
1,2024-08-12,Github-Hosted,Linux,X64,H6060-Java-Xstream,Maven,https://github.com/x-stream/xstream,x-stream,xstream,XSTREAM_1_4_6,fcacaa872eb4f72df6abb8e7f48f0b6b84aa5fd0,2015-03-15T09:38:39Z,mauro.talevi@aquilonia.org,False,unsigned
1,2024-08-12,Github-Hosted,Linux,X64,H6060-Java-Xstream,Maven,https://github.com/x-stream/xstream,x-stream,xstream,XSTREAM_1_4_7,f29ff75ab517b477a621a0e8011c481081cae2d1,2015-03-15T09:38:39Z,mauro.talevi@aquilonia.org,False,unsigned
1,2024-08-12,Github-Hosted,Linux,X64,H6060-Java-Xstream,Maven,https://github.com/x-stream/xstream,x-stream,xstream,XSTREAM_1_4_8,a5da4d49927952aef25d7e071e5ff385776ef9c1,2015-03-14T23:02:50Z,mauro.talevi@aquilonia.org,False,unsigned
1,2024-08-12,Github-Hosted,Linux,X64,H6060-Java-Xstream,Maven,https://github.com/x-stream/xstream,x-stream,xstream,XSTREAM_1_4_9,11431fdc6ea76102471bb8b4b1e3ebc9eb292c91,2016-03-15T23:09:45Z,joerg.schaible@gmx.de,False,unsigned
