{
  "$schema": "https://raw.githubusercontent.com/oasis-tcs/sarif-spec/master/Schemata/sarif-schema-2.1.0.json",
  "version": "2.1.0",
  "runs": [
    {
      "tool": {
        "driver": {
          "name": "SnykCode",
          "semanticVersion": "1.0.0",
          "version": "1.0.0",
          "rules": [
            {
              "id": "python/UseTlsInsteadOfSsl/test",
              "name": "UseTlsInsteadOfSsl/test",
              "shortDescription": {
                "text": "Selection of Less-Secure Algorithm During Negotiation (SSL instead of TLS)"
              },
              "defaultConfiguration": {
                "level": "note"
              },
              "help": {
                "markdown": "\n## Details\n\nImplementing encryption for the transmission and storage of sensitive information is essential. But encryption standards are constantly changing since attackers have more and more powerful resources at their disposal-along with more sophisticated attack algorithms. This means that encryption is only useful if it meets current standards appropriate for the type of data being transmitted or stored.\nWhen organizations use weakly encoded passwords or weak hashes (especially when they also utilize single-factor authentication, which places too much emphasis on passwords), attackers can potentially gain unauthorized access through a brute-force attack.\n\n## Best practices for prevention\n* Use TLS instead of SSL",
                "text": ""
              },
              "properties": {
                "tags": [
                  "python",
                  "UseTlsInsteadOfSsl",
                  "Security",
                  "InTest"
                ],
                "categories": [
                  "Security",
                  "InTest"
                ],
                "exampleCommitFixes": [
                  {
                    "commitURL": "https://github.com/datasift/datasift-python/commit/156c6989a0431671e84aa99d795804ba0730216c?diff=split#diff-6f094bc945882296b54f345f7911a23bdb5e5d96e05500526583544ce7f2f955L-1",
                    "lines": [
                      {
                        "line": "self.poolmanager = PoolManager(num_pools=connections,\n",
                        "lineNumber": 10,
                        "lineChange": "none"
                      },
                      {
                        "line": "                               maxsize=maxsize,\n",
                        "lineNumber": 11,
                        "lineChange": "none"
                      },
                      {
                        "line": "                               block=block,\n",
                        "lineNumber": 12,
                        "lineChange": "none"
                      },
                      {
                        "line": "                               ssl_version=ssl.PROTOCOL_SSLv3)\n",
                        "lineNumber": 13,
                        "lineChange": "removed"
                      },
                      {
                        "line": "                               ssl_version=ssl.PROTOCOL_TLSv1)\n",
                        "lineNumber": 13,
                        "lineChange": "added"
                      }
                    ]
                  },
                  {
                    "commitURL": "https://github.com/MagicStack/uvloop/commit/5905f27a95c9d358a747b277cb5956562f876712?diff=split#diff-50095320893f303e09ca41e4d6e8825ab24aa36413ac02a0fa163028fb8bdc33L-1",
                    "lines": [
                      {
                        "line": "if hasattr(ssl, 'PROTOCOL_TLS'):\n",
                        "lineNumber": 31,
                        "lineChange": "added"
                      },
                      {
                        "line": "    client_context = ssl.SSLContext(ssl.PROTOCOL_TLS)\n",
                        "lineNumber": 32,
                        "lineChange": "added"
                      },
                      {
                        "line": "else:\n",
                        "lineNumber": 33,
                        "lineChange": "added"
                      },
                      {
                        "line": "    client_context = ssl.SSLContext(ssl.PROTOCOL_SSLv23)\n",
                        "lineNumber": 34,
                        "lineChange": "none"
                      }
                    ]
                  },
                  {
                    "commitURL": "https://github.com/robotpy/robotpy-crio/commit/c829c27fe559b1cf8f4ff4dbd3ab77cb7dd1e172?diff=split#diff-51f7afc855b68cd822a18c1b9fa5eb55ca0704f07604239c15b6726a9c25aeceL-1",
                    "lines": [
                      {
                        "line": "    context = ssl.SSLContext(ssl.PROTOCOL_SSLv23)\n",
                        "lineNumber": 124,
                        "lineChange": "removed"
                      },
                      {
                        "line": "    context.options |= ssl.OP_NO_SSLv2\n",
                        "lineNumber": 125,
                        "lineChange": "removed"
                      },
                      {
                        "line": "    if cafile or capath:\n",
                        "lineNumber": 126,
                        "lineChange": "removed"
                      },
                      {
                        "line": "        context.verify_mode = ssl.CERT_REQUIRED\n",
                        "lineNumber": 127,
                        "lineChange": "removed"
                      },
                      {
                        "line": "        context.load_verify_locations(cafile, capath)\n",
                        "lineNumber": 128,
                        "lineChange": "removed"
                      },
                      {
                        "line": "        check_hostname = True\n",
                        "lineNumber": 129,
                        "lineChange": "removed"
                      },
                      {
                        "line": "    else:\n",
                        "lineNumber": 130,
                        "lineChange": "removed"
                      },
                      {
                        "line": "        check_hostname = False\n",
                        "lineNumber": 131,
                        "lineChange": "removed"
                      },
                      {
                        "line": "    https_handler = HTTPSHandler(context=context, check_hostname=check_hostname)\n",
                        "lineNumber": 132,
                        "lineChange": "removed"
                      },
                      {
                        "line": "    context = ssl.create_default_context(ssl.Purpose.SERVER_AUTH,\n",
                        "lineNumber": 148,
                        "lineChange": "added"
                      },
                      {
                        "line": "                                         cafile=cafile,\n",
                        "lineNumber": 149,
                        "lineChange": "added"
                      },
                      {
                        "line": "                                         capath=capath)\n",
                        "lineNumber": 150,
                        "lineChange": "added"
                      },
                      {
                        "line": "    https_handler = HTTPSHandler(context=context)\n",
                        "lineNumber": 151,
                        "lineChange": "added"
                      },
                      {
                        "line": "    opener = build_opener(https_handler)\n",
                        "lineNumber": 152,
                        "lineChange": "added"
                      },
                      {
                        "line": "elif context:\n",
                        "lineNumber": 153,
                        "lineChange": "added"
                      },
                      {
                        "line": "    https_handler = HTTPSHandler(context=context)\n",
                        "lineNumber": 154,
                        "lineChange": "added"
                      }
                    ]
                  }
                ],
                "exampleCommitDescriptions": [],
                "precision": "very-high",
                "repoDatasetSize": 16,
                "cwe": [
                  "CWE-757"
                ]
              }
            },
            {
              "id": "python/ssl~wrap_socket~without~protocol/test",
              "name": "ssl~wrap_socket~without~protocol/test",
              "shortDescription": {
                "text": "Missing protocol in ssl.wrap_socket"
              },
              "defaultConfiguration": {
                "level": "note"
              },
              "help": {
                "markdown": "\n## Details\n\nCalling `ssl.wrap_socket` without specifying the `ssl_version` results in using a protocol version that is deprecated due to no longer being strong enough.\nImplementing encryption for the transmission and storage of sensitive information is essential. But encryption standards are constantly changing since attackers have more and more powerful resources at their disposal-along with more sophisticated attack algorithms. This means that encryption is only useful if it meets current standards appropriate for the type of data being transmitted or stored.\n\n\n## Best practices for prevention\n* Avoid calling `ssl.wrap_socket` without specifying the `ssl_version`\n\n\n## References\n\n* [ssl.wrap_socket](https://docs.python.org/3/library/ssl.html#ssl.wrap_socket)",
                "text": ""
              },
              "properties": {
                "tags": [
                  "python",
                  "ssl~wrap_socket~without~protocol",
                  "Security",
                  "InTest"
                ],
                "categories": [
                  "Security",
                  "InTest"
                ],
                "exampleCommitFixes": [
                  {
                    "commitURL": "https://github.com/eerimoq/simba/commit/9543eb6a9a3f2c239db3be8dae7d0ad43f310bd6?diff=split#diff-d5b225ccb0485a59aefcad124590095f890ca7e40f3a2724fec56db1d6fc9011L-1",
                    "lines": [
                      {
                        "line": "\n",
                        "lineNumber": 5,
                        "lineChange": "added"
                      },
                      {
                        "line": "def recvall(sock, length):\n",
                        "lineNumber": 6,
                        "lineChange": "added"
                      },
                      {
                        "line": "    buf = b''\n",
                        "lineNumber": 7,
                        "lineChange": "added"
                      },
                      {
                        "line": "    while len(buf) < length:\n",
                        "lineNumber": 8,
                        "lineChange": "added"
                      },
                      {
                        "line": "        byte = sock.recv()\n",
                        "lineNumber": 9,
                        "lineChange": "added"
                      },
                      {
                        "line": "        if not byte:\n",
                        "lineNumber": 10,
                        "lineChange": "added"
                      },
                      {
                        "line": "            break\n",
                        "lineNumber": 11,
                        "lineChange": "added"
                      },
                      {
                        "line": "        buf += byte\n",
                        "lineNumber": 12,
                        "lineChange": "added"
                      },
                      {
                        "line": "    return buf\n",
                        "lineNumber": 13,
                        "lineChange": "added"
                      },
                      {
                        "line": "\n",
                        "lineNumber": 14,
                        "lineChange": "added"
                      },
                      {
                        "line": "\n",
                        "lineNumber": 15,
                        "lineChange": "added"
                      },
                      {
                        "line": "context = ssl.SSLContext(ssl.PROTOCOL_TLSv1)\n",
                        "lineNumber": 16,
                        "lineChange": "added"
                      },
                      {
                        "line": "context.load_cert_chain(certfile=\"server.crt\",\n",
                        "lineNumber": 17,
                        "lineChange": "added"
                      },
                      {
                        "line": "                        keyfile=\"server.key\")\n",
                        "lineNumber": 18,
                        "lineChange": "added"
                      },
                      {
                        "line": "\n",
                        "lineNumber": 19,
                        "lineChange": "added"
                      }
                    ]
                  },
                  {
                    "commitURL": "https://github.com/mozilla/pluotsorbet/commit/5467504f196228a2db798e1d7e631b019048f186?diff=split#diff-f125e780e724f8101396135d6dabcc95ffc659d120e8c7694f8d7145b50da0d5L-1",
                    "lines": [
                      {
                        "line": "httpd.socket = ssl.wrap_socket(httpd.socket, certfile='cert.pem', server_side=True)\n",
                        "lineNumber": 6,
                        "lineChange": "removed"
                      },
                      {
                        "line": "httpd.socket = ssl.wrap_socket(httpd.socket,\n",
                        "lineNumber": 6,
                        "lineChange": "added"
                      },
                      {
                        "line": "                               server_side=True,\n",
                        "lineNumber": 7,
                        "lineChange": "added"
                      },
                      {
                        "line": "                               certfile='cert.pem',\n",
                        "lineNumber": 8,
                        "lineChange": "added"
                      },
                      {
                        "line": "                               keyfile='cert.pem',\n",
                        "lineNumber": 9,
                        "lineChange": "added"
                      },
                      {
                        "line": "                               ssl_version=ssl.PROTOCOL_SSLv3)\n",
                        "lineNumber": 10,
                        "lineChange": "added"
                      }
                    ]
                  },
                  {
                    "commitURL": "https://github.com/Debian/debile/commit/29696f0a491c938a5de2d3b2ecdd31c3e824a312?diff=split#diff-9592c0238cfde6b683ca5f59a078d2c282781c7f18b4b7356b8f89783361f983L-1",
                    "lines": [
                      {
                        "line": "self.sock = ssl.wrap_socket(\n",
                        "lineNumber": 80,
                        "lineChange": "none"
                      },
                      {
                        "line": "    sock, self.key_file, self.cert_file,\n",
                        "lineNumber": 81,
                        "lineChange": "none"
                      },
                      {
                        "line": "    ca_certs=self.ca_certs, cert_reqs=cert_reqs,\n",
                        "lineNumber": 82,
                        "lineChange": "none"
                      },
                      {
                        "line": "    do_handshake_on_connect=True\n",
                        "lineNumber": 83,
                        "lineChange": "removed"
                      },
                      {
                        "line": "    do_handshake_on_connect=True, ssl_version=ssl.PROTOCOL_TLSv1,\n",
                        "lineNumber": 83,
                        "lineChange": "added"
                      }
                    ]
                  }
                ],
                "exampleCommitDescriptions": [],
                "precision": "very-high",
                "repoDatasetSize": 37,
                "cwe": [
                  "CWE-327"
                ]
              }
            }
          ]
        }
      },
      "results": [
        {
          "ruleId": "python/UseTlsInsteadOfSsl/test",
          "ruleIndex": 0,
          "level": "note",
          "message": {
            "text": "Consider using TLS instead of SSL (ssl.PROTOCOL_SSLv23 used in ssl.wrap_socket).",
            "markdown": "Consider using TLS instead of SSL ({0} used in {1}).",
            "arguments": [
              "[ssl.PROTOCOL_SSLv23](0)",
              "[ssl.wrap_socket](1)"
            ]
          },
          "locations": [
            {
              "physicalLocation": {
                "artifactLocation": {
                  "uri": "test/with_dummyserver/test_socketlevel.py",
                  "uriBaseId": "%SRCROOT%"
                },
                "region": {
                  "startLine": 174,
                  "endLine": 174,
                  "startColumn": 16,
                  "endColumn": 31
                }
              }
            }
          ],
          "fingerprints": {
            "0": "f077e12138f68068dade7d5b981ca033480c35fd5324c34ea24f9dce2cde0e61",
            "1": "3ce5e548.577bab1d.03d23db9.2c78eecf.3e18df67.ba14daf2.e4d96ec8.4201a018.3ce5e548.577bab1d.b18df781.2c78eecf.3e18df67.ba14daf2.e4d96ec8.1a9fa7d4"
          },
          "codeFlows": [
            {
              "threadFlows": [
                {
                  "locations": [
                    {
                      "location": {
                        "id": 0,
                        "physicalLocation": {
                          "artifactLocation": {
                            "uri": "test/with_dummyserver/test_socketlevel.py",
                            "uriBaseId": "%SRCROOT%"
                          },
                          "region": {
                            "startLine": 176,
                            "endLine": 176,
                            "startColumn": 25,
                            "endColumn": 44
                          }
                        }
                      }
                    },
                    {
                      "location": {
                        "id": 1,
                        "physicalLocation": {
                          "artifactLocation": {
                            "uri": "test/with_dummyserver/test_socketlevel.py",
                            "uriBaseId": "%SRCROOT%"
                          },
                          "region": {
                            "startLine": 174,
                            "endLine": 174,
                            "startColumn": 16,
                            "endColumn": 31
                          }
                        }
                      }
                    }
                  ]
                }
              ]
            }
          ],
          "properties": {
            "priorityScore": 410,
            "priorityScoreFactors": [
              {
                "label": true,
                "type": "hotFileSource"
              },
              {
                "label": true,
                "type": "fixExamples"
              }
            ],
            "isAutofixable": false
          }
        },
        {
          "ruleId": "python/ssl~wrap_socket~without~protocol/test",
          "ruleIndex": 1,
          "level": "note",
          "message": {
            "text": "Call to deprecated method ssl.wrap_socket does not specify a protocol, which may result in an insecure default being used",
            "markdown": "Call to deprecated method {0} does not specify a protocol, which may result in an insecure default being used",
            "arguments": [
              "[ssl.wrap_socket](0)"
            ]
          },
          "locations": [
            {
              "physicalLocation": {
                "artifactLocation": {
                  "uri": "test/with_dummyserver/test_socketlevel.py",
                  "uriBaseId": "%SRCROOT%"
                },
                "region": {
                  "startLine": 1077,
                  "endLine": 1077,
                  "startColumn": 24,
                  "endColumn": 39
                }
              }
            }
          ],
          "fingerprints": {
            "0": "3180d835f0a687e0d3a18941800c4ee55ac0f8b19ac96c6af84b0b6c7d4fb0f9",
            "1": "a6b41d6e.cabe2c0a.dfc24cb0.139c59a8.9742cabe.57d888ee.a2237efa.f46ed94e.a6b41d6e.cabe2c0a.dfc24cb0.139c59a8.9742cabe.57d888ee.a2237efa.f46ed94e"
          },
          "codeFlows": [
            {
              "threadFlows": [
                {
                  "locations": [
                    {
                      "location": {
                        "id": 0,
                        "physicalLocation": {
                          "artifactLocation": {
                            "uri": "test/with_dummyserver/test_socketlevel.py",
                            "uriBaseId": "%SRCROOT%"
                          },
                          "region": {
                            "startLine": 1077,
                            "endLine": 1077,
                            "startColumn": 24,
                            "endColumn": 39
                          }
                        }
                      }
                    }
                  ]
                }
              ]
            }
          ],
          "properties": {
            "priorityScore": 491,
            "priorityScoreFactors": [
              {
                "label": true,
                "type": "multipleOccurrence"
              },
              {
                "label": true,
                "type": "hotFileSource"
              },
              {
                "label": true,
                "type": "fixExamples"
              }
            ],
            "isAutofixable": false
          }
        },
        {
          "ruleId": "python/ssl~wrap_socket~without~protocol/test",
          "ruleIndex": 1,
          "level": "note",
          "message": {
            "text": "Call to deprecated method ssl.wrap_socket does not specify a protocol, which may result in an insecure default being used",
            "markdown": "Call to deprecated method {0} does not specify a protocol, which may result in an insecure default being used",
            "arguments": [
              "[ssl.wrap_socket](0)"
            ]
          },
          "locations": [
            {
              "physicalLocation": {
                "artifactLocation": {
                  "uri": "test/with_dummyserver/test_socketlevel.py",
                  "uriBaseId": "%SRCROOT%"
                },
                "region": {
                  "startLine": 1129,
                  "endLine": 1129,
                  "startColumn": 28,
                  "endColumn": 43
                }
              }
            }
          ],
          "fingerprints": {
            "0": "6d67b2f303f87c1315f80bd051b636b613e79fb7a720fe6f042c294d4b87a517",
            "1": "a6b41d6e.cabe2c0a.79e62dc9.139c59a8.9742cabe.57d888ee.a2237efa.f46ed94e.a6b41d6e.cabe2c0a.79e62dc9.139c59a8.9742cabe.57d888ee.a2237efa.f46ed94e"
          },
          "codeFlows": [
            {
              "threadFlows": [
                {
                  "locations": [
                    {
                      "location": {
                        "id": 0,
                        "physicalLocation": {
                          "artifactLocation": {
                            "uri": "test/with_dummyserver/test_socketlevel.py",
                            "uriBaseId": "%SRCROOT%"
                          },
                          "region": {
                            "startLine": 1129,
                            "endLine": 1129,
                            "startColumn": 28,
                            "endColumn": 43
                          }
                        }
                      }
                    }
                  ]
                }
              ]
            }
          ],
          "properties": {
            "priorityScore": 491,
            "priorityScoreFactors": [
              {
                "label": true,
                "type": "multipleOccurrence"
              },
              {
                "label": true,
                "type": "hotFileSource"
              },
              {
                "label": true,
                "type": "fixExamples"
              }
            ],
            "isAutofixable": false
          }
        },
        {
          "ruleId": "python/ssl~wrap_socket~without~protocol/test",
          "ruleIndex": 1,
          "level": "note",
          "message": {
            "text": "Call to deprecated method ssl.wrap_socket does not specify a protocol, which may result in an insecure default being used",
            "markdown": "Call to deprecated method {0} does not specify a protocol, which may result in an insecure default being used",
            "arguments": [
              "[ssl.wrap_socket](0)"
            ]
          },
          "locations": [
            {
              "physicalLocation": {
                "artifactLocation": {
                  "uri": "test/with_dummyserver/test_socketlevel.py",
                  "uriBaseId": "%SRCROOT%"
                },
                "region": {
                  "startLine": 1169,
                  "endLine": 1169,
                  "startColumn": 24,
                  "endColumn": 39
                }
              }
            }
          ],
          "fingerprints": {
            "0": "5f04780d75a5bd28a570020930917455ce3fc043acd6b116c36139a74ef8179e",
            "1": "a6b41d6e.cabe2c0a.dfc24cb0.139c59a8.9742cabe.57d888ee.a2237efa.f46ed94e.a6b41d6e.cabe2c0a.dfc24cb0.139c59a8.9742cabe.57d888ee.a2237efa.f46ed94e"
          },
          "codeFlows": [
            {
              "threadFlows": [
                {
                  "locations": [
                    {
                      "location": {
                        "id": 0,
                        "physicalLocation": {
                          "artifactLocation": {
                            "uri": "test/with_dummyserver/test_socketlevel.py",
                            "uriBaseId": "%SRCROOT%"
                          },
                          "region": {
                            "startLine": 1169,
                            "endLine": 1169,
                            "startColumn": 24,
                            "endColumn": 39
                          }
                        }
                      }
                    }
                  ]
                }
              ]
            }
          ],
          "properties": {
            "priorityScore": 491,
            "priorityScoreFactors": [
              {
                "label": true,
                "type": "multipleOccurrence"
              },
              {
                "label": true,
                "type": "hotFileSource"
              },
              {
                "label": true,
                "type": "fixExamples"
              }
            ],
            "isAutofixable": false
          }
        },
        {
          "ruleId": "python/ssl~wrap_socket~without~protocol/test",
          "ruleIndex": 1,
          "level": "note",
          "message": {
            "text": "Call to deprecated method ssl.wrap_socket does not specify a protocol, which may result in an insecure default being used",
            "markdown": "Call to deprecated method {0} does not specify a protocol, which may result in an insecure default being used",
            "arguments": [
              "[ssl.wrap_socket](0)"
            ]
          },
          "locations": [
            {
              "physicalLocation": {
                "artifactLocation": {
                  "uri": "test/with_dummyserver/test_socketlevel.py",
                  "uriBaseId": "%SRCROOT%"
                },
                "region": {
                  "startLine": 1206,
                  "endLine": 1206,
                  "startColumn": 24,
                  "endColumn": 39
                }
              }
            }
          ],
          "fingerprints": {
            "0": "32d724e93cbbe00987b5c392ce6e627825d91408fc5ec4f8911c49a1ba9ba88d",
            "1": "a6b41d6e.cabe2c0a.79e62dc9.139c59a8.3e18df67.57d888ee.a2237efa.f46ed94e.a6b41d6e.cabe2c0a.79e62dc9.139c59a8.3e18df67.57d888ee.a2237efa.f46ed94e"
          },
          "codeFlows": [
            {
              "threadFlows": [
                {
                  "locations": [
                    {
                      "location": {
                        "id": 0,
                        "physicalLocation": {
                          "artifactLocation": {
                            "uri": "test/with_dummyserver/test_socketlevel.py",
                            "uriBaseId": "%SRCROOT%"
                          },
                          "region": {
                            "startLine": 1206,
                            "endLine": 1206,
                            "startColumn": 24,
                            "endColumn": 39
                          }
                        }
                      }
                    }
                  ]
                }
              ]
            }
          ],
          "properties": {
            "priorityScore": 491,
            "priorityScoreFactors": [
              {
                "label": true,
                "type": "multipleOccurrence"
              },
              {
                "label": true,
                "type": "hotFileSource"
              },
              {
                "label": true,
                "type": "fixExamples"
              }
            ],
            "isAutofixable": false
          }
        },
        {
          "ruleId": "python/ssl~wrap_socket~without~protocol/test",
          "ruleIndex": 1,
          "level": "note",
          "message": {
            "text": "Call to deprecated method ssl.wrap_socket does not specify a protocol, which may result in an insecure default being used",
            "markdown": "Call to deprecated method {0} does not specify a protocol, which may result in an insecure default being used",
            "arguments": [
              "[ssl.wrap_socket](0)"
            ]
          },
          "locations": [
            {
              "physicalLocation": {
                "artifactLocation": {
                  "uri": "test/with_dummyserver/test_socketlevel.py",
                  "uriBaseId": "%SRCROOT%"
                },
                "region": {
                  "startLine": 1247,
                  "endLine": 1247,
                  "startColumn": 28,
                  "endColumn": 43
                }
              }
            }
          ],
          "fingerprints": {
            "0": "00867f4b8450f308a6fb7531a9c786ff625864362619f1b12a40e5746a3e7cf9",
            "1": "a6b41d6e.cabe2c0a.dfc24cb0.139c59a8.3e18df67.57d888ee.a2237efa.f46ed94e.a6b41d6e.cabe2c0a.dfc24cb0.139c59a8.3e18df67.57d888ee.a2237efa.f46ed94e"
          },
          "codeFlows": [
            {
              "threadFlows": [
                {
                  "locations": [
                    {
                      "location": {
                        "id": 0,
                        "physicalLocation": {
                          "artifactLocation": {
                            "uri": "test/with_dummyserver/test_socketlevel.py",
                            "uriBaseId": "%SRCROOT%"
                          },
                          "region": {
                            "startLine": 1247,
                            "endLine": 1247,
                            "startColumn": 28,
                            "endColumn": 43
                          }
                        }
                      }
                    }
                  ]
                }
              ]
            }
          ],
          "properties": {
            "priorityScore": 491,
            "priorityScoreFactors": [
              {
                "label": true,
                "type": "multipleOccurrence"
              },
              {
                "label": true,
                "type": "hotFileSource"
              },
              {
                "label": true,
                "type": "fixExamples"
              }
            ],
            "isAutofixable": false
          }
        },
        {
          "ruleId": "python/ssl~wrap_socket~without~protocol/test",
          "ruleIndex": 1,
          "level": "note",
          "message": {
            "text": "Call to deprecated method ssl.wrap_socket does not specify a protocol, which may result in an insecure default being used",
            "markdown": "Call to deprecated method {0} does not specify a protocol, which may result in an insecure default being used",
            "arguments": [
              "[ssl.wrap_socket](0)"
            ]
          },
          "locations": [
            {
              "physicalLocation": {
                "artifactLocation": {
                  "uri": "test/with_dummyserver/test_socketlevel.py",
                  "uriBaseId": "%SRCROOT%"
                },
                "region": {
                  "startLine": 1294,
                  "endLine": 1294,
                  "startColumn": 24,
                  "endColumn": 39
                }
              }
            }
          ],
          "fingerprints": {
            "0": "58c640734f010230981c7b97152b75250302634d967f420d867cb86b9d58a2f4",
            "1": "a6b41d6e.cabe2c0a.79e62dc9.139c59a8.9742cabe.57d888ee.a2237efa.f46ed94e.a6b41d6e.cabe2c0a.79e62dc9.139c59a8.9742cabe.57d888ee.a2237efa.f46ed94e"
          },
          "codeFlows": [
            {
              "threadFlows": [
                {
                  "locations": [
                    {
                      "location": {
                        "id": 0,
                        "physicalLocation": {
                          "artifactLocation": {
                            "uri": "test/with_dummyserver/test_socketlevel.py",
                            "uriBaseId": "%SRCROOT%"
                          },
                          "region": {
                            "startLine": 1294,
                            "endLine": 1294,
                            "startColumn": 24,
                            "endColumn": 39
                          }
                        }
                      }
                    }
                  ]
                }
              ]
            }
          ],
          "properties": {
            "priorityScore": 491,
            "priorityScoreFactors": [
              {
                "label": true,
                "type": "multipleOccurrence"
              },
              {
                "label": true,
                "type": "hotFileSource"
              },
              {
                "label": true,
                "type": "fixExamples"
              }
            ],
            "isAutofixable": false
          }
        },
        {
          "ruleId": "python/ssl~wrap_socket~without~protocol/test",
          "ruleIndex": 1,
          "level": "note",
          "message": {
            "text": "Call to deprecated method ssl.wrap_socket does not specify a protocol, which may result in an insecure default being used",
            "markdown": "Call to deprecated method {0} does not specify a protocol, which may result in an insecure default being used",
            "arguments": [
              "[ssl.wrap_socket](0)"
            ]
          },
          "locations": [
            {
              "physicalLocation": {
                "artifactLocation": {
                  "uri": "test/with_dummyserver/test_socketlevel.py",
                  "uriBaseId": "%SRCROOT%"
                },
                "region": {
                  "startLine": 1319,
                  "endLine": 1319,
                  "startColumn": 24,
                  "endColumn": 39
                }
              }
            }
          ],
          "fingerprints": {
            "0": "7b69cbda2d0fd4527d7ce1be948092ef4205825ef9e4c6fc64b9ad68bac94b69",
            "1": "a6b41d6e.cabe2c0a.79e62dc9.139c59a8.3e18df67.57d888ee.a2237efa.f46ed94e.a6b41d6e.cabe2c0a.79e62dc9.139c59a8.3e18df67.57d888ee.a2237efa.f46ed94e"
          },
          "codeFlows": [
            {
              "threadFlows": [
                {
                  "locations": [
                    {
                      "location": {
                        "id": 0,
                        "physicalLocation": {
                          "artifactLocation": {
                            "uri": "test/with_dummyserver/test_socketlevel.py",
                            "uriBaseId": "%SRCROOT%"
                          },
                          "region": {
                            "startLine": 1319,
                            "endLine": 1319,
                            "startColumn": 24,
                            "endColumn": 39
                          }
                        }
                      }
                    }
                  ]
                }
              ]
            }
          ],
          "properties": {
            "priorityScore": 491,
            "priorityScoreFactors": [
              {
                "label": true,
                "type": "multipleOccurrence"
              },
              {
                "label": true,
                "type": "hotFileSource"
              },
              {
                "label": true,
                "type": "fixExamples"
              }
            ],
            "isAutofixable": false
          }
        },
        {
          "ruleId": "python/ssl~wrap_socket~without~protocol/test",
          "ruleIndex": 1,
          "level": "note",
          "message": {
            "text": "Call to deprecated method ssl.wrap_socket does not specify a protocol, which may result in an insecure default being used",
            "markdown": "Call to deprecated method {0} does not specify a protocol, which may result in an insecure default being used",
            "arguments": [
              "[ssl.wrap_socket](0)"
            ]
          },
          "locations": [
            {
              "physicalLocation": {
                "artifactLocation": {
                  "uri": "test/with_dummyserver/test_socketlevel.py",
                  "uriBaseId": "%SRCROOT%"
                },
                "region": {
                  "startLine": 1345,
                  "endLine": 1345,
                  "startColumn": 24,
                  "endColumn": 39
                }
              }
            }
          ],
          "fingerprints": {
            "0": "58c9b56f3bc0d13965f97e892ae8acbfc4417d0d052082ea73dceff274d7cc5b",
            "1": "a6b41d6e.cabe2c0a.dfc24cb0.139c59a8.3e18df67.57d888ee.a2237efa.f46ed94e.a6b41d6e.cabe2c0a.dfc24cb0.139c59a8.3e18df67.57d888ee.a2237efa.f46ed94e"
          },
          "codeFlows": [
            {
              "threadFlows": [
                {
                  "locations": [
                    {
                      "location": {
                        "id": 0,
                        "physicalLocation": {
                          "artifactLocation": {
                            "uri": "test/with_dummyserver/test_socketlevel.py",
                            "uriBaseId": "%SRCROOT%"
                          },
                          "region": {
                            "startLine": 1345,
                            "endLine": 1345,
                            "startColumn": 24,
                            "endColumn": 39
                          }
                        }
                      }
                    }
                  ]
                }
              ]
            }
          ],
          "properties": {
            "priorityScore": 491,
            "priorityScoreFactors": [
              {
                "label": true,
                "type": "multipleOccurrence"
              },
              {
                "label": true,
                "type": "hotFileSource"
              },
              {
                "label": true,
                "type": "fixExamples"
              }
            ],
            "isAutofixable": false
          }
        },
        {
          "ruleId": "python/ssl~wrap_socket~without~protocol/test",
          "ruleIndex": 1,
          "level": "note",
          "message": {
            "text": "Call to deprecated method ssl.wrap_socket does not specify a protocol, which may result in an insecure default being used",
            "markdown": "Call to deprecated method {0} does not specify a protocol, which may result in an insecure default being used",
            "arguments": [
              "[ssl.wrap_socket](0)"
            ]
          },
          "locations": [
            {
              "physicalLocation": {
                "artifactLocation": {
                  "uri": "test/with_dummyserver/test_socketlevel.py",
                  "uriBaseId": "%SRCROOT%"
                },
                "region": {
                  "startLine": 1382,
                  "endLine": 1382,
                  "startColumn": 24,
                  "endColumn": 39
                }
              }
            }
          ],
          "fingerprints": {
            "0": "111e5902e1fd60ed87635ff9b64c1f8f71a71505e5c9e64c2db29acc5ec1486f",
            "1": "a6b41d6e.cabe2c0a.dfc24cb0.139c59a8.3e18df67.57d888ee.a2237efa.f46ed94e.a6b41d6e.cabe2c0a.dfc24cb0.139c59a8.3e18df67.57d888ee.a2237efa.f46ed94e"
          },
          "codeFlows": [
            {
              "threadFlows": [
                {
                  "locations": [
                    {
                      "location": {
                        "id": 0,
                        "physicalLocation": {
                          "artifactLocation": {
                            "uri": "test/with_dummyserver/test_socketlevel.py",
                            "uriBaseId": "%SRCROOT%"
                          },
                          "region": {
                            "startLine": 1382,
                            "endLine": 1382,
                            "startColumn": 24,
                            "endColumn": 39
                          }
                        }
                      }
                    }
                  ]
                }
              ]
            }
          ],
          "properties": {
            "priorityScore": 491,
            "priorityScoreFactors": [
              {
                "label": true,
                "type": "multipleOccurrence"
              },
              {
                "label": true,
                "type": "hotFileSource"
              },
              {
                "label": true,
                "type": "fixExamples"
              }
            ],
            "isAutofixable": false
          }
        },
        {
          "ruleId": "python/ssl~wrap_socket~without~protocol/test",
          "ruleIndex": 1,
          "level": "note",
          "message": {
            "text": "Call to deprecated method ssl.wrap_socket does not specify a protocol, which may result in an insecure default being used",
            "markdown": "Call to deprecated method {0} does not specify a protocol, which may result in an insecure default being used",
            "arguments": [
              "[ssl.wrap_socket](0)"
            ]
          },
          "locations": [
            {
              "physicalLocation": {
                "artifactLocation": {
                  "uri": "test/with_dummyserver/test_socketlevel.py",
                  "uriBaseId": "%SRCROOT%"
                },
                "region": {
                  "startLine": 1447,
                  "endLine": 1447,
                  "startColumn": 21,
                  "endColumn": 36
                }
              }
            }
          ],
          "fingerprints": {
            "0": "4529f64b7126c4b126fab0d450a6e045a15db46acdcd085a6103aa91a4b5f491",
            "1": "a6b41d6e.cabe2c0a.dfc24cb0.2c78eecf.3e18df67.ba14daf2.a2237efa.f46ed94e.a6b41d6e.cabe2c0a.dfc24cb0.2c78eecf.3e18df67.ba14daf2.a2237efa.f46ed94e"
          },
          "codeFlows": [
            {
              "threadFlows": [
                {
                  "locations": [
                    {
                      "location": {
                        "id": 0,
                        "physicalLocation": {
                          "artifactLocation": {
                            "uri": "test/with_dummyserver/test_socketlevel.py",
                            "uriBaseId": "%SRCROOT%"
                          },
                          "region": {
                            "startLine": 1447,
                            "endLine": 1447,
                            "startColumn": 21,
                            "endColumn": 36
                          }
                        }
                      }
                    }
                  ]
                }
              ]
            }
          ],
          "properties": {
            "priorityScore": 491,
            "priorityScoreFactors": [
              {
                "label": true,
                "type": "multipleOccurrence"
              },
              {
                "label": true,
                "type": "hotFileSource"
              },
              {
                "label": true,
                "type": "fixExamples"
              }
            ],
            "isAutofixable": false
          }
        }
      ],
      "properties": {
        "coverage": [
          {
            "isSupported": true,
            "lang": "Python",
            "files": 81,
            "type": "SUPPORTED"
          }
        ]
      }
    }
  ]
}
