{"version": "15.0.6","schema": "https://gitlab.com/gitlab-org/security-products/security-report-schemas/-/raw/v15.0.6/dist/dependency-scanning-report-format.json?ref_type=tags", "scan": {"scanner": {"id": "org.owasp.dependency-check","name": "Dependency-Check Core","version": "10.0.3","vendor": {"name": "OWASP"},"url": "https://github.com/jeremylong/DependencyCheck/"},"analyzer": {"id": "org.owasp.dependency-check","name": "Dependency-Check Core","version": "10.0.3","vendor": {"name": "OWASP"},"url": "https://github.com/jeremylong/DependencyCheck/"},"end_time": "2024-08-12T10:46:52","start_time": "2024-08-12T10:46:52","status":  "success"  ,"type": "dependency_scanning"},"vulnerabilities": [{"id": "CVE-2020-35490","identifiers": [{"type": "NVD", "name": "CVE-2020-35490", "value": "a37e14d751a4d3a4d51b763ce95d3d9a282414f6", "url": "https://web.nvd.nist.gov/view/vuln/detail?vulnId=CVE-2020-35490"}],"location": {"file": "D:\\a\\H6060-Java-JacksonDatabind\\H6060-Java-JacksonDatabind\\upstream-repository\\target\\target\\jackson-databind-2.9.10.7.jar","dependency": {"package": {"name": "com.fasterxml.jackson.core:jackson-databind"},"version": "2.9.10.7"}},"name": "CVE-2020-35490","description": "FasterXML jackson-databind 2.x before 2.9.10.8 mishandles the interaction between serialization gadgets and typing, related to org.apache.commons.dbcp2.datasources.PerUserPoolDataSource.","severity": "High","links": [{"name": "[CVE-2020-35490] CWE-502: Deserialization of Untrusted Data","url": "https:\/\/ossindex.sonatype.org\/vulnerability\/CVE-2020-35490?component-type=maven&component-name=com.fasterxml.jackson.core%2Fjackson-databind&utm_source=dependency-check&utm_medium=integration&utm_content=10.0.3"},{"name": "http:\/\/web.nvd.nist.gov\/view\/vuln\/detail?vulnId=CVE-2020-35490","url": "http:\/\/web.nvd.nist.gov\/view\/vuln\/detail?vulnId=CVE-2020-35490"},{"name": "https:\/\/blog.sonatype.com\/jackson-databind-remote-code-execution","url": "https:\/\/blog.sonatype.com\/jackson-databind-remote-code-execution"},{"name": "https:\/\/blog.sonatype.com\/jackson-databind-the-end-of-the-blacklist","url": "https:\/\/blog.sonatype.com\/jackson-databind-the-end-of-the-blacklist"},{"name": "https:\/\/github.com\/FasterXML\/jackson-databind\/issues\/2986","url": "https:\/\/github.com\/FasterXML\/jackson-databind\/issues\/2986"},{"name": "EXPLOIT,TECHNICAL_DESCRIPTION,THIRD_PARTY_ADVISORY","url": "https:\/\/cowtowncoder.medium.com\/on-jackson-cves-dont-panic-here-is-what-you-need-to-know-54cd0d6e8062"},{"name": "MAILING_LIST,THIRD_PARTY_ADVISORY","url": "https:\/\/lists.debian.org\/debian-lts-announce\/2021\/04\/msg00025.html"},{"name": "PATCH,THIRD_PARTY_ADVISORY","url": "https:\/\/www.oracle.com\/\/security-alerts\/cpujul2021.html"},{"name": "PATCH,THIRD_PARTY_ADVISORY","url": "https:\/\/www.oracle.com\/security-alerts\/cpuApr2021.html"},{"name": "PATCH,THIRD_PARTY_ADVISORY","url": "https:\/\/www.oracle.com\/security-alerts\/cpuapr2022.html"},{"name": "PATCH,THIRD_PARTY_ADVISORY","url": "https:\/\/www.oracle.com\/security-alerts\/cpujan2022.html"},{"name": "PATCH,THIRD_PARTY_ADVISORY","url": "https:\/\/www.oracle.com\/security-alerts\/cpujul2022.html"},{"name": "PATCH,THIRD_PARTY_ADVISORY","url": "https:\/\/www.oracle.com\/security-alerts\/cpuoct2021.html"},{"name": "THIRD_PARTY_ADVISORY","url": "https:\/\/github.com\/FasterXML\/jackson-databind\/issues\/2986"},{"name": "THIRD_PARTY_ADVISORY","url": "https:\/\/security.netapp.com\/advisory\/ntap-20210122-0005\/"}]},{"id": "CVE-2020-35491","identifiers": [{"type": "NVD", "name": "CVE-2020-35491", "value": "a37e14d751a4d3a4d51b763ce95d3d9a282414f6", "url": "https://web.nvd.nist.gov/view/vuln/detail?vulnId=CVE-2020-35491"}],"location": {"file": "D:\\a\\H6060-Java-JacksonDatabind\\H6060-Java-JacksonDatabind\\upstream-repository\\target\\target\\jackson-databind-2.9.10.7.jar","dependency": {"package": {"name": "com.fasterxml.jackson.core:jackson-databind"},"version": "2.9.10.7"}},"name": "CVE-2020-35491","description": "FasterXML jackson-databind 2.x before 2.9.10.8 mishandles the interaction between serialization gadgets and typing, related to org.apache.commons.dbcp2.datasources.SharedPoolDataSource.","severity": "High","links": [{"name": "[CVE-2020-35491] CWE-502: Deserialization of Untrusted Data","url": "https:\/\/ossindex.sonatype.org\/vulnerability\/CVE-2020-35491?component-type=maven&component-name=com.fasterxml.jackson.core%2Fjackson-databind&utm_source=dependency-check&utm_medium=integration&utm_content=10.0.3"},{"name": "http:\/\/web.nvd.nist.gov\/view\/vuln\/detail?vulnId=CVE-2020-35491","url": "http:\/\/web.nvd.nist.gov\/view\/vuln\/detail?vulnId=CVE-2020-35491"},{"name": "https:\/\/blog.sonatype.com\/jackson-databind-remote-code-execution","url": "https:\/\/blog.sonatype.com\/jackson-databind-remote-code-execution"},{"name": "https:\/\/blog.sonatype.com\/jackson-databind-the-end-of-the-blacklist","url": "https:\/\/blog.sonatype.com\/jackson-databind-the-end-of-the-blacklist"},{"name": "https:\/\/github.com\/FasterXML\/jackson-databind\/issues\/2986","url": "https:\/\/github.com\/FasterXML\/jackson-databind\/issues\/2986"},{"name": "EXPLOIT,TECHNICAL_DESCRIPTION,THIRD_PARTY_ADVISORY","url": "https:\/\/cowtowncoder.medium.com\/on-jackson-cves-dont-panic-here-is-what-you-need-to-know-54cd0d6e8062"},{"name": "MAILING_LIST,THIRD_PARTY_ADVISORY","url": "https:\/\/lists.debian.org\/debian-lts-announce\/2021\/04\/msg00025.html"},{"name": "PATCH,THIRD_PARTY_ADVISORY","url": "https:\/\/www.oracle.com\/\/security-alerts\/cpujul2021.html"},{"name": "PATCH,THIRD_PARTY_ADVISORY","url": "https:\/\/www.oracle.com\/security-alerts\/cpuApr2021.html"},{"name": "PATCH,THIRD_PARTY_ADVISORY","url": "https:\/\/www.oracle.com\/security-alerts\/cpuapr2022.html"},{"name": "PATCH,THIRD_PARTY_ADVISORY","url": "https:\/\/www.oracle.com\/security-alerts\/cpujan2022.html"},{"name": "PATCH,THIRD_PARTY_ADVISORY","url": "https:\/\/www.oracle.com\/security-alerts\/cpuoct2021.html"},{"name": "THIRD_PARTY_ADVISORY","url": "https:\/\/github.com\/FasterXML\/jackson-databind\/issues\/2986"},{"name": "THIRD_PARTY_ADVISORY","url": "https:\/\/security.netapp.com\/advisory\/ntap-20210122-0005\/"},{"name": "THIRD_PARTY_ADVISORY","url": "https:\/\/www.oracle.com\/security-alerts\/cpujul2022.html"}]},{"id": "CVE-2020-35728","identifiers": [{"type": "NVD", "name": "CVE-2020-35728", "value": "a37e14d751a4d3a4d51b763ce95d3d9a282414f6", "url": "https://web.nvd.nist.gov/view/vuln/detail?vulnId=CVE-2020-35728"}],"location": {"file": "D:\\a\\H6060-Java-JacksonDatabind\\H6060-Java-JacksonDatabind\\upstream-repository\\target\\target\\jackson-databind-2.9.10.7.jar","dependency": {"package": {"name": "com.fasterxml.jackson.core:jackson-databind"},"version": "2.9.10.7"}},"name": "CVE-2020-35728","description": "FasterXML jackson-databind 2.x before 2.9.10.8 mishandles the interaction between serialization gadgets and typing, related to com.oracle.wls.shaded.org.apache.xalan.lib.sql.JNDIConnectionPool (aka embedded Xalan in org.glassfish.web\/javax.servlet.jsp.jstl).","severity": "High","links": [{"name": "[CVE-2020-35728] CWE-502: Deserialization of Untrusted Data","url": "https:\/\/ossindex.sonatype.org\/vulnerability\/CVE-2020-35728?component-type=maven&component-name=com.fasterxml.jackson.core%2Fjackson-databind&utm_source=dependency-check&utm_medium=integration&utm_content=10.0.3"},{"name": "http:\/\/web.nvd.nist.gov\/view\/vuln\/detail?vulnId=CVE-2020-35728","url": "http:\/\/web.nvd.nist.gov\/view\/vuln\/detail?vulnId=CVE-2020-35728"},{"name": "https:\/\/blog.sonatype.com\/jackson-databind-remote-code-execution","url": "https:\/\/blog.sonatype.com\/jackson-databind-remote-code-execution"},{"name": "https:\/\/blog.sonatype.com\/jackson-databind-the-end-of-the-blacklist","url": "https:\/\/blog.sonatype.com\/jackson-databind-the-end-of-the-blacklist"},{"name": "https:\/\/github.com\/FasterXML\/jackson-databind\/issues\/2999","url": "https:\/\/github.com\/FasterXML\/jackson-databind\/issues\/2999"},{"url": "https:\/\/medium.com\/%40cowtowncoder\/on-jackson-cves-dont-panic-here-is-what-you-need-to-know-54cd0d6e8062"},{"name": "MAILING_LIST,THIRD_PARTY_ADVISORY","url": "https:\/\/lists.debian.org\/debian-lts-announce\/2021\/04\/msg00025.html"},{"name": "PATCH,THIRD_PARTY_ADVISORY","url": "https:\/\/github.com\/FasterXML\/jackson-databind\/issues\/2999"},{"name": "PATCH,THIRD_PARTY_ADVISORY","url": "https:\/\/www.oracle.com\/\/security-alerts\/cpujul2021.html"},{"name": "PATCH,THIRD_PARTY_ADVISORY","url": "https:\/\/www.oracle.com\/security-alerts\/cpuapr2022.html"},{"name": "PATCH,THIRD_PARTY_ADVISORY","url": "https:\/\/www.oracle.com\/security-alerts\/cpujan2022.html"},{"name": "PATCH,THIRD_PARTY_ADVISORY","url": "https:\/\/www.oracle.com\/security-alerts\/cpuoct2021.html"},{"name": "THIRD_PARTY_ADVISORY","url": "https:\/\/security.netapp.com\/advisory\/ntap-20210129-0007\/"},{"name": "THIRD_PARTY_ADVISORY","url": "https:\/\/www.oracle.com\/security-alerts\/cpuApr2021.html"},{"name": "THIRD_PARTY_ADVISORY","url": "https:\/\/www.oracle.com\/security-alerts\/cpujul2022.html"}]},{"id": "CVE-2020-36179","identifiers": [{"type": "NVD", "name": "CVE-2020-36179", "value": "a37e14d751a4d3a4d51b763ce95d3d9a282414f6", "url": "https://web.nvd.nist.gov/view/vuln/detail?vulnId=CVE-2020-36179"}],"location": {"file": "D:\\a\\H6060-Java-JacksonDatabind\\H6060-Java-JacksonDatabind\\upstream-repository\\target\\target\\jackson-databind-2.9.10.7.jar","dependency": {"package": {"name": "com.fasterxml.jackson.core:jackson-databind"},"version": "2.9.10.7"}},"name": "CVE-2020-36179","description": "FasterXML jackson-databind 2.x before 2.9.10.8 mishandles the interaction between serialization gadgets and typing, related to oadd.org.apache.commons.dbcp.cpdsadapter.DriverAdapterCPDS.","severity": "High","links": [{"name": "[CVE-2020-36179] CWE-502: Deserialization of Untrusted Data","url": "https:\/\/ossindex.sonatype.org\/vulnerability\/CVE-2020-36179?component-type=maven&component-name=com.fasterxml.jackson.core%2Fjackson-databind&utm_source=dependency-check&utm_medium=integration&utm_content=10.0.3"},{"name": "http:\/\/web.nvd.nist.gov\/view\/vuln\/detail?vulnId=CVE-2020-36179","url": "http:\/\/web.nvd.nist.gov\/view\/vuln\/detail?vulnId=CVE-2020-36179"},{"name": "https:\/\/blog.sonatype.com\/jackson-databind-remote-code-execution","url": "https:\/\/blog.sonatype.com\/jackson-databind-remote-code-execution"},{"name": "https:\/\/blog.sonatype.com\/jackson-databind-the-end-of-the-blacklist","url": "https:\/\/blog.sonatype.com\/jackson-databind-the-end-of-the-blacklist"},{"name": "https:\/\/github.com\/FasterXML\/jackson-databind\/issues\/3004","url": "https:\/\/github.com\/FasterXML\/jackson-databind\/issues\/3004"},{"url": "https:\/\/lists.apache.org\/thread.html\/rc255f41d9a61d3dc79a51fb5c713de4ae10e71e3673feeb0b180b436%40%3Cissues.spark.apache.org%3E"},{"name": "EXPLOIT,TECHNICAL_DESCRIPTION,THIRD_PARTY_ADVISORY","url": "https:\/\/cowtowncoder.medium.com\/on-jackson-cves-dont-panic-here-is-what-you-need-to-know-54cd0d6e8062"},{"name": "ISSUE_TRACKING,PATCH,THIRD_PARTY_ADVISORY","url": "https:\/\/github.com\/FasterXML\/jackson-databind\/issues\/3004"},{"name": "MITIGATION,THIRD_PARTY_ADVISORY","url": "https:\/\/lists.debian.org\/debian-lts-announce\/2021\/04\/msg00025.html"},{"name": "PATCH,THIRD_PARTY_ADVISORY","url": "https:\/\/www.oracle.com\/\/security-alerts\/cpujul2021.html"},{"name": "PATCH,THIRD_PARTY_ADVISORY","url": "https:\/\/www.oracle.com\/security-alerts\/cpuapr2022.html"},{"name": "PATCH,THIRD_PARTY_ADVISORY","url": "https:\/\/www.oracle.com\/security-alerts\/cpujan2022.html"},{"name": "PATCH,THIRD_PARTY_ADVISORY","url": "https:\/\/www.oracle.com\/security-alerts\/cpuoct2021.html"},{"name": "THIRD_PARTY_ADVISORY","url": "https:\/\/security.netapp.com\/advisory\/ntap-20210205-0005\/"},{"name": "THIRD_PARTY_ADVISORY","url": "https:\/\/www.oracle.com\/security-alerts\/cpuApr2021.html"},{"name": "THIRD_PARTY_ADVISORY","url": "https:\/\/www.oracle.com\/security-alerts\/cpujul2022.html"}]},{"id": "CVE-2020-36180","identifiers": [{"type": "NVD", "name": "CVE-2020-36180", "value": "a37e14d751a4d3a4d51b763ce95d3d9a282414f6", "url": "https://web.nvd.nist.gov/view/vuln/detail?vulnId=CVE-2020-36180"}],"location": {"file": "D:\\a\\H6060-Java-JacksonDatabind\\H6060-Java-JacksonDatabind\\upstream-repository\\target\\target\\jackson-databind-2.9.10.7.jar","dependency": {"package": {"name": "com.fasterxml.jackson.core:jackson-databind"},"version": "2.9.10.7"}},"name": "CVE-2020-36180","description": "FasterXML jackson-databind 2.x before 2.9.10.8 mishandles the interaction between serialization gadgets and typing, related to org.apache.commons.dbcp2.cpdsadapter.DriverAdapterCPDS.","severity": "High","links": [{"name": "[CVE-2020-36180] CWE-502: Deserialization of Untrusted Data","url": "https:\/\/ossindex.sonatype.org\/vulnerability\/CVE-2020-36180?component-type=maven&component-name=com.fasterxml.jackson.core%2Fjackson-databind&utm_source=dependency-check&utm_medium=integration&utm_content=10.0.3"},{"name": "http:\/\/web.nvd.nist.gov\/view\/vuln\/detail?vulnId=CVE-2020-36180","url": "http:\/\/web.nvd.nist.gov\/view\/vuln\/detail?vulnId=CVE-2020-36180"},{"name": "https:\/\/blog.sonatype.com\/jackson-databind-remote-code-execution","url": "https:\/\/blog.sonatype.com\/jackson-databind-remote-code-execution"},{"name": "https:\/\/blog.sonatype.com\/jackson-databind-the-end-of-the-blacklist","url": "https:\/\/blog.sonatype.com\/jackson-databind-the-end-of-the-blacklist"},{"name": "https:\/\/github.com\/FasterXML\/jackson-databind\/issues\/3004","url": "https:\/\/github.com\/FasterXML\/jackson-databind\/issues\/3004"},{"name": "EXPLOIT,TECHNICAL_DESCRIPTION,THIRD_PARTY_ADVISORY","url": "https:\/\/cowtowncoder.medium.com\/on-jackson-cves-dont-panic-here-is-what-you-need-to-know-54cd0d6e8062"},{"name": "ISSUE_TRACKING,PATCH,THIRD_PARTY_ADVISORY","url": "https:\/\/github.com\/FasterXML\/jackson-databind\/issues\/3004"},{"name": "MAILING_LIST,THIRD_PARTY_ADVISORY","url": "https:\/\/lists.debian.org\/debian-lts-announce\/2021\/04\/msg00025.html"},{"name": "PATCH,THIRD_PARTY_ADVISORY","url": "https:\/\/www.oracle.com\/\/security-alerts\/cpujul2021.html"},{"name": "PATCH,THIRD_PARTY_ADVISORY","url": "https:\/\/www.oracle.com\/security-alerts\/cpuapr2022.html"},{"name": "PATCH,THIRD_PARTY_ADVISORY","url": "https:\/\/www.oracle.com\/security-alerts\/cpujan2022.html"},{"name": "PATCH,THIRD_PARTY_ADVISORY","url": "https:\/\/www.oracle.com\/security-alerts\/cpuoct2021.html"},{"name": "THIRD_PARTY_ADVISORY","url": "https:\/\/security.netapp.com\/advisory\/ntap-20210205-0005\/"},{"name": "THIRD_PARTY_ADVISORY","url": "https:\/\/www.oracle.com\/security-alerts\/cpuApr2021.html"},{"name": "THIRD_PARTY_ADVISORY","url": "https:\/\/www.oracle.com\/security-alerts\/cpujul2022.html"}]},{"id": "CVE-2020-36181","identifiers": [{"type": "NVD", "name": "CVE-2020-36181", "value": "a37e14d751a4d3a4d51b763ce95d3d9a282414f6", "url": "https://web.nvd.nist.gov/view/vuln/detail?vulnId=CVE-2020-36181"}],"location": {"file": "D:\\a\\H6060-Java-JacksonDatabind\\H6060-Java-JacksonDatabind\\upstream-repository\\target\\target\\jackson-databind-2.9.10.7.jar","dependency": {"package": {"name": "com.fasterxml.jackson.core:jackson-databind"},"version": "2.9.10.7"}},"name": "CVE-2020-36181","description": "FasterXML jackson-databind 2.x before 2.9.10.8 mishandles the interaction between serialization gadgets and typing, related to org.apache.tomcat.dbcp.dbcp.cpdsadapter.DriverAdapterCPDS.","severity": "High","links": [{"name": "[CVE-2020-36181] CWE-502: Deserialization of Untrusted Data","url": "https:\/\/ossindex.sonatype.org\/vulnerability\/CVE-2020-36181?component-type=maven&component-name=com.fasterxml.jackson.core%2Fjackson-databind&utm_source=dependency-check&utm_medium=integration&utm_content=10.0.3"},{"name": "http:\/\/web.nvd.nist.gov\/view\/vuln\/detail?vulnId=CVE-2020-36181","url": "http:\/\/web.nvd.nist.gov\/view\/vuln\/detail?vulnId=CVE-2020-36181"},{"name": "https:\/\/blog.sonatype.com\/jackson-databind-remote-code-execution","url": "https:\/\/blog.sonatype.com\/jackson-databind-remote-code-execution"},{"name": "https:\/\/blog.sonatype.com\/jackson-databind-the-end-of-the-blacklist","url": "https:\/\/blog.sonatype.com\/jackson-databind-the-end-of-the-blacklist"},{"name": "https:\/\/github.com\/FasterXML\/jackson-databind\/issues\/3004","url": "https:\/\/github.com\/FasterXML\/jackson-databind\/issues\/3004"},{"name": "EXPLOIT,TECHNICAL_DESCRIPTION,THIRD_PARTY_ADVISORY","url": "https:\/\/cowtowncoder.medium.com\/on-jackson-cves-dont-panic-here-is-what-you-need-to-know-54cd0d6e8062"},{"name": "ISSUE_TRACKING,PATCH,THIRD_PARTY_ADVISORY","url": "https:\/\/github.com\/FasterXML\/jackson-databind\/issues\/3004"},{"name": "MAILING_LIST,THIRD_PARTY_ADVISORY","url": "https:\/\/lists.debian.org\/debian-lts-announce\/2021\/04\/msg00025.html"},{"name": "PATCH,THIRD_PARTY_ADVISORY","url": "https:\/\/www.oracle.com\/\/security-alerts\/cpujul2021.html"},{"name": "PATCH,THIRD_PARTY_ADVISORY","url": "https:\/\/www.oracle.com\/security-alerts\/cpuapr2022.html"},{"name": "PATCH,THIRD_PARTY_ADVISORY","url": "https:\/\/www.oracle.com\/security-alerts\/cpujan2022.html"},{"name": "PATCH,THIRD_PARTY_ADVISORY","url": "https:\/\/www.oracle.com\/security-alerts\/cpuoct2021.html"},{"name": "THIRD_PARTY_ADVISORY","url": "https:\/\/security.netapp.com\/advisory\/ntap-20210205-0005\/"},{"name": "THIRD_PARTY_ADVISORY","url": "https:\/\/www.oracle.com\/security-alerts\/cpuApr2021.html"},{"name": "THIRD_PARTY_ADVISORY","url": "https:\/\/www.oracle.com\/security-alerts\/cpujul2022.html"}]},{"id": "CVE-2020-36182","identifiers": [{"type": "NVD", "name": "CVE-2020-36182", "value": "a37e14d751a4d3a4d51b763ce95d3d9a282414f6", "url": "https://web.nvd.nist.gov/view/vuln/detail?vulnId=CVE-2020-36182"}],"location": {"file": "D:\\a\\H6060-Java-JacksonDatabind\\H6060-Java-JacksonDatabind\\upstream-repository\\target\\target\\jackson-databind-2.9.10.7.jar","dependency": {"package": {"name": "com.fasterxml.jackson.core:jackson-databind"},"version": "2.9.10.7"}},"name": "CVE-2020-36182","description": "FasterXML jackson-databind 2.x before 2.9.10.8 mishandles the interaction between serialization gadgets and typing, related to org.apache.tomcat.dbcp.dbcp2.cpdsadapter.DriverAdapterCPDS.","severity": "High","links": [{"name": "[CVE-2020-36182] CWE-502: Deserialization of Untrusted Data","url": "https:\/\/ossindex.sonatype.org\/vulnerability\/CVE-2020-36182?component-type=maven&component-name=com.fasterxml.jackson.core%2Fjackson-databind&utm_source=dependency-check&utm_medium=integration&utm_content=10.0.3"},{"name": "http:\/\/web.nvd.nist.gov\/view\/vuln\/detail?vulnId=CVE-2020-36182","url": "http:\/\/web.nvd.nist.gov\/view\/vuln\/detail?vulnId=CVE-2020-36182"},{"name": "https:\/\/blog.sonatype.com\/jackson-databind-remote-code-execution","url": "https:\/\/blog.sonatype.com\/jackson-databind-remote-code-execution"},{"name": "https:\/\/blog.sonatype.com\/jackson-databind-the-end-of-the-blacklist","url": "https:\/\/blog.sonatype.com\/jackson-databind-the-end-of-the-blacklist"},{"name": "https:\/\/github.com\/FasterXML\/jackson-databind\/issues\/3004","url": "https:\/\/github.com\/FasterXML\/jackson-databind\/issues\/3004"},{"name": "EXPLOIT,TECHNICAL_DESCRIPTION,THIRD_PARTY_ADVISORY","url": "https:\/\/cowtowncoder.medium.com\/on-jackson-cves-dont-panic-here-is-what-you-need-to-know-54cd0d6e8062"},{"name": "ISSUE_TRACKING,PATCH,THIRD_PARTY_ADVISORY","url": "https:\/\/github.com\/FasterXML\/jackson-databind\/issues\/3004"},{"name": "MAILING_LIST,THIRD_PARTY_ADVISORY","url": "https:\/\/lists.debian.org\/debian-lts-announce\/2021\/04\/msg00025.html"},{"name": "PATCH,THIRD_PARTY_ADVISORY","url": "https:\/\/www.oracle.com\/\/security-alerts\/cpujul2021.html"},{"name": "PATCH,THIRD_PARTY_ADVISORY","url": "https:\/\/www.oracle.com\/security-alerts\/cpuapr2022.html"},{"name": "PATCH,THIRD_PARTY_ADVISORY","url": "https:\/\/www.oracle.com\/security-alerts\/cpujan2022.html"},{"name": "PATCH,THIRD_PARTY_ADVISORY","url": "https:\/\/www.oracle.com\/security-alerts\/cpuoct2021.html"},{"name": "THIRD_PARTY_ADVISORY","url": "https:\/\/security.netapp.com\/advisory\/ntap-20210205-0005\/"},{"name": "THIRD_PARTY_ADVISORY","url": "https:\/\/www.oracle.com\/security-alerts\/cpuApr2021.html"},{"name": "THIRD_PARTY_ADVISORY","url": "https:\/\/www.oracle.com\/security-alerts\/cpujul2022.html"}]},{"id": "CVE-2020-36183","identifiers": [{"type": "NVD", "name": "CVE-2020-36183", "value": "a37e14d751a4d3a4d51b763ce95d3d9a282414f6", "url": "https://web.nvd.nist.gov/view/vuln/detail?vulnId=CVE-2020-36183"}],"location": {"file": "D:\\a\\H6060-Java-JacksonDatabind\\H6060-Java-JacksonDatabind\\upstream-repository\\target\\target\\jackson-databind-2.9.10.7.jar","dependency": {"package": {"name": "com.fasterxml.jackson.core:jackson-databind"},"version": "2.9.10.7"}},"name": "CVE-2020-36183","description": "FasterXML jackson-databind 2.x before 2.9.10.8 mishandles the interaction between serialization gadgets and typing, related to org.docx4j.org.apache.xalan.lib.sql.JNDIConnectionPool.","severity": "High","links": [{"name": "[CVE-2020-36183] CWE-502: Deserialization of Untrusted Data","url": "https:\/\/ossindex.sonatype.org\/vulnerability\/CVE-2020-36183?component-type=maven&component-name=com.fasterxml.jackson.core%2Fjackson-databind&utm_source=dependency-check&utm_medium=integration&utm_content=10.0.3"},{"name": "http:\/\/web.nvd.nist.gov\/view\/vuln\/detail?vulnId=CVE-2020-36183","url": "http:\/\/web.nvd.nist.gov\/view\/vuln\/detail?vulnId=CVE-2020-36183"},{"name": "https:\/\/blog.sonatype.com\/jackson-databind-remote-code-execution","url": "https:\/\/blog.sonatype.com\/jackson-databind-remote-code-execution"},{"name": "https:\/\/blog.sonatype.com\/jackson-databind-the-end-of-the-blacklist","url": "https:\/\/blog.sonatype.com\/jackson-databind-the-end-of-the-blacklist"},{"name": "https:\/\/github.com\/FasterXML\/jackson-databind\/issues\/3003","url": "https:\/\/github.com\/FasterXML\/jackson-databind\/issues\/3003"},{"name": "EXPLOIT,TECHNICAL_DESCRIPTION,THIRD_PARTY_ADVISORY","url": "https:\/\/cowtowncoder.medium.com\/on-jackson-cves-dont-panic-here-is-what-you-need-to-know-54cd0d6e8062"},{"name": "ISSUE_TRACKING,PATCH,THIRD_PARTY_ADVISORY","url": "https:\/\/github.com\/FasterXML\/jackson-databind\/issues\/3003"},{"name": "MAILING_LIST,THIRD_PARTY_ADVISORY","url": "https:\/\/lists.debian.org\/debian-lts-announce\/2021\/04\/msg00025.html"},{"name": "PATCH,THIRD_PARTY_ADVISORY","url": "https:\/\/www.oracle.com\/\/security-alerts\/cpujul2021.html"},{"name": "PATCH,THIRD_PARTY_ADVISORY","url": "https:\/\/www.oracle.com\/security-alerts\/cpuapr2022.html"},{"name": "PATCH,THIRD_PARTY_ADVISORY","url": "https:\/\/www.oracle.com\/security-alerts\/cpujan2022.html"},{"name": "PATCH,THIRD_PARTY_ADVISORY","url": "https:\/\/www.oracle.com\/security-alerts\/cpuoct2021.html"},{"name": "THIRD_PARTY_ADVISORY","url": "https:\/\/security.netapp.com\/advisory\/ntap-20210205-0005\/"},{"name": "THIRD_PARTY_ADVISORY","url": "https:\/\/www.oracle.com\/security-alerts\/cpuApr2021.html"},{"name": "THIRD_PARTY_ADVISORY","url": "https:\/\/www.oracle.com\/security-alerts\/cpujul2022.html"}]},{"id": "CVE-2020-36184","identifiers": [{"type": "NVD", "name": "CVE-2020-36184", "value": "a37e14d751a4d3a4d51b763ce95d3d9a282414f6", "url": "https://web.nvd.nist.gov/view/vuln/detail?vulnId=CVE-2020-36184"}],"location": {"file": "D:\\a\\H6060-Java-JacksonDatabind\\H6060-Java-JacksonDatabind\\upstream-repository\\target\\target\\jackson-databind-2.9.10.7.jar","dependency": {"package": {"name": "com.fasterxml.jackson.core:jackson-databind"},"version": "2.9.10.7"}},"name": "CVE-2020-36184","description": "FasterXML jackson-databind 2.x before 2.9.10.8 mishandles the interaction between serialization gadgets and typing, related to org.apache.tomcat.dbcp.dbcp2.datasources.PerUserPoolDataSource.","severity": "High","links": [{"name": "[CVE-2020-36184] CWE-502: Deserialization of Untrusted Data","url": "https:\/\/ossindex.sonatype.org\/vulnerability\/CVE-2020-36184?component-type=maven&component-name=com.fasterxml.jackson.core%2Fjackson-databind&utm_source=dependency-check&utm_medium=integration&utm_content=10.0.3"},{"name": "http:\/\/web.nvd.nist.gov\/view\/vuln\/detail?vulnId=CVE-2020-36184","url": "http:\/\/web.nvd.nist.gov\/view\/vuln\/detail?vulnId=CVE-2020-36184"},{"name": "https:\/\/blog.sonatype.com\/jackson-databind-remote-code-execution","url": "https:\/\/blog.sonatype.com\/jackson-databind-remote-code-execution"},{"name": "https:\/\/blog.sonatype.com\/jackson-databind-the-end-of-the-blacklist","url": "https:\/\/blog.sonatype.com\/jackson-databind-the-end-of-the-blacklist"},{"name": "https:\/\/github.com\/FasterXML\/jackson-databind\/issues\/2998","url": "https:\/\/github.com\/FasterXML\/jackson-databind\/issues\/2998"},{"name": "EXPLOIT,TECHNICAL_DESCRIPTION,THIRD_PARTY_ADVISORY","url": "https:\/\/cowtowncoder.medium.com\/on-jackson-cves-dont-panic-here-is-what-you-need-to-know-54cd0d6e8062"},{"name": "ISSUE_TRACKING,PATCH,THIRD_PARTY_ADVISORY","url": "https:\/\/github.com\/FasterXML\/jackson-databind\/issues\/2998"},{"name": "MAILING_LIST,THIRD_PARTY_ADVISORY","url": "https:\/\/lists.debian.org\/debian-lts-announce\/2021\/04\/msg00025.html"},{"name": "PATCH,THIRD_PARTY_ADVISORY","url": "https:\/\/www.oracle.com\/\/security-alerts\/cpujul2021.html"},{"name": "PATCH,THIRD_PARTY_ADVISORY","url": "https:\/\/www.oracle.com\/security-alerts\/cpuapr2022.html"},{"name": "PATCH,THIRD_PARTY_ADVISORY","url": "https:\/\/www.oracle.com\/security-alerts\/cpujan2022.html"},{"name": "PATCH,THIRD_PARTY_ADVISORY","url": "https:\/\/www.oracle.com\/security-alerts\/cpuoct2021.html"},{"name": "THIRD_PARTY_ADVISORY","url": "https:\/\/security.netapp.com\/advisory\/ntap-20210205-0005\/"},{"name": "THIRD_PARTY_ADVISORY","url": "https:\/\/www.oracle.com\/security-alerts\/cpuApr2021.html"},{"name": "THIRD_PARTY_ADVISORY","url": "https:\/\/www.oracle.com\/security-alerts\/cpujul2022.html"}]},{"id": "CVE-2020-36185","identifiers": [{"type": "NVD", "name": "CVE-2020-36185", "value": "a37e14d751a4d3a4d51b763ce95d3d9a282414f6", "url": "https://web.nvd.nist.gov/view/vuln/detail?vulnId=CVE-2020-36185"}],"location": {"file": "D:\\a\\H6060-Java-JacksonDatabind\\H6060-Java-JacksonDatabind\\upstream-repository\\target\\target\\jackson-databind-2.9.10.7.jar","dependency": {"package": {"name": "com.fasterxml.jackson.core:jackson-databind"},"version": "2.9.10.7"}},"name": "CVE-2020-36185","description": "FasterXML jackson-databind 2.x before 2.9.10.8 mishandles the interaction between serialization gadgets and typing, related to org.apache.tomcat.dbcp.dbcp2.datasources.SharedPoolDataSource.","severity": "High","links": [{"name": "[CVE-2020-36185] CWE-502: Deserialization of Untrusted Data","url": "https:\/\/ossindex.sonatype.org\/vulnerability\/CVE-2020-36185?component-type=maven&component-name=com.fasterxml.jackson.core%2Fjackson-databind&utm_source=dependency-check&utm_medium=integration&utm_content=10.0.3"},{"name": "http:\/\/web.nvd.nist.gov\/view\/vuln\/detail?vulnId=CVE-2020-36185","url": "http:\/\/web.nvd.nist.gov\/view\/vuln\/detail?vulnId=CVE-2020-36185"},{"name": "https:\/\/blog.sonatype.com\/jackson-databind-remote-code-execution","url": "https:\/\/blog.sonatype.com\/jackson-databind-remote-code-execution"},{"name": "https:\/\/blog.sonatype.com\/jackson-databind-the-end-of-the-blacklist","url": "https:\/\/blog.sonatype.com\/jackson-databind-the-end-of-the-blacklist"},{"name": "https:\/\/github.com\/FasterXML\/jackson-databind\/issues\/2998","url": "https:\/\/github.com\/FasterXML\/jackson-databind\/issues\/2998"},{"name": "EXPLOIT,TECHNICAL_DESCRIPTION,THIRD_PARTY_ADVISORY","url": "https:\/\/cowtowncoder.medium.com\/on-jackson-cves-dont-panic-here-is-what-you-need-to-know-54cd0d6e8062"},{"name": "ISSUE_TRACKING,PATCH,THIRD_PARTY_ADVISORY","url": "https:\/\/github.com\/FasterXML\/jackson-databind\/issues\/2998"},{"name": "MAILING_LIST,THIRD_PARTY_ADVISORY","url": "https:\/\/lists.debian.org\/debian-lts-announce\/2021\/04\/msg00025.html"},{"name": "PATCH,THIRD_PARTY_ADVISORY","url": "https:\/\/www.oracle.com\/\/security-alerts\/cpujul2021.html"},{"name": "PATCH,THIRD_PARTY_ADVISORY","url": "https:\/\/www.oracle.com\/security-alerts\/cpuapr2022.html"},{"name": "PATCH,THIRD_PARTY_ADVISORY","url": "https:\/\/www.oracle.com\/security-alerts\/cpujan2022.html"},{"name": "PATCH,THIRD_PARTY_ADVISORY","url": "https:\/\/www.oracle.com\/security-alerts\/cpuoct2021.html"},{"name": "THIRD_PARTY_ADVISORY","url": "https:\/\/security.netapp.com\/advisory\/ntap-20210205-0005\/"},{"name": "THIRD_PARTY_ADVISORY","url": "https:\/\/www.oracle.com\/security-alerts\/cpuApr2021.html"},{"name": "THIRD_PARTY_ADVISORY","url": "https:\/\/www.oracle.com\/security-alerts\/cpujul2022.html"}]},{"id": "CVE-2020-36186","identifiers": [{"type": "NVD", "name": "CVE-2020-36186", "value": "a37e14d751a4d3a4d51b763ce95d3d9a282414f6", "url": "https://web.nvd.nist.gov/view/vuln/detail?vulnId=CVE-2020-36186"}],"location": {"file": "D:\\a\\H6060-Java-JacksonDatabind\\H6060-Java-JacksonDatabind\\upstream-repository\\target\\target\\jackson-databind-2.9.10.7.jar","dependency": {"package": {"name": "com.fasterxml.jackson.core:jackson-databind"},"version": "2.9.10.7"}},"name": "CVE-2020-36186","description": "FasterXML jackson-databind 2.x before 2.9.10.8 mishandles the interaction between serialization gadgets and typing, related to org.apache.tomcat.dbcp.dbcp.datasources.PerUserPoolDataSource.","severity": "High","links": [{"name": "[CVE-2020-36186] CWE-502: Deserialization of Untrusted Data","url": "https:\/\/ossindex.sonatype.org\/vulnerability\/CVE-2020-36186?component-type=maven&component-name=com.fasterxml.jackson.core%2Fjackson-databind&utm_source=dependency-check&utm_medium=integration&utm_content=10.0.3"},{"name": "http:\/\/web.nvd.nist.gov\/view\/vuln\/detail?vulnId=CVE-2020-36186","url": "http:\/\/web.nvd.nist.gov\/view\/vuln\/detail?vulnId=CVE-2020-36186"},{"name": "https:\/\/blog.sonatype.com\/jackson-databind-remote-code-execution","url": "https:\/\/blog.sonatype.com\/jackson-databind-remote-code-execution"},{"name": "https:\/\/blog.sonatype.com\/jackson-databind-the-end-of-the-blacklist","url": "https:\/\/blog.sonatype.com\/jackson-databind-the-end-of-the-blacklist"},{"name": "https:\/\/github.com\/FasterXML\/jackson-databind\/issues\/2997","url": "https:\/\/github.com\/FasterXML\/jackson-databind\/issues\/2997"},{"name": "EXPLOIT,TECHNICAL_DESCRIPTION,THIRD_PARTY_ADVISORY","url": "https:\/\/cowtowncoder.medium.com\/on-jackson-cves-dont-panic-here-is-what-you-need-to-know-54cd0d6e8062"},{"name": "ISSUE_TRACKING,THIRD_PARTY_ADVISORY","url": "https:\/\/github.com\/FasterXML\/jackson-databind\/issues\/2997"},{"name": "MAILING_LIST,THIRD_PARTY_ADVISORY","url": "https:\/\/lists.debian.org\/debian-lts-announce\/2021\/04\/msg00025.html"},{"name": "PATCH,THIRD_PARTY_ADVISORY","url": "https:\/\/www.oracle.com\/\/security-alerts\/cpujul2021.html"},{"name": "PATCH,THIRD_PARTY_ADVISORY","url": "https:\/\/www.oracle.com\/security-alerts\/cpuapr2022.html"},{"name": "PATCH,THIRD_PARTY_ADVISORY","url": "https:\/\/www.oracle.com\/security-alerts\/cpujan2022.html"},{"name": "PATCH,THIRD_PARTY_ADVISORY","url": "https:\/\/www.oracle.com\/security-alerts\/cpuoct2021.html"},{"name": "THIRD_PARTY_ADVISORY","url": "https:\/\/security.netapp.com\/advisory\/ntap-20210205-0005\/"},{"name": "THIRD_PARTY_ADVISORY","url": "https:\/\/www.oracle.com\/security-alerts\/cpuApr2021.html"},{"name": "THIRD_PARTY_ADVISORY","url": "https:\/\/www.oracle.com\/security-alerts\/cpujul2022.html"}]},{"id": "CVE-2020-36187","identifiers": [{"type": "NVD", "name": "CVE-2020-36187", "value": "a37e14d751a4d3a4d51b763ce95d3d9a282414f6", "url": "https://web.nvd.nist.gov/view/vuln/detail?vulnId=CVE-2020-36187"}],"location": {"file": "D:\\a\\H6060-Java-JacksonDatabind\\H6060-Java-JacksonDatabind\\upstream-repository\\target\\target\\jackson-databind-2.9.10.7.jar","dependency": {"package": {"name": "com.fasterxml.jackson.core:jackson-databind"},"version": "2.9.10.7"}},"name": "CVE-2020-36187","description": "FasterXML jackson-databind 2.x before 2.9.10.8 mishandles the interaction between serialization gadgets and typing, related to org.apache.tomcat.dbcp.dbcp.datasources.SharedPoolDataSource.","severity": "High","links": [{"name": "[CVE-2020-36187] CWE-502: Deserialization of Untrusted Data","url": "https:\/\/ossindex.sonatype.org\/vulnerability\/CVE-2020-36187?component-type=maven&component-name=com.fasterxml.jackson.core%2Fjackson-databind&utm_source=dependency-check&utm_medium=integration&utm_content=10.0.3"},{"name": "http:\/\/web.nvd.nist.gov\/view\/vuln\/detail?vulnId=CVE-2020-36187","url": "http:\/\/web.nvd.nist.gov\/view\/vuln\/detail?vulnId=CVE-2020-36187"},{"name": "https:\/\/blog.sonatype.com\/jackson-databind-remote-code-execution","url": "https:\/\/blog.sonatype.com\/jackson-databind-remote-code-execution"},{"name": "https:\/\/blog.sonatype.com\/jackson-databind-the-end-of-the-blacklist","url": "https:\/\/blog.sonatype.com\/jackson-databind-the-end-of-the-blacklist"},{"name": "https:\/\/github.com\/FasterXML\/jackson-databind\/issues\/2997","url": "https:\/\/github.com\/FasterXML\/jackson-databind\/issues\/2997"},{"name": "EXPLOIT,TECHNICAL_DESCRIPTION,THIRD_PARTY_ADVISORY","url": "https:\/\/cowtowncoder.medium.com\/on-jackson-cves-dont-panic-here-is-what-you-need-to-know-54cd0d6e8062"},{"name": "ISSUE_TRACKING,THIRD_PARTY_ADVISORY","url": "https:\/\/github.com\/FasterXML\/jackson-databind\/issues\/2997"},{"name": "MAILING_LIST,THIRD_PARTY_ADVISORY","url": "https:\/\/lists.debian.org\/debian-lts-announce\/2021\/04\/msg00025.html"},{"name": "PATCH,THIRD_PARTY_ADVISORY","url": "https:\/\/www.oracle.com\/\/security-alerts\/cpujul2021.html"},{"name": "PATCH,THIRD_PARTY_ADVISORY","url": "https:\/\/www.oracle.com\/security-alerts\/cpuapr2022.html"},{"name": "PATCH,THIRD_PARTY_ADVISORY","url": "https:\/\/www.oracle.com\/security-alerts\/cpujan2022.html"},{"name": "PATCH,THIRD_PARTY_ADVISORY","url": "https:\/\/www.oracle.com\/security-alerts\/cpuoct2021.html"},{"name": "THIRD_PARTY_ADVISORY","url": "https:\/\/security.netapp.com\/advisory\/ntap-20210205-0005\/"},{"name": "THIRD_PARTY_ADVISORY","url": "https:\/\/www.oracle.com\/security-alerts\/cpuApr2021.html"},{"name": "THIRD_PARTY_ADVISORY","url": "https:\/\/www.oracle.com\/security-alerts\/cpujul2022.html"}]},{"id": "CVE-2020-36188","identifiers": [{"type": "NVD", "name": "CVE-2020-36188", "value": "a37e14d751a4d3a4d51b763ce95d3d9a282414f6", "url": "https://web.nvd.nist.gov/view/vuln/detail?vulnId=CVE-2020-36188"}],"location": {"file": "D:\\a\\H6060-Java-JacksonDatabind\\H6060-Java-JacksonDatabind\\upstream-repository\\target\\target\\jackson-databind-2.9.10.7.jar","dependency": {"package": {"name": "com.fasterxml.jackson.core:jackson-databind"},"version": "2.9.10.7"}},"name": "CVE-2020-36188","description": "FasterXML jackson-databind 2.x before 2.9.10.8 mishandles the interaction between serialization gadgets and typing, related to com.newrelic.agent.deps.ch.qos.logback.core.db.JNDIConnectionSource.","severity": "High","links": [{"name": "[CVE-2020-36188] CWE-502: Deserialization of Untrusted Data","url": "https:\/\/ossindex.sonatype.org\/vulnerability\/CVE-2020-36188?component-type=maven&component-name=com.fasterxml.jackson.core%2Fjackson-databind&utm_source=dependency-check&utm_medium=integration&utm_content=10.0.3"},{"name": "http:\/\/web.nvd.nist.gov\/view\/vuln\/detail?vulnId=CVE-2020-36188","url": "http:\/\/web.nvd.nist.gov\/view\/vuln\/detail?vulnId=CVE-2020-36188"},{"name": "https:\/\/blog.sonatype.com\/jackson-databind-remote-code-execution","url": "https:\/\/blog.sonatype.com\/jackson-databind-remote-code-execution"},{"name": "https:\/\/blog.sonatype.com\/jackson-databind-the-end-of-the-blacklist","url": "https:\/\/blog.sonatype.com\/jackson-databind-the-end-of-the-blacklist"},{"name": "https:\/\/github.com\/FasterXML\/jackson-databind\/issues\/2996","url": "https:\/\/github.com\/FasterXML\/jackson-databind\/issues\/2996"},{"name": "EXPLOIT,TECHNICAL_DESCRIPTION,THIRD_PARTY_ADVISORY","url": "https:\/\/cowtowncoder.medium.com\/on-jackson-cves-dont-panic-here-is-what-you-need-to-know-54cd0d6e8062"},{"name": "ISSUE_TRACKING,THIRD_PARTY_ADVISORY","url": "https:\/\/github.com\/FasterXML\/jackson-databind\/issues\/2996"},{"name": "MAILING_LIST,THIRD_PARTY_ADVISORY","url": "https:\/\/lists.debian.org\/debian-lts-announce\/2021\/04\/msg00025.html"},{"name": "PATCH,THIRD_PARTY_ADVISORY","url": "https:\/\/www.oracle.com\/\/security-alerts\/cpujul2021.html"},{"name": "PATCH,THIRD_PARTY_ADVISORY","url": "https:\/\/www.oracle.com\/security-alerts\/cpuapr2022.html"},{"name": "PATCH,THIRD_PARTY_ADVISORY","url": "https:\/\/www.oracle.com\/security-alerts\/cpujan2022.html"},{"name": "PATCH,THIRD_PARTY_ADVISORY","url": "https:\/\/www.oracle.com\/security-alerts\/cpuoct2021.html"},{"name": "THIRD_PARTY_ADVISORY","url": "https:\/\/security.netapp.com\/advisory\/ntap-20210205-0005\/"},{"name": "THIRD_PARTY_ADVISORY","url": "https:\/\/www.oracle.com\/security-alerts\/cpuApr2021.html"},{"name": "THIRD_PARTY_ADVISORY","url": "https:\/\/www.oracle.com\/security-alerts\/cpujul2022.html"}]},{"id": "CVE-2020-36189","identifiers": [{"type": "NVD", "name": "CVE-2020-36189", "value": "a37e14d751a4d3a4d51b763ce95d3d9a282414f6", "url": "https://web.nvd.nist.gov/view/vuln/detail?vulnId=CVE-2020-36189"}],"location": {"file": "D:\\a\\H6060-Java-JacksonDatabind\\H6060-Java-JacksonDatabind\\upstream-repository\\target\\target\\jackson-databind-2.9.10.7.jar","dependency": {"package": {"name": "com.fasterxml.jackson.core:jackson-databind"},"version": "2.9.10.7"}},"name": "CVE-2020-36189","description": "FasterXML jackson-databind 2.x before 2.9.10.8 mishandles the interaction between serialization gadgets and typing, related to com.newrelic.agent.deps.ch.qos.logback.core.db.DriverManagerConnectionSource.","severity": "High","links": [{"name": "[CVE-2020-36189] CWE-502: Deserialization of Untrusted Data","url": "https:\/\/ossindex.sonatype.org\/vulnerability\/CVE-2020-36189?component-type=maven&component-name=com.fasterxml.jackson.core%2Fjackson-databind&utm_source=dependency-check&utm_medium=integration&utm_content=10.0.3"},{"name": "http:\/\/web.nvd.nist.gov\/view\/vuln\/detail?vulnId=CVE-2020-36189","url": "http:\/\/web.nvd.nist.gov\/view\/vuln\/detail?vulnId=CVE-2020-36189"},{"name": "https:\/\/blog.sonatype.com\/jackson-databind-remote-code-execution","url": "https:\/\/blog.sonatype.com\/jackson-databind-remote-code-execution"},{"name": "https:\/\/blog.sonatype.com\/jackson-databind-the-end-of-the-blacklist","url": "https:\/\/blog.sonatype.com\/jackson-databind-the-end-of-the-blacklist"},{"name": "https:\/\/github.com\/FasterXML\/jackson-databind\/issues\/2996","url": "https:\/\/github.com\/FasterXML\/jackson-databind\/issues\/2996"},{"name": "EXPLOIT,TECHNICAL_DESCRIPTION,THIRD_PARTY_ADVISORY","url": "https:\/\/cowtowncoder.medium.com\/on-jackson-cves-dont-panic-here-is-what-you-need-to-know-54cd0d6e8062"},{"name": "ISSUE_TRACKING,THIRD_PARTY_ADVISORY","url": "https:\/\/github.com\/FasterXML\/jackson-databind\/issues\/2996"},{"name": "MAILING_LIST,THIRD_PARTY_ADVISORY","url": "https:\/\/lists.debian.org\/debian-lts-announce\/2021\/04\/msg00025.html"},{"name": "PATCH,THIRD_PARTY_ADVISORY","url": "https:\/\/www.oracle.com\/\/security-alerts\/cpujul2021.html"},{"name": "PATCH,THIRD_PARTY_ADVISORY","url": "https:\/\/www.oracle.com\/security-alerts\/cpuApr2021.html"},{"name": "PATCH,THIRD_PARTY_ADVISORY","url": "https:\/\/www.oracle.com\/security-alerts\/cpuapr2022.html"},{"name": "PATCH,THIRD_PARTY_ADVISORY","url": "https:\/\/www.oracle.com\/security-alerts\/cpujan2022.html"},{"name": "PATCH,THIRD_PARTY_ADVISORY","url": "https:\/\/www.oracle.com\/security-alerts\/cpuoct2021.html"},{"name": "THIRD_PARTY_ADVISORY","url": "https:\/\/security.netapp.com\/advisory\/ntap-20210205-0005\/"},{"name": "THIRD_PARTY_ADVISORY","url": "https:\/\/www.oracle.com\/security-alerts\/cpujul2022.html"}]},{"id": "CVE-2020-36518","identifiers": [{"type": "NVD", "name": "CVE-2020-36518", "value": "a37e14d751a4d3a4d51b763ce95d3d9a282414f6", "url": "https://web.nvd.nist.gov/view/vuln/detail?vulnId=CVE-2020-36518"}],"location": {"file": "D:\\a\\H6060-Java-JacksonDatabind\\H6060-Java-JacksonDatabind\\upstream-repository\\target\\target\\jackson-databind-2.9.10.7.jar","dependency": {"package": {"name": "com.fasterxml.jackson.core:jackson-databind"},"version": "2.9.10.7"}},"name": "CVE-2020-36518","description": "jackson-databind before 2.13.0 allows a Java StackOverflow exception and denial of service via a large depth of nested objects.","severity": "High","links": [{"name": "[CVE-2020-36518] CWE-787: Out-of-bounds Write","url": "https:\/\/ossindex.sonatype.org\/vulnerability\/CVE-2020-36518?component-type=maven&component-name=com.fasterxml.jackson.core%2Fjackson-databind&utm_source=dependency-check&utm_medium=integration&utm_content=10.0.3"},{"name": "http:\/\/web.nvd.nist.gov\/view\/vuln\/detail?vulnId=CVE-2020-36518","url": "http:\/\/web.nvd.nist.gov\/view\/vuln\/detail?vulnId=CVE-2020-36518"},{"name": "https:\/\/github.com\/FasterXML\/jackson-databind\/issues\/2816","url": "https:\/\/github.com\/FasterXML\/jackson-databind\/issues\/2816"},{"name": "EXPLOIT,MAILING_LIST,THIRD_PARTY_ADVISORY","url": "https:\/\/lists.debian.org\/debian-lts-announce\/2022\/05\/msg00001.html"},{"name": "ISSUE_TRACKING,THIRD_PARTY_ADVISORY","url": "https:\/\/github.com\/FasterXML\/jackson-databind\/issues\/2816"},{"name": "MAILING_LIST,THIRD_PARTY_ADVISORY","url": "https:\/\/lists.debian.org\/debian-lts-announce\/2022\/11\/msg00035.html"},{"name": "THIRD_PARTY_ADVISORY","url": "https:\/\/security.netapp.com\/advisory\/ntap-20220506-0004\/"},{"name": "THIRD_PARTY_ADVISORY","url": "https:\/\/www.debian.org\/security\/2022\/dsa-5283"},{"name": "THIRD_PARTY_ADVISORY","url": "https:\/\/www.oracle.com\/security-alerts\/cpuapr2022.html"},{"name": "THIRD_PARTY_ADVISORY","url": "https:\/\/www.oracle.com\/security-alerts\/cpujul2022.html"}]},{"id": "CVE-2022-42003","identifiers": [{"type": "NVD", "name": "CVE-2022-42003", "value": "a37e14d751a4d3a4d51b763ce95d3d9a282414f6", "url": "https://web.nvd.nist.gov/view/vuln/detail?vulnId=CVE-2022-42003"}],"location": {"file": "D:\\a\\H6060-Java-JacksonDatabind\\H6060-Java-JacksonDatabind\\upstream-repository\\target\\target\\jackson-databind-2.9.10.7.jar","dependency": {"package": {"name": "com.fasterxml.jackson.core:jackson-databind"},"version": "2.9.10.7"}},"name": "CVE-2022-42003","description": "In FasterXML jackson-databind before versions 2.13.4.1 and 2.12.17.1, resource exhaustion can occur because of a lack of a check in primitive value deserializers to avoid deep wrapper array nesting, when the UNWRAP_SINGLE_VALUE_ARRAYS feature is enabled.","severity": "High","links": [{"name": "[CVE-2022-42003] CWE-502: Deserialization of Untrusted Data","url": "https:\/\/ossindex.sonatype.org\/vulnerability\/CVE-2022-42003?component-type=maven&component-name=com.fasterxml.jackson.core%2Fjackson-databind&utm_source=dependency-check&utm_medium=integration&utm_content=10.0.3"},{"name": "http:\/\/web.nvd.nist.gov\/view\/vuln\/detail?vulnId=CVE-2022-42003","url": "http:\/\/web.nvd.nist.gov\/view\/vuln\/detail?vulnId=CVE-2022-42003"},{"name": "https:\/\/bugs.chromium.org\/p\/oss-fuzz\/issues\/detail?id=51020","url": "https:\/\/bugs.chromium.org\/p\/oss-fuzz\/issues\/detail?id=51020"},{"name": "https:\/\/github.com\/FasterXML\/jackson-databind\/issues\/3590","url": "https:\/\/github.com\/FasterXML\/jackson-databind\/issues\/3590"},{"name": "EXPLOIT,ISSUE_TRACKING,MAILING_LIST,PATCH,THIRD_PARTY_ADVISORY","url": "https:\/\/bugs.chromium.org\/p\/oss-fuzz\/issues\/detail?id=51020"},{"name": "EXPLOIT,ISSUE_TRACKING,THIRD_PARTY_ADVISORY","url": "https:\/\/github.com\/FasterXML\/jackson-databind\/issues\/3590"},{"name": "MAILING_LIST,THIRD_PARTY_ADVISORY","url": "https:\/\/lists.debian.org\/debian-lts-announce\/2022\/11\/msg00035.html"},{"name": "PATCH,THIRD_PARTY_ADVISORY","url": "https:\/\/github.com\/FasterXML\/jackson-databind\/commit\/d78d00ee7b5245b93103fef3187f70543d67ca33"},{"name": "THIRD_PARTY_ADVISORY","url": "https:\/\/security.gentoo.org\/glsa\/202210-21"},{"name": "THIRD_PARTY_ADVISORY","url": "https:\/\/security.netapp.com\/advisory\/ntap-20221124-0004\/"},{"name": "THIRD_PARTY_ADVISORY","url": "https:\/\/www.debian.org\/security\/2022\/dsa-5283"}]},{"id": "CVE-2022-42004","identifiers": [{"type": "NVD", "name": "CVE-2022-42004", "value": "a37e14d751a4d3a4d51b763ce95d3d9a282414f6", "url": "https://web.nvd.nist.gov/view/vuln/detail?vulnId=CVE-2022-42004"}],"location": {"file": "D:\\a\\H6060-Java-JacksonDatabind\\H6060-Java-JacksonDatabind\\upstream-repository\\target\\target\\jackson-databind-2.9.10.7.jar","dependency": {"package": {"name": "com.fasterxml.jackson.core:jackson-databind"},"version": "2.9.10.7"}},"name": "CVE-2022-42004","description": "In FasterXML jackson-databind before 2.13.4, resource exhaustion can occur because of a lack of a check in BeanDeserializer._deserializeFromArray to prevent use of deeply nested arrays. An application is vulnerable only with certain customized choices for deserialization.","severity": "High","links": [{"name": "[CVE-2022-42004] CWE-502: Deserialization of Untrusted Data","url": "https:\/\/ossindex.sonatype.org\/vulnerability\/CVE-2022-42004?component-type=maven&component-name=com.fasterxml.jackson.core%2Fjackson-databind&utm_source=dependency-check&utm_medium=integration&utm_content=10.0.3"},{"name": "http:\/\/web.nvd.nist.gov\/view\/vuln\/detail?vulnId=CVE-2022-42004","url": "http:\/\/web.nvd.nist.gov\/view\/vuln\/detail?vulnId=CVE-2022-42004"},{"name": "https:\/\/bugs.chromium.org\/p\/oss-fuzz\/issues\/detail?id=50490","url": "https:\/\/bugs.chromium.org\/p\/oss-fuzz\/issues\/detail?id=50490"},{"name": "https:\/\/github.com\/FasterXML\/jackson-databind\/issues\/3582","url": "https:\/\/github.com\/FasterXML\/jackson-databind\/issues\/3582"},{"name": "EXPLOIT,ISSUE_TRACKING,MAILING_LIST,PATCH,THIRD_PARTY_ADVISORY","url": "https:\/\/bugs.chromium.org\/p\/oss-fuzz\/issues\/detail?id=50490"},{"name": "EXPLOIT,ISSUE_TRACKING,THIRD_PARTY_ADVISORY","url": "https:\/\/github.com\/FasterXML\/jackson-databind\/issues\/3582"},{"name": "MAILING_LIST,THIRD_PARTY_ADVISORY","url": "https:\/\/lists.debian.org\/debian-lts-announce\/2022\/11\/msg00035.html"},{"name": "PATCH,THIRD_PARTY_ADVISORY","url": "https:\/\/github.com\/FasterXML\/jackson-databind\/commit\/063183589218fec19a9293ed2f17ec53ea80ba88"},{"name": "THIRD_PARTY_ADVISORY","url": "https:\/\/security.gentoo.org\/glsa\/202210-21"},{"name": "THIRD_PARTY_ADVISORY","url": "https:\/\/security.netapp.com\/advisory\/ntap-20221118-0008\/"},{"name": "THIRD_PARTY_ADVISORY","url": "https:\/\/www.debian.org\/security\/2022\/dsa-5283"}]},{"id": "CVE-2023-35116","identifiers": [{"type": "NVD", "name": "CVE-2023-35116", "value": "a37e14d751a4d3a4d51b763ce95d3d9a282414f6", "url": "https://web.nvd.nist.gov/view/vuln/detail?vulnId=CVE-2023-35116"}],"location": {"file": "D:\\a\\H6060-Java-JacksonDatabind\\H6060-Java-JacksonDatabind\\upstream-repository\\target\\target\\jackson-databind-2.9.10.7.jar","dependency": {"package": {"name": "com.fasterxml.jackson.core:jackson-databind"},"version": "2.9.10.7"}},"name": "CVE-2023-35116","description": "jackson-databind through 2.15.2 allows attackers to cause a denial of service or other unspecified impact via a crafted object that uses cyclic dependencies. NOTE: the vendor's perspective is that this is not a valid vulnerability report, because the steps of constructing a cyclic data structure and trying to serialize it cannot be achieved by an external attacker.","severity": "Medium","links": [{"name": "ISSUE_TRACKING","url": "https:\/\/github.com\/FasterXML\/jackson-databind\/issues\/3972"}]}],"dependency_files": [{"path": "pom.xml","package_manager": "maven","dependencies": [{"package": {"name": "com.fasterxml.jackson.core:jackson-databind"},"version": "2.9.10.7"}]}],"remediations": [] }