Experiment ID,Experiment Date,Experiment Runner Environment,Experiment Runner Operating System,Experiment Runner Architecture,Experiment Project Name,Experiment Package Manager,GitHub Repository URL,GitHub Organisation,GitHub Repository Name,GitHub Repository Tag Name,GitHub Repository Tag Commit,GitHub Repository Tag Date,GitHub Repository Tag Author,GitHub Repository Tag Verified,GitHub Repository Tag Reason
3,2024-08-16,Github-Hosted,Linux,X64,H6060-Javascript-Axios,Npm,https://github.com/axios/axios,axios,axios,v0.1.0,f24fcedacbdc10ddcd71e4fb4391ee27c9760b07,2014-08-29T23:08:48Z,mattzabriskie@attask.com,False,unsigned
3,2024-08-16,Github-Hosted,Linux,X64,H6060-Javascript-Axios,Npm,https://github.com/axios/axios,axios,axios,v0.10.0,eb270dfc02407a5011f4b8f1054b12db3af4c4c9,2016-04-21T04:51:56Z,mzabriskie@gmail.com,False,unsigned
3,2024-08-16,Github-Hosted,Linux,X64,H6060-Javascript-Axios,Npm,https://github.com/axios/axios,axios,axios,v0.11.1,bc5d332417a55340132f1f929240da306db4a7f6,2016-05-17T15:59:07Z,mzabriskie@gmail.com,False,unsigned
3,2024-08-16,Github-Hosted,Linux,X64,H6060-Javascript-Axios,Npm,https://github.com/axios/axios,axios,axios,v0.12.0,01c47f8940ad8067b80804b43e3e6b00327787d6,2016-06-01T05:22:00Z,nick.uraltsev@gmail.com,False,unsigned
3,2024-08-16,Github-Hosted,Linux,X64,H6060-Javascript-Axios,Npm,https://github.com/axios/axios,axios,axios,v0.13.0,98ec6859aa4f1e8b75e4b85cffccb0afd448dd3a,2016-07-13T19:42:23Z,mzabriskie@gmail.com,False,unsigned
3,2024-08-16,Github-Hosted,Linux,X64,H6060-Javascript-Axios,Npm,https://github.com/axios/axios,axios,axios,v0.13.1,343f6494ebd33db5f208d42bc90e5e68ff53f7c2,2016-07-16T17:13:15Z,mzabriskie@gmail.com,False,unsigned
3,2024-08-16,Github-Hosted,Linux,X64,H6060-Javascript-Axios,Npm,https://github.com/axios/axios,axios,axios,v0.14.0,caaa850734dfa489948ff87c8e679cd35fa4e043,2016-08-27T18:29:52Z,nick.uraltsev@gmail.com,False,unsigned
3,2024-08-16,Github-Hosted,Linux,X64,H6060-Javascript-Axios,Npm,https://github.com/axios/axios,axios,axios,v0.15.0,6bbb2d94586a2cdd996bcc37e7409ae69a8f3fcc,2016-10-11T04:39:50Z,nick.uraltsev@gmail.com,False,unsigned
3,2024-08-16,Github-Hosted,Linux,X64,H6060-Javascript-Axios,Npm,https://github.com/axios/axios,axios,axios,v0.15.1,f6fe4c99d52b73420cb588c2f7ecb9649a7100ad,2016-10-15T06:35:21Z,nick.uraltsev@gmail.com,False,unsigned
3,2024-08-16,Github-Hosted,Linux,X64,H6060-Javascript-Axios,Npm,https://github.com/axios/axios,axios,axios,v0.15.2,ef320d70c8e92e7c57dee12adc515054b6f9b97d,2016-10-18T01:29:32Z,nick.uraltsev@gmail.com,False,unsigned
3,2024-08-16,Github-Hosted,Linux,X64,H6060-Javascript-Axios,Npm,https://github.com/axios/axios,axios,axios,v0.15.3,1d925b7771d3ba235adadb2f360a2a49cd5460ad,2016-11-27T21:52:12Z,nick.uraltsev@gmail.com,False,unsigned
3,2024-08-16,Github-Hosted,Linux,X64,H6060-Javascript-Axios,Npm,https://github.com/axios/axios,axios,axios,v0.16.0,3cbdbac516c28def9d2f4fea54e85befe681f3b6,2017-04-01T02:29:37Z,nick.uraltsev@gmail.com,False,unsigned
3,2024-08-16,Github-Hosted,Linux,X64,H6060-Javascript-Axios,Npm,https://github.com/axios/axios,axios,axios,v0.16.1,9e033470123b1a8e6006eb4f646313ce63aa55b2,2017-04-08T18:51:20Z,nick.uraltsev@gmail.com,False,unsigned
3,2024-08-16,Github-Hosted,Linux,X64,H6060-Javascript-Axios,Npm,https://github.com/axios/axios,axios,axios,v0.16.2,05f42864d0b5bec6965ec0149a75fce22e421be1,2017-06-03T19:28:26Z,nick.uraltsev@gmail.com,False,unsigned
3,2024-08-16,Github-Hosted,Linux,X64,H6060-Javascript-Axios,Npm,https://github.com/axios/axios,axios,axios,v0.17.0,32b3d87fdd8327aee7411759d38f58f420bc83ee,2017-10-21T18:00:45Z,nick.uraltsev@gmail.com,False,unsigned
3,2024-08-16,Github-Hosted,Linux,X64,H6060-Javascript-Axios,Npm,https://github.com/axios/axios,axios,axios,v0.17.1,ca7b7cbcaf4c4135dd3d1b557e38eaf56f20d948,2017-11-11T23:24:16Z,nick.uraltsev@gmail.com,False,unsigned
3,2024-08-16,Github-Hosted,Linux,X64,H6060-Javascript-Axios,Npm,https://github.com/axios/axios,axios,axios,v0.18.0,2d6b14512063b47154460b78111364037faef911,2018-02-19T23:23:58Z,emily@cuttlesoft.com,False,unsigned
3,2024-08-16,Github-Hosted,Linux,X64,H6060-Javascript-Axios,Npm,https://github.com/axios/axios,axios,axios,v0.18.1,c0816bbbfb3a30d7cd619c1ddcae1db114cf0455,2019-06-01T00:46:00Z,emilyemorehouse@gmail.com,False,unsigned
3,2024-08-16,Github-Hosted,Linux,X64,H6060-Javascript-Axios,Npm,https://github.com/axios/axios,axios,axios,v0.19.0,3689185551580d3479095f8f8d5229c3d62c1337,2019-05-30T16:10:07Z,emilyemorehouse@gmail.com,False,unsigned
3,2024-08-16,Github-Hosted,Linux,X64,H6060-Javascript-Axios,Npm,https://github.com/axios/axios,axios,axios,v0.19.0-beta.1,0439e848ca0f13692374778ec319e0edcd168310,2018-08-09T18:39:17Z,emily@cuttlesoft.com,False,unsigned
3,2024-08-16,Github-Hosted,Linux,X64,H6060-Javascript-Axios,Npm,https://github.com/axios/axios,axios,axios,v0.2.0,93695a700f79eb4b86f8989ae8ef03cb0848abaa,2014-09-12T20:05:48Z,mzabriskie@gmail.com,False,unsigned
3,2024-08-16,Github-Hosted,Linux,X64,H6060-Javascript-Axios,Npm,https://github.com/axios/axios,axios,axios,v0.2.1,87702dac1e6000cc8f3288eb7a8354c94be78ebe,2014-09-12T22:59:02Z,mzabriskie@gmail.com,False,unsigned
3,2024-08-16,Github-Hosted,Linux,X64,H6060-Javascript-Axios,Npm,https://github.com/axios/axios,axios,axios,v0.2.2,9d96c633115c13ce546361d630ef281e9047be7a,2014-09-15T03:32:20Z,mzabriskie@gmail.com,False,unsigned
3,2024-08-16,Github-Hosted,Linux,X64,H6060-Javascript-Axios,Npm,https://github.com/axios/axios,axios,axios,v0.20.0,1094f94dfff65b00d6471a39b3888bdeb565e58b,2020-08-21T03:11:58Z,emily@cuttlesoft.com,True,valid
3,2024-08-16,Github-Hosted,Linux,X64,H6060-Javascript-Axios,Npm,https://github.com/axios/axios,axios,axios,v0.20.0-0,3a93295062d76ba5faf24f2027708052f39bcc42,2020-07-15T16:04:59Z,emily@cuttlesoft.com,True,valid
3,2024-08-16,Github-Hosted,Linux,X64,H6060-Javascript-Axios,Npm,https://github.com/axios/axios,axios,axios,v0.21.0,9feab7f47a05e79f4356636043dead478da7e6b2,2020-10-23T16:26:35Z,emily@cuttlesoft.com,True,valid
3,2024-08-16,Github-Hosted,Linux,X64,H6060-Javascript-Axios,Npm,https://github.com/axios/axios,axios,axios,v0.21.1,57340334d5bb45ef316933ae2f5f0c2f3ed3a832,2020-12-22T04:17:55Z,emily@cuttlesoft.com,True,valid
3,2024-08-16,Github-Hosted,Linux,X64,H6060-Javascript-Axios,Npm,https://github.com/axios/axios,axios,axios,v0.28.0,6cc2096f9959fd7a8deda47ecd7ca146111263a6,2024-02-12T18:38:19Z,DigitalBrainJS@users.noreply.github.com,False,unsigned
3,2024-08-16,Github-Hosted,Linux,X64,H6060-Javascript-Axios,Npm,https://github.com/axios/axios,axios,axios,v0.28.1,d9e859a8997251b3b3f6b60ad763b6d96a7e9552,2024-03-28T17:36:06Z,DigitalBrainJS@users.noreply.github.com,False,unsigned
3,2024-08-16,Github-Hosted,Linux,X64,H6060-Javascript-Axios,Npm,https://github.com/axios/axios,axios,axios,v0.3.0,22857939e0b9dc6646a4eae4d0714212f0c34f09,2014-09-16T18:22:00Z,mzabriskie@gmail.com,False,unsigned
3,2024-08-16,Github-Hosted,Linux,X64,H6060-Javascript-Axios,Npm,https://github.com/axios/axios,axios,axios,v0.3.1,10b9989d1a364f038ee3d94e50ac524bcf272769,2014-09-17T00:33:18Z,mzabriskie@gmail.com,False,unsigned
3,2024-08-16,Github-Hosted,Linux,X64,H6060-Javascript-Axios,Npm,https://github.com/axios/axios,axios,axios,v0.4.0,0f20158d98548261dc7a3320f64c73a9257a217e,2014-10-05T23:54:05Z,mzabriskie@gmail.com,False,unsigned
3,2024-08-16,Github-Hosted,Linux,X64,H6060-Javascript-Axios,Npm,https://github.com/axios/axios,axios,axios,v0.4.1,212ff8894868848767648a2bfeb68383b82b03ee,2014-10-15T18:18:33Z,mzabriskie@gmail.com,False,unsigned
3,2024-08-16,Github-Hosted,Linux,X64,H6060-Javascript-Axios,Npm,https://github.com/axios/axios,axios,axios,v0.4.2,a81455e9b4fc2055649697edb4dcdf2878586dcd,2014-12-11T07:12:48Z,mzabriskie@gmail.com,False,unsigned
3,2024-08-16,Github-Hosted,Linux,X64,H6060-Javascript-Axios,Npm,https://github.com/axios/axios,axios,axios,v0.5.0,631c81bade3320c8df9071803143a63b6f8e5fcf,2015-01-23T10:12:14Z,mzabriskie@gmail.com,False,unsigned
3,2024-08-16,Github-Hosted,Linux,X64,H6060-Javascript-Axios,Npm,https://github.com/axios/axios,axios,axios,v0.5.1,45396345614d4c89c503195c1d11ace2424538cc,2015-03-10T20:47:07Z,mzabriskie@gmail.com,False,unsigned
3,2024-08-16,Github-Hosted,Linux,X64,H6060-Javascript-Axios,Npm,https://github.com/axios/axios,axios,axios,v0.5.2,2bff3cb1aa9936df324cf0a377bffff77afb7f7c,2015-03-13T23:13:59Z,mzabriskie@gmail.com,False,unsigned
3,2024-08-16,Github-Hosted,Linux,X64,H6060-Javascript-Axios,Npm,https://github.com/axios/axios,axios,axios,v0.5.3,66c24e8b4cebc80ea57f1bcbd4a7320f02bda16c,2015-04-08T03:01:00Z,mzabriskie@gmail.com,False,unsigned
3,2024-08-16,Github-Hosted,Linux,X64,H6060-Javascript-Axios,Npm,https://github.com/axios/axios,axios,axios,v0.5.4,f0b5713547e15f1054e0f989b9f3b0663214470b,2015-04-08T18:49:23Z,mzabriskie@gmail.com,False,unsigned
3,2024-08-16,Github-Hosted,Linux,X64,H6060-Javascript-Axios,Npm,https://github.com/axios/axios,axios,axios,v0.6.0,945b2e762c87baf24ac9d5540b6dfb10c1194e3d,2015-09-21T20:20:49Z,mzabriskie@gmail.com,False,unsigned
3,2024-08-16,Github-Hosted,Linux,X64,H6060-Javascript-Axios,Npm,https://github.com/axios/axios,axios,axios,v0.7.0,09c29d862bcec03eaa7efaaa429754f25288195e,2015-09-29T06:39:02Z,mzabriskie@gmail.com,False,unsigned
3,2024-08-16,Github-Hosted,Linux,X64,H6060-Javascript-Axios,Npm,https://github.com/axios/axios,axios,axios,v0.8.0,bebdb1d5ee398e26774c679712df76f718423bc8,2015-12-11T19:09:31Z,mzabriskie@gmail.com,False,unsigned
3,2024-08-16,Github-Hosted,Linux,X64,H6060-Javascript-Axios,Npm,https://github.com/axios/axios,axios,axios,v0.8.1,f71ce167f7f40aa89340cb862c6f79fc5bda3469,2015-12-15T03:43:51Z,mzabriskie@gmail.com,False,unsigned
3,2024-08-16,Github-Hosted,Linux,X64,H6060-Javascript-Axios,Npm,https://github.com/axios/axios,axios,axios,v0.9.0,edda24ad40c1573a0a395154f4e8149cc8667d8e,2016-01-18T18:19:02Z,mzabriskie@gmail.com,False,unsigned
3,2024-08-16,Github-Hosted,Linux,X64,H6060-Javascript-Axios,Npm,https://github.com/axios/axios,axios,axios,v0.9.1,9f794636b228834e8204d679fb6d0f892fbeb3d0,2016-01-24T22:18:42Z,mzabriskie@gmail.com,False,unsigned
3,2024-08-16,Github-Hosted,Linux,X64,H6060-Javascript-Axios,Npm,https://github.com/axios/axios,axios,axios,v1.2.3,9592096b3e09bc51494585fd6186fcb5d417436f,2023-01-15T23:57:44Z,DigitalBrainJS@users.noreply.github.com,False,unsigned
3,2024-08-16,Github-Hosted,Linux,X64,H6060-Javascript-Axios,Npm,https://github.com/axios/axios,axios,axios,v1.2.4,9170b36e22f6831f04734cbca8a97ce7c74f9c3c,2023-01-24T17:21:52Z,jasonsaayman@users.noreply.github.com,False,unsigned
3,2024-08-16,Github-Hosted,Linux,X64,H6060-Javascript-Axios,Npm,https://github.com/axios/axios,axios,axios,v1.2.5,51d34d9cd77782ed9d5afe36a3e41162f09260a3,2023-01-26T15:06:30Z,DigitalBrainJS@users.noreply.github.com,False,unsigned
3,2024-08-16,Github-Hosted,Linux,X64,H6060-Javascript-Axios,Npm,https://github.com/axios/axios,axios,axios,v1.2.6,c246fde7ecdc93ff90217e4dc1b92245619b6508,2023-01-28T16:41:04Z,DigitalBrainJS@users.noreply.github.com,False,unsigned
3,2024-08-16,Github-Hosted,Linux,X64,H6060-Javascript-Axios,Npm,https://github.com/axios/axios,axios,axios,v1.3.0,d05a16503689465dfdb00288c0d85f78cede49e1,2023-01-31T16:55:43Z,DigitalBrainJS@users.noreply.github.com,False,unsigned
3,2024-08-16,Github-Hosted,Linux,X64,H6060-Javascript-Axios,Npm,https://github.com/axios/axios,axios,axios,v1.3.1,f2cf4d484f2c3f17bbf16eb868e4c9bdac23503d,2023-02-01T23:30:55Z,DigitalBrainJS@users.noreply.github.com,False,unsigned
3,2024-08-16,Github-Hosted,Linux,X64,H6060-Javascript-Axios,Npm,https://github.com/axios/axios,axios,axios,v1.3.2,221a26475e594d8be0b0abdb91637800433e73bf,2023-02-03T18:10:43Z,DigitalBrainJS@users.noreply.github.com,False,unsigned
3,2024-08-16,Github-Hosted,Linux,X64,H6060-Javascript-Axios,Npm,https://github.com/axios/axios,axios,axios,v1.3.3,2619515ae23ba86857cc4c616f997d4dafe09000,2023-02-13T18:47:11Z,DigitalBrainJS@users.noreply.github.com,False,unsigned
3,2024-08-16,Github-Hosted,Linux,X64,H6060-Javascript-Axios,Npm,https://github.com/axios/axios,axios,axios,v1.3.4,5c5f25996d04619c6d725125c1197d8dc982888c,2023-02-22T21:06:15Z,DigitalBrainJS@users.noreply.github.com,False,unsigned
3,2024-08-16,Github-Hosted,Linux,X64,H6060-Javascript-Axios,Npm,https://github.com/axios/axios,axios,axios,v1.3.5,ad821821de7e18117024fd398dc38aa4387ab75c,2023-04-05T18:02:58Z,DigitalBrainJS@users.noreply.github.com,False,unsigned
3,2024-08-16,Github-Hosted,Linux,X64,H6060-Javascript-Axios,Npm,https://github.com/axios/axios,axios,axios,v1.3.6,13bb4d4ae20d7eb27903263dc3e7286c6c18ab46,2023-04-19T19:38:50Z,DigitalBrainJS@users.noreply.github.com,False,unsigned
3,2024-08-16,Github-Hosted,Linux,X64,H6060-Javascript-Axios,Npm,https://github.com/axios/axios,axios,axios,v1.4.0,50a85a66157fdc43d2248617c79529c67ddc85c3,2023-04-27T23:05:47Z,DigitalBrainJS@users.noreply.github.com,False,unsigned
3,2024-08-16,Github-Hosted,Linux,X64,H6060-Javascript-Axios,Npm,https://github.com/axios/axios,axios,axios,v1.5.0,ca9cb2ecda282462b68e57e6a10586edde456533,2023-08-26T19:10:45Z,DigitalBrainJS@users.noreply.github.com,False,unsigned
3,2024-08-16,Github-Hosted,Linux,X64,H6060-Javascript-Axios,Npm,https://github.com/axios/axios,axios,axios,v1.5.1,b7e99e394ad571ca79d9895b40fd0196654dbcd9,2023-09-26T18:22:06Z,DigitalBrainJS@users.noreply.github.com,False,unsigned
3,2024-08-16,Github-Hosted,Linux,X64,H6060-Javascript-Axios,Npm,https://github.com/axios/axios,axios,axios,v1.6.0,cac2f79fc10a3e3e393508c7721b0f78a245a6f3,2023-10-26T21:15:49Z,DigitalBrainJS@users.noreply.github.com,False,unsigned
3,2024-08-16,Github-Hosted,Linux,X64,H6060-Javascript-Axios,Npm,https://github.com/axios/axios,axios,axios,v1.6.1,4f0017052563ef38fba83a55ad8d251a1fa0c0c6,2023-11-08T15:09:20Z,DigitalBrainJS@users.noreply.github.com,False,unsigned
3,2024-08-16,Github-Hosted,Linux,X64,H6060-Javascript-Axios,Npm,https://github.com/axios/axios,axios,axios,v1.6.2,ef47c984939eac9476ffc67e53aa3c1636bbc9b4,2023-11-14T20:36:03Z,DigitalBrainJS@users.noreply.github.com,False,unsigned
3,2024-08-16,Github-Hosted,Linux,X64,H6060-Javascript-Axios,Npm,https://github.com/axios/axios,axios,axios,v1.6.3,d85ba56700079f10701d52ba75b7bff2364e11a2,2023-12-26T23:16:12Z,DigitalBrainJS@users.noreply.github.com,False,unsigned
3,2024-08-16,Github-Hosted,Linux,X64,H6060-Javascript-Axios,Npm,https://github.com/axios/axios,axios,axios,v1.6.4,ec5842323f3834afd7414d93171607e98aadc45b,2024-01-03T22:10:49Z,DigitalBrainJS@users.noreply.github.com,False,unsigned
3,2024-08-16,Github-Hosted,Linux,X64,H6060-Javascript-Axios,Npm,https://github.com/axios/axios,axios,axios,v1.6.5,a60a0651a373b0fc24835c4176cfd71e646a4c94,2024-01-05T19:52:08Z,DigitalBrainJS@users.noreply.github.com,False,unsigned
3,2024-08-16,Github-Hosted,Linux,X64,H6060-Javascript-Axios,Npm,https://github.com/axios/axios,axios,axios,v1.6.6,402a4815efc962c9f36741b0bb688d9b54014f80,2024-01-24T23:12:14Z,DigitalBrainJS@users.noreply.github.com,False,unsigned
3,2024-08-16,Github-Hosted,Linux,X64,H6060-Javascript-Axios,Npm,https://github.com/axios/axios,axios,axios,v1.6.7,f187a000102c6063f137db3fffe03623294b02c0,2024-01-25T19:58:45Z,DigitalBrainJS@users.noreply.github.com,False,unsigned
3,2024-08-16,Github-Hosted,Linux,X64,H6060-Javascript-Axios,Npm,https://github.com/axios/axios,axios,axios,v1.6.8,752b52e32453d9dc2d4449528d68d2ddf5337641,2024-03-15T16:32:41Z,DigitalBrainJS@users.noreply.github.com,False,unsigned
3,2024-08-16,Github-Hosted,Linux,X64,H6060-Javascript-Axios,Npm,https://github.com/axios/axios,axios,axios,v1.7.0,b960a013e2a1236354ce631e5fc3c9bdaa3525a2,2024-05-19T20:24:57Z,DigitalBrainJS@users.noreply.github.com,False,unsigned
3,2024-08-16,Github-Hosted,Linux,X64,H6060-Javascript-Axios,Npm,https://github.com/axios/axios,axios,axios,v1.7.0-beta.0,0fab496c413a4facc3c917db5d8fe98e83b430dc,2024-04-28T19:50:48Z,DigitalBrainJS@users.noreply.github.com,False,unsigned
3,2024-08-16,Github-Hosted,Linux,X64,H6060-Javascript-Axios,Npm,https://github.com/axios/axios,axios,axios,v1.7.0-beta.1,e8ef246883ee36c29b9fcdeadab69a453aa639c7,2024-05-07T18:37:45Z,DigitalBrainJS@users.noreply.github.com,False,unsigned
3,2024-08-16,Github-Hosted,Linux,X64,H6060-Javascript-Axios,Npm,https://github.com/axios/axios,axios,axios,v1.7.0-beta.2,8840d414037d3bfa3d6b29bb3fa813ee0ed507bf,2024-05-19T18:01:17Z,DigitalBrainJS@users.noreply.github.com,False,unsigned
3,2024-08-16,Github-Hosted,Linux,X64,H6060-Javascript-Axios,Npm,https://github.com/axios/axios,axios,axios,v1.7.1,a1131ef48346bb9271368e9c1727b3301212bf52,2024-05-20T13:32:46Z,DigitalBrainJS@users.noreply.github.com,False,unsigned
3,2024-08-16,Github-Hosted,Linux,X64,H6060-Javascript-Axios,Npm,https://github.com/axios/axios,axios,axios,v1.7.2,a9b6054d3e5a052c10d91671d644a436cdd5a92b,2024-05-21T16:57:58Z,DigitalBrainJS@users.noreply.github.com,False,unsigned
3,2024-08-16,Github-Hosted,Linux,X64,H6060-Javascript-Axios,Npm,https://github.com/axios/axios,axios,axios,v1.7.3,ed60cae9b9ad891728dad40926901a6518f043d4,2024-08-01T16:16:07Z,DigitalBrainJS@users.noreply.github.com,False,unsigned
3,2024-08-16,Github-Hosted,Linux,X64,H6060-Javascript-Axios,Npm,https://github.com/axios/axios,axios,axios,v1.7.4,5d5072c708aa7fc2ce6a5fba9759d741f50ef833,2024-08-13T19:33:04Z,jasonsaayman@users.noreply.github.com,False,unsigned
