{
  "version": "v2.8.0",
  "id": "d77cbc98-af16-4710-b3db-a4a607328c58",
  "repositoryID": "00000000-0000-0000-0000-000000000000",
  "repositoryName": "",
  "workspaceID": "00000000-0000-0000-0000-000000000000",
  "workspaceName": "",
  "status": "success",
  "errors": "",
  "createdAt": "2024-08-16T12:56:05.384391429Z",
  "finishedAt": "2024-08-16T12:56:06.937369169Z",
  "analysisVulnerabilities": [
    {
      "vulnerabilityID": "00000000-0000-0000-0000-000000000000",
      "analysisID": "d77cbc98-af16-4710-b3db-a4a607328c58",
      "createdAt": "2024-08-16T12:56:06.937378056Z",
      "vulnerabilities": {
        "vulnerabilityID": "26be1821-2ee2-4b18-b03c-e4b24afac3b7",
        "line": "49",
        "column": "11",
        "confidence": "MEDIUM",
        "file": "spec/env/runtime.js",
        "code": "return eval('(' + templateSpec + ')');",
        "details": "(1/1) * Possible vulnerability detected: No use eval\nThe eval function is extremely dangerous. Because if any user input is not handled correctly and passed to it, it will be possible to execute code remotely in the context of your application (RCE - Remote Code Executuion). For more information checkout the CWE-94 (https://cwe.mitre.org/data/definitions/94.html) advisory.",
        "securityTool": "HorusecEngine",
        "language": "JavaScript",
        "severity": "CRITICAL",
        "type": "Vulnerability",
        "commitAuthor": "-",
        "commitEmail": "-",
        "commitHash": "-",
        "commitMessage": "-",
        "commitDate": "-",
        "rule_id": "HS-JAVASCRIPT-2",
        "vulnHash": "16f77e9a55f21f6a7e7161c0fbb104489377f7d3939756e6c4cd2ab3e6d4c088",
        "deprecatedHashes": [
          "716253c1f96e043cb53d40a7a78a4366f7a1fe8f3546f0817c73c38a91c5a00f",
          "4b6e943927cbb4c67cbeef92605d9fd4bbdddf8456cc446b7d7a8eef54f7aece"
        ],
        "securityToolVersion": "",
        "securityToolInfoUri": ""
      }
    },
    {
      "vulnerabilityID": "00000000-0000-0000-0000-000000000000",
      "analysisID": "d77cbc98-af16-4710-b3db-a4a607328c58",
      "createdAt": "2024-08-16T12:56:06.937382464Z",
      "vulnerabilities": {
        "vulnerabilityID": "2b044444-c9da-4249-930b-e5f8500ced84",
        "line": "18",
        "column": "11",
        "confidence": "MEDIUM",
        "file": "spec/env/node.js",
        "code": "return eval('(' + templateSpec + ')');",
        "details": "(1/1) * Possible vulnerability detected: No use eval\nThe eval function is extremely dangerous. Because if any user input is not handled correctly and passed to it, it will be possible to execute code remotely in the context of your application (RCE - Remote Code Executuion). For more information checkout the CWE-94 (https://cwe.mitre.org/data/definitions/94.html) advisory.",
        "securityTool": "HorusecEngine",
        "language": "JavaScript",
        "severity": "CRITICAL",
        "type": "Vulnerability",
        "commitAuthor": "-",
        "commitEmail": "-",
        "commitHash": "-",
        "commitMessage": "-",
        "commitDate": "-",
        "rule_id": "HS-JAVASCRIPT-2",
        "vulnHash": "de5f85380ca6e3f2060f4eae874b42e8b0822fd9cf37dc5810e5b7b3f0b68cc2",
        "deprecatedHashes": [
          "5560aa9e6fe857053a6870490acb49afe3bdb8baf2f89a36ae218d546307c992",
          "9d8b3e3cb71079bb60afa250b12cae551854dc2b88c5df37784dbd098e419823"
        ],
        "securityToolVersion": "",
        "securityToolInfoUri": ""
      }
    },
    {
      "vulnerabilityID": "00000000-0000-0000-0000-000000000000",
      "analysisID": "d77cbc98-af16-4710-b3db-a4a607328c58",
      "createdAt": "2024-08-16T12:56:06.937383847Z",
      "vulnerabilities": {
        "vulnerabilityID": "44e22c89-3fbb-40e9-9b33-33ba80ab62af",
        "line": "38",
        "column": "22",
        "confidence": "MEDIUM",
        "file": "spec/spec.js",
        "code": "data.lambda = eval('(' + data.lambda.js + ')');",
        "details": "(1/1) * Possible vulnerability detected: No use eval\nThe eval function is extremely dangerous. Because if any user input is not handled correctly and passed to it, it will be possible to execute code remotely in the context of your application (RCE - Remote Code Executuion). For more information checkout the CWE-94 (https://cwe.mitre.org/data/definitions/94.html) advisory.",
        "securityTool": "HorusecEngine",
        "language": "JavaScript",
        "severity": "CRITICAL",
        "type": "Vulnerability",
        "commitAuthor": "-",
        "commitEmail": "-",
        "commitHash": "-",
        "commitMessage": "-",
        "commitDate": "-",
        "rule_id": "HS-JAVASCRIPT-2",
        "vulnHash": "ba4289fe6354fb8415b27ad3a57be577024b2b0b07d1290f91e14c7660d2c043",
        "deprecatedHashes": [
          "16fc510733cbe7a4830cb495ae9e0d8b5ad644f87ae2bb93c3cf5a798c292790",
          "3768961173f77a0dc2526f972a1cca649e5a9281b6cc0702488b02bfc8042afa"
        ],
        "securityToolVersion": "",
        "securityToolInfoUri": ""
      }
    },
    {
      "vulnerabilityID": "00000000-0000-0000-0000-000000000000",
      "analysisID": "d77cbc98-af16-4710-b3db-a4a607328c58",
      "createdAt": "2024-08-16T12:56:06.937385239Z",
      "vulnerabilities": {
        "vulnerabilityID": "8bb4f1ab-0c48-4384-be37-acc219301d2e",
        "line": "30",
        "column": "11",
        "confidence": "MEDIUM",
        "file": "spec/env/browser.js",
        "code": "return eval('(' + templateSpec + ')');",
        "details": "(1/1) * Possible vulnerability detected: No use eval\nThe eval function is extremely dangerous. Because if any user input is not handled correctly and passed to it, it will be possible to execute code remotely in the context of your application (RCE - Remote Code Executuion). For more information checkout the CWE-94 (https://cwe.mitre.org/data/definitions/94.html) advisory.",
        "securityTool": "HorusecEngine",
        "language": "JavaScript",
        "severity": "CRITICAL",
        "type": "Vulnerability",
        "commitAuthor": "-",
        "commitEmail": "-",
        "commitHash": "-",
        "commitMessage": "-",
        "commitDate": "-",
        "rule_id": "HS-JAVASCRIPT-2",
        "vulnHash": "8e8ca9c0073e8b7ff8c226b090dffeec419e3770b6796a002827fd82aa267b07",
        "deprecatedHashes": [
          "cd6a6c87c66ffa9e728b69266ba7274001bc2c25bb7be8c17a51c1cf89bb47e5",
          "38f14418e938aafe51fb0a0f29d5ffea32e361ce5e3b84f09fa02b100a12c95f"
        ],
        "securityToolVersion": "",
        "securityToolInfoUri": ""
      }
    },
    {
      "vulnerabilityID": "00000000-0000-0000-0000-000000000000",
      "analysisID": "d77cbc98-af16-4710-b3db-a4a607328c58",
      "createdAt": "2024-08-16T12:56:06.937388095Z",
      "vulnerabilities": {
        "vulnerabilityID": "21b95087-8052-4092-a75b-2623e3fc8534",
        "line": "474",
        "column": "20",
        "confidence": "MEDIUM",
        "file": "spec/env/json2.js",
        "code": "j = eval('(' + text + ')');",
        "details": "(1/1) * Possible vulnerability detected: No use eval\nThe eval function is extremely dangerous. Because if any user input is not handled correctly and passed to it, it will be possible to execute code remotely in the context of your application (RCE - Remote Code Executuion). For more information checkout the CWE-94 (https://cwe.mitre.org/data/definitions/94.html) advisory.",
        "securityTool": "HorusecEngine",
        "language": "JavaScript",
        "severity": "CRITICAL",
        "type": "Vulnerability",
        "commitAuthor": "-",
        "commitEmail": "-",
        "commitHash": "-",
        "commitMessage": "-",
        "commitDate": "-",
        "rule_id": "HS-JAVASCRIPT-2",
        "vulnHash": "929a61f9dfbda86c3df9ffc8c06b0a60f6624f3b00b6efa7c3a91efe3460f207",
        "deprecatedHashes": [
          "55e420873c58ee11bb808104e07e72a179daa3a409ab032997431284041b6c3c",
          "0a26909920ee11c31157dbfe12aa617c015e239c7480f7192c8e0ee27b3233c5"
        ],
        "securityToolVersion": "",
        "securityToolInfoUri": ""
      }
    },
    {
      "vulnerabilityID": "00000000-0000-0000-0000-000000000000",
      "analysisID": "d77cbc98-af16-4710-b3db-a4a607328c58",
      "createdAt": "2024-08-16T12:56:06.937391692Z",
      "vulnerabilities": {
        "vulnerabilityID": "324511c7-b94c-493c-bf31-fb5715163d29",
        "line": "2049",
        "column": "15",
        "confidence": "MEDIUM",
        "file": "spec/env/require.js",
        "code": "return eval(text);",
        "details": "(1/1) * Possible vulnerability detected: No use eval\nThe eval function is extremely dangerous. Because if any user input is not handled correctly and passed to it, it will be possible to execute code remotely in the context of your application (RCE - Remote Code Executuion). For more information checkout the CWE-94 (https://cwe.mitre.org/data/definitions/94.html) advisory.",
        "securityTool": "HorusecEngine",
        "language": "JavaScript",
        "severity": "CRITICAL",
        "type": "Vulnerability",
        "commitAuthor": "-",
        "commitEmail": "-",
        "commitHash": "-",
        "commitMessage": "-",
        "commitDate": "-",
        "rule_id": "HS-JAVASCRIPT-2",
        "vulnHash": "ec76effb369274844afd458bbb6f655bd8fac7f141e372ef950e3ce77116826b",
        "deprecatedHashes": [
          "76572d16135f538b54e4fcf867b5bbf46f2a45ba46fcb85733805a6531703209",
          "16787792ba05f92b3a42fb1c659a77cff7b423864ebb4eb28402e89b9518b2c2"
        ],
        "securityToolVersion": "",
        "securityToolInfoUri": ""
      }
    },
    {
      "vulnerabilityID": "00000000-0000-0000-0000-000000000000",
      "analysisID": "d77cbc98-af16-4710-b3db-a4a607328c58",
      "createdAt": "2024-08-16T12:56:06.937370722Z",
      "vulnerabilities": {
        "vulnerabilityID": "7f0d1f91-6af2-4d18-97bb-a705c987cef3",
        "line": "15",
        "column": "8",
        "confidence": "HIGH",
        "file": ".eslintrc.js",
        "code": "\"no-debugger\": \"warn\",",
        "details": "(1/1) * Possible vulnerability detected: Debugger statements should not be used\nThe debugger statement can be placed anywhere in procedures to suspend execution. Using the debugger statement is similar to setting a breakpoint in the code. By definition such statement must absolutely be removed from the source code to prevent any unexpected behavior or added vulnerability to attacks in production. For more information checkout the CWE-489 (https://cwe.mitre.org/data/definitions/489.html) advisory.",
        "securityTool": "HorusecEngine",
        "language": "JavaScript",
        "severity": "HIGH",
        "type": "Vulnerability",
        "commitAuthor": "-",
        "commitEmail": "-",
        "commitHash": "-",
        "commitMessage": "-",
        "commitDate": "-",
        "rule_id": "HS-JAVASCRIPT-15",
        "vulnHash": "b23ea4eb6061c3135d095f546a19681e9beadf61b1fb4bfb93a9c37de9071f94",
        "deprecatedHashes": [
          "9b15ac917f2c61f8d184f19fb18a01fffdc6d8edc7f197dd369c3b1c597d6366",
          "b66bd936d05d66b14f4211e658c93dc0f98e5135b3a2f231f8fb264fee564824"
        ],
        "securityToolVersion": "",
        "securityToolInfoUri": ""
      }
    },
    {
      "vulnerabilityID": "00000000-0000-0000-0000-000000000000",
      "analysisID": "d77cbc98-af16-4710-b3db-a4a607328c58",
      "createdAt": "2024-08-16T12:56:06.937374199Z",
      "vulnerabilities": {
        "vulnerabilityID": "d38548b5-286d-4336-bdbc-a6c156ed53dc",
        "line": "13",
        "column": "29",
        "confidence": "LOW",
        "file": "tasks/parser.js",
        "code": "n(cmd, ['-m', 'js', 'src/handlebars.yy', 'src/handlebars.l'], {stdio: 'inherit'});",
        "details": "(1/1) * Possible vulnerability detected: Using shell interpreter when executing OS commands\nArbitrary OS command injection vulnerabilities are more likely when a shell is spawned rather than a new process, indeed shell meta-chars can be used (when parameters are user-controlled for instance) to inject OS commands. For more information checkout the CWE-78 (https://cwe.mitre.org/data/definitions/78.html) advisory.",
        "securityTool": "HorusecEngine",
        "language": "JavaScript",
        "severity": "HIGH",
        "type": "Vulnerability",
        "commitAuthor": "-",
        "commitEmail": "-",
        "commitHash": "-",
        "commitMessage": "-",
        "commitDate": "-",
        "rule_id": "HS-JAVASCRIPT-36",
        "vulnHash": "42cd6f478159be572ab4a8204b80c4f25f5c1c02692374e34989ee02dceaa10f",
        "deprecatedHashes": [
          "ae32a50d25d424b6f1542300539261af8569d57e7609da6ba393b15e82f1fc6d",
          "73417ce5e8fc38fc81e17730025eccb90c3b27f26e90a30bc502ec19ee0fd259"
        ],
        "securityToolVersion": "",
        "securityToolInfoUri": ""
      }
    },
    {
      "vulnerabilityID": "00000000-0000-0000-0000-000000000000",
      "analysisID": "d77cbc98-af16-4710-b3db-a4a607328c58",
      "createdAt": "2024-08-16T12:56:06.937379509Z",
      "vulnerabilities": {
        "vulnerabilityID": "e9ec414f-6cbe-4efc-aefa-3128743a0a9d",
        "line": "1",
        "column": "21",
        "confidence": "HIGH",
        "file": "spec/env/runner.js",
        "code": "/* eslint-disable no-console */",
        "details": "(1/1) * Possible vulnerability detected: Using command line arguments\nCommand line arguments can be dangerous just like any other user input. They should never be used without being first validated and sanitized. Remember also that any user can retrieve the list of processes running on a system, which makes the arguments provided to them visible. Thus passing sensitive information via command line arguments should be considered as insecure. This rule raises an issue when on every program entry points (main methods) when command line arguments are used. The goal is to guide security code reviews. Sanitize all command line arguments before using them. For more information checkout the CWE-88 (https://cwe.mitre.org/data/definitions/88.html) advisory.",
        "securityTool": "HorusecEngine",
        "language": "JavaScript",
        "severity": "HIGH",
        "type": "Vulnerability",
        "commitAuthor": "-",
        "commitEmail": "-",
        "commitHash": "-",
        "commitMessage": "-",
        "commitDate": "-",
        "rule_id": "HS-JAVASCRIPT-21",
        "vulnHash": "65d852574145d02d3677fcfdd66e16ce7096c83c7832fb4631467f89e20172d3",
        "deprecatedHashes": [
          "76b1814414bbcd0aa1b6e18a31c31c73381d7e59ac228760b2c0d4e37e83b0b1",
          "3617e2fa74776ef01c8243a6672f8acae3a0860743f7d7f439807353ffd80d24"
        ],
        "securityToolVersion": "",
        "securityToolInfoUri": ""
      }
    },
    {
      "vulnerabilityID": "00000000-0000-0000-0000-000000000000",
      "analysisID": "d77cbc98-af16-4710-b3db-a4a607328c58",
      "createdAt": "2024-08-16T12:56:06.937381021Z",
      "vulnerabilities": {
        "vulnerabilityID": "84f09d1d-e3d7-40be-a368-f50418c2bf62",
        "line": "12",
        "column": "23",
        "confidence": "HIGH",
        "file": "tasks/test.js",
        "code": "// On Windows, the executable handlebars.js file cannot be run directly",
        "details": "(1/1) * Possible vulnerability detected: Using command line arguments\nCommand line arguments can be dangerous just like any other user input. They should never be used without being first validated and sanitized. Remember also that any user can retrieve the list of processes running on a system, which makes the arguments provided to them visible. Thus passing sensitive information via command line arguments should be considered as insecure. This rule raises an issue when on every program entry points (main methods) when command line arguments are used. The goal is to guide security code reviews. Sanitize all command line arguments before using them. For more information checkout the CWE-88 (https://cwe.mitre.org/data/definitions/88.html) advisory.",
        "securityTool": "HorusecEngine",
        "language": "JavaScript",
        "severity": "HIGH",
        "type": "Vulnerability",
        "commitAuthor": "-",
        "commitEmail": "-",
        "commitHash": "-",
        "commitMessage": "-",
        "commitDate": "-",
        "rule_id": "HS-JAVASCRIPT-21",
        "vulnHash": "ac2d28e73413d22c1aff0fd8c45273081fadaaca5b4efe0600029a40387dadda",
        "deprecatedHashes": [
          "1c87049039718ed9d4031d5c4ec50753bf620cd3cb537fe8879a3e61512e4873",
          "1dbcd3362dbf69ae5a73de290878d68f1bd0d6b3e0931b7aff8571ba16915bd3"
        ],
        "securityToolVersion": "",
        "securityToolInfoUri": ""
      }
    },
    {
      "vulnerabilityID": "00000000-0000-0000-0000-000000000000",
      "analysisID": "d77cbc98-af16-4710-b3db-a4a607328c58",
      "createdAt": "2024-08-16T12:56:06.937381743Z",
      "vulnerabilities": {
        "vulnerabilityID": "c9d3a68d-f97f-4dbd-9c79-44394c2f213b",
        "line": "17",
        "column": "17",
        "confidence": "LOW",
        "file": "tasks/test.js",
        "code": "childProcess.execFile(cmd, args, function(err, stdout) {",
        "details": "(1/1) * Possible vulnerability detected: Using shell interpreter when executing OS commands\nArbitrary OS command injection vulnerabilities are more likely when a shell is spawned rather than a new process, indeed shell meta-chars can be used (when parameters are user-controlled for instance) to inject OS commands. For more information checkout the CWE-78 (https://cwe.mitre.org/data/definitions/78.html) advisory.",
        "securityTool": "HorusecEngine",
        "language": "JavaScript",
        "severity": "HIGH",
        "type": "Vulnerability",
        "commitAuthor": "-",
        "commitEmail": "-",
        "commitHash": "-",
        "commitMessage": "-",
        "commitDate": "-",
        "rule_id": "HS-JAVASCRIPT-36",
        "vulnHash": "2ea4377c6d7aacbc97b7fff2af782d2d366ae83a3460e440a5ac7700d12b4b63",
        "deprecatedHashes": [
          "0733a81a1b1662ec2b441775264afe8d4a56ba4119bfb80c17c247f429bfb82e",
          "fc39ae35185cf2abf2aa29386f9c5ba0152be3d0cb951cd998bbe4b991fc2555"
        ],
        "securityToolVersion": "",
        "securityToolInfoUri": ""
      }
    },
    {
      "vulnerabilityID": "00000000-0000-0000-0000-000000000000",
      "analysisID": "d77cbc98-af16-4710-b3db-a4a607328c58",
      "createdAt": "2024-08-16T12:56:06.937384548Z",
      "vulnerabilities": {
        "vulnerabilityID": "c19d9f91-e532-467b-b25c-8cf0763530a7",
        "line": "5",
        "column": "17",
        "confidence": "LOW",
        "file": "tasks/util/git.js",
        "code": "childProcess.exec('git remote -v', {}, function(err, remotes) {",
        "details": "(1/1) * Possible vulnerability detected: Using shell interpreter when executing OS commands\nArbitrary OS command injection vulnerabilities are more likely when a shell is spawned rather than a new process, indeed shell meta-chars can be used (when parameters are user-controlled for instance) to inject OS commands. For more information checkout the CWE-78 (https://cwe.mitre.org/data/definitions/78.html) advisory.",
        "securityTool": "HorusecEngine",
        "language": "JavaScript",
        "severity": "HIGH",
        "type": "Vulnerability",
        "commitAuthor": "-",
        "commitEmail": "-",
        "commitHash": "-",
        "commitMessage": "-",
        "commitDate": "-",
        "rule_id": "HS-JAVASCRIPT-36",
        "vulnHash": "f12242c12c88e953f9d1fc4c9e6b7b384bb5e1fee65ba3b0867f0ceb059c5d7a",
        "deprecatedHashes": [
          "7af303d118cee057642db64f1adca1d3b7fd991c2a01b975d36dad4b4ba21b95",
          "c1b6970c5ce5dd713a935a3d5e0e2678dd1cdb27de9c5546c8e01a307acd7830"
        ],
        "securityToolVersion": "",
        "securityToolInfoUri": ""
      }
    },
    {
      "vulnerabilityID": "00000000-0000-0000-0000-000000000000",
      "analysisID": "d77cbc98-af16-4710-b3db-a4a607328c58",
      "createdAt": "2024-08-16T12:56:06.937386692Z",
      "vulnerabilities": {
        "vulnerabilityID": "e4903ff8-63f7-469a-b78c-f48dd83a79a9",
        "line": "82",
        "column": "69",
        "confidence": "HIGH",
        "file": "types/test.ts",
        "code": "const escapedExpression = Handlebars.Utils.escapeExpression('\u003cscript\u003ealert(\\'xss\\');\u003c/script\u003e');",
        "details": "(1/1) * Possible vulnerability detected: Alert statements should not be used\nalert(...) as well as confirm(...) and prompt(...) can be useful for debugging during development, but in production mode this kind of pop-up could expose sensitive information to attackers, and should never be displayed. For more information checkout the CWE-489 (https://cwe.mitre.org/data/definitions/489.html) advisory.",
        "securityTool": "HorusecEngine",
        "language": "JavaScript",
        "severity": "HIGH",
        "type": "Vulnerability",
        "commitAuthor": "-",
        "commitEmail": "-",
        "commitHash": "-",
        "commitMessage": "-",
        "commitDate": "-",
        "rule_id": "HS-JAVASCRIPT-16",
        "vulnHash": "ec15c9d9a3cf68d1969b047710b88c5f632c0ee918acd183dca114665ea12cd6",
        "deprecatedHashes": [
          "a29012734969af00b47f143d04b91d29eb7ff19806a37eba0980093239426167",
          "2ede62869037d1aff216ee6ca65867cc9ab2bd336b2c44157f64708ea77578be"
        ],
        "securityToolVersion": "",
        "securityToolInfoUri": ""
      }
    },
    {
      "vulnerabilityID": "00000000-0000-0000-0000-000000000000",
      "analysisID": "d77cbc98-af16-4710-b3db-a4a607328c58",
      "createdAt": "2024-08-16T12:56:06.93739097Z",
      "vulnerabilities": {
        "vulnerabilityID": "a14bb1b7-72ad-4976-aa37-1c947c5ee342",
        "line": "1125",
        "column": "6",
        "confidence": "HIGH",
        "file": "lib/handlebars/compiler/javascript-compiler.js",
        "code": "' debugger implements protected volatile' +",
        "details": "(1/1) * Possible vulnerability detected: Debugger statements should not be used\nThe debugger statement can be placed anywhere in procedures to suspend execution. Using the debugger statement is similar to setting a breakpoint in the code. By definition such statement must absolutely be removed from the source code to prevent any unexpected behavior or added vulnerability to attacks in production. For more information checkout the CWE-489 (https://cwe.mitre.org/data/definitions/489.html) advisory.",
        "securityTool": "HorusecEngine",
        "language": "JavaScript",
        "severity": "HIGH",
        "type": "Vulnerability",
        "commitAuthor": "-",
        "commitEmail": "-",
        "commitHash": "-",
        "commitMessage": "-",
        "commitDate": "-",
        "rule_id": "HS-JAVASCRIPT-15",
        "vulnHash": "90b5dd4934083eb0f9e104f790601f3df9b27e39d3429803b2a994fac503b7a6",
        "deprecatedHashes": [
          "023a86400f5d486150a232335a335277fac096061b482e389f7a88dcb5f8f9f6",
          "0b99ee6245a080c099317c2fd30b460d1e2914af3dbbc921fa3afa483969fd64"
        ],
        "securityToolVersion": "",
        "securityToolInfoUri": ""
      }
    },
    {
      "vulnerabilityID": "00000000-0000-0000-0000-000000000000",
      "analysisID": "d77cbc98-af16-4710-b3db-a4a607328c58",
      "createdAt": "2024-08-16T12:56:06.937388806Z",
      "vulnerabilities": {
        "vulnerabilityID": "980b8818-51f8-4c27-8a3c-6889fa079ca2",
        "line": "75",
        "column": "21",
        "confidence": "HIGH",
        "file": "spec/partials.js",
        "code": "CompilerContext.compile('Dudes: {{\u003edude dudes foo bar=baz}}');",
        "details": "(1/1) * Possible vulnerability detected: No Disable Sanitize Html\nTo reduce the risk of cross-site scripting attacks, templating systems, such as Twig, Django, Smarty, Groovy's template engine, allow configuration of automatic variable escaping before rendering templates. When escape occurs, characters that make sense to the browser (eg: \u003ca\u003e) will be transformed/replaced with escaped/sanitized values (eg: \u0026 lt;a\u0026 gt; ). Enable auto-escaping by default and continue to review the use of inputs in order to be sure that the chosen auto-escaping strategy is the right one. For more information checkout the CWE-79 (https://cwe.mitre.org/data/definitions/79.html) advisory.",
        "securityTool": "HorusecEngine",
        "language": "JavaScript",
        "severity": "LOW",
        "type": "Vulnerability",
        "commitAuthor": "-",
        "commitEmail": "-",
        "commitHash": "-",
        "commitMessage": "-",
        "commitDate": "-",
        "rule_id": "HS-JAVASCRIPT-52",
        "vulnHash": "bb8ead4a771c816786d40424f18b967f606795d5d9245a11a13dfcf556b2ae5f",
        "deprecatedHashes": [
          "4a1847fc3654c5db7cbc7dc9755985b20cac7d54d8b8b75acc0397d09d503cb8",
          "41f7777daaf52a8f72f100053960d0c9dfaede4c37163fec585a7e6c9001933d"
        ],
        "securityToolVersion": "",
        "securityToolInfoUri": ""
      }
    },
    {
      "vulnerabilityID": "00000000-0000-0000-0000-000000000000",
      "analysisID": "d77cbc98-af16-4710-b3db-a4a607328c58",
      "createdAt": "2024-08-16T12:56:06.937389548Z",
      "vulnerabilities": {
        "vulnerabilityID": "fe6f78a1-549f-4b27-8b73-25a3986087e6",
        "line": "211",
        "column": "8",
        "confidence": "HIGH",
        "file": "lib/handlebars/compiler/compiler.js",
        "code": "if (mustache.escaped \u0026\u0026 !this.options.noEscape) {",
        "details": "(1/1) * Possible vulnerability detected: No Disable Sanitize Html\nTo reduce the risk of cross-site scripting attacks, templating systems, such as Twig, Django, Smarty, Groovy's template engine, allow configuration of automatic variable escaping before rendering templates. When escape occurs, characters that make sense to the browser (eg: \u003ca\u003e) will be transformed/replaced with escaped/sanitized values (eg: \u0026 lt;a\u0026 gt; ). Enable auto-escaping by default and continue to review the use of inputs in order to be sure that the chosen auto-escaping strategy is the right one. For more information checkout the CWE-79 (https://cwe.mitre.org/data/definitions/79.html) advisory.",
        "securityTool": "HorusecEngine",
        "language": "JavaScript",
        "severity": "LOW",
        "type": "Vulnerability",
        "commitAuthor": "-",
        "commitEmail": "-",
        "commitHash": "-",
        "commitMessage": "-",
        "commitDate": "-",
        "rule_id": "HS-JAVASCRIPT-52",
        "vulnHash": "6659c3f7d4d1bfb29924e36d2cfadb9fbf68f425d7c27f03a170254274dc2cf7",
        "deprecatedHashes": [
          "a8d0577095d08748e85adfa3256c3cb0e267332a5ae415046d61a1b050df6992",
          "5e6d2a00eb137738d995f5e307e880c5a92484e070ed530fc146995f07858dc2"
        ],
        "securityToolVersion": "",
        "securityToolInfoUri": ""
      }
    },
    {
      "vulnerabilityID": "00000000-0000-0000-0000-000000000000",
      "analysisID": "d77cbc98-af16-4710-b3db-a4a607328c58",
      "createdAt": "2024-08-16T12:56:06.937390259Z",
      "vulnerabilities": {
        "vulnerabilityID": "0de3a13e-e69f-4565-bdfa-1b707b2fc2dc",
        "line": "82",
        "column": "32",
        "confidence": "HIGH",
        "file": "lib/handlebars/compiler/compiler.js",
        "code": "let childCompiler = new this.compiler(), // eslint-disable-line new-cap",
        "details": "(1/1) * Possible vulnerability detected: No Disable Sanitize Html\nTo reduce the risk of cross-site scripting attacks, templating systems, such as Twig, Django, Smarty, Groovy's template engine, allow configuration of automatic variable escaping before rendering templates. When escape occurs, characters that make sense to the browser (eg: \u003ca\u003e) will be transformed/replaced with escaped/sanitized values (eg: \u0026 lt;a\u0026 gt; ). Enable auto-escaping by default and continue to review the use of inputs in order to be sure that the chosen auto-escaping strategy is the right one. For more information checkout the CWE-79 (https://cwe.mitre.org/data/definitions/79.html) advisory.",
        "securityTool": "HorusecEngine",
        "language": "JavaScript",
        "severity": "LOW",
        "type": "Vulnerability",
        "commitAuthor": "-",
        "commitEmail": "-",
        "commitHash": "-",
        "commitMessage": "-",
        "commitDate": "-",
        "rule_id": "HS-JAVASCRIPT-52",
        "vulnHash": "0bb92c0c6f9fb04c6e9a7713c368285c6e5cebfe787fcddf8533b2937b29a609",
        "deprecatedHashes": [
          "35db8498945506122974d53abe58ab5c5d6036432cbe283662531858a5f83f26",
          "af27d0d38d38e4645e7b7d7383478310075efa3fa7647e2333a944dee421afa3"
        ],
        "securityToolVersion": "",
        "securityToolInfoUri": ""
      }
    }
  ]
}