{"errors": [{"code": 3, "level": "warn", "message": "Syntax error at line examples/postMultipartFormData/index.html:61:\n `> network tab -> request to \"server\" -> payload tab` was unexpected", "path": "examples/postMultipartFormData/index.html", "spans": [{"end": {"col": 89, "line": 61, "offset": 51}, "file": "examples/postMultipartFormData/index.html", "start": {"col": 38, "line": 61, "offset": 0}}], "type": ["PartialParsing", [{"end": {"col": 89, "line": 61, "offset": 51}, "path": "examples/postMultipartFormData/index.html", "start": {"col": 38, "line": 61, "offset": 0}}]]}], "interfile_languages_used": [], "paths": {"scanned": [".deepsource.toml", ".eslintrc.cjs", ".github/workflows/H6060-Experiment-3.yml", ".gitignore", ".npmignore", "CHANGELOG.md", "CODE_OF_CONDUCT.md", "COLLABORATOR_GUIDE.md", "CONTRIBUTING.md", "ECOSYSTEM.md", "LICENSE", "MIGRATION_GUIDE.md", "README.md", "SECURITY.md", "bin/GithubAPI.js", "bin/RepoBot.js", "bin/actions/notify_published.js", "bin/api.js", "bin/check-build-version.js", "bin/contributors.js", "bin/githubAxios.js", "bin/helpers/colorize.js", "bin/helpers/parser.js", "bin/injectContributorsList.js", "bin/pr.js", "bin/repo.js", "bin/resolveNPMTag.js", "bin/ssl_hotfix.js", "bower.json", "examples/README.md", "examples/all/index.html", "examples/amd/index.html", "examples/get/index.html", "examples/get/server.js", "examples/post/index.html", "examples/post/server.js", "examples/postMultipartFormData/index.html", "examples/postMultipartFormData/server.js", "examples/server.js", "examples/transform-response/index.html", "examples/upload/index.html", "examples/upload/server.js", "gulpfile.js", "index.d.cts", "index.d.ts", "index.js", "karma.conf.cjs", "lib/adapters/README.md", "lib/adapters/adapters.js", "lib/adapters/fetch.js", "lib/adapters/http.js", "lib/adapters/xhr.js", "lib/axios.js", "lib/cancel/CancelToken.js", "lib/cancel/CanceledError.js", "lib/cancel/isCancel.js", "lib/core/Axios.js", "lib/core/AxiosError.js", "lib/core/AxiosHeaders.js", "lib/core/InterceptorManager.js", "lib/core/README.md", "lib/core/buildFullPath.js", "lib/core/dispatchRequest.js", "lib/core/mergeConfig.js", "lib/core/settle.js", "lib/core/transformData.js", "lib/defaults/index.js", "lib/defaults/transitional.js", "lib/env/README.md", "lib/env/classes/FormData.js", "lib/env/data.js", "lib/helpers/AxiosTransformStream.js", "lib/helpers/AxiosURLSearchParams.js", "lib/helpers/HttpStatusCode.js", "lib/helpers/README.md", "lib/helpers/ZlibHeaderTransformStream.js", "lib/helpers/bind.js", "lib/helpers/buildURL.js", "lib/helpers/callbackify.js", "lib/helpers/combineURLs.js", "lib/helpers/composeSignals.js", "lib/helpers/cookies.js", "lib/helpers/deprecatedMethod.js", "lib/helpers/formDataToJSON.js", "lib/helpers/formDataToStream.js", "lib/helpers/fromDataURI.js", "lib/helpers/isAbsoluteURL.js", "lib/helpers/isAxiosError.js", "lib/helpers/isURLSameOrigin.js", "lib/helpers/null.js", "lib/helpers/parseHeaders.js", "lib/helpers/parseProtocol.js", "lib/helpers/progressEventReducer.js", "lib/helpers/readBlob.js", "lib/helpers/resolveConfig.js", "lib/helpers/speedometer.js", "lib/helpers/spread.js", "lib/helpers/throttle.js", "lib/helpers/toFormData.js", "lib/helpers/toURLEncodedForm.js", "lib/helpers/trackStream.js", "lib/helpers/validator.js", "lib/platform/browser/classes/Blob.js", "lib/platform/browser/classes/FormData.js", "lib/platform/browser/classes/URLSearchParams.js", "lib/platform/browser/index.js", "lib/platform/common/utils.js", "lib/platform/index.js", "lib/platform/node/classes/FormData.js", "lib/platform/node/classes/URLSearchParams.js", "lib/platform/node/index.js", "lib/utils.js", "package.json", "rollup.config.js", "sandbox/client.html", "sandbox/client.js", "sandbox/server.js", "templates/contributors.hbs", "templates/pr.hbs", "templates/pr_published.hbs", "templates/prs.hbs", "tsconfig.json", "tslint.json", "webpack.config.js"]}, "results": [{"check_id": "javascript.lang.security.audit.detect-non-literal-regexp.detect-non-literal-regexp", "end": {"col": 74, "line": 9, "offset": 253}, "extra": {"dataflow_trace": {"intermediate_vars": [{"content": "name", "location": {"end": {"col": 40, "line": 8, "offset": 168}, "path": "bin/helpers/parser.js", "start": {"col": 36, "line": 8, "offset": 164}}}], "taint_sink": ["CliLoc", [{"end": {"col": 74, "line": 9, "offset": 253}, "path": "bin/helpers/parser.js", "start": {"col": 18, "line": 9, "offset": 197}}, "new RegExp(`^(#+)\\\\s+${name}?(.*?)^\\\\1\\\\s+\\\\w+`, 'gims')"]], "taint_source": ["CliLoc", [{"end": {"col": 40, "line": 8, "offset": 168}, "path": "bin/helpers/parser.js", "start": {"col": 36, "line": 8, "offset": 164}}, "name"]]}, "engine_kind": "OSS", "fingerprint": "64151239e1afe199626acd0f81aa6c12d619739da8f7bdde9ab2eb0e40c10ead4b5514f9f44b5411c5ccecbcd790da56563f85eff09b33e40e4160535282f09c_0", "is_ignored": false, "lines": "  matchAll(body, new RegExp(`^(#+)\\\\s+${name}?(.*?)^\\\\1\\\\s+\\\\w+`, 'gims'), cb);", "message": "RegExp() called with a `name` function argument, this might allow an attacker to cause a Regular Expression Denial-of-Service (ReDoS) within your application as RegExP blocks the main thread. For this reason, it is recommended to use hardcoded regexes instead. If your regex is run on user-controlled input, consider performing input validation or use a regex checking/sanitization library such as https://www.npmjs.com/package/recheck to verify that the regex does not appear vulnerable to ReDoS.", "metadata": {"category": "security", "confidence": "LOW", "cwe": ["CWE-1333: Inefficient Regular Expression Complexity"], "impact": "MEDIUM", "license": "Commons Clause License Condition v1.0[LGPL-2.1-only]", "likelihood": "MEDIUM", "owasp": ["A05:2021 - Security Misconfiguration", "A06:2017 - Security Misconfiguration"], "references": ["https://owasp.org/www-community/attacks/Regular_expression_Denial_of_Service_-_ReDoS"], "semgrep.dev": {"rule": {"origin": "community", "r_id": 12685, "rule_id": "zdU1gD", "rv_id": 834140, "url": "https://semgrep.dev/playground/r/8KTGkZw/javascript.lang.security.audit.detect-non-literal-regexp.detect-non-literal-regexp", "version_id": "8KTGkZw"}}, "shortlink": "https://sg.run/gr65", "source": "https://semgrep.dev/r/javascript.lang.security.audit.detect-non-literal-regexp.detect-non-literal-regexp", "source-rule-url": "https://github.com/nodesecurity/eslint-plugin-security/blob/master/rules/detect-non-literal-regexp.js", "subcategory": ["vuln"], "technology": ["javascript"], "vulnerability_class": ["Denial-of-Service (DoS)"]}, "metavars": {"$ARG": {"abstract_content": "name", "end": {"col": 40, "line": 8, "offset": 168}, "start": {"col": 36, "line": 8, "offset": 164}}}, "severity": "WARNING", "validation_state": "NO_VALIDATOR"}, "path": "bin/helpers/parser.js", "start": {"col": 18, "line": 9, "offset": 197}}, {"check_id": "javascript.lang.security.audit.path-traversal.path-join-resolve-traversal.path-join-resolve-traversal", "end": {"col": 42, "line": 16, "offset": 714}, "extra": {"dataflow_trace": {"intermediate_vars": [{"content": "infile", "location": {"end": {"col": 68, "line": 13, "offset": 575}, "path": "bin/injectContributorsList.js", "start": {"col": 62, "line": 13, "offset": 569}}}], "taint_sink": ["CliLoc", [{"end": {"col": 42, "line": 16, "offset": 714}, "path": "bin/injectContributorsList.js", "start": {"col": 36, "line": 16, "offset": 708}}, "infile"]], "taint_source": ["CliLoc", [{"end": {"col": 68, "line": 13, "offset": 575}, "path": "bin/injectContributorsList.js", "start": {"col": 62, "line": 13, "offset": 569}}, "infile"]]}, "engine_kind": "OSS", "fingerprint": "d913fa56d2802eb384333a25dca3d289998915c24807fd89c4eb2149165b36bdc554b8421cf778e7674706a793bf390aac6a61bb821dabcc59a7f62efb8609e5_0", "is_ignored": false, "lines": "  infile = path.resolve(__dirname, infile);", "message": "Detected possible user input going into a `path.join` or `path.resolve` function. This could possibly lead to a path traversal vulnerability,  where the attacker can access arbitrary files stored in the file system. Instead, be sure to sanitize or validate user input first.", "metadata": {"category": "security", "confidence": "LOW", "cwe": ["CWE-22: Improper Limitation of a Pathname to a Restricted Directory ('Path Traversal')"], "cwe2021-top25": true, "cwe2022-top25": true, "impact": "MEDIUM", "license": "Commons Clause License Condition v1.0[LGPL-2.1-only]", "likelihood": "HIGH", "owasp": ["A05:2017 - Broken Access Control", "A01:2021 - Broken Access Control"], "references": ["https://owasp.org/www-community/attacks/Path_Traversal"], "semgrep.dev": {"rule": {"origin": "community", "r_id": 9331, "rule_id": "8GUjrq", "rv_id": 834146, "url": "https://semgrep.dev/playground/r/JdTlrjW/javascript.lang.security.audit.path-traversal.path-join-resolve-traversal.path-join-resolve-traversal", "version_id": "JdTlrjW"}}, "shortlink": "https://sg.run/OPqk", "source": "https://semgrep.dev/r/javascript.lang.security.audit.path-traversal.path-join-resolve-traversal.path-join-resolve-traversal", "subcategory": ["vuln"], "technology": ["javascript", "node.js"], "vulnerability_class": ["Path Traversal"]}, "metavars": {"$PATH": {"abstract_content": "path", "end": {"col": 16, "line": 16, "offset": 688}, "start": {"col": 12, "line": 16, "offset": 684}}, "$SINK": {"abstract_content": "infile", "end": {"col": 42, "line": 16, "offset": 714}, "start": {"col": 36, "line": 16, "offset": 708}}, "$X": {"abstract_content": "infile", "end": {"col": 68, "line": 13, "offset": 575}, "start": {"col": 62, "line": 13, "offset": 569}}}, "severity": "WARNING", "validation_state": "NO_VALIDATOR"}, "path": "bin/injectContributorsList.js", "start": {"col": 36, "line": 16, "offset": 708}}, {"check_id": "javascript.lang.security.audit.spawn-shell-true.spawn-shell-true", "end": {"col": 2, "line": 18, "offset": 494}, "extra": {"engine_kind": "OSS", "fingerprint": "980a51a331aed776e97b47e361ba279286a9d3141cbc4c58ea748cf26592f62481ddb198280b6ab1d575ae08dc47abf9e229845066c6d5bcc5420dfad9d7c355_0", "is_ignored": false, "lines": "const test = spawn('cross-env',\n  isHotfixNeeded ? ['NODE_OPTIONS=--openssl-legacy-provider', ...args] : args, {\n    shell: true,\n    stdio: 'inherit'\n  }\n);", "message": "Found '$SPAWN' with '{shell: true}'. This is dangerous because this call will spawn the command using a shell process. Doing so propagates current shell settings and variables, which makes it much easier for a malicious actor to execute commands. Use '{shell: false}' instead.", "metadata": {"category": "security", "confidence": "LOW", "cwe": ["CWE-78: Improper Neutralization of Special Elements used in an OS Command ('OS Command Injection')"], "cwe2021-top25": true, "cwe2022-top25": true, "impact": "LOW", "license": "Commons Clause License Condition v1.0[LGPL-2.1-only]", "likelihood": "LOW", "owasp": ["A01:2017 - Injection", "A03:2021 - Injection"], "references": ["https://owasp.org/Top10/A03_2021-Injection"], "semgrep.dev": {"rule": {"origin": "community", "r_id": 9853, "rule_id": "lBUdr5", "rv_id": 834149, "url": "https://semgrep.dev/playground/r/RGTKGlb/javascript.lang.security.audit.spawn-shell-true.spawn-shell-true", "version_id": "RGTKGlb"}}, "shortlink": "https://sg.run/Wgeo", "source": "https://semgrep.dev/r/javascript.lang.security.audit.spawn-shell-true.spawn-shell-true", "subcategory": ["audit"], "technology": ["javascript"], "vulnerability_class": ["Command Injection"]}, "metavars": {"$CP": {"abstract_content": "spawn", "end": {"col": 19, "line": 13, "offset": 351}, "start": {"col": 14, "line": 13, "offset": 346}}, "$SHELL": {"abstract_content": "true", "end": {"col": 16, "line": 15, "offset": 463}, "start": {"col": 12, "line": 15, "offset": 459}}}, "severity": "ERROR", "validation_state": "NO_VALIDATOR"}, "path": "bin/ssl_hotfix.js", "start": {"col": 14, "line": 13, "offset": 346}}, {"check_id": "html.security.audit.missing-integrity.missing-integrity", "end": {"col": 116, "line": 5, "offset": 190}, "extra": {"engine_kind": "OSS", "fingerprint": "a5a7bd755abd74ed8f81d49f4cac99ec7562d3efb810ef91400b9748f8f22bea83a1f2a680bb4d1450ab1d7382338a413126792f95055cfe328afefa00e0e741_0", "is_ignored": false, "lines": "    <link rel=\"stylesheet\" type=\"text/css\" href=\"//maxcdn.bootstrapcdn.com/bootstrap/4.3.1/css/bootstrap.min.css\"/>", "message": "This tag is missing an 'integrity' subresource integrity attribute. The 'integrity' attribute allows for the browser to verify that externally hosted files (for example from a CDN) are delivered without unexpected manipulation. Without this attribute, if an attacker can modify the externally hosted resource, this could lead to XSS and other types of attacks. To prevent this, include the base64-encoded cryptographic hash of the resource (file) you\u2019re telling the browser to fetch in the 'integrity' attribute for all externally hosted files.", "metadata": {"category": "security", "confidence": "LOW", "cwe": ["CWE-353: Missing Support for Integrity Check"], "impact": "LOW", "license": "Commons Clause License Condition v1.0[LGPL-2.1-only]", "likelihood": "LOW", "owasp": ["A08:2021 - Software and Data Integrity Failures"], "references": ["https://owasp.org/Top10/A08_2021-Software_and_Data_Integrity_Failures"], "semgrep.dev": {"rule": {"origin": "community", "r_id": 13728, "rule_id": "AbUQzj", "rv_id": 833890, "url": "https://semgrep.dev/playground/r/nWTy4vO/html.security.audit.missing-integrity.missing-integrity", "version_id": "nWTy4vO"}}, "shortlink": "https://sg.run/krXA", "source": "https://semgrep.dev/r/html.security.audit.missing-integrity.missing-integrity", "subcategory": ["audit"], "technology": ["html"], "vulnerability_class": ["Cryptographic Issues"]}, "metavars": {"$...A": {"abstract_content": " rel=\"stylesheet\" type=\"text/css\" href=\"//maxcdn.bootstrapcdn.com/bootstrap/4.3.1/css/bootstrap.min.css\"/", "end": {"col": 115, "line": 5, "offset": 189}, "start": {"col": 10, "line": 5, "offset": 84}}}, "severity": "WARNING", "validation_state": "NO_VALIDATOR"}, "path": "examples/all/index.html", "start": {"col": 5, "line": 5, "offset": 79}}, {"check_id": "html.security.audit.missing-integrity.missing-integrity", "end": {"col": 116, "line": 5, "offset": 174}, "extra": {"engine_kind": "OSS", "fingerprint": "326f0887bf74a65712b0982fc24c40af5e3748783d8b1eeadef4c37d5da292c4bb8ff610b02a9e1b30d25bc4e4de18dd4eddfe4c5dde289530cfd58e83acb98b_0", "is_ignored": false, "lines": "    <link rel=\"stylesheet\" type=\"text/css\" href=\"//maxcdn.bootstrapcdn.com/bootstrap/4.3.1/css/bootstrap.min.css\"/>", "message": "This tag is missing an 'integrity' subresource integrity attribute. The 'integrity' attribute allows for the browser to verify that externally hosted files (for example from a CDN) are delivered without unexpected manipulation. Without this attribute, if an attacker can modify the externally hosted resource, this could lead to XSS and other types of attacks. To prevent this, include the base64-encoded cryptographic hash of the resource (file) you\u2019re telling the browser to fetch in the 'integrity' attribute for all externally hosted files.", "metadata": {"category": "security", "confidence": "LOW", "cwe": ["CWE-353: Missing Support for Integrity Check"], "impact": "LOW", "license": "Commons Clause License Condition v1.0[LGPL-2.1-only]", "likelihood": "LOW", "owasp": ["A08:2021 - Software and Data Integrity Failures"], "references": ["https://owasp.org/Top10/A08_2021-Software_and_Data_Integrity_Failures"], "semgrep.dev": {"rule": {"origin": "community", "r_id": 13728, "rule_id": "AbUQzj", "rv_id": 833890, "url": "https://semgrep.dev/playground/r/nWTy4vO/html.security.audit.missing-integrity.missing-integrity", "version_id": "nWTy4vO"}}, "shortlink": "https://sg.run/krXA", "source": "https://semgrep.dev/r/html.security.audit.missing-integrity.missing-integrity", "subcategory": ["audit"], "technology": ["html"], "vulnerability_class": ["Cryptographic Issues"]}, "metavars": {"$...A": {"abstract_content": " rel=\"stylesheet\" type=\"text/css\" href=\"//maxcdn.bootstrapcdn.com/bootstrap/4.3.1/css/bootstrap.min.css\"/", "end": {"col": 115, "line": 5, "offset": 173}, "start": {"col": 10, "line": 5, "offset": 68}}}, "severity": "WARNING", "validation_state": "NO_VALIDATOR"}, "path": "examples/amd/index.html", "start": {"col": 5, "line": 5, "offset": 63}}, {"check_id": "html.security.audit.missing-integrity.missing-integrity", "end": {"col": 100, "line": 20, "offset": 566}, "extra": {"engine_kind": "OSS", "fingerprint": "dfce98511b12c108d128ca6efc8b15e2e2e3d3742f78da6035a156d9849657bb5258509ce97dd4e52328a2ffc0dcb390840c81e3666c285ae9a89d215cc18599_0", "is_ignored": false, "lines": "    <script src=\"https://cdnjs.cloudflare.com/ajax/libs/require.js/2.1.16/require.min.js\"></script>", "message": "This tag is missing an 'integrity' subresource integrity attribute. The 'integrity' attribute allows for the browser to verify that externally hosted files (for example from a CDN) are delivered without unexpected manipulation. Without this attribute, if an attacker can modify the externally hosted resource, this could lead to XSS and other types of attacks. To prevent this, include the base64-encoded cryptographic hash of the resource (file) you\u2019re telling the browser to fetch in the 'integrity' attribute for all externally hosted files.", "metadata": {"category": "security", "confidence": "LOW", "cwe": ["CWE-353: Missing Support for Integrity Check"], "impact": "LOW", "license": "Commons Clause License Condition v1.0[LGPL-2.1-only]", "likelihood": "LOW", "owasp": ["A08:2021 - Software and Data Integrity Failures"], "references": ["https://owasp.org/Top10/A08_2021-Software_and_Data_Integrity_Failures"], "semgrep.dev": {"rule": {"origin": "community", "r_id": 13728, "rule_id": "AbUQzj", "rv_id": 833890, "url": "https://semgrep.dev/playground/r/nWTy4vO/html.security.audit.missing-integrity.missing-integrity", "version_id": "nWTy4vO"}}, "shortlink": "https://sg.run/krXA", "source": "https://semgrep.dev/r/html.security.audit.missing-integrity.missing-integrity", "subcategory": ["audit"], "technology": ["html"], "vulnerability_class": ["Cryptographic Issues"]}, "metavars": {"$...A": {"abstract_content": " src=\"https://cdnjs.cloudflare.com/ajax/libs/require.js/2.1.16/require.min.js\"", "end": {"col": 90, "line": 20, "offset": 556}, "start": {"col": 12, "line": 20, "offset": 478}}}, "severity": "WARNING", "validation_state": "NO_VALIDATOR"}, "path": "examples/amd/index.html", "start": {"col": 5, "line": 20, "offset": 471}}, {"check_id": "html.security.audit.missing-integrity.missing-integrity", "end": {"col": 116, "line": 5, "offset": 190}, "extra": {"engine_kind": "OSS", "fingerprint": "1c434435b0bb7514f21ee6327a0630339a093825c29ad8089227be4cbb820567b95e9aa4a685fb26b8041895861cb1139545531f616e2ffb7b3021eeea26e9ca_0", "is_ignored": false, "lines": "    <link rel=\"stylesheet\" type=\"text/css\" href=\"//maxcdn.bootstrapcdn.com/bootstrap/4.3.1/css/bootstrap.min.css\"/>", "message": "This tag is missing an 'integrity' subresource integrity attribute. The 'integrity' attribute allows for the browser to verify that externally hosted files (for example from a CDN) are delivered without unexpected manipulation. Without this attribute, if an attacker can modify the externally hosted resource, this could lead to XSS and other types of attacks. To prevent this, include the base64-encoded cryptographic hash of the resource (file) you\u2019re telling the browser to fetch in the 'integrity' attribute for all externally hosted files.", "metadata": {"category": "security", "confidence": "LOW", "cwe": ["CWE-353: Missing Support for Integrity Check"], "impact": "LOW", "license": "Commons Clause License Condition v1.0[LGPL-2.1-only]", "likelihood": "LOW", "owasp": ["A08:2021 - Software and Data Integrity Failures"], "references": ["https://owasp.org/Top10/A08_2021-Software_and_Data_Integrity_Failures"], "semgrep.dev": {"rule": {"origin": "community", "r_id": 13728, "rule_id": "AbUQzj", "rv_id": 833890, "url": "https://semgrep.dev/playground/r/nWTy4vO/html.security.audit.missing-integrity.missing-integrity", "version_id": "nWTy4vO"}}, "shortlink": "https://sg.run/krXA", "source": "https://semgrep.dev/r/html.security.audit.missing-integrity.missing-integrity", "subcategory": ["audit"], "technology": ["html"], "vulnerability_class": ["Cryptographic Issues"]}, "metavars": {"$...A": {"abstract_content": " rel=\"stylesheet\" type=\"text/css\" href=\"//maxcdn.bootstrapcdn.com/bootstrap/4.3.1/css/bootstrap.min.css\"/", "end": {"col": 115, "line": 5, "offset": 189}, "start": {"col": 10, "line": 5, "offset": 84}}}, "severity": "WARNING", "validation_state": "NO_VALIDATOR"}, "path": "examples/get/index.html", "start": {"col": 5, "line": 5, "offset": 79}}, {"check_id": "html.security.audit.missing-integrity.missing-integrity", "end": {"col": 14, "line": 31, "offset": 1357}, "extra": {"engine_kind": "OSS", "fingerprint": "fc6701476d9a0ca3ad6263be114f3329e6657e8485df047a56bfb53cd0deb1be7aaee2b94b025a16dbf2cf5047f14f22d291db61ddd46981dab42b10cf158c5a_0", "is_ignored": false, "lines": "    <script>\n      axios.get('/get/server')\n        .then(function (response) {\n          document.getElementById('people').innerHTML = response.data.map(function (person) {\n            return (\n              '<li class=\"row\">' +\n                '<img src=\"https://avatars.githubusercontent.com/u/' + person.avatar + '?s=50\" class=\"col-md-1\"/>' +\n                '<div class=\"col-md-3\">' +\n                  '<strong>' + person.name + '</strong>' +\n                  '<div>GitHub: <a href=\"https://github.com/' + person.github + '\" target=\"_blank\">' + person.github + '</a></div>' +\n                  '<div>Twitter: <a href=\"https://twitter.com/' + person.twitter + '\" target=\"_blank\">' + person.twitter + '</a></div>' +\n                '</div>' +\n              '</li><br/>'\n            );\n          }).join('');\n        })\n        .catch(function (err) {\n          document.getElementById('people').innerHTML = '<li class=\"text-danger\">' + err.message + '</li>';\n        });\n    </script>", "message": "This tag is missing an 'integrity' subresource integrity attribute. The 'integrity' attribute allows for the browser to verify that externally hosted files (for example from a CDN) are delivered without unexpected manipulation. Without this attribute, if an attacker can modify the externally hosted resource, this could lead to XSS and other types of attacks. To prevent this, include the base64-encoded cryptographic hash of the resource (file) you\u2019re telling the browser to fetch in the 'integrity' attribute for all externally hosted files.", "metadata": {"category": "security", "confidence": "LOW", "cwe": ["CWE-353: Missing Support for Integrity Check"], "impact": "LOW", "license": "Commons Clause License Condition v1.0[LGPL-2.1-only]", "likelihood": "LOW", "owasp": ["A08:2021 - Software and Data Integrity Failures"], "references": ["https://owasp.org/Top10/A08_2021-Software_and_Data_Integrity_Failures"], "semgrep.dev": {"rule": {"origin": "community", "r_id": 13728, "rule_id": "AbUQzj", "rv_id": 833890, "url": "https://semgrep.dev/playground/r/nWTy4vO/html.security.audit.missing-integrity.missing-integrity", "version_id": "nWTy4vO"}}, "shortlink": "https://sg.run/krXA", "source": "https://semgrep.dev/r/html.security.audit.missing-integrity.missing-integrity", "subcategory": ["audit"], "technology": ["html"], "vulnerability_class": ["Cryptographic Issues"]}, "metavars": {"$...A": {"abstract_content": ">\r\n      axios.get('/get/server')\r\n        .then(function (response) {\r\n          document.getElementById('people').innerHTML = response.data.map(function (person) {\r\n            return (\r\n              '<li class=\"row\">' +\r\n                '<img src=\"https://avatars.githubusercontent.com/u/' + person.avatar + '?s=50\" class=\"col-md-1\"/>' +\r\n                '<div class=\"col-md-3\">' +\r\n                  '<strong>' + person.name + '</strong>' +\r\n                  '<div", "end": {"col": 24, "line": 21, "offset": 830}, "start": {"col": 12, "line": 12, "offset": 360}}}, "severity": "WARNING", "validation_state": "NO_VALIDATOR"}, "path": "examples/get/index.html", "start": {"col": 5, "line": 12, "offset": 353}}, {"check_id": "html.security.audit.missing-integrity.missing-integrity", "end": {"col": 116, "line": 5, "offset": 191}, "extra": {"engine_kind": "OSS", "fingerprint": "936860636d5eedecc8331f5b1c61f589f584e7ab15e4771002c0afb05ecd81c6a2240c207be265d0a10f2e16708c0fb68e60b14af584620be947546d1998cf73_0", "is_ignored": false, "lines": "    <link rel=\"stylesheet\" type=\"text/css\" href=\"//maxcdn.bootstrapcdn.com/bootstrap/4.3.1/css/bootstrap.min.css\"/>", "message": "This tag is missing an 'integrity' subresource integrity attribute. The 'integrity' attribute allows for the browser to verify that externally hosted files (for example from a CDN) are delivered without unexpected manipulation. Without this attribute, if an attacker can modify the externally hosted resource, this could lead to XSS and other types of attacks. To prevent this, include the base64-encoded cryptographic hash of the resource (file) you\u2019re telling the browser to fetch in the 'integrity' attribute for all externally hosted files.", "metadata": {"category": "security", "confidence": "LOW", "cwe": ["CWE-353: Missing Support for Integrity Check"], "impact": "LOW", "license": "Commons Clause License Condition v1.0[LGPL-2.1-only]", "likelihood": "LOW", "owasp": ["A08:2021 - Software and Data Integrity Failures"], "references": ["https://owasp.org/Top10/A08_2021-Software_and_Data_Integrity_Failures"], "semgrep.dev": {"rule": {"origin": "community", "r_id": 13728, "rule_id": "AbUQzj", "rv_id": 833890, "url": "https://semgrep.dev/playground/r/nWTy4vO/html.security.audit.missing-integrity.missing-integrity", "version_id": "nWTy4vO"}}, "shortlink": "https://sg.run/krXA", "source": "https://semgrep.dev/r/html.security.audit.missing-integrity.missing-integrity", "subcategory": ["audit"], "technology": ["html"], "vulnerability_class": ["Cryptographic Issues"]}, "metavars": {"$...A": {"abstract_content": " rel=\"stylesheet\" type=\"text/css\" href=\"//maxcdn.bootstrapcdn.com/bootstrap/4.3.1/css/bootstrap.min.css\"/", "end": {"col": 115, "line": 5, "offset": 190}, "start": {"col": 10, "line": 5, "offset": 85}}}, "severity": "WARNING", "validation_state": "NO_VALIDATOR"}, "path": "examples/post/index.html", "start": {"col": 5, "line": 5, "offset": 80}}, {"check_id": "html.security.audit.missing-integrity.missing-integrity", "end": {"col": 116, "line": 5, "offset": 191}, "extra": {"engine_kind": "OSS", "fingerprint": "a6e13d576fc481954f5df71816571eab6bf37962582dbe017dcb79b50ff77a04431696d2f9f1fbc390f2781ad48a736051c60181c7cb2ded938593e193c31325_0", "is_ignored": false, "lines": "    <link rel=\"stylesheet\" type=\"text/css\" href=\"//maxcdn.bootstrapcdn.com/bootstrap/4.3.1/css/bootstrap.min.css\"/>", "message": "This tag is missing an 'integrity' subresource integrity attribute. The 'integrity' attribute allows for the browser to verify that externally hosted files (for example from a CDN) are delivered without unexpected manipulation. Without this attribute, if an attacker can modify the externally hosted resource, this could lead to XSS and other types of attacks. To prevent this, include the base64-encoded cryptographic hash of the resource (file) you\u2019re telling the browser to fetch in the 'integrity' attribute for all externally hosted files.", "metadata": {"category": "security", "confidence": "LOW", "cwe": ["CWE-353: Missing Support for Integrity Check"], "impact": "LOW", "license": "Commons Clause License Condition v1.0[LGPL-2.1-only]", "likelihood": "LOW", "owasp": ["A08:2021 - Software and Data Integrity Failures"], "references": ["https://owasp.org/Top10/A08_2021-Software_and_Data_Integrity_Failures"], "semgrep.dev": {"rule": {"origin": "community", "r_id": 13728, "rule_id": "AbUQzj", "rv_id": 833890, "url": "https://semgrep.dev/playground/r/nWTy4vO/html.security.audit.missing-integrity.missing-integrity", "version_id": "nWTy4vO"}}, "shortlink": "https://sg.run/krXA", "source": "https://semgrep.dev/r/html.security.audit.missing-integrity.missing-integrity", "subcategory": ["audit"], "technology": ["html"], "vulnerability_class": ["Cryptographic Issues"]}, "metavars": {"$...A": {"abstract_content": " rel=\"stylesheet\" type=\"text/css\" href=\"//maxcdn.bootstrapcdn.com/bootstrap/4.3.1/css/bootstrap.min.css\"/", "end": {"col": 115, "line": 5, "offset": 190}, "start": {"col": 10, "line": 5, "offset": 85}}}, "severity": "WARNING", "validation_state": "NO_VALIDATOR"}, "path": "examples/postMultipartFormData/index.html", "start": {"col": 5, "line": 5, "offset": 80}}, {"check_id": "javascript.lang.security.audit.path-traversal.path-join-resolve-traversal.path-join-resolve-traversal", "end": {"col": 46, "line": 20, "offset": 548}, "extra": {"dataflow_trace": {"intermediate_vars": [{"content": "root", "location": {"end": {"col": 23, "line": 13, "offset": 330}, "path": "examples/server.js", "start": {"col": 19, "line": 13, "offset": 326}}}], "taint_sink": ["CliLoc", [{"end": {"col": 46, "line": 20, "offset": 548}, "path": "examples/server.js", "start": {"col": 42, "line": 20, "offset": 544}}, "root"]], "taint_source": ["CliLoc", [{"end": {"col": 23, "line": 13, "offset": 330}, "path": "examples/server.js", "start": {"col": 19, "line": 13, "offset": 326}}, "root"]]}, "engine_kind": "OSS", "fingerprint": "828dfd4d48fc1e38071bb84b9904d3446202db5b8c2479b8cc6ba81e526510fcd7d697ad81b7a38b277143e5ccde261e6f30c29a195381bc308722ed470b7960_0", "is_ignored": false, "lines": "      const stat = fs.statSync(path.join(root, file));", "message": "Detected possible user input going into a `path.join` or `path.resolve` function. This could possibly lead to a path traversal vulnerability,  where the attacker can access arbitrary files stored in the file system. Instead, be sure to sanitize or validate user input first.", "metadata": {"category": "security", "confidence": "LOW", "cwe": ["CWE-22: Improper Limitation of a Pathname to a Restricted Directory ('Path Traversal')"], "cwe2021-top25": true, "cwe2022-top25": true, "impact": "MEDIUM", "license": "Commons Clause License Condition v1.0[LGPL-2.1-only]", "likelihood": "HIGH", "owasp": ["A05:2017 - Broken Access Control", "A01:2021 - Broken Access Control"], "references": ["https://owasp.org/www-community/attacks/Path_Traversal"], "semgrep.dev": {"rule": {"origin": "community", "r_id": 9331, "rule_id": "8GUjrq", "rv_id": 834146, "url": "https://semgrep.dev/playground/r/JdTlrjW/javascript.lang.security.audit.path-traversal.path-join-resolve-traversal.path-join-resolve-traversal", "version_id": "JdTlrjW"}}, "shortlink": "https://sg.run/OPqk", "source": "https://semgrep.dev/r/javascript.lang.security.audit.path-traversal.path-join-resolve-traversal.path-join-resolve-traversal", "subcategory": ["vuln"], "technology": ["javascript", "node.js"], "vulnerability_class": ["Path Traversal"]}, "metavars": {"$PATH": {"abstract_content": "path", "end": {"col": 36, "line": 20, "offset": 538}, "start": {"col": 32, "line": 20, "offset": 534}}, "$SINK": {"abstract_content": "root", "end": {"col": 46, "line": 20, "offset": 548}, "start": {"col": 42, "line": 20, "offset": 544}}, "$X": {"abstract_content": "root", "end": {"col": 23, "line": 13, "offset": 330}, "start": {"col": 19, "line": 13, "offset": 326}}}, "severity": "WARNING", "validation_state": "NO_VALIDATOR"}, "path": "examples/server.js", "start": {"col": 42, "line": 20, "offset": 544}}, {"check_id": "javascript.lang.security.audit.path-traversal.path-join-resolve-traversal.path-join-resolve-traversal", "end": {"col": 52, "line": 20, "offset": 554}, "extra": {"dataflow_trace": {"intermediate_vars": [{"content": "root", "location": {"end": {"col": 23, "line": 13, "offset": 330}, "path": "examples/server.js", "start": {"col": 19, "line": 13, "offset": 326}}}, {"content": "files", "location": {"end": {"col": 14, "line": 14, "offset": 348}, "path": "examples/server.js", "start": {"col": 9, "line": 14, "offset": 343}}}, {"content": "file", "location": {"end": {"col": 15, "line": 18, "offset": 461}, "path": "examples/server.js", "start": {"col": 11, "line": 18, "offset": 457}}}], "taint_sink": ["CliLoc", [{"end": {"col": 52, "line": 20, "offset": 554}, "path": "examples/server.js", "start": {"col": 48, "line": 20, "offset": 550}}, "file"]], "taint_source": ["CliLoc", [{"end": {"col": 23, "line": 13, "offset": 330}, "path": "examples/server.js", "start": {"col": 19, "line": 13, "offset": 326}}, "root"]]}, "engine_kind": "OSS", "fingerprint": "4551e685638e74907cdd2b2a3c99e5449f5f321b259e5f6d29354addf14d71b9eb316d31b925d2a98314eeaaac74369d83599bf37825ad18363fc192617e685b_0", "is_ignored": false, "lines": "      const stat = fs.statSync(path.join(root, file));", "message": "Detected possible user input going into a `path.join` or `path.resolve` function. This could possibly lead to a path traversal vulnerability,  where the attacker can access arbitrary files stored in the file system. Instead, be sure to sanitize or validate user input first.", "metadata": {"category": "security", "confidence": "LOW", "cwe": ["CWE-22: Improper Limitation of a Pathname to a Restricted Directory ('Path Traversal')"], "cwe2021-top25": true, "cwe2022-top25": true, "impact": "MEDIUM", "license": "Commons Clause License Condition v1.0[LGPL-2.1-only]", "likelihood": "HIGH", "owasp": ["A05:2017 - Broken Access Control", "A01:2021 - Broken Access Control"], "references": ["https://owasp.org/www-community/attacks/Path_Traversal"], "semgrep.dev": {"rule": {"origin": "community", "r_id": 9331, "rule_id": "8GUjrq", "rv_id": 834146, "url": "https://semgrep.dev/playground/r/JdTlrjW/javascript.lang.security.audit.path-traversal.path-join-resolve-traversal.path-join-resolve-traversal", "version_id": "JdTlrjW"}}, "shortlink": "https://sg.run/OPqk", "source": "https://semgrep.dev/r/javascript.lang.security.audit.path-traversal.path-join-resolve-traversal.path-join-resolve-traversal", "subcategory": ["vuln"], "technology": ["javascript", "node.js"], "vulnerability_class": ["Path Traversal"]}, "metavars": {"$PATH": {"abstract_content": "path", "end": {"col": 36, "line": 20, "offset": 538}, "start": {"col": 32, "line": 20, "offset": 534}}, "$SINK": {"abstract_content": "file", "end": {"col": 52, "line": 20, "offset": 554}, "propagated_value": {"svalue_abstract_content": "files[i]", "svalue_end": {"col": 26, "line": 18, "offset": 472}, "svalue_start": {"col": 18, "line": 18, "offset": 464}}, "start": {"col": 48, "line": 20, "offset": 550}}, "$X": {"abstract_content": "root", "end": {"col": 23, "line": 13, "offset": 330}, "start": {"col": 19, "line": 13, "offset": 326}}}, "severity": "WARNING", "validation_state": "NO_VALIDATOR"}, "path": "examples/server.js", "start": {"col": 48, "line": 20, "offset": 550}}, {"check_id": "javascript.lang.security.audit.path-traversal.path-join-resolve-traversal.path-join-resolve-traversal", "end": {"col": 48, "line": 75, "offset": 1789}, "extra": {"dataflow_trace": {"intermediate_vars": [{"content": "file", "location": {"end": {"col": 38, "line": 69, "offset": 1648}, "path": "examples/server.js", "start": {"col": 34, "line": 69, "offset": 1644}}}], "taint_sink": ["CliLoc", [{"end": {"col": 48, "line": 75, "offset": 1789}, "path": "examples/server.js", "start": {"col": 44, "line": 75, "offset": 1785}}, "file"]], "taint_source": ["CliLoc", [{"end": {"col": 38, "line": 69, "offset": 1648}, "path": "examples/server.js", "start": {"col": 34, "line": 69, "offset": 1644}}, "file"]]}, "engine_kind": "OSS", "fingerprint": "039608394b0867363428ddb9c8cb7929850ccb42cf6702a324ab78cc1b20faac7986a72b610d57333c4e7631cf37a8a04ddfcffb1ab27a871d78065ebef7cc49_0", "is_ignored": false, "lines": "  fs.createReadStream(path.join(__dirname, file)).pipe(res);", "message": "Detected possible user input going into a `path.join` or `path.resolve` function. This could possibly lead to a path traversal vulnerability,  where the attacker can access arbitrary files stored in the file system. Instead, be sure to sanitize or validate user input first.", "metadata": {"category": "security", "confidence": "LOW", "cwe": ["CWE-22: Improper Limitation of a Pathname to a Restricted Directory ('Path Traversal')"], "cwe2021-top25": true, "cwe2022-top25": true, "impact": "MEDIUM", "license": "Commons Clause License Condition v1.0[LGPL-2.1-only]", "likelihood": "HIGH", "owasp": ["A05:2017 - Broken Access Control", "A01:2021 - Broken Access Control"], "references": ["https://owasp.org/www-community/attacks/Path_Traversal"], "semgrep.dev": {"rule": {"origin": "community", "r_id": 9331, "rule_id": "8GUjrq", "rv_id": 834146, "url": "https://semgrep.dev/playground/r/JdTlrjW/javascript.lang.security.audit.path-traversal.path-join-resolve-traversal.path-join-resolve-traversal", "version_id": "JdTlrjW"}}, "shortlink": "https://sg.run/OPqk", "source": "https://semgrep.dev/r/javascript.lang.security.audit.path-traversal.path-join-resolve-traversal.path-join-resolve-traversal", "subcategory": ["vuln"], "technology": ["javascript", "node.js"], "vulnerability_class": ["Path Traversal"]}, "metavars": {"$PATH": {"abstract_content": "path", "end": {"col": 27, "line": 75, "offset": 1768}, "start": {"col": 23, "line": 75, "offset": 1764}}, "$SINK": {"abstract_content": "file", "end": {"col": 48, "line": 75, "offset": 1789}, "start": {"col": 44, "line": 75, "offset": 1785}}, "$X": {"abstract_content": "file", "end": {"col": 38, "line": 69, "offset": 1648}, "start": {"col": 34, "line": 69, "offset": 1644}}}, "severity": "WARNING", "validation_state": "NO_VALIDATOR"}, "path": "examples/server.js", "start": {"col": 44, "line": 75, "offset": 1785}}, {"check_id": "html.security.audit.missing-integrity.missing-integrity", "end": {"col": 116, "line": 5, "offset": 205}, "extra": {"engine_kind": "OSS", "fingerprint": "c9d8871f73a0abc3e9b3cd22e4fdf0209a834d263b8b4e014c9405b9595c7d4a681fed527e218a8d050ae284b35e40c740d5fba72dbaf73bf63c89b0c6ac2b94_0", "is_ignored": false, "lines": "    <link rel=\"stylesheet\" type=\"text/css\" href=\"//maxcdn.bootstrapcdn.com/bootstrap/4.3.1/css/bootstrap.min.css\"/>", "message": "This tag is missing an 'integrity' subresource integrity attribute. The 'integrity' attribute allows for the browser to verify that externally hosted files (for example from a CDN) are delivered without unexpected manipulation. Without this attribute, if an attacker can modify the externally hosted resource, this could lead to XSS and other types of attacks. To prevent this, include the base64-encoded cryptographic hash of the resource (file) you\u2019re telling the browser to fetch in the 'integrity' attribute for all externally hosted files.", "metadata": {"category": "security", "confidence": "LOW", "cwe": ["CWE-353: Missing Support for Integrity Check"], "impact": "LOW", "license": "Commons Clause License Condition v1.0[LGPL-2.1-only]", "likelihood": "LOW", "owasp": ["A08:2021 - Software and Data Integrity Failures"], "references": ["https://owasp.org/Top10/A08_2021-Software_and_Data_Integrity_Failures"], "semgrep.dev": {"rule": {"origin": "community", "r_id": 13728, "rule_id": "AbUQzj", "rv_id": 833890, "url": "https://semgrep.dev/playground/r/nWTy4vO/html.security.audit.missing-integrity.missing-integrity", "version_id": "nWTy4vO"}}, "shortlink": "https://sg.run/krXA", "source": "https://semgrep.dev/r/html.security.audit.missing-integrity.missing-integrity", "subcategory": ["audit"], "technology": ["html"], "vulnerability_class": ["Cryptographic Issues"]}, "metavars": {"$...A": {"abstract_content": " rel=\"stylesheet\" type=\"text/css\" href=\"//maxcdn.bootstrapcdn.com/bootstrap/4.3.1/css/bootstrap.min.css\"/", "end": {"col": 115, "line": 5, "offset": 204}, "start": {"col": 10, "line": 5, "offset": 99}}}, "severity": "WARNING", "validation_state": "NO_VALIDATOR"}, "path": "examples/transform-response/index.html", "start": {"col": 5, "line": 5, "offset": 94}}, {"check_id": "html.security.audit.missing-integrity.missing-integrity", "end": {"col": 116, "line": 5, "offset": 198}, "extra": {"engine_kind": "OSS", "fingerprint": "665287b5c9d543ef174404b1aa8e8c8879ae5468fc3a6aac4a8316b5f680e6a9a4635802356b0c39c7eb12a855c64be99ac4f9312ec38322ad069023b2b55e0e_0", "is_ignored": false, "lines": "    <link rel=\"stylesheet\" type=\"text/css\" href=\"//maxcdn.bootstrapcdn.com/bootstrap/4.3.1/css/bootstrap.min.css\"/>", "message": "This tag is missing an 'integrity' subresource integrity attribute. The 'integrity' attribute allows for the browser to verify that externally hosted files (for example from a CDN) are delivered without unexpected manipulation. Without this attribute, if an attacker can modify the externally hosted resource, this could lead to XSS and other types of attacks. To prevent this, include the base64-encoded cryptographic hash of the resource (file) you\u2019re telling the browser to fetch in the 'integrity' attribute for all externally hosted files.", "metadata": {"category": "security", "confidence": "LOW", "cwe": ["CWE-353: Missing Support for Integrity Check"], "impact": "LOW", "license": "Commons Clause License Condition v1.0[LGPL-2.1-only]", "likelihood": "LOW", "owasp": ["A08:2021 - Software and Data Integrity Failures"], "references": ["https://owasp.org/Top10/A08_2021-Software_and_Data_Integrity_Failures"], "semgrep.dev": {"rule": {"origin": "community", "r_id": 13728, "rule_id": "AbUQzj", "rv_id": 833890, "url": "https://semgrep.dev/playground/r/nWTy4vO/html.security.audit.missing-integrity.missing-integrity", "version_id": "nWTy4vO"}}, "shortlink": "https://sg.run/krXA", "source": "https://semgrep.dev/r/html.security.audit.missing-integrity.missing-integrity", "subcategory": ["audit"], "technology": ["html"], "vulnerability_class": ["Cryptographic Issues"]}, "metavars": {"$...A": {"abstract_content": " rel=\"stylesheet\" type=\"text/css\" href=\"//maxcdn.bootstrapcdn.com/bootstrap/4.3.1/css/bootstrap.min.css\"/", "end": {"col": 115, "line": 5, "offset": 197}, "start": {"col": 10, "line": 5, "offset": 92}}}, "severity": "WARNING", "validation_state": "NO_VALIDATOR"}, "path": "examples/upload/index.html", "start": {"col": 5, "line": 5, "offset": 87}}, {"check_id": "javascript.lang.security.audit.detect-non-literal-regexp.detect-non-literal-regexp", "end": {"col": 88, "line": 23, "offset": 750}, "extra": {"dataflow_trace": {"intermediate_vars": [{"content": "name", "location": {"end": {"col": 14, "line": 22, "offset": 658}, "path": "lib/helpers/cookies.js", "start": {"col": 10, "line": 22, "offset": 654}}}], "taint_sink": ["CliLoc", [{"end": {"col": 88, "line": 23, "offset": 750}, "path": "lib/helpers/cookies.js", "start": {"col": 43, "line": 23, "offset": 705}}, "new RegExp('(^|;\\\\s*)(' + name + ')=([^;]*)')"]], "taint_source": ["CliLoc", [{"end": {"col": 14, "line": 22, "offset": 658}, "path": "lib/helpers/cookies.js", "start": {"col": 10, "line": 22, "offset": 654}}, "name"]]}, "engine_kind": "OSS", "fingerprint": "caa51ee53772f3c6ee6803b3182050ba0fac87000dc53fe4bab9c88f8025d8d7effbd782ee56af4f7b87ffb079445378dfd1ff9806b0173ff4721a16c30704e3_0", "is_ignored": false, "lines": "      const match = document.cookie.match(new RegExp('(^|;\\\\s*)(' + name + ')=([^;]*)'));", "message": "RegExp() called with a `name` function argument, this might allow an attacker to cause a Regular Expression Denial-of-Service (ReDoS) within your application as RegExP blocks the main thread. For this reason, it is recommended to use hardcoded regexes instead. If your regex is run on user-controlled input, consider performing input validation or use a regex checking/sanitization library such as https://www.npmjs.com/package/recheck to verify that the regex does not appear vulnerable to ReDoS.", "metadata": {"category": "security", "confidence": "LOW", "cwe": ["CWE-1333: Inefficient Regular Expression Complexity"], "impact": "MEDIUM", "license": "Commons Clause License Condition v1.0[LGPL-2.1-only]", "likelihood": "MEDIUM", "owasp": ["A05:2021 - Security Misconfiguration", "A06:2017 - Security Misconfiguration"], "references": ["https://owasp.org/www-community/attacks/Regular_expression_Denial_of_Service_-_ReDoS"], "semgrep.dev": {"rule": {"origin": "community", "r_id": 12685, "rule_id": "zdU1gD", "rv_id": 834140, "url": "https://semgrep.dev/playground/r/8KTGkZw/javascript.lang.security.audit.detect-non-literal-regexp.detect-non-literal-regexp", "version_id": "8KTGkZw"}}, "shortlink": "https://sg.run/gr65", "source": "https://semgrep.dev/r/javascript.lang.security.audit.detect-non-literal-regexp.detect-non-literal-regexp", "source-rule-url": "https://github.com/nodesecurity/eslint-plugin-security/blob/master/rules/detect-non-literal-regexp.js", "subcategory": ["vuln"], "technology": ["javascript"], "vulnerability_class": ["Denial-of-Service (DoS)"]}, "metavars": {"$ARG": {"abstract_content": "name", "end": {"col": 14, "line": 22, "offset": 658}, "start": {"col": 10, "line": 22, "offset": 654}}}, "severity": "WARNING", "validation_state": "NO_VALIDATOR"}, "path": "lib/helpers/cookies.js", "start": {"col": 43, "line": 23, "offset": 705}}, {"check_id": "javascript.browser.security.wildcard-postmessage-configuration.wildcard-postmessage-configuration", "end": {"col": 38, "line": 689, "offset": 18110}, "extra": {"engine_kind": "OSS", "fingerprint": "e40756d389184c9ce4ee4dd71f2a4612a787e4c0a260e806ea2f6ad2d301be8b3ddb123c59e2d46f9ecf6714f966273a7e4bddcedf23705c565107ae557a5694_0", "is_ignored": false, "lines": "      _global.postMessage(token, \"*\");", "message": "The target origin of the window.postMessage() API is set to \"*\". This could allow for information disclosure due to the possibility of any origin allowed to receive the message.", "metadata": {"category": "security", "confidence": "MEDIUM", "cwe": ["CWE-345: Insufficient Verification of Data Authenticity"], "impact": "MEDIUM", "license": "Commons Clause License Condition v1.0[LGPL-2.1-only]", "likelihood": "HIGH", "owasp": ["A08:2021 - Software and Data Integrity Failures"], "references": ["https://owasp.org/Top10/A08_2021-Software_and_Data_Integrity_Failures"], "semgrep.dev": {"rule": {"origin": "community", "r_id": 9245, "rule_id": "KxUbq4", "rv_id": 834056, "url": "https://semgrep.dev/playground/r/l4TyODR/javascript.browser.security.wildcard-postmessage-configuration.wildcard-postmessage-configuration", "version_id": "l4TyODR"}}, "shortlink": "https://sg.run/PJ4p", "source": "https://semgrep.dev/r/javascript.browser.security.wildcard-postmessage-configuration.wildcard-postmessage-configuration", "subcategory": ["audit"], "technology": ["browser"], "vulnerability_class": ["Improper Authentication"]}, "metavars": {"$OBJECT": {"abstract_content": "_global", "end": {"col": 14, "line": 689, "offset": 18086}, "start": {"col": 7, "line": 689, "offset": 18079}}}, "severity": "WARNING", "validation_state": "NO_VALIDATOR"}, "path": "lib/utils.js", "start": {"col": 7, "line": 689, "offset": 18079}}, {"check_id": "html.security.audit.missing-integrity.missing-integrity", "end": {"col": 114, "line": 5, "offset": 180}, "extra": {"engine_kind": "OSS", "fingerprint": "6d3fc73cf8638c887d80e761e9116aaf0403fd9cbc6b9224a53bee703f53bba6efd2c0673f5221934570b11ffafc47b7ac5534c9c2a144b72f246080247a6ca3_0", "is_ignored": false, "lines": "  <link rel=\"stylesheet\" type=\"text/css\" href=\"//maxcdn.bootstrapcdn.com/bootstrap/4.3.1/css/bootstrap.min.css\"/>", "message": "This tag is missing an 'integrity' subresource integrity attribute. The 'integrity' attribute allows for the browser to verify that externally hosted files (for example from a CDN) are delivered without unexpected manipulation. Without this attribute, if an attacker can modify the externally hosted resource, this could lead to XSS and other types of attacks. To prevent this, include the base64-encoded cryptographic hash of the resource (file) you\u2019re telling the browser to fetch in the 'integrity' attribute for all externally hosted files.", "metadata": {"category": "security", "confidence": "LOW", "cwe": ["CWE-353: Missing Support for Integrity Check"], "impact": "LOW", "license": "Commons Clause License Condition v1.0[LGPL-2.1-only]", "likelihood": "LOW", "owasp": ["A08:2021 - Software and Data Integrity Failures"], "references": ["https://owasp.org/Top10/A08_2021-Software_and_Data_Integrity_Failures"], "semgrep.dev": {"rule": {"origin": "community", "r_id": 13728, "rule_id": "AbUQzj", "rv_id": 833890, "url": "https://semgrep.dev/playground/r/nWTy4vO/html.security.audit.missing-integrity.missing-integrity", "version_id": "nWTy4vO"}}, "shortlink": "https://sg.run/krXA", "source": "https://semgrep.dev/r/html.security.audit.missing-integrity.missing-integrity", "subcategory": ["audit"], "technology": ["html"], "vulnerability_class": ["Cryptographic Issues"]}, "metavars": {"$...A": {"abstract_content": " rel=\"stylesheet\" type=\"text/css\" href=\"//maxcdn.bootstrapcdn.com/bootstrap/4.3.1/css/bootstrap.min.css\"/", "end": {"col": 113, "line": 5, "offset": 179}, "start": {"col": 8, "line": 5, "offset": 74}}}, "severity": "WARNING", "validation_state": "NO_VALIDATOR"}, "path": "sandbox/client.html", "start": {"col": 3, "line": 5, "offset": 69}}, {"check_id": "javascript.lang.security.audit.path-traversal.path-join-resolve-traversal.path-join-resolve-traversal", "end": {"col": 64, "line": 14, "offset": 309}, "extra": {"dataflow_trace": {"intermediate_vars": [{"content": "file", "location": {"end": {"col": 38, "line": 7, "offset": 150}, "path": "sandbox/server.js", "start": {"col": 34, "line": 7, "offset": 146}}}], "taint_sink": ["CliLoc", [{"end": {"col": 64, "line": 14, "offset": 309}, "path": "sandbox/server.js", "start": {"col": 60, "line": 14, "offset": 305}}, "file"]], "taint_source": ["CliLoc", [{"end": {"col": 38, "line": 7, "offset": 150}, "path": "sandbox/server.js", "start": {"col": 34, "line": 7, "offset": 146}}, "file"]]}, "engine_kind": "OSS", "fingerprint": "9cc9940d8242afe7d502e71737669bdce87bb7105e96596dbb77642fcff7529f3e0c59d52396249b6a082f9385cb77ab27f04a1cb6e5f1fba44343ffda899a5b_0", "is_ignored": false, "lines": "  fs.createReadStream(path.join(path.resolve() ,'sandbox', file)).pipe(res);", "message": "Detected possible user input going into a `path.join` or `path.resolve` function. This could possibly lead to a path traversal vulnerability,  where the attacker can access arbitrary files stored in the file system. Instead, be sure to sanitize or validate user input first.", "metadata": {"category": "security", "confidence": "LOW", "cwe": ["CWE-22: Improper Limitation of a Pathname to a Restricted Directory ('Path Traversal')"], "cwe2021-top25": true, "cwe2022-top25": true, "impact": "MEDIUM", "license": "Commons Clause License Condition v1.0[LGPL-2.1-only]", "likelihood": "HIGH", "owasp": ["A05:2017 - Broken Access Control", "A01:2021 - Broken Access Control"], "references": ["https://owasp.org/www-community/attacks/Path_Traversal"], "semgrep.dev": {"rule": {"origin": "community", "r_id": 9331, "rule_id": "8GUjrq", "rv_id": 834146, "url": "https://semgrep.dev/playground/r/JdTlrjW/javascript.lang.security.audit.path-traversal.path-join-resolve-traversal.path-join-resolve-traversal", "version_id": "JdTlrjW"}}, "shortlink": "https://sg.run/OPqk", "source": "https://semgrep.dev/r/javascript.lang.security.audit.path-traversal.path-join-resolve-traversal.path-join-resolve-traversal", "subcategory": ["vuln"], "technology": ["javascript", "node.js"], "vulnerability_class": ["Path Traversal"]}, "metavars": {"$PATH": {"abstract_content": "path", "end": {"col": 27, "line": 14, "offset": 272}, "start": {"col": 23, "line": 14, "offset": 268}}, "$SINK": {"abstract_content": "file", "end": {"col": 64, "line": 14, "offset": 309}, "start": {"col": 60, "line": 14, "offset": 305}}, "$X": {"abstract_content": "file", "end": {"col": 38, "line": 7, "offset": 150}, "start": {"col": 34, "line": 7, "offset": 146}}}, "severity": "WARNING", "validation_state": "NO_VALIDATOR"}, "path": "sandbox/server.js", "start": {"col": 60, "line": 14, "offset": 305}}, {"check_id": "javascript.lang.security.audit.unsafe-formatstring.unsafe-formatstring", "end": {"col": 37, "line": 23, "offset": 526}, "extra": {"dataflow_trace": {"intermediate_vars": [], "taint_sink": ["CliLoc", [{"end": {"col": 37, "line": 23, "offset": 526}, "path": "sandbox/server.js", "start": {"col": 15, "line": 23, "offset": 504}}, "'[' + new Date() + ']'"]], "taint_source": ["CliLoc", [{"end": {"col": 31, "line": 23, "offset": 520}, "path": "sandbox/server.js", "start": {"col": 15, "line": 23, "offset": 504}}, "'[' + new Date()"]]}, "engine_kind": "OSS", "fingerprint": "0d50a6191f3e3ba583ce8df38c2959304281ff46bea86e9a2dd1c25d1602baed0262d5ce308884f819082373b87836e49e64bcbd8baef86793a2630d2c18d97b_0", "is_ignored": false, "lines": "  console.log('[' + new Date() + ']', req.method, pathname);", "message": "Detected string concatenation with a non-literal variable in a util.format / console.log function. If an attacker injects a format specifier in the string, it will forge the log message. Try to use constant values for the format string.", "metadata": {"category": "security", "confidence": "LOW", "cwe": ["CWE-134: Use of Externally-Controlled Format String"], "impact": "LOW", "license": "Commons Clause License Condition v1.0[LGPL-2.1-only]", "likelihood": "MEDIUM", "owasp": ["A01:2021 - Broken Access Control"], "references": ["https://cwe.mitre.org/data/definitions/134.html"], "semgrep.dev": {"rule": {"origin": "community", "r_id": 13582, "rule_id": "ReU3OJ", "rv_id": 834156, "url": "https://semgrep.dev/playground/r/qkTQnZj/javascript.lang.security.audit.unsafe-formatstring.unsafe-formatstring", "version_id": "qkTQnZj"}}, "shortlink": "https://sg.run/7Y5R", "source": "https://semgrep.dev/r/javascript.lang.security.audit.unsafe-formatstring.unsafe-formatstring", "subcategory": ["audit"], "technology": ["javascript"], "vulnerability_class": ["Improper Validation"]}, "metavars": {"$LOG": {"abstract_content": "log", "end": {"col": 14, "line": 23, "offset": 503}, "start": {"col": 11, "line": 23, "offset": 500}}, "$PARAM": {"abstract_content": "req.method", "end": {"col": 49, "line": 23, "offset": 538}, "start": {"col": 39, "line": 23, "offset": 528}}, "$STR": {"abstract_content": "'['+new Date()+']'", "end": {"col": 37, "line": 23, "offset": 526}, "start": {"col": 15, "line": 23, "offset": 504}}, "$X": {"abstract_content": "'['", "end": {"col": 18, "line": 23, "offset": 507}, "start": {"col": 15, "line": 23, "offset": 504}}, "$Y": {"abstract_content": "new Date()", "end": {"col": 31, "line": 23, "offset": 520}, "start": {"col": 21, "line": 23, "offset": 510}}}, "severity": "INFO", "validation_state": "NO_VALIDATOR"}, "path": "sandbox/server.js", "start": {"col": 15, "line": 23, "offset": 504}}], "skipped_rules": [], "version": "1.81.0"}