[
    {
        "key": "bcrypt",
        "package_name": "bcrypt",
        "installed_version": "4.2.0",
        "required_version": "4.2.0",
        "dependencies": []
    },
    {
        "key": "black",
        "package_name": "black",
        "installed_version": "24.8.0",
        "required_version": "24.8.0",
        "dependencies": [
            {
                "key": "click",
                "package_name": "click",
                "installed_version": "8.1.7",
                "required_version": ">=8.0.0",
                "dependencies": []
            },
            {
                "key": "mypy-extensions",
                "package_name": "mypy-extensions",
                "installed_version": "1.0.0",
                "required_version": ">=0.4.3",
                "dependencies": []
            },
            {
                "key": "packaging",
                "package_name": "packaging",
                "installed_version": "24.1",
                "required_version": ">=22.0",
                "dependencies": []
            },
            {
                "key": "pathspec",
                "package_name": "pathspec",
                "installed_version": "0.12.1",
                "required_version": ">=0.9.0",
                "dependencies": []
            },
            {
                "key": "platformdirs",
                "package_name": "platformdirs",
                "installed_version": "4.2.2",
                "required_version": ">=2",
                "dependencies": []
            },
            {
                "key": "tomli",
                "package_name": "tomli",
                "installed_version": "2.0.1",
                "required_version": ">=1.1.0",
                "dependencies": []
            },
            {
                "key": "typing-extensions",
                "package_name": "typing_extensions",
                "installed_version": "4.12.2",
                "required_version": ">=4.0.1",
                "dependencies": []
            }
        ]
    },
    {
        "key": "hypothesis",
        "package_name": "hypothesis",
        "installed_version": "6.111.0",
        "required_version": "6.111.0",
        "dependencies": [
            {
                "key": "attrs",
                "package_name": "attrs",
                "installed_version": "24.2.0",
                "required_version": ">=22.2.0",
                "dependencies": []
            },
            {
                "key": "exceptiongroup",
                "package_name": "exceptiongroup",
                "installed_version": "1.2.2",
                "required_version": ">=1.0.0",
                "dependencies": []
            },
            {
                "key": "sortedcontainers",
                "package_name": "sortedcontainers",
                "installed_version": "2.4.0",
                "required_version": ">=2.1.0,<3.0.0",
                "dependencies": []
            }
        ]
    },
    {
        "key": "iso8601",
        "package_name": "iso8601",
        "installed_version": "2.1.0",
        "required_version": "2.1.0",
        "dependencies": []
    },
    {
        "key": "pipdeptree",
        "package_name": "pipdeptree",
        "installed_version": "2.23.1",
        "required_version": "2.23.1",
        "dependencies": [
            {
                "key": "packaging",
                "package_name": "packaging",
                "installed_version": "24.1",
                "required_version": ">=23.1",
                "dependencies": []
            },
            {
                "key": "pip",
                "package_name": "pip",
                "installed_version": "24.2",
                "required_version": ">=23.1.2",
                "dependencies": []
            }
        ]
    },
    {
        "key": "pretend",
        "package_name": "pretend",
        "installed_version": "1.0.9",
        "required_version": "1.0.9",
        "dependencies": []
    },
    {
        "key": "pytest-benchmark",
        "package_name": "pytest-benchmark",
        "installed_version": "4.0.0",
        "required_version": "4.0.0",
        "dependencies": [
            {
                "key": "py-cpuinfo",
                "package_name": "py-cpuinfo",
                "installed_version": "9.0.0",
                "required_version": "Any",
                "dependencies": []
            },
            {
                "key": "pytest",
                "package_name": "pytest",
                "installed_version": "8.3.2",
                "required_version": ">=3.8",
                "dependencies": [
                    {
                        "key": "exceptiongroup",
                        "package_name": "exceptiongroup",
                        "installed_version": "1.2.2",
                        "required_version": ">=1.0.0rc8",
                        "dependencies": []
                    },
                    {
                        "key": "iniconfig",
                        "package_name": "iniconfig",
                        "installed_version": "2.0.0",
                        "required_version": "Any",
                        "dependencies": []
                    },
                    {
                        "key": "packaging",
                        "package_name": "packaging",
                        "installed_version": "24.1",
                        "required_version": "Any",
                        "dependencies": []
                    },
                    {
                        "key": "pluggy",
                        "package_name": "pluggy",
                        "installed_version": "1.5.0",
                        "required_version": ">=1.5,<2",
                        "dependencies": []
                    },
                    {
                        "key": "tomli",
                        "package_name": "tomli",
                        "installed_version": "2.0.1",
                        "required_version": ">=1",
                        "dependencies": []
                    }
                ]
            }
        ]
    },
    {
        "key": "pytest-cov",
        "package_name": "pytest-cov",
        "installed_version": "5.0.0",
        "required_version": "5.0.0",
        "dependencies": [
            {
                "key": "coverage",
                "package_name": "coverage",
                "installed_version": "7.6.1",
                "required_version": ">=5.2.1",
                "dependencies": []
            },
            {
                "key": "pytest",
                "package_name": "pytest",
                "installed_version": "8.3.2",
                "required_version": ">=4.6",
                "dependencies": [
                    {
                        "key": "exceptiongroup",
                        "package_name": "exceptiongroup",
                        "installed_version": "1.2.2",
                        "required_version": ">=1.0.0rc8",
                        "dependencies": []
                    },
                    {
                        "key": "iniconfig",
                        "package_name": "iniconfig",
                        "installed_version": "2.0.0",
                        "required_version": "Any",
                        "dependencies": []
                    },
                    {
                        "key": "packaging",
                        "package_name": "packaging",
                        "installed_version": "24.1",
                        "required_version": "Any",
                        "dependencies": []
                    },
                    {
                        "key": "pluggy",
                        "package_name": "pluggy",
                        "installed_version": "1.5.0",
                        "required_version": ">=1.5,<2",
                        "dependencies": []
                    },
                    {
                        "key": "tomli",
                        "package_name": "tomli",
                        "installed_version": "2.0.1",
                        "required_version": ">=1",
                        "dependencies": []
                    }
                ]
            }
        ]
    },
    {
        "key": "pytest-subtests",
        "package_name": "pytest-subtests",
        "installed_version": "0.13.1",
        "required_version": "0.13.1",
        "dependencies": [
            {
                "key": "attrs",
                "package_name": "attrs",
                "installed_version": "24.2.0",
                "required_version": ">=19.2.0",
                "dependencies": []
            },
            {
                "key": "pytest",
                "package_name": "pytest",
                "installed_version": "8.3.2",
                "required_version": ">=7.0",
                "dependencies": [
                    {
                        "key": "exceptiongroup",
                        "package_name": "exceptiongroup",
                        "installed_version": "1.2.2",
                        "required_version": ">=1.0.0rc8",
                        "dependencies": []
                    },
                    {
                        "key": "iniconfig",
                        "package_name": "iniconfig",
                        "installed_version": "2.0.0",
                        "required_version": "Any",
                        "dependencies": []
                    },
                    {
                        "key": "packaging",
                        "package_name": "packaging",
                        "installed_version": "24.1",
                        "required_version": "Any",
                        "dependencies": []
                    },
                    {
                        "key": "pluggy",
                        "package_name": "pluggy",
                        "installed_version": "1.5.0",
                        "required_version": ">=1.5,<2",
                        "dependencies": []
                    },
                    {
                        "key": "tomli",
                        "package_name": "tomli",
                        "installed_version": "2.0.1",
                        "required_version": ">=1",
                        "dependencies": []
                    }
                ]
            }
        ]
    },
    {
        "key": "pytest-xdist",
        "package_name": "pytest-xdist",
        "installed_version": "3.6.1",
        "required_version": "3.6.1",
        "dependencies": [
            {
                "key": "execnet",
                "package_name": "execnet",
                "installed_version": "2.1.1",
                "required_version": ">=2.1",
                "dependencies": []
            },
            {
                "key": "pytest",
                "package_name": "pytest",
                "installed_version": "8.3.2",
                "required_version": ">=7.0.0",
                "dependencies": [
                    {
                        "key": "exceptiongroup",
                        "package_name": "exceptiongroup",
                        "installed_version": "1.2.2",
                        "required_version": ">=1.0.0rc8",
                        "dependencies": []
                    },
                    {
                        "key": "iniconfig",
                        "package_name": "iniconfig",
                        "installed_version": "2.0.0",
                        "required_version": "Any",
                        "dependencies": []
                    },
                    {
                        "key": "packaging",
                        "package_name": "packaging",
                        "installed_version": "24.1",
                        "required_version": "Any",
                        "dependencies": []
                    },
                    {
                        "key": "pluggy",
                        "package_name": "pluggy",
                        "installed_version": "1.5.0",
                        "required_version": ">=1.5,<2",
                        "dependencies": []
                    },
                    {
                        "key": "tomli",
                        "package_name": "tomli",
                        "installed_version": "2.0.1",
                        "required_version": ">=1",
                        "dependencies": []
                    }
                ]
            }
        ]
    },
    {
        "key": "ruff",
        "package_name": "ruff",
        "installed_version": "0.5.7",
        "required_version": "0.5.7",
        "dependencies": []
    },
    {
        "key": "setuptools-rust",
        "package_name": "setuptools-rust",
        "installed_version": "1.10.1",
        "required_version": "1.10.1",
        "dependencies": [
            {
                "key": "semantic-version",
                "package_name": "semantic-version",
                "installed_version": "2.10.0",
                "required_version": ">=2.8.2,<3",
                "dependencies": []
            },
            {
                "key": "setuptools",
                "package_name": "setuptools",
                "installed_version": "72.2.0",
                "required_version": ">=62.4",
                "dependencies": []
            }
        ]
    },
    {
        "key": "sphinx-rtd-theme",
        "package_name": "sphinx-rtd-theme",
        "installed_version": "2.0.0",
        "required_version": "2.0.0",
        "dependencies": [
            {
                "key": "docutils",
                "package_name": "docutils",
                "installed_version": "0.20.1",
                "required_version": "<0.21",
                "dependencies": []
            },
            {
                "key": "sphinx",
                "package_name": "Sphinx",
                "installed_version": "7.1.2",
                "required_version": ">=5,<8",
                "dependencies": [
                    {
                        "key": "alabaster",
                        "package_name": "alabaster",
                        "installed_version": "0.7.13",
                        "required_version": ">=0.7,<0.8",
                        "dependencies": []
                    },
                    {
                        "key": "babel",
                        "package_name": "babel",
                        "installed_version": "2.16.0",
                        "required_version": ">=2.9",
                        "dependencies": [
                            {
                                "key": "pytz",
                                "package_name": "pytz",
                                "installed_version": "2024.1",
                                "required_version": ">=2015.7",
                                "dependencies": []
                            }
                        ]
                    },
                    {
                        "key": "docutils",
                        "package_name": "docutils",
                        "installed_version": "0.20.1",
                        "required_version": ">=0.18.1,<0.21",
                        "dependencies": []
                    },
                    {
                        "key": "imagesize",
                        "package_name": "imagesize",
                        "installed_version": "1.4.1",
                        "required_version": ">=1.3",
                        "dependencies": []
                    },
                    {
                        "key": "importlib-metadata",
                        "package_name": "importlib_metadata",
                        "installed_version": "8.2.0",
                        "required_version": ">=4.8",
                        "dependencies": [
                            {
                                "key": "zipp",
                                "package_name": "zipp",
                                "installed_version": "3.20.0",
                                "required_version": ">=0.5",
                                "dependencies": []
                            }
                        ]
                    },
                    {
                        "key": "jinja2",
                        "package_name": "Jinja2",
                        "installed_version": "3.1.4",
                        "required_version": ">=3.0",
                        "dependencies": [
                            {
                                "key": "markupsafe",
                                "package_name": "MarkupSafe",
                                "installed_version": "2.1.5",
                                "required_version": ">=2.0",
                                "dependencies": []
                            }
                        ]
                    },
                    {
                        "key": "packaging",
                        "package_name": "packaging",
                        "installed_version": "24.1",
                        "required_version": ">=21.0",
                        "dependencies": []
                    },
                    {
                        "key": "pygments",
                        "package_name": "Pygments",
                        "installed_version": "2.18.0",
                        "required_version": ">=2.13",
                        "dependencies": []
                    },
                    {
                        "key": "requests",
                        "package_name": "requests",
                        "installed_version": "2.32.3",
                        "required_version": ">=2.25.0",
                        "dependencies": [
                            {
                                "key": "certifi",
                                "package_name": "certifi",
                                "installed_version": "2024.7.4",
                                "required_version": ">=2017.4.17",
                                "dependencies": []
                            },
                            {
                                "key": "charset-normalizer",
                                "package_name": "charset-normalizer",
                                "installed_version": "3.3.2",
                                "required_version": ">=2,<4",
                                "dependencies": []
                            },
                            {
                                "key": "idna",
                                "package_name": "idna",
                                "installed_version": "3.7",
                                "required_version": ">=2.5,<4",
                                "dependencies": []
                            },
                            {
                                "key": "urllib3",
                                "package_name": "urllib3",
                                "installed_version": "2.2.2",
                                "required_version": ">=1.21.1,<3",
                                "dependencies": []
                            }
                        ]
                    },
                    {
                        "key": "snowballstemmer",
                        "package_name": "snowballstemmer",
                        "installed_version": "2.2.0",
                        "required_version": ">=2.0",
                        "dependencies": []
                    },
                    {
                        "key": "sphinxcontrib-applehelp",
                        "package_name": "sphinxcontrib-applehelp",
                        "installed_version": "1.0.4",
                        "required_version": "Any",
                        "dependencies": []
                    },
                    {
                        "key": "sphinxcontrib-devhelp",
                        "package_name": "sphinxcontrib-devhelp",
                        "installed_version": "1.0.2",
                        "required_version": "Any",
                        "dependencies": []
                    },
                    {
                        "key": "sphinxcontrib-htmlhelp",
                        "package_name": "sphinxcontrib-htmlhelp",
                        "installed_version": "2.0.1",
                        "required_version": ">=2.0.0",
                        "dependencies": []
                    },
                    {
                        "key": "sphinxcontrib-jsmath",
                        "package_name": "sphinxcontrib-jsmath",
                        "installed_version": "1.0.1",
                        "required_version": "Any",
                        "dependencies": []
                    },
                    {
                        "key": "sphinxcontrib-qthelp",
                        "package_name": "sphinxcontrib-qthelp",
                        "installed_version": "1.0.3",
                        "required_version": "Any",
                        "dependencies": []
                    },
                    {
                        "key": "sphinxcontrib-serializinghtml",
                        "package_name": "sphinxcontrib-serializinghtml",
                        "installed_version": "1.1.5",
                        "required_version": ">=1.1.5",
                        "dependencies": []
                    }
                ]
            },
            {
                "key": "sphinxcontrib-jquery",
                "package_name": "sphinxcontrib-jquery",
                "installed_version": "4.1",
                "required_version": ">=4,<5",
                "dependencies": [
                    {
                        "key": "sphinx",
                        "package_name": "Sphinx",
                        "installed_version": "7.1.2",
                        "required_version": ">=1.8",
                        "dependencies": [
                            {
                                "key": "alabaster",
                                "package_name": "alabaster",
                                "installed_version": "0.7.13",
                                "required_version": ">=0.7,<0.8",
                                "dependencies": []
                            },
                            {
                                "key": "babel",
                                "package_name": "babel",
                                "installed_version": "2.16.0",
                                "required_version": ">=2.9",
                                "dependencies": [
                                    {
                                        "key": "pytz",
                                        "package_name": "pytz",
                                        "installed_version": "2024.1",
                                        "required_version": ">=2015.7",
                                        "dependencies": []
                                    }
                                ]
                            },
                            {
                                "key": "docutils",
                                "package_name": "docutils",
                                "installed_version": "0.20.1",
                                "required_version": ">=0.18.1,<0.21",
                                "dependencies": []
                            },
                            {
                                "key": "imagesize",
                                "package_name": "imagesize",
                                "installed_version": "1.4.1",
                                "required_version": ">=1.3",
                                "dependencies": []
                            },
                            {
                                "key": "importlib-metadata",
                                "package_name": "importlib_metadata",
                                "installed_version": "8.2.0",
                                "required_version": ">=4.8",
                                "dependencies": [
                                    {
                                        "key": "zipp",
                                        "package_name": "zipp",
                                        "installed_version": "3.20.0",
                                        "required_version": ">=0.5",
                                        "dependencies": []
                                    }
                                ]
                            },
                            {
                                "key": "jinja2",
                                "package_name": "Jinja2",
                                "installed_version": "3.1.4",
                                "required_version": ">=3.0",
                                "dependencies": [
                                    {
                                        "key": "markupsafe",
                                        "package_name": "MarkupSafe",
                                        "installed_version": "2.1.5",
                                        "required_version": ">=2.0",
                                        "dependencies": []
                                    }
                                ]
                            },
                            {
                                "key": "packaging",
                                "package_name": "packaging",
                                "installed_version": "24.1",
                                "required_version": ">=21.0",
                                "dependencies": []
                            },
                            {
                                "key": "pygments",
                                "package_name": "Pygments",
                                "installed_version": "2.18.0",
                                "required_version": ">=2.13",
                                "dependencies": []
                            },
                            {
                                "key": "requests",
                                "package_name": "requests",
                                "installed_version": "2.32.3",
                                "required_version": ">=2.25.0",
                                "dependencies": [
                                    {
                                        "key": "certifi",
                                        "package_name": "certifi",
                                        "installed_version": "2024.7.4",
                                        "required_version": ">=2017.4.17",
                                        "dependencies": []
                                    },
                                    {
                                        "key": "charset-normalizer",
                                        "package_name": "charset-normalizer",
                                        "installed_version": "3.3.2",
                                        "required_version": ">=2,<4",
                                        "dependencies": []
                                    },
                                    {
                                        "key": "idna",
                                        "package_name": "idna",
                                        "installed_version": "3.7",
                                        "required_version": ">=2.5,<4",
                                        "dependencies": []
                                    },
                                    {
                                        "key": "urllib3",
                                        "package_name": "urllib3",
                                        "installed_version": "2.2.2",
                                        "required_version": ">=1.21.1,<3",
                                        "dependencies": []
                                    }
                                ]
                            },
                            {
                                "key": "snowballstemmer",
                                "package_name": "snowballstemmer",
                                "installed_version": "2.2.0",
                                "required_version": ">=2.0",
                                "dependencies": []
                            },
                            {
                                "key": "sphinxcontrib-applehelp",
                                "package_name": "sphinxcontrib-applehelp",
                                "installed_version": "1.0.4",
                                "required_version": "Any",
                                "dependencies": []
                            },
                            {
                                "key": "sphinxcontrib-devhelp",
                                "package_name": "sphinxcontrib-devhelp",
                                "installed_version": "1.0.2",
                                "required_version": "Any",
                                "dependencies": []
                            },
                            {
                                "key": "sphinxcontrib-htmlhelp",
                                "package_name": "sphinxcontrib-htmlhelp",
                                "installed_version": "2.0.1",
                                "required_version": ">=2.0.0",
                                "dependencies": []
                            },
                            {
                                "key": "sphinxcontrib-jsmath",
                                "package_name": "sphinxcontrib-jsmath",
                                "installed_version": "1.0.1",
                                "required_version": "Any",
                                "dependencies": []
                            },
                            {
                                "key": "sphinxcontrib-qthelp",
                                "package_name": "sphinxcontrib-qthelp",
                                "installed_version": "1.0.3",
                                "required_version": "Any",
                                "dependencies": []
                            },
                            {
                                "key": "sphinxcontrib-serializinghtml",
                                "package_name": "sphinxcontrib-serializinghtml",
                                "installed_version": "1.1.5",
                                "required_version": ">=1.1.5",
                                "dependencies": []
                            }
                        ]
                    }
                ]
            }
        ]
    },
    {
        "key": "sphinxcontrib-spelling",
        "package_name": "sphinxcontrib-spelling",
        "installed_version": "8.0.0",
        "required_version": "8.0.0",
        "dependencies": [
            {
                "key": "pyenchant",
                "package_name": "pyenchant",
                "installed_version": "3.2.2",
                "required_version": ">=3.1.1",
                "dependencies": []
            },
            {
                "key": "sphinx",
                "package_name": "Sphinx",
                "installed_version": "7.1.2",
                "required_version": ">=3.0.0",
                "dependencies": [
                    {
                        "key": "alabaster",
                        "package_name": "alabaster",
                        "installed_version": "0.7.13",
                        "required_version": ">=0.7,<0.8",
                        "dependencies": []
                    },
                    {
                        "key": "babel",
                        "package_name": "babel",
                        "installed_version": "2.16.0",
                        "required_version": ">=2.9",
                        "dependencies": [
                            {
                                "key": "pytz",
                                "package_name": "pytz",
                                "installed_version": "2024.1",
                                "required_version": ">=2015.7",
                                "dependencies": []
                            }
                        ]
                    },
                    {
                        "key": "docutils",
                        "package_name": "docutils",
                        "installed_version": "0.20.1",
                        "required_version": ">=0.18.1,<0.21",
                        "dependencies": []
                    },
                    {
                        "key": "imagesize",
                        "package_name": "imagesize",
                        "installed_version": "1.4.1",
                        "required_version": ">=1.3",
                        "dependencies": []
                    },
                    {
                        "key": "importlib-metadata",
                        "package_name": "importlib_metadata",
                        "installed_version": "8.2.0",
                        "required_version": ">=4.8",
                        "dependencies": [
                            {
                                "key": "zipp",
                                "package_name": "zipp",
                                "installed_version": "3.20.0",
                                "required_version": ">=0.5",
                                "dependencies": []
                            }
                        ]
                    },
                    {
                        "key": "jinja2",
                        "package_name": "Jinja2",
                        "installed_version": "3.1.4",
                        "required_version": ">=3.0",
                        "dependencies": [
                            {
                                "key": "markupsafe",
                                "package_name": "MarkupSafe",
                                "installed_version": "2.1.5",
                                "required_version": ">=2.0",
                                "dependencies": []
                            }
                        ]
                    },
                    {
                        "key": "packaging",
                        "package_name": "packaging",
                        "installed_version": "24.1",
                        "required_version": ">=21.0",
                        "dependencies": []
                    },
                    {
                        "key": "pygments",
                        "package_name": "Pygments",
                        "installed_version": "2.18.0",
                        "required_version": ">=2.13",
                        "dependencies": []
                    },
                    {
                        "key": "requests",
                        "package_name": "requests",
                        "installed_version": "2.32.3",
                        "required_version": ">=2.25.0",
                        "dependencies": [
                            {
                                "key": "certifi",
                                "package_name": "certifi",
                                "installed_version": "2024.7.4",
                                "required_version": ">=2017.4.17",
                                "dependencies": []
                            },
                            {
                                "key": "charset-normalizer",
                                "package_name": "charset-normalizer",
                                "installed_version": "3.3.2",
                                "required_version": ">=2,<4",
                                "dependencies": []
                            },
                            {
                                "key": "idna",
                                "package_name": "idna",
                                "installed_version": "3.7",
                                "required_version": ">=2.5,<4",
                                "dependencies": []
                            },
                            {
                                "key": "urllib3",
                                "package_name": "urllib3",
                                "installed_version": "2.2.2",
                                "required_version": ">=1.21.1,<3",
                                "dependencies": []
                            }
                        ]
                    },
                    {
                        "key": "snowballstemmer",
                        "package_name": "snowballstemmer",
                        "installed_version": "2.2.0",
                        "required_version": ">=2.0",
                        "dependencies": []
                    },
                    {
                        "key": "sphinxcontrib-applehelp",
                        "package_name": "sphinxcontrib-applehelp",
                        "installed_version": "1.0.4",
                        "required_version": "Any",
                        "dependencies": []
                    },
                    {
                        "key": "sphinxcontrib-devhelp",
                        "package_name": "sphinxcontrib-devhelp",
                        "installed_version": "1.0.2",
                        "required_version": "Any",
                        "dependencies": []
                    },
                    {
                        "key": "sphinxcontrib-htmlhelp",
                        "package_name": "sphinxcontrib-htmlhelp",
                        "installed_version": "2.0.1",
                        "required_version": ">=2.0.0",
                        "dependencies": []
                    },
                    {
                        "key": "sphinxcontrib-jsmath",
                        "package_name": "sphinxcontrib-jsmath",
                        "installed_version": "1.0.1",
                        "required_version": "Any",
                        "dependencies": []
                    },
                    {
                        "key": "sphinxcontrib-qthelp",
                        "package_name": "sphinxcontrib-qthelp",
                        "installed_version": "1.0.3",
                        "required_version": "Any",
                        "dependencies": []
                    },
                    {
                        "key": "sphinxcontrib-serializinghtml",
                        "package_name": "sphinxcontrib-serializinghtml",
                        "installed_version": "1.1.5",
                        "required_version": ">=1.1.5",
                        "dependencies": []
                    }
                ]
            }
        ]
    },
    {
        "key": "twine",
        "package_name": "twine",
        "installed_version": "5.1.1",
        "required_version": "5.1.1",
        "dependencies": [
            {
                "key": "importlib-metadata",
                "package_name": "importlib_metadata",
                "installed_version": "8.2.0",
                "required_version": ">=3.6",
                "dependencies": [
                    {
                        "key": "zipp",
                        "package_name": "zipp",
                        "installed_version": "3.20.0",
                        "required_version": ">=0.5",
                        "dependencies": []
                    }
                ]
            },
            {
                "key": "keyring",
                "package_name": "keyring",
                "installed_version": "25.3.0",
                "required_version": ">=15.1",
                "dependencies": [
                    {
                        "key": "importlib-metadata",
                        "package_name": "importlib_metadata",
                        "installed_version": "8.2.0",
                        "required_version": ">=4.11.4",
                        "dependencies": [
                            {
                                "key": "zipp",
                                "package_name": "zipp",
                                "installed_version": "3.20.0",
                                "required_version": ">=0.5",
                                "dependencies": []
                            }
                        ]
                    },
                    {
                        "key": "importlib-resources",
                        "package_name": "importlib_resources",
                        "installed_version": "6.4.2",
                        "required_version": "Any",
                        "dependencies": [
                            {
                                "key": "zipp",
                                "package_name": "zipp",
                                "installed_version": "3.20.0",
                                "required_version": ">=3.1.0",
                                "dependencies": []
                            }
                        ]
                    },
                    {
                        "key": "jaraco-classes",
                        "package_name": "jaraco.classes",
                        "installed_version": "3.4.0",
                        "required_version": "Any",
                        "dependencies": [
                            {
                                "key": "more-itertools",
                                "package_name": "more-itertools",
                                "installed_version": "10.4.0",
                                "required_version": "Any",
                                "dependencies": []
                            }
                        ]
                    },
                    {
                        "key": "jaraco-context",
                        "package_name": "jaraco.context",
                        "installed_version": "5.3.0",
                        "required_version": "Any",
                        "dependencies": [
                            {
                                "key": "backports-tarfile",
                                "package_name": "backports.tarfile",
                                "installed_version": "1.2.0",
                                "required_version": "Any",
                                "dependencies": []
                            }
                        ]
                    },
                    {
                        "key": "jaraco-functools",
                        "package_name": "jaraco.functools",
                        "installed_version": "4.0.2",
                        "required_version": "Any",
                        "dependencies": [
                            {
                                "key": "more-itertools",
                                "package_name": "more-itertools",
                                "installed_version": "10.4.0",
                                "required_version": "Any",
                                "dependencies": []
                            }
                        ]
                    },
                    {
                        "key": "jeepney",
                        "package_name": "jeepney",
                        "installed_version": "0.8.0",
                        "required_version": ">=0.4.2",
                        "dependencies": []
                    },
                    {
                        "key": "secretstorage",
                        "package_name": "SecretStorage",
                        "installed_version": "3.3.3",
                        "required_version": ">=3.2",
                        "dependencies": [
                            {
                                "key": "cryptography",
                                "package_name": "cryptography",
                                "installed_version": "43.0.0",
                                "required_version": ">=2.0",
                                "dependencies": [
                                    {
                                        "key": "cffi",
                                        "package_name": "cffi",
                                        "installed_version": "1.17.0",
                                        "required_version": ">=1.12",
                                        "dependencies": [
                                            {
                                                "key": "pycparser",
                                                "package_name": "pycparser",
                                                "installed_version": "2.22",
                                                "required_version": "Any",
                                                "dependencies": []
                                            }
                                        ]
                                    }
                                ]
                            },
                            {
                                "key": "jeepney",
                                "package_name": "jeepney",
                                "installed_version": "0.8.0",
                                "required_version": ">=0.6",
                                "dependencies": []
                            }
                        ]
                    }
                ]
            },
            {
                "key": "pkginfo",
                "package_name": "pkginfo",
                "installed_version": "1.10.0",
                "required_version": ">=1.8.1",
                "dependencies": []
            },
            {
                "key": "pkginfo",
                "package_name": "pkginfo",
                "installed_version": "1.10.0",
                "required_version": "<1.11",
                "dependencies": []
            },
            {
                "key": "readme-renderer",
                "package_name": "readme_renderer",
                "installed_version": "43.0",
                "required_version": ">=35.0",
                "dependencies": [
                    {
                        "key": "docutils",
                        "package_name": "docutils",
                        "installed_version": "0.20.1",
                        "required_version": ">=0.13.1",
                        "dependencies": []
                    },
                    {
                        "key": "nh3",
                        "package_name": "nh3",
                        "installed_version": "0.2.18",
                        "required_version": ">=0.2.14",
                        "dependencies": []
                    },
                    {
                        "key": "pygments",
                        "package_name": "Pygments",
                        "installed_version": "2.18.0",
                        "required_version": ">=2.5.1",
                        "dependencies": []
                    }
                ]
            },
            {
                "key": "requests",
                "package_name": "requests",
                "installed_version": "2.32.3",
                "required_version": ">=2.20",
                "dependencies": [
                    {
                        "key": "certifi",
                        "package_name": "certifi",
                        "installed_version": "2024.7.4",
                        "required_version": ">=2017.4.17",
                        "dependencies": []
                    },
                    {
                        "key": "charset-normalizer",
                        "package_name": "charset-normalizer",
                        "installed_version": "3.3.2",
                        "required_version": ">=2,<4",
                        "dependencies": []
                    },
                    {
                        "key": "idna",
                        "package_name": "idna",
                        "installed_version": "3.7",
                        "required_version": ">=2.5,<4",
                        "dependencies": []
                    },
                    {
                        "key": "urllib3",
                        "package_name": "urllib3",
                        "installed_version": "2.2.2",
                        "required_version": ">=1.21.1,<3",
                        "dependencies": []
                    }
                ]
            },
            {
                "key": "requests-toolbelt",
                "package_name": "requests-toolbelt",
                "installed_version": "1.0.0",
                "required_version": ">=0.8.0,!=0.9.0",
                "dependencies": [
                    {
                        "key": "requests",
                        "package_name": "requests",
                        "installed_version": "2.32.3",
                        "required_version": ">=2.0.1,<3.0.0",
                        "dependencies": [
                            {
                                "key": "certifi",
                                "package_name": "certifi",
                                "installed_version": "2024.7.4",
                                "required_version": ">=2017.4.17",
                                "dependencies": []
                            },
                            {
                                "key": "charset-normalizer",
                                "package_name": "charset-normalizer",
                                "installed_version": "3.3.2",
                                "required_version": ">=2,<4",
                                "dependencies": []
                            },
                            {
                                "key": "idna",
                                "package_name": "idna",
                                "installed_version": "3.7",
                                "required_version": ">=2.5,<4",
                                "dependencies": []
                            },
                            {
                                "key": "urllib3",
                                "package_name": "urllib3",
                                "installed_version": "2.2.2",
                                "required_version": ">=1.21.1,<3",
                                "dependencies": []
                            }
                        ]
                    }
                ]
            },
            {
                "key": "rfc3986",
                "package_name": "rfc3986",
                "installed_version": "2.0.0",
                "required_version": ">=1.4.0",
                "dependencies": []
            },
            {
                "key": "rich",
                "package_name": "rich",
                "installed_version": "13.7.1",
                "required_version": ">=12.0.0",
                "dependencies": [
                    {
                        "key": "markdown-it-py",
                        "package_name": "markdown-it-py",
                        "installed_version": "3.0.0",
                        "required_version": ">=2.2.0",
                        "dependencies": [
                            {
                                "key": "mdurl",
                                "package_name": "mdurl",
                                "installed_version": "0.1.2",
                                "required_version": "~=0.1",
                                "dependencies": []
                            }
                        ]
                    },
                    {
                        "key": "pygments",
                        "package_name": "Pygments",
                        "installed_version": "2.18.0",
                        "required_version": ">=2.13.0,<3.0.0",
                        "dependencies": []
                    },
                    {
                        "key": "typing-extensions",
                        "package_name": "typing_extensions",
                        "installed_version": "4.12.2",
                        "required_version": ">=4.0.0,<5.0",
                        "dependencies": []
                    }
                ]
            },
            {
                "key": "urllib3",
                "package_name": "urllib3",
                "installed_version": "2.2.2",
                "required_version": ">=1.26.0",
                "dependencies": []
            }
        ]
    }
]
