{
  "reportSchema" : "1.1",
  "scanInfo" : {
    "engineVersion" : "10.0.3",
    "dataSource" : [ {
      "name" : "NVD API Last Checked",
      "timestamp" : "2024-08-12T15:24:51Z"
    }, {
      "name" : "NVD API Last Modified",
      "timestamp" : "2024-08-12T15:22:20Z"
    } ]
  },
  "projectInfo" : {
    "name" : "H6060-Java-Xnio",
    "reportDate" : "2024-08-12T15:24:58.553754Z",
    "credits" : {
      "NVD" : "This product uses the NVD API but is not endorsed or certified by the NVD. This report contains data retrieved from the National Vulnerability Database: https://nvd.nist.gov",
      "CISA" : "This report may contain data retrieved from the CISA Known Exploited Vulnerability Catalog: https://www.cisa.gov/known-exploited-vulnerabilities-catalog",
      "NPM" : "This report may contain data retrieved from the Github Advisory Database (via NPM Audit API): https://github.com/advisories/",
      "RETIREJS" : "This report may contain data retrieved from the RetireJS community: https://retirejs.github.io/retire.js/",
      "OSSINDEX" : "This report may contain data retrieved from the Sonatype OSS Index: https://ossindex.sonatype.org"
    }
  },
  "dependencies" : [ {
    "isVirtual" : false,
    "fileName" : "xnio-api-3.8.6.Final-sources.jar",
    "filePath" : "/Users/runner/work/H6060-Java-Xnio/H6060-Java-Xnio/upstream-repository/target/api/target/xnio-api-3.8.6.Final-sources.jar",
    "md5" : "bf34fc1e07f975f5451bc28be11b2e67",
    "sha1" : "103793e44efef571610d3075cef91952579342ea",
    "sha256" : "71135ccaf0c46a7c55a15ea280bf31ee34a4606a40c862b95ae2ce30776c1179",
    "evidenceCollected" : {
      "vendorEvidence" : [ {
        "type" : "vendor",
        "confidence" : "HIGH",
        "source" : "file",
        "name" : "name",
        "value" : "xnio-api"
      } ],
      "productEvidence" : [ {
        "type" : "product",
        "confidence" : "HIGH",
        "source" : "file",
        "name" : "name",
        "value" : "xnio-api"
      } ],
      "versionEvidence" : [ {
        "type" : "version",
        "confidence" : "MEDIUM",
        "source" : "file",
        "name" : "name",
        "value" : "xnio-api"
      }, {
        "type" : "version",
        "confidence" : "HIGH",
        "source" : "file",
        "name" : "version",
        "value" : "3.8.6"
      } ]
    }
  }, {
    "isVirtual" : false,
    "fileName" : "xnio-api-3.8.6.Final.jar",
    "filePath" : "/Users/runner/work/H6060-Java-Xnio/H6060-Java-Xnio/upstream-repository/target/api/target/xnio-api-3.8.6.Final.jar",
    "md5" : "8f6c63137f08486bbf87e395ebd258d6",
    "sha1" : "77224066fb56923053358262f4d2a039715e8570",
    "sha256" : "5cede19ec108c3bfa6b6cf61ada6dc01f475c0b2c6ee1a888cdff8ea96a3d9a2",
    "description" : "The API JAR of the XNIO project",
    "license" : "http://repository.jboss.org/licenses/apache-2.0.txt",
    "evidenceCollected" : {
      "vendorEvidence" : [ {
        "type" : "vendor",
        "confidence" : "HIGH",
        "source" : "file",
        "name" : "name",
        "value" : "xnio-api"
      }, {
        "type" : "vendor",
        "confidence" : "HIGHEST",
        "source" : "hint analyzer",
        "name" : "vendor",
        "value" : "redhat"
      }, {
        "type" : "vendor",
        "confidence" : "HIGHEST",
        "source" : "jar",
        "name" : "package name",
        "value" : "xnio"
      }, {
        "type" : "vendor",
        "confidence" : "LOW",
        "source" : "Manifest",
        "name" : "build-jdk-spec",
        "value" : "11"
      }, {
        "type" : "vendor",
        "confidence" : "LOW",
        "source" : "Manifest",
        "name" : "bundle-docurl",
        "value" : "http://www.jboss.org"
      }, {
        "type" : "vendor",
        "confidence" : "MEDIUM",
        "source" : "Manifest",
        "name" : "bundle-symbolicname",
        "value" : "org.jboss.xnio.api"
      }, {
        "type" : "vendor",
        "confidence" : "LOW",
        "source" : "Manifest",
        "name" : "implementation-url",
        "value" : "http://www.jboss.org/xnio"
      }, {
        "type" : "vendor",
        "confidence" : "HIGH",
        "source" : "Manifest",
        "name" : "Implementation-Vendor",
        "value" : "JBoss by Red Hat"
      }, {
        "type" : "vendor",
        "confidence" : "MEDIUM",
        "source" : "Manifest",
        "name" : "Implementation-Vendor-Id",
        "value" : "org.jboss.xnio"
      }, {
        "type" : "vendor",
        "confidence" : "MEDIUM",
        "source" : "Manifest",
        "name" : "jar-name",
        "value" : "xnio-api"
      }, {
        "type" : "vendor",
        "confidence" : "LOW",
        "source" : "Manifest",
        "name" : "os-arch",
        "value" : "aarch64"
      }, {
        "type" : "vendor",
        "confidence" : "MEDIUM",
        "source" : "Manifest",
        "name" : "os-name",
        "value" : "Mac OS X"
      }, {
        "type" : "vendor",
        "confidence" : "LOW",
        "source" : "Manifest",
        "name" : "specification-vendor",
        "value" : "JBoss by Red Hat"
      }, {
        "type" : "vendor",
        "confidence" : "LOW",
        "source" : "pom",
        "name" : "artifactid",
        "value" : "xnio-api"
      }, {
        "type" : "vendor",
        "confidence" : "HIGHEST",
        "source" : "pom",
        "name" : "groupid",
        "value" : "org.jboss.xnio"
      }, {
        "type" : "vendor",
        "confidence" : "HIGH",
        "source" : "pom",
        "name" : "name",
        "value" : "XNIO API"
      }, {
        "type" : "vendor",
        "confidence" : "LOW",
        "source" : "pom",
        "name" : "parent-artifactid",
        "value" : "xnio-all"
      }, {
        "type" : "vendor",
        "confidence" : "HIGHEST",
        "source" : "pom",
        "name" : "url",
        "value" : "http://www.jboss.org/xnio"
      } ],
      "productEvidence" : [ {
        "type" : "product",
        "confidence" : "HIGH",
        "source" : "file",
        "name" : "name",
        "value" : "xnio-api"
      }, {
        "type" : "product",
        "confidence" : "HIGHEST",
        "source" : "jar",
        "name" : "package name",
        "value" : "http"
      }, {
        "type" : "product",
        "confidence" : "HIGHEST",
        "source" : "jar",
        "name" : "package name",
        "value" : "xnio"
      }, {
        "type" : "product",
        "confidence" : "LOW",
        "source" : "Manifest",
        "name" : "build-jdk-spec",
        "value" : "11"
      }, {
        "type" : "product",
        "confidence" : "LOW",
        "source" : "Manifest",
        "name" : "bundle-docurl",
        "value" : "http://www.jboss.org"
      }, {
        "type" : "product",
        "confidence" : "MEDIUM",
        "source" : "Manifest",
        "name" : "Bundle-Name",
        "value" : "XNIO API"
      }, {
        "type" : "product",
        "confidence" : "MEDIUM",
        "source" : "Manifest",
        "name" : "bundle-symbolicname",
        "value" : "org.jboss.xnio.api"
      }, {
        "type" : "product",
        "confidence" : "HIGH",
        "source" : "Manifest",
        "name" : "Implementation-Title",
        "value" : "XNIO API"
      }, {
        "type" : "product",
        "confidence" : "LOW",
        "source" : "Manifest",
        "name" : "implementation-url",
        "value" : "http://www.jboss.org/xnio"
      }, {
        "type" : "product",
        "confidence" : "MEDIUM",
        "source" : "Manifest",
        "name" : "jar-name",
        "value" : "xnio-api"
      }, {
        "type" : "product",
        "confidence" : "LOW",
        "source" : "Manifest",
        "name" : "os-arch",
        "value" : "aarch64"
      }, {
        "type" : "product",
        "confidence" : "MEDIUM",
        "source" : "Manifest",
        "name" : "os-name",
        "value" : "Mac OS X"
      }, {
        "type" : "product",
        "confidence" : "MEDIUM",
        "source" : "Manifest",
        "name" : "specification-title",
        "value" : "XNIO API"
      }, {
        "type" : "product",
        "confidence" : "HIGHEST",
        "source" : "pom",
        "name" : "artifactid",
        "value" : "xnio-api"
      }, {
        "type" : "product",
        "confidence" : "HIGHEST",
        "source" : "pom",
        "name" : "groupid",
        "value" : "org.jboss.xnio"
      }, {
        "type" : "product",
        "confidence" : "HIGH",
        "source" : "pom",
        "name" : "name",
        "value" : "XNIO API"
      }, {
        "type" : "product",
        "confidence" : "MEDIUM",
        "source" : "pom",
        "name" : "parent-artifactid",
        "value" : "xnio-all"
      }, {
        "type" : "product",
        "confidence" : "MEDIUM",
        "source" : "pom",
        "name" : "url",
        "value" : "http://www.jboss.org/xnio"
      } ],
      "versionEvidence" : [ {
        "type" : "version",
        "confidence" : "HIGH",
        "source" : "Manifest",
        "name" : "Bundle-Version",
        "value" : "3.8.6.Final"
      }, {
        "type" : "version",
        "confidence" : "HIGH",
        "source" : "Manifest",
        "name" : "Implementation-Version",
        "value" : "3.8.6.Final"
      }, {
        "type" : "version",
        "confidence" : "MEDIUM",
        "source" : "Manifest",
        "name" : "jar-version",
        "value" : "3.8.6.Final"
      }, {
        "type" : "version",
        "confidence" : "HIGHEST",
        "source" : "pom",
        "name" : "version",
        "value" : "3.8.6.Final"
      } ]
    },
    "packages" : [ {
      "id" : "pkg:maven/org.jboss.xnio/xnio-api@3.8.6.Final",
      "confidence" : "HIGH",
      "url" : "https://ossindex.sonatype.org/component/pkg:maven/org.jboss.xnio/xnio-api@3.8.6.Final?utm_source=dependency-check&utm_medium=integration&utm_content=10.0.3"
    } ],
    "vulnerabilityIds" : [ {
      "id" : "cpe:2.3:a:redhat:xnio:3.8.6:*:*:*:*:*:*:*",
      "confidence" : "HIGHEST",
      "url" : "https://nvd.nist.gov/vuln/search/results?form_type=Advanced&results_type=overview&search_type=all&cpe_vendor=cpe%3A%2F%3Aredhat&cpe_product=cpe%3A%2F%3Aredhat%3Axnio&cpe_version=cpe%3A%2F%3Aredhat%3Axnio%3A3.8.6"
    } ],
    "vulnerabilities" : [ {
      "source" : "NVD",
      "name" : "CVE-2022-0084",
      "severity" : "HIGH",
      "cvssv3" : {
        "baseScore" : 7.5,
        "attackVector" : "NETWORK",
        "attackComplexity" : "LOW",
        "privilegesRequired" : "NONE",
        "userInteraction" : "NONE",
        "scope" : "UNCHANGED",
        "confidentialityImpact" : "NONE",
        "integrityImpact" : "NONE",
        "availabilityImpact" : "HIGH",
        "baseSeverity" : "HIGH",
        "exploitabilityScore" : "3.9",
        "impactScore" : "3.6",
        "version" : "3.1"
      },
      "cwes" : [ "CWE-770" ],
      "description" : "A flaw was found in XNIO, specifically in the notifyReadClosed method. The issue revealed this method was logging a message to another expected end. This flaw allows an attacker to send flawed requests to a server, possibly causing log contention-related performance concerns or an unwanted disk fill-up.",
      "notes" : "",
      "references" : [ {
        "source" : "OSSIndex",
        "url" : "https://bugzilla.redhat.com/show_bug.cgi?id=2064226",
        "name" : "https://bugzilla.redhat.com/show_bug.cgi?id=2064226"
      }, {
        "source" : "secalert@redhat.com",
        "url" : "https://access.redhat.com/security/cve/CVE-2022-0084",
        "name" : "VENDOR_ADVISORY"
      }, {
        "source" : "OSSIndex",
        "url" : "http://web.nvd.nist.gov/view/vuln/detail?vulnId=CVE-2022-0084",
        "name" : "http://web.nvd.nist.gov/view/vuln/detail?vulnId=CVE-2022-0084"
      }, {
        "source" : "secalert@redhat.com",
        "url" : "https://github.com/xnio/xnio/commit/fdefb3b8b715d33387cadc4d48991fb1989b0c12",
        "name" : "PATCH,THIRD_PARTY_ADVISORY"
      }, {
        "source" : "OSSINDEX",
        "url" : "https://ossindex.sonatype.org/vulnerability/CVE-2022-0084?component-type=maven&component-name=org.jboss.xnio%2Fxnio-api&utm_source=dependency-check&utm_medium=integration&utm_content=10.0.3",
        "name" : "[CVE-2022-0084] CWE-770: Allocation of Resources Without Limits or Throttling"
      }, {
        "source" : "secalert@redhat.com",
        "url" : "https://github.com/xnio/xnio/pull/291",
        "name" : "PATCH,THIRD_PARTY_ADVISORY"
      }, {
        "source" : "OSSIndex",
        "url" : "https://security-tracker.debian.org/tracker/CVE-2022-0084",
        "name" : "https://security-tracker.debian.org/tracker/CVE-2022-0084"
      }, {
        "source" : "secalert@redhat.com",
        "url" : "https://bugzilla.redhat.com/show_bug.cgi?id=2064226",
        "name" : "ISSUE_TRACKING,VENDOR_ADVISORY"
      }, {
        "source" : "OSSIndex",
        "url" : "https://access.redhat.com/security/cve/cve-2022-0084",
        "name" : "https://access.redhat.com/security/cve/cve-2022-0084"
      } ],
      "vulnerableSoftware" : [ {
        "software" : {
          "id" : "cpe:2.3:a:redhat:integration_camel_k:-:*:*:*:*:*:*:*"
        }
      }, {
        "software" : {
          "id" : "cpe:2.3:a:redhat:integration_camel_quarkus:-:*:*:*:*:*:*:*"
        }
      }, {
        "software" : {
          "id" : "cpe:2.3:a:redhat:single_sign-on:7.0:*:*:*:*:*:*:*"
        }
      }, {
        "software" : {
          "id" : "cpe:2.3:a:redhat:xnio:*:*:*:*:*:*:*:*",
          "vulnerabilityIdMatched" : "true",
          "versionEndExcluding" : "3.8.7"
        }
      } ]
    }, {
      "source" : "OSSINDEX",
      "name" : "CVE-2023-5685",
      "severity" : "HIGH",
      "cvssv3" : {
        "baseScore" : 7.5,
        "attackVector" : "NETWORK",
        "attackComplexity" : "LOW",
        "privilegesRequired" : "NONE",
        "userInteraction" : "NONE",
        "scope" : "UNCHANGED",
        "confidentialityImpact" : "NONE",
        "integrityImpact" : "NONE",
        "availabilityImpact" : "HIGH",
        "baseSeverity" : "HIGH",
        "version" : "3.1"
      },
      "cwes" : [ "CWE-400" ],
      "description" : "A flaw was found in XNIO. The XNIO NotifierState that can cause a Stack Overflow Exception when the chain of notifier states becomes problematically large can lead to uncontrolled resource management and a possible denial of service (DoS).",
      "notes" : "",
      "references" : [ {
        "source" : "OSSIndex",
        "url" : "http://web.nvd.nist.gov/view/vuln/detail?vulnId=CVE-2023-5685",
        "name" : "http://web.nvd.nist.gov/view/vuln/detail?vulnId=CVE-2023-5685"
      }, {
        "source" : "OSSIndex",
        "url" : "https://access.redhat.com/security/cve/cve-2023-5685",
        "name" : "https://access.redhat.com/security/cve/cve-2023-5685"
      }, {
        "source" : "OSSIndex",
        "url" : "https://issues.redhat.com/browse/XNIO-423",
        "name" : "https://issues.redhat.com/browse/XNIO-423"
      }, {
        "source" : "OSSIndex",
        "url" : "https://bugzilla.redhat.com/show_bug.cgi?id=2241822",
        "name" : "https://bugzilla.redhat.com/show_bug.cgi?id=2241822"
      }, {
        "source" : "OSSINDEX",
        "url" : "https://ossindex.sonatype.org/vulnerability/CVE-2023-5685?component-type=maven&component-name=org.jboss.xnio%2Fxnio-api&utm_source=dependency-check&utm_medium=integration&utm_content=10.0.3",
        "name" : "[CVE-2023-5685] CWE-400: Uncontrolled Resource Consumption ('Resource Exhaustion')"
      } ],
      "vulnerableSoftware" : [ {
        "software" : {
          "id" : "cpe:2.3:a:org.jboss.xnio:xnio-api:3.8.6.Final:*:*:*:*:*:*:*",
          "vulnerabilityIdMatched" : "true"
        }
      } ]
    } ]
  }, {
    "isVirtual" : false,
    "fileName" : "xnio-nio-3.8.6.Final-sources.jar",
    "filePath" : "/Users/runner/work/H6060-Java-Xnio/H6060-Java-Xnio/upstream-repository/target/nio-impl/target/xnio-nio-3.8.6.Final-sources.jar",
    "md5" : "81d838a665683334cbaf37d5fa195c73",
    "sha1" : "ae976584890957ada24a0583e8746e7908ad28a9",
    "sha256" : "fac423c68cadae0b208c78a51b7b6bbb829cf5d7144b10a78343aa897fa80e29",
    "evidenceCollected" : {
      "vendorEvidence" : [ {
        "type" : "vendor",
        "confidence" : "HIGH",
        "source" : "file",
        "name" : "name",
        "value" : "xnio-nio"
      } ],
      "productEvidence" : [ {
        "type" : "product",
        "confidence" : "HIGH",
        "source" : "file",
        "name" : "name",
        "value" : "xnio-nio"
      } ],
      "versionEvidence" : [ {
        "type" : "version",
        "confidence" : "MEDIUM",
        "source" : "file",
        "name" : "name",
        "value" : "xnio-nio"
      }, {
        "type" : "version",
        "confidence" : "HIGH",
        "source" : "file",
        "name" : "version",
        "value" : "3.8.6"
      } ]
    }
  }, {
    "isVirtual" : false,
    "fileName" : "xnio-nio-3.8.6.Final.jar",
    "filePath" : "/Users/runner/work/H6060-Java-Xnio/H6060-Java-Xnio/upstream-repository/target/nio-impl/target/xnio-nio-3.8.6.Final.jar",
    "md5" : "bb2876a1330d58c7a13e65370ced30c2",
    "sha1" : "75f10d69add965b3723e575e1ab5298e20704187",
    "sha256" : "0e64b5aaf2b6ab5a7499bf851488445c72857adfb3f9060b7699038aebff7ac8",
    "description" : "The NIO implementation of the XNIO project",
    "license" : "http://repository.jboss.org/licenses/apache-2.0.txt",
    "evidenceCollected" : {
      "vendorEvidence" : [ {
        "type" : "vendor",
        "confidence" : "HIGH",
        "source" : "file",
        "name" : "name",
        "value" : "xnio-nio"
      }, {
        "type" : "vendor",
        "confidence" : "HIGHEST",
        "source" : "hint analyzer",
        "name" : "vendor",
        "value" : "redhat"
      }, {
        "type" : "vendor",
        "confidence" : "HIGHEST",
        "source" : "jar",
        "name" : "package name",
        "value" : "nio"
      }, {
        "type" : "vendor",
        "confidence" : "HIGHEST",
        "source" : "jar",
        "name" : "package name",
        "value" : "xnio"
      }, {
        "type" : "vendor",
        "confidence" : "LOW",
        "source" : "Manifest",
        "name" : "build-jdk-spec",
        "value" : "11"
      }, {
        "type" : "vendor",
        "confidence" : "LOW",
        "source" : "Manifest",
        "name" : "bundle-docurl",
        "value" : "http://www.jboss.org"
      }, {
        "type" : "vendor",
        "confidence" : "MEDIUM",
        "source" : "Manifest",
        "name" : "bundle-symbolicname",
        "value" : "org.jboss.xnio.nio"
      }, {
        "type" : "vendor",
        "confidence" : "LOW",
        "source" : "Manifest",
        "name" : "implementation-url",
        "value" : "http://www.jboss.org/xnio-all/xnio-nio"
      }, {
        "type" : "vendor",
        "confidence" : "HIGH",
        "source" : "Manifest",
        "name" : "Implementation-Vendor",
        "value" : "JBoss by Red Hat"
      }, {
        "type" : "vendor",
        "confidence" : "MEDIUM",
        "source" : "Manifest",
        "name" : "Implementation-Vendor-Id",
        "value" : "org.jboss.xnio"
      }, {
        "type" : "vendor",
        "confidence" : "MEDIUM",
        "source" : "Manifest",
        "name" : "jar-name",
        "value" : "xnio-nio"
      }, {
        "type" : "vendor",
        "confidence" : "LOW",
        "source" : "Manifest",
        "name" : "os-arch",
        "value" : "aarch64"
      }, {
        "type" : "vendor",
        "confidence" : "MEDIUM",
        "source" : "Manifest",
        "name" : "os-name",
        "value" : "Mac OS X"
      }, {
        "type" : "vendor",
        "confidence" : "LOW",
        "source" : "Manifest",
        "name" : "provide-capability",
        "value" : "osgi.service;objectClass=\"org.xnio.Xnio\";name=xnio"
      }, {
        "type" : "vendor",
        "confidence" : "LOW",
        "source" : "Manifest",
        "name" : "specification-vendor",
        "value" : "JBoss by Red Hat"
      }, {
        "type" : "vendor",
        "confidence" : "LOW",
        "source" : "pom",
        "name" : "artifactid",
        "value" : "xnio-nio"
      }, {
        "type" : "vendor",
        "confidence" : "HIGHEST",
        "source" : "pom",
        "name" : "groupid",
        "value" : "org.jboss.xnio"
      }, {
        "type" : "vendor",
        "confidence" : "HIGH",
        "source" : "pom",
        "name" : "name",
        "value" : "XNIO NIO Implementation"
      }, {
        "type" : "vendor",
        "confidence" : "LOW",
        "source" : "pom",
        "name" : "parent-artifactid",
        "value" : "xnio-all"
      } ],
      "productEvidence" : [ {
        "type" : "product",
        "confidence" : "HIGH",
        "source" : "file",
        "name" : "name",
        "value" : "xnio-nio"
      }, {
        "type" : "product",
        "confidence" : "HIGHEST",
        "source" : "jar",
        "name" : "package name",
        "value" : "nio"
      }, {
        "type" : "product",
        "confidence" : "HIGHEST",
        "source" : "jar",
        "name" : "package name",
        "value" : "xnio"
      }, {
        "type" : "product",
        "confidence" : "LOW",
        "source" : "Manifest",
        "name" : "build-jdk-spec",
        "value" : "11"
      }, {
        "type" : "product",
        "confidence" : "LOW",
        "source" : "Manifest",
        "name" : "bundle-docurl",
        "value" : "http://www.jboss.org"
      }, {
        "type" : "product",
        "confidence" : "MEDIUM",
        "source" : "Manifest",
        "name" : "Bundle-Name",
        "value" : "XNIO NIO Implementation"
      }, {
        "type" : "product",
        "confidence" : "MEDIUM",
        "source" : "Manifest",
        "name" : "bundle-symbolicname",
        "value" : "org.jboss.xnio.nio"
      }, {
        "type" : "product",
        "confidence" : "HIGH",
        "source" : "Manifest",
        "name" : "Implementation-Title",
        "value" : "XNIO NIO Implementation"
      }, {
        "type" : "product",
        "confidence" : "LOW",
        "source" : "Manifest",
        "name" : "implementation-url",
        "value" : "http://www.jboss.org/xnio-all/xnio-nio"
      }, {
        "type" : "product",
        "confidence" : "MEDIUM",
        "source" : "Manifest",
        "name" : "jar-name",
        "value" : "xnio-nio"
      }, {
        "type" : "product",
        "confidence" : "LOW",
        "source" : "Manifest",
        "name" : "os-arch",
        "value" : "aarch64"
      }, {
        "type" : "product",
        "confidence" : "MEDIUM",
        "source" : "Manifest",
        "name" : "os-name",
        "value" : "Mac OS X"
      }, {
        "type" : "product",
        "confidence" : "LOW",
        "source" : "Manifest",
        "name" : "provide-capability",
        "value" : "osgi.service;objectClass=\"org.xnio.Xnio\";name=xnio"
      }, {
        "type" : "product",
        "confidence" : "MEDIUM",
        "source" : "Manifest",
        "name" : "specification-title",
        "value" : "XNIO NIO Implementation"
      }, {
        "type" : "product",
        "confidence" : "HIGHEST",
        "source" : "pom",
        "name" : "artifactid",
        "value" : "xnio-nio"
      }, {
        "type" : "product",
        "confidence" : "HIGHEST",
        "source" : "pom",
        "name" : "groupid",
        "value" : "org.jboss.xnio"
      }, {
        "type" : "product",
        "confidence" : "HIGH",
        "source" : "pom",
        "name" : "name",
        "value" : "XNIO NIO Implementation"
      }, {
        "type" : "product",
        "confidence" : "MEDIUM",
        "source" : "pom",
        "name" : "parent-artifactid",
        "value" : "xnio-all"
      } ],
      "versionEvidence" : [ {
        "type" : "version",
        "confidence" : "HIGH",
        "source" : "Manifest",
        "name" : "Bundle-Version",
        "value" : "3.8.6.Final"
      }, {
        "type" : "version",
        "confidence" : "HIGH",
        "source" : "Manifest",
        "name" : "Implementation-Version",
        "value" : "3.8.6.Final"
      }, {
        "type" : "version",
        "confidence" : "MEDIUM",
        "source" : "Manifest",
        "name" : "jar-version",
        "value" : "3.8.6.Final"
      }, {
        "type" : "version",
        "confidence" : "HIGHEST",
        "source" : "pom",
        "name" : "version",
        "value" : "3.8.6.Final"
      } ]
    },
    "packages" : [ {
      "id" : "pkg:maven/org.jboss.xnio/xnio-nio@3.8.6.Final",
      "confidence" : "HIGH",
      "url" : "https://ossindex.sonatype.org/component/pkg:maven/org.jboss.xnio/xnio-nio@3.8.6.Final?utm_source=dependency-check&utm_medium=integration&utm_content=10.0.3"
    } ],
    "vulnerabilityIds" : [ {
      "id" : "cpe:2.3:a:redhat:xnio:3.8.6:*:*:*:*:*:*:*",
      "confidence" : "HIGHEST",
      "url" : "https://nvd.nist.gov/vuln/search/results?form_type=Advanced&results_type=overview&search_type=all&cpe_vendor=cpe%3A%2F%3Aredhat&cpe_product=cpe%3A%2F%3Aredhat%3Axnio&cpe_version=cpe%3A%2F%3Aredhat%3Axnio%3A3.8.6"
    } ],
    "vulnerabilities" : [ {
      "source" : "NVD",
      "name" : "CVE-2022-0084",
      "severity" : "HIGH",
      "cvssv3" : {
        "baseScore" : 7.5,
        "attackVector" : "NETWORK",
        "attackComplexity" : "LOW",
        "privilegesRequired" : "NONE",
        "userInteraction" : "NONE",
        "scope" : "UNCHANGED",
        "confidentialityImpact" : "NONE",
        "integrityImpact" : "NONE",
        "availabilityImpact" : "HIGH",
        "baseSeverity" : "HIGH",
        "exploitabilityScore" : "3.9",
        "impactScore" : "3.6",
        "version" : "3.1"
      },
      "cwes" : [ "CWE-770" ],
      "description" : "A flaw was found in XNIO, specifically in the notifyReadClosed method. The issue revealed this method was logging a message to another expected end. This flaw allows an attacker to send flawed requests to a server, possibly causing log contention-related performance concerns or an unwanted disk fill-up.",
      "notes" : "",
      "references" : [ {
        "source" : "secalert@redhat.com",
        "url" : "https://access.redhat.com/security/cve/CVE-2022-0084",
        "name" : "VENDOR_ADVISORY"
      }, {
        "source" : "secalert@redhat.com",
        "url" : "https://github.com/xnio/xnio/commit/fdefb3b8b715d33387cadc4d48991fb1989b0c12",
        "name" : "PATCH,THIRD_PARTY_ADVISORY"
      }, {
        "source" : "secalert@redhat.com",
        "url" : "https://github.com/xnio/xnio/pull/291",
        "name" : "PATCH,THIRD_PARTY_ADVISORY"
      }, {
        "source" : "secalert@redhat.com",
        "url" : "https://bugzilla.redhat.com/show_bug.cgi?id=2064226",
        "name" : "ISSUE_TRACKING,VENDOR_ADVISORY"
      } ],
      "vulnerableSoftware" : [ {
        "software" : {
          "id" : "cpe:2.3:a:redhat:integration_camel_k:-:*:*:*:*:*:*:*"
        }
      }, {
        "software" : {
          "id" : "cpe:2.3:a:redhat:integration_camel_quarkus:-:*:*:*:*:*:*:*"
        }
      }, {
        "software" : {
          "id" : "cpe:2.3:a:redhat:single_sign-on:7.0:*:*:*:*:*:*:*"
        }
      }, {
        "software" : {
          "id" : "cpe:2.3:a:redhat:xnio:*:*:*:*:*:*:*:*",
          "vulnerabilityIdMatched" : "true",
          "versionEndExcluding" : "3.8.7"
        }
      } ]
    } ]
  } ]
}