{
  "components": [
    {
      "bom-ref": "requirements-L8",
      "description": "requirements line 8: PySocks==1.7.1",
      "externalReferences": [
        {
          "comment": "implicit dist url",
          "type": "distribution",
          "url": "https://pypi.org/simple/PySocks/"
        }
      ],
      "name": "PySocks",
      "purl": "pkg:pypi/pysocks@1.7.1",
      "type": "library",
      "version": "1.7.1"
    },
    {
      "bom-ref": "requirements-L1",
      "description": "requirements line 1: brotlipy==0.7.0",
      "externalReferences": [
        {
          "comment": "implicit dist url",
          "type": "distribution",
          "url": "https://pypi.org/simple/brotlipy/"
        }
      ],
      "name": "brotlipy",
      "purl": "pkg:pypi/brotlipy@0.7.0",
      "type": "library",
      "version": "0.7.0"
    },
    {
      "bom-ref": "requirements-L2",
      "description": "requirements line 2: certifi==2022.5.18.1",
      "externalReferences": [
        {
          "comment": "implicit dist url",
          "type": "distribution",
          "url": "https://pypi.org/simple/certifi/"
        }
      ],
      "name": "certifi",
      "purl": "pkg:pypi/certifi@2022.5.18.1",
      "type": "library",
      "version": "2022.5.18.1"
    },
    {
      "bom-ref": "requirements-L3",
      "description": "requirements line 3: cffi==1.17.0",
      "externalReferences": [
        {
          "comment": "implicit dist url",
          "type": "distribution",
          "url": "https://pypi.org/simple/cffi/"
        }
      ],
      "name": "cffi",
      "purl": "pkg:pypi/cffi@1.17.0",
      "type": "library",
      "version": "1.17.0"
    },
    {
      "bom-ref": "requirements-L4",
      "description": "requirements line 4: cryptography==43.0.0",
      "externalReferences": [
        {
          "comment": "implicit dist url",
          "type": "distribution",
          "url": "https://pypi.org/simple/cryptography/"
        }
      ],
      "name": "cryptography",
      "purl": "pkg:pypi/cryptography@43.0.0",
      "type": "library",
      "version": "43.0.0"
    },
    {
      "bom-ref": "requirements-L5",
      "description": "requirements line 5: idna==3.7",
      "externalReferences": [
        {
          "comment": "implicit dist url",
          "type": "distribution",
          "url": "https://pypi.org/simple/idna/"
        }
      ],
      "name": "idna",
      "purl": "pkg:pypi/idna@3.7",
      "type": "library",
      "version": "3.7"
    },
    {
      "bom-ref": "requirements-L7",
      "description": "requirements line 7: pyOpenSSL==24.2.1",
      "externalReferences": [
        {
          "comment": "implicit dist url",
          "type": "distribution",
          "url": "https://pypi.org/simple/pyOpenSSL/"
        }
      ],
      "name": "pyOpenSSL",
      "purl": "pkg:pypi/pyopenssl@24.2.1",
      "type": "library",
      "version": "24.2.1"
    },
    {
      "bom-ref": "requirements-L6",
      "description": "requirements line 6: pycparser==2.22",
      "externalReferences": [
        {
          "comment": "implicit dist url",
          "type": "distribution",
          "url": "https://pypi.org/simple/pycparser/"
        }
      ],
      "name": "pycparser",
      "purl": "pkg:pypi/pycparser@2.22",
      "type": "library",
      "version": "2.22"
    }
  ],
  "dependencies": [
    {
      "ref": "requirements-L1"
    },
    {
      "ref": "requirements-L2"
    },
    {
      "ref": "requirements-L3"
    },
    {
      "ref": "requirements-L4"
    },
    {
      "ref": "requirements-L5"
    },
    {
      "ref": "requirements-L6"
    },
    {
      "ref": "requirements-L7"
    },
    {
      "ref": "requirements-L8"
    }
  ],
  "metadata": {
    "timestamp": "2024-08-14T14:00:50.356373+00:00",
    "tools": [
      {
        "externalReferences": [
          {
            "type": "build-system",
            "url": "https://github.com/CycloneDX/cyclonedx-python/actions"
          },
          {
            "type": "distribution",
            "url": "https://pypi.org/project/cyclonedx-bom/"
          },
          {
            "type": "documentation",
            "url": "https://cyclonedx-bom-tool.readthedocs.io/"
          },
          {
            "type": "issue-tracker",
            "url": "https://github.com/CycloneDX/cyclonedx-python/issues"
          },
          {
            "type": "license",
            "url": "https://github.com/CycloneDX/cyclonedx-python/blob/main/LICENSE"
          },
          {
            "type": "release-notes",
            "url": "https://github.com/CycloneDX/cyclonedx-python/blob/main/CHANGELOG.md"
          },
          {
            "type": "vcs",
            "url": "https://github.com/CycloneDX/cyclonedx-python/"
          },
          {
            "type": "website",
            "url": "https://github.com/CycloneDX/cyclonedx-python/#readme"
          }
        ],
        "name": "cyclonedx-bom",
        "vendor": "CycloneDX",
        "version": "4.5.0"
      },
      {
        "externalReferences": [
          {
            "type": "build-system",
            "url": "https://github.com/CycloneDX/cyclonedx-python-lib/actions"
          },
          {
            "type": "distribution",
            "url": "https://pypi.org/project/cyclonedx-python-lib/"
          },
          {
            "type": "documentation",
            "url": "https://cyclonedx-python-library.readthedocs.io/"
          },
          {
            "type": "issue-tracker",
            "url": "https://github.com/CycloneDX/cyclonedx-python-lib/issues"
          },
          {
            "type": "license",
            "url": "https://github.com/CycloneDX/cyclonedx-python-lib/blob/main/LICENSE"
          },
          {
            "type": "release-notes",
            "url": "https://github.com/CycloneDX/cyclonedx-python-lib/blob/main/CHANGELOG.md"
          },
          {
            "type": "vcs",
            "url": "https://github.com/CycloneDX/cyclonedx-python-lib"
          },
          {
            "type": "website",
            "url": "https://github.com/CycloneDX/cyclonedx-python-lib/#readme"
          }
        ],
        "name": "cyclonedx-python-lib",
        "vendor": "CycloneDX",
        "version": "7.6.0"
      }
    ]
  },
  "serialNumber": "urn:uuid:c9118c5a-0329-48e3-b866-a97471164a24",
  "version": 1,
  "$schema": "http://cyclonedx.org/schema/bom-1.6.schema.json",
  "bomFormat": "CycloneDX",
  "specVersion": "1.6"
}