"Project","ScanDate","DependencyName","DependencyPath","Description","License","Md5","Sha1","Identifiers","CPE","CVE","CWE","Vulnerability","Source","CVSSv2_Severity","CVSSv2_Score","CVSSv2","CVSSv3_BaseSeverity","CVSSv3_BaseScore","CVSSv3","CPE Confidence","Evidence Count","VendorProject","Product","Name","DateAdded","ShortDescription","RequiredAction","DueDate","Notes"
H6060-Python-Requests,"Wed, 14 Aug 2024 19:50:56 GMT",babel:2.5.3,/Users/runner/work/H6060-Python-Requests/H6060-Python-Requests/upstream-repository/Pipfile.lock:babel/2.5.3,"","","","",pkg:pypi/babel@2.5.3,"",CVE-2021-20095,CWE-22 Improper Limitation of a Pathname to a Restricted Directory ('Path Traversal'),"babel - Path Traversal [CVE-2021-20095]  The software uses external input to construct a pathname that is intended to identify a file or directory that is located underneath a restricted parent directory, but the software does not properly neutralize special elements within the pathname that can cause the pathname to resolve to a location that is outside of the restricted directory.",OSSINDEX,"","","",HIGH,7.800000190734863,CVSS:3.1/AV:L/AC:L/PR:L/UI:N/S:U/C:H/I:H/A:H,HIGHEST,3,"","","","","","","",""
H6060-Python-Requests,"Wed, 14 Aug 2024 19:50:56 GMT",babel:2.5.3,/Users/runner/work/H6060-Python-Requests/H6060-Python-Requests/upstream-repository/Pipfile.lock:babel/2.5.3,"","","","",pkg:pypi/babel@2.5.3,"",CVE-2021-42771,CWE-22 Improper Limitation of a Pathname to a Restricted Directory ('Path Traversal'),"Babel.Locale in Babel before 2.9.1 allows attackers to load arbitrary locale .dat files (containing serialized Python objects) via directory traversal, leading to code execution.",OSSINDEX,"","","",HIGH,7.800000190734863,CVSS:3.1/AV:L/AC:L/PR:L/UI:N/S:U/C:H/I:H/A:H,HIGHEST,3,"","","","","","","",""
H6060-Python-Requests,"Wed, 14 Aug 2024 19:50:56 GMT",bleach:2.1.3,/Users/runner/work/H6060-Python-Requests/H6060-Python-Requests/upstream-repository/Pipfile.lock:bleach/2.1.3,"","","","",pkg:pypi/bleach@2.1.3,"",CVE-2020-6817,CWE-1333 Inefficient Regular Expression Complexity,"bleach.clean behavior parsing style attributes could result in a regular expression denial of service (ReDoS). Calls to bleach.clean with an allowed tag with an allowed style attribute are vulnerable to ReDoS. For example, bleach.clean(..., attributes={'a': ['style']}).",OSSINDEX,"","","",HIGH,7.5,CVSS:3.1/AV:N/AC:L/PR:N/UI:N/S:U/C:N/I:N/A:H,HIGHEST,3,"","","","","","","",""
H6060-Python-Requests,"Wed, 14 Aug 2024 19:50:56 GMT",bleach:2.1.3,/Users/runner/work/H6060-Python-Requests/H6060-Python-Requests/upstream-repository/Pipfile.lock:bleach/2.1.3,"","","","",pkg:pypi/bleach@2.1.3,"",CVE-2020-6802,CWE-79 Improper Neutralization of Input During Web Page Generation ('Cross-site Scripting'),"In Mozilla Bleach before 3.11, a mutation XSS affects users calling bleach.clean with noscript and a raw tag in the allowed/whitelisted tags option.",OSSINDEX,"","","",MEDIUM,6.099999904632568,CVSS:3.1/AV:N/AC:L/PR:N/UI:R/S:C/C:L/I:L/A:N,HIGHEST,3,"","","","","","","",""
H6060-Python-Requests,"Wed, 14 Aug 2024 19:50:56 GMT",bleach:2.1.3,/Users/runner/work/H6060-Python-Requests/H6060-Python-Requests/upstream-repository/Pipfile.lock:bleach/2.1.3,"","","","",pkg:pypi/bleach@2.1.3,"",CVE-2020-6816,CWE-79 Improper Neutralization of Input During Web Page Generation ('Cross-site Scripting'),"In Mozilla Bleach before 3.12, a mutation XSS in bleach.clean when RCDATA and either svg or math tags are whitelisted and the keyword argument strip=False.  Sonatype's research suggests that this CVE's details differ from those defined at NVD. See https://ossindex.sonatype.org/vulnerability/CVE-2020-6816 for details",OSSINDEX,"","","",MEDIUM,6.099999904632568,CVSS:3.1/AV:N/AC:L/PR:N/UI:R/S:C/C:L/I:L/A:N,HIGHEST,3,"","","","","","","",""
H6060-Python-Requests,"Wed, 14 Aug 2024 19:50:56 GMT",bleach:2.1.3,/Users/runner/work/H6060-Python-Requests/H6060-Python-Requests/upstream-repository/Pipfile.lock:bleach/2.1.3,"","","","",pkg:pypi/bleach@2.1.3,"",CVE-2021-23980,CWE-79 Improper Neutralization of Input During Web Page Generation ('Cross-site Scripting'),python-bleach - Cross-site Scripting (XSS)  The software does not neutralize or incorrectly neutralizes user-controllable input before it is placed in output that is used as a web page that is served to other users.,OSSINDEX,"","","",MEDIUM,6.099999904632568,CVSS:3.1/AV:N/AC:L/PR:N/UI:R/S:C/C:L/I:L/A:N,HIGHEST,3,"","","","","","","",""
H6060-Python-Requests,"Wed, 14 Aug 2024 19:50:56 GMT",certifi:2017.4.17,/Users/runner/work/H6060-Python-Requests/H6060-Python-Requests/upstream-repository/dist/requests-2.19.0.tar.gz/requests-2.19.0.tar/requests-2.19.0/requirements.txt:certifi/2017.4.17,"","","","",pkg:pypi/certifi@2017.4.17,cpe:2.3:a:certifi_project:certifi:2017.4.17:*:*:*:*:*:*:*,CVE-2023-37920,CWE-345 Insufficient Verification of Data Authenticity,"Certifi is a curated collection of Root Certificates for validating the trustworthiness of SSL certificates while verifying the identity of TLS hosts. Certifi prior to version 2023.07.22 recognizes ""e-Tugra"" root certificates. e-Tugra's root certificates were subject to an investigation prompted by reporting of security issues in their systems. Certifi 2023.07.22 removes root certificates from ""e-Tugra"" from the root store.  Sonatype's research suggests that this CVE's details differ from those defined at NVD. See https://ossindex.sonatype.org/vulnerability/CVE-2023-37920 for details",OSSINDEX,"","","",CRITICAL,9.800000190734863,CVSS:3.1/AV:N/AC:L/PR:N/UI:N/S:U/C:H/I:H/A:H,HIGHEST,3,"","","","","","","",""
H6060-Python-Requests,"Wed, 14 Aug 2024 19:50:56 GMT",certifi:2017.4.17,/Users/runner/work/H6060-Python-Requests/H6060-Python-Requests/upstream-repository/requirements.txt:certifi/2017.4.17,"","","","",pkg:pypi/certifi@2017.4.17,cpe:2.3:a:certifi_project:certifi:2017.4.17:*:*:*:*:*:*:*,CVE-2023-37920,CWE-345 Insufficient Verification of Data Authenticity,"Certifi is a curated collection of Root Certificates for validating the trustworthiness of SSL certificates while verifying the identity of TLS hosts. Certifi prior to version 2023.07.22 recognizes ""e-Tugra"" root certificates. e-Tugra's root certificates were subject to an investigation prompted by reporting of security issues in their systems. Certifi 2023.07.22 removes root certificates from ""e-Tugra"" from the root store.  Sonatype's research suggests that this CVE's details differ from those defined at NVD. See https://ossindex.sonatype.org/vulnerability/CVE-2023-37920 for details",OSSINDEX,"","","",CRITICAL,9.800000190734863,CVSS:3.1/AV:N/AC:L/PR:N/UI:N/S:U/C:H/I:H/A:H,HIGHEST,3,"","","","","","","",""
H6060-Python-Requests,"Wed, 14 Aug 2024 19:50:56 GMT",certifi:2018.4.16,/Users/runner/work/H6060-Python-Requests/H6060-Python-Requests/upstream-repository/Pipfile.lock:certifi/2018.4.16,"","","","",pkg:pypi/certifi@2018.4.16,cpe:2.3:a:certifi_project:certifi:2018.4.16:*:*:*:*:*:*:*,CVE-2023-37920,CWE-345 Insufficient Verification of Data Authenticity,"Certifi is a curated collection of Root Certificates for validating the trustworthiness of SSL certificates while verifying the identity of TLS hosts. Certifi prior to version 2023.07.22 recognizes ""e-Tugra"" root certificates. e-Tugra's root certificates were subject to an investigation prompted by reporting of security issues in their systems. Certifi 2023.07.22 removes root certificates from ""e-Tugra"" from the root store.  Sonatype's research suggests that this CVE's details differ from those defined at NVD. See https://ossindex.sonatype.org/vulnerability/CVE-2023-37920 for details",OSSINDEX,"","","",CRITICAL,9.800000190734863,CVSS:3.1/AV:N/AC:L/PR:N/UI:N/S:U/C:H/I:H/A:H,HIGHEST,3,"","","","","","","",""
H6060-Python-Requests,"Wed, 14 Aug 2024 19:50:56 GMT",certifi:2018.4.16,/Users/runner/work/H6060-Python-Requests/H6060-Python-Requests/upstream-repository/Pipfile.lock:certifi/2018.4.16,"","","","",pkg:pypi/certifi@2018.4.16,cpe:2.3:a:certifi_project:certifi:2018.4.16:*:*:*:*:*:*:*,CVE-2022-23491,CWE-345 Insufficient Verification of Data Authenticity,"Certifi is a curated collection of Root Certificates for validating the trustworthiness of SSL certificates while verifying the identity of TLS hosts. Certifi 2022.12.07 removes root certificates from ""TrustCor"" from the root store. These are in the process of being removed from Mozilla's trust store. TrustCor's root certificates are being removed pursuant to an investigation prompted by media reporting that TrustCor's ownership also operated a business that produced spyware. Conclusions of Mozilla's investigation can be found in the linked google group discussion.",NVD,"","","",HIGH,7.5,CVSS:3.1/AV:N/AC:L/PR:N/UI:N/S:U/C:N/I:H/A:N/E:3.9/RC:R/MAV:A,HIGHEST,3,"","","","","","","",""
H6060-Python-Requests,"Wed, 14 Aug 2024 19:50:56 GMT",codecov:2.0.15,/Users/runner/work/H6060-Python-Requests/H6060-Python-Requests/upstream-repository/Pipfile.lock:codecov/2.0.15,"","","","",pkg:pypi/codecov@2.0.15,"",CVE-2019-10800,CWE-88 Improper Neutralization of Argument Delimiters in a Command ('Argument Injection'),This affects the package codecov before 2.0.16. The vulnerability occurs due to not sanitizing gcov arguments before being being provided to the popen method.,OSSINDEX,"","","",MEDIUM,6.5,CVSS:3.1/AV:N/AC:L/PR:L/UI:N/S:U/C:H/I:N/A:N,HIGHEST,3,"","","","","","","",""
H6060-Python-Requests,"Wed, 14 Aug 2024 19:50:56 GMT",cryptography:1.3.4,/Users/runner/work/H6060-Python-Requests/H6060-Python-Requests/upstream-repository/dist/requests-2.19.0.tar.gz/requests-2.19.0.tar/requests-2.19.0/requirements.txt:cryptography/1.3.4,"","","","",pkg:pypi/cryptography@1.3.4,cpe:2.3:a:cryptography_project:cryptography:1.3.4:*:*:*:*:*:*:*,CVE-2020-36242,"CWE-787 Out-of-bounds Write, CWE-190 Integer Overflow or Wraparound","In the cryptography package before 3.3.2 for Python, certain sequences of update calls to symmetrically encrypt multi-GB values could result in an integer overflow and buffer overflow, as demonstrated by the Fernet class.",NVD,MEDIUM,6.4,/AV:N/AC:L/Au:N/C:P/I:N/A:P,CRITICAL,9.1,CVSS:3.1/AV:N/AC:L/PR:N/UI:N/S:U/C:H/I:N/A:H/E:3.9/RC:R/MAV:A,HIGHEST,3,"","","","","","","",""
H6060-Python-Requests,"Wed, 14 Aug 2024 19:50:56 GMT",cryptography:1.3.4,/Users/runner/work/H6060-Python-Requests/H6060-Python-Requests/upstream-repository/dist/requests-2.19.0.tar.gz/requests-2.19.0.tar/requests-2.19.0/requirements.txt:cryptography/1.3.4,"","","","",pkg:pypi/cryptography@1.3.4,cpe:2.3:a:cryptography_project:cryptography:1.3.4:*:*:*:*:*:*:*,CVE-2016-9243,CWE-20 Improper Input Validation,HKDF in cryptography before 1.5.2 returns an empty byte-string if used with a length less than algorithm.digest_size.  Sonatype's research suggests that this CVE's details differ from those defined at NVD. See https://ossindex.sonatype.org/vulnerability/CVE-2016-9243 for details,OSSINDEX,"","","",HIGH,7.5,CVSS:3.0/AV:N/AC:L/PR:N/UI:N/S:U/C:N/I:H/A:N,HIGHEST,3,"","","","","","","",""
H6060-Python-Requests,"Wed, 14 Aug 2024 19:50:56 GMT",cryptography:1.3.4,/Users/runner/work/H6060-Python-Requests/H6060-Python-Requests/upstream-repository/dist/requests-2.19.0.tar.gz/requests-2.19.0.tar/requests-2.19.0/requirements.txt:cryptography/1.3.4,"","","","",pkg:pypi/cryptography@1.3.4,cpe:2.3:a:cryptography_project:cryptography:1.3.4:*:*:*:*:*:*:*,CVE-2020-25659,CWE-Other,"python-cryptography 3.2 is vulnerable to Bleichenbacher timing attacks in the RSA decryption API, via timed processing of valid PKCS#1 v1.5 ciphertext.  Sonatype's research suggests that this CVE's details differ from those defined at NVD. See https://ossindex.sonatype.org/vulnerability/CVE-2020-25659 for details",OSSINDEX,"","","",MEDIUM,5.900000095367432,CVSS:3.1/AV:N/AC:H/PR:N/UI:N/S:U/C:H/I:N/A:N,HIGHEST,3,"","","","","","","",""
H6060-Python-Requests,"Wed, 14 Aug 2024 19:50:56 GMT",cryptography:1.3.4,/Users/runner/work/H6060-Python-Requests/H6060-Python-Requests/upstream-repository/requirements.txt:cryptography/1.3.4,"","","","",pkg:pypi/cryptography@1.3.4,cpe:2.3:a:cryptography_project:cryptography:1.3.4:*:*:*:*:*:*:*,CVE-2020-36242,"CWE-787 Out-of-bounds Write, CWE-190 Integer Overflow or Wraparound","In the cryptography package before 3.3.2 for Python, certain sequences of update calls to symmetrically encrypt multi-GB values could result in an integer overflow and buffer overflow, as demonstrated by the Fernet class.",NVD,MEDIUM,6.4,/AV:N/AC:L/Au:N/C:P/I:N/A:P,CRITICAL,9.1,CVSS:3.1/AV:N/AC:L/PR:N/UI:N/S:U/C:H/I:N/A:H/E:3.9/RC:R/MAV:A,HIGHEST,3,"","","","","","","",""
H6060-Python-Requests,"Wed, 14 Aug 2024 19:50:56 GMT",cryptography:1.3.4,/Users/runner/work/H6060-Python-Requests/H6060-Python-Requests/upstream-repository/requirements.txt:cryptography/1.3.4,"","","","",pkg:pypi/cryptography@1.3.4,cpe:2.3:a:cryptography_project:cryptography:1.3.4:*:*:*:*:*:*:*,CVE-2016-9243,CWE-20 Improper Input Validation,HKDF in cryptography before 1.5.2 returns an empty byte-string if used with a length less than algorithm.digest_size.  Sonatype's research suggests that this CVE's details differ from those defined at NVD. See https://ossindex.sonatype.org/vulnerability/CVE-2016-9243 for details,OSSINDEX,"","","",HIGH,7.5,CVSS:3.0/AV:N/AC:L/PR:N/UI:N/S:U/C:N/I:H/A:N,HIGHEST,3,"","","","","","","",""
H6060-Python-Requests,"Wed, 14 Aug 2024 19:50:56 GMT",cryptography:1.3.4,/Users/runner/work/H6060-Python-Requests/H6060-Python-Requests/upstream-repository/requirements.txt:cryptography/1.3.4,"","","","",pkg:pypi/cryptography@1.3.4,cpe:2.3:a:cryptography_project:cryptography:1.3.4:*:*:*:*:*:*:*,CVE-2020-25659,CWE-Other,"python-cryptography 3.2 is vulnerable to Bleichenbacher timing attacks in the RSA decryption API, via timed processing of valid PKCS#1 v1.5 ciphertext.  Sonatype's research suggests that this CVE's details differ from those defined at NVD. See https://ossindex.sonatype.org/vulnerability/CVE-2020-25659 for details",OSSINDEX,"","","",MEDIUM,5.900000095367432,CVSS:3.1/AV:N/AC:H/PR:N/UI:N/S:U/C:H/I:N/A:N,HIGHEST,3,"","","","","","","",""
H6060-Python-Requests,"Wed, 14 Aug 2024 19:50:56 GMT",eventlet:0.23.0,/Users/runner/work/H6060-Python-Requests/H6060-Python-Requests/upstream-repository/Pipfile.lock:eventlet/0.23.0,"","","","",pkg:pypi/eventlet@0.23.0,cpe:2.3:a:eventlet:eventlet:0.23.0:*:*:*:*:*:*:*,CVE-2021-21419,CWE-400 Uncontrolled Resource Consumption,"Eventlet is a concurrent networking library for Python. A websocket peer may exhaust memory on Eventlet side by sending very large websocket frames. Malicious peer may exhaust memory on Eventlet side by sending highly compressed data frame. A patch in version 0.31.0 restricts websocket frame to reasonable limits. As a workaround, restricting memory usage via OS limits would help against overall machine exhaustion, but there is no workaround to protect Eventlet process.",NVD,MEDIUM,5.0,/AV:N/AC:L/Au:N/C:N/I:N/A:P,MEDIUM,5.3,CVSS:3.1/AV:N/AC:L/PR:N/UI:N/S:U/C:N/I:N/A:L/E:3.9/RC:R/MAV:A,HIGHEST,3,"","","","","","","",""
H6060-Python-Requests,"Wed, 14 Aug 2024 19:50:56 GMT",flask:1.0.2,/Users/runner/work/H6060-Python-Requests/H6060-Python-Requests/upstream-repository/Pipfile.lock:flask/1.0.2,"","","","",pkg:pypi/flask@1.0.2,"",CVE-2023-30861,CWE-539 Use of Persistent Cookies Containing Sensitive Information,"Flask is a lightweight WSGI web application framework. When all of the following conditions are met, a response containing data intended for one client may be cached and subsequently sent by the proxy to other clients. If the proxy also caches `Set-Cookie` headers, it may send one client's `session` cookie to other clients. The severity depends on the application's use of the session and the proxy's behavior regarding cookies. The risk depends on all these conditions being met.  1. The application must be hosted behind a caching proxy that does not strip cookies or ignore responses with cookies. 2. The application sets `session.permanent = True` 3. The application does not access or modify the session at any point during a request. 4. `SESSION_REFRESH_EACH_REQUEST` enabled (the default). 5. The application does not set a `Cache-Control` header to indicate that a page is private or should not be cached.  This happens because vulnerable versions of Flask only set the `Vary: Cookie` header when the session is accessed or modified, not when it is refreshed (re-sent to update the expiration) without being accessed or modified. This issue has been fixed in versions 2.3.2 and 2.2.5.  Sonatype's research suggests that this CVE's details differ from those defined at NVD. See https://ossindex.sonatype.org/vulnerability/CVE-2023-30861 for details",OSSINDEX,"","","",HIGH,7.5,CVSS:3.1/AV:N/AC:L/PR:N/UI:N/S:U/C:H/I:N/A:N,HIGHEST,3,"","","","","","","",""
H6060-Python-Requests,"Wed, 14 Aug 2024 19:50:56 GMT",future:0.16.0,/Users/runner/work/H6060-Python-Requests/H6060-Python-Requests/upstream-repository/Pipfile.lock:future/0.16.0,"","","","",pkg:pypi/future@0.16.0,"",CVE-2022-40899,CWE-noinfo,An issue discovered in Python Charmers Future 0.18.2 and earlier allows remote attackers to cause a denial of service via crafted Set-Cookie header from malicious web server.  Sonatype's research suggests that this CVE's details differ from those defined at NVD. See https://ossindex.sonatype.org/vulnerability/CVE-2022-40899 for details,OSSINDEX,"","","",HIGH,7.5,CVSS:3.1/AV:N/AC:L/PR:N/UI:N/S:U/C:N/I:N/A:H,HIGHEST,3,"","","","","","","",""
H6060-Python-Requests,"Wed, 14 Aug 2024 19:50:56 GMT",idna:2.6,/Users/runner/work/H6060-Python-Requests/H6060-Python-Requests/upstream-repository/Pipfile.lock:idna/2.6,"","","","",pkg:pypi/idna@2.6,"",CVE-2024-3651,CWE-400 Uncontrolled Resource Consumption,"A vulnerability was identified in the kjd/idna library, specifically within the `idna.encode()` function, affecting version 3.6. The issue arises from the function's handling of crafted input strings, which can lead to quadratic complexity and consequently, a denial of service condition. This vulnerability is triggered by a crafted input that causes the `idna.encode()` function to process the input with considerable computational load, significantly increasing the processing time in a quadratic manner relative to the input size.",OSSINDEX,"","","",HIGH,7.5,CVSS:3.1/AV:N/AC:L/PR:N/UI:N/S:U/C:N/I:N/A:H,HIGHEST,3,"","","","","","","",""
H6060-Python-Requests,"Wed, 14 Aug 2024 19:50:56 GMT",jinja2:2.10,/Users/runner/work/H6060-Python-Requests/H6060-Python-Requests/upstream-repository/Pipfile.lock:jinja2/2.10,"","","","",pkg:pypi/jinja2@2.10,"",CVE-2019-10906,CWE-noinfo,"In Pallets Jinja before 2.10.1, str.format_map allows a sandbox escape.",OSSINDEX,"","","",HIGH,8.600000381469727,CVSS:3.1/AV:N/AC:L/PR:N/UI:N/S:C/C:H/I:N/A:N,HIGHEST,3,"","","","","","","",""
H6060-Python-Requests,"Wed, 14 Aug 2024 19:50:56 GMT",jinja2:2.10,/Users/runner/work/H6060-Python-Requests/H6060-Python-Requests/upstream-repository/Pipfile.lock:jinja2/2.10,"","","","",pkg:pypi/jinja2@2.10,"",CVE-2024-22195,CWE-79 Improper Neutralization of Input During Web Page Generation ('Cross-site Scripting'),"Jinja is an extensible templating engine. Special placeholders in the template allow writing code similar to Python syntax. It is possible to inject arbitrary HTML attributes into the rendered HTML template, potentially leading to Cross-Site Scripting (XSS). The Jinja `xmlattr` filter can be abused to inject arbitrary HTML attribute keys and values, bypassing the auto escaping mechanism and potentially leading to XSS. It may also be possible to bypass attribute validation checks if they are blacklist-based.",OSSINDEX,"","","",MEDIUM,6.099999904632568,CVSS:3.1/AV:N/AC:L/PR:N/UI:R/S:C/C:L/I:L/A:N,HIGHEST,3,"","","","","","","",""
H6060-Python-Requests,"Wed, 14 Aug 2024 19:50:56 GMT",jinja2:2.10,/Users/runner/work/H6060-Python-Requests/H6060-Python-Requests/upstream-repository/Pipfile.lock:jinja2/2.10,"","","","",pkg:pypi/jinja2@2.10,"",CVE-2020-28493,CWE-400 Uncontrolled Resource Consumption,"This affects the package jinja2 from 0.0.0 and before 2.11.3. The ReDoS vulnerability is mainly due to the `_punctuation_re regex` operator and its use of multiple wildcards. The last wildcard is the most exploitable as it searches for trailing punctuation. This issue can be mitigated by Markdown to format user content instead of the urlize filter, or by implementing request timeouts and limiting process memory.",OSSINDEX,"","","",MEDIUM,5.300000190734863,CVSS:3.1/AV:N/AC:L/PR:N/UI:N/S:U/C:N/I:N/A:L,HIGHEST,3,"","","","","","","",""
H6060-Python-Requests,"Wed, 14 Aug 2024 19:50:56 GMT",py:1.5.3,/Users/runner/work/H6060-Python-Requests/H6060-Python-Requests/upstream-repository/Pipfile.lock:py/1.5.3,"","","","",pkg:pypi/py@1.5.3,"",CVE-2020-29651,CWE-Other,A denial of service via regular expression in the py.path.svnwc component of py (aka python-py) through 1.9.0 could be used by attackers to cause a compute-time denial of service attack by supplying malicious input to the blame functionality.,OSSINDEX,"","","",HIGH,7.5,CVSS:3.1/AV:N/AC:L/PR:N/UI:N/S:U/C:N/I:N/A:H,HIGHEST,3,"","","","","","","",""
H6060-Python-Requests,"Wed, 14 Aug 2024 19:50:56 GMT",py:1.5.3,/Users/runner/work/H6060-Python-Requests/H6060-Python-Requests/upstream-repository/Pipfile.lock:py/1.5.3,"","","","",pkg:pypi/py@1.5.3,"",CVE-2022-42969,CWE-1333 Inefficient Regular Expression Complexity,"The py library through 1.11.0 for Python allows remote attackers to conduct a ReDoS (Regular expression Denial of Service) attack via a Subversion repository with crafted info data, because the InfoSvnCommand argument is mishandled. Note: This has been disputed by multiple third parties as not being reproduceable and they argue this is not a valid vulnerability.",OSSINDEX,"","","",HIGH,7.5,CVSS:3.1/AV:N/AC:L/PR:N/UI:N/S:U/C:N/I:N/A:H,HIGHEST,3,"","","","","","","",""
H6060-Python-Requests,"Wed, 14 Aug 2024 19:50:56 GMT",pyOpenSSL:0.14,/Users/runner/work/H6060-Python-Requests/H6060-Python-Requests/upstream-repository/dist/requests-2.19.0.tar.gz/requests-2.19.0.tar/requests-2.19.0/requirements.txt:pyOpenSSL/0.14,"","","","",pkg:pypi/pyopenssl@0.14,"cpe:2.3:a:openssl:openssl:0.14:*:*:*:*:*:*:*, cpe:2.3:a:pyopenssl:pyopenssl:0.14:*:*:*:*:*:*:*, cpe:2.3:a:pyopenssl_project:pyopenssl:0.14:*:*:*:*:*:*:*",CVE-2016-2108,CWE-119 Improper Restriction of Operations within the Bounds of a Memory Buffer,"The ASN.1 implementation in OpenSSL before 1.0.1o and 1.0.2 before 1.0.2c allows remote attackers to execute arbitrary code or cause a denial of service (buffer underflow and memory corruption) via an ANY field in crafted serialized data, aka the ""negative zero"" issue.",NVD,HIGH,10.0,/AV:N/AC:L/Au:N/C:C/I:C/A:C,CRITICAL,9.8,CVSS:3.0/AV:N/AC:L/PR:N/UI:N/S:U/C:H/I:H/A:H/E:3.9/RC:R/MAV:A,HIGHEST,3,"","","","","","","",""
H6060-Python-Requests,"Wed, 14 Aug 2024 19:50:56 GMT",pyOpenSSL:0.14,/Users/runner/work/H6060-Python-Requests/H6060-Python-Requests/upstream-repository/dist/requests-2.19.0.tar.gz/requests-2.19.0.tar/requests-2.19.0/requirements.txt:pyOpenSSL/0.14,"","","","",pkg:pypi/pyopenssl@0.14,"cpe:2.3:a:openssl:openssl:0.14:*:*:*:*:*:*:*, cpe:2.3:a:pyopenssl:pyopenssl:0.14:*:*:*:*:*:*:*, cpe:2.3:a:pyopenssl_project:pyopenssl:0.14:*:*:*:*:*:*:*",CVE-2016-2176,CWE-119 Improper Restriction of Operations within the Bounds of a Memory Buffer,The X509_NAME_oneline function in crypto/x509/x509_obj.c in OpenSSL before 1.0.1t and 1.0.2 before 1.0.2h allows remote attackers to obtain sensitive information from process stack memory or cause a denial of service (buffer over-read) via crafted EBCDIC ASN.1 data.,NVD,MEDIUM,6.4,/AV:N/AC:L/Au:N/C:P/I:N/A:P,HIGH,8.2,CVSS:3.0/AV:N/AC:L/PR:N/UI:N/S:U/C:L/I:N/A:H/E:3.9/RC:R/MAV:A,HIGHEST,3,"","","","","","","",""
H6060-Python-Requests,"Wed, 14 Aug 2024 19:50:56 GMT",pyOpenSSL:0.14,/Users/runner/work/H6060-Python-Requests/H6060-Python-Requests/upstream-repository/dist/requests-2.19.0.tar.gz/requests-2.19.0.tar/requests-2.19.0/requirements.txt:pyOpenSSL/0.14,"","","","",pkg:pypi/pyopenssl@0.14,"cpe:2.3:a:openssl:openssl:0.14:*:*:*:*:*:*:*, cpe:2.3:a:pyopenssl:pyopenssl:0.14:*:*:*:*:*:*:*, cpe:2.3:a:pyopenssl_project:pyopenssl:0.14:*:*:*:*:*:*:*",CVE-2018-1000807,CWE-416 Use After Free,Python Cryptographic Authority pyopenssl version prior to version 17.5.0 contains a CWE-416: Use After Free vulnerability in X509 object handling that can result in Use after free can lead to possible denial of service or remote code execution.. This attack appear to be exploitable via Depends on the calling application and if it retains a reference to the memory.. This vulnerability appears to have been fixed in 17.5.0.,NVD,MEDIUM,6.8,/AV:N/AC:M/Au:N/C:P/I:P/A:P,HIGH,8.1,CVSS:3.1/AV:N/AC:H/PR:N/UI:N/S:U/C:H/I:H/A:H/E:2.2/RC:R/MAV:A,HIGHEST,3,"","","","","","","",""
H6060-Python-Requests,"Wed, 14 Aug 2024 19:50:56 GMT",pyOpenSSL:0.14,/Users/runner/work/H6060-Python-Requests/H6060-Python-Requests/upstream-repository/dist/requests-2.19.0.tar.gz/requests-2.19.0.tar/requests-2.19.0/requirements.txt:pyOpenSSL/0.14,"","","","",pkg:pypi/pyopenssl@0.14,"cpe:2.3:a:openssl:openssl:0.14:*:*:*:*:*:*:*, cpe:2.3:a:pyopenssl:pyopenssl:0.14:*:*:*:*:*:*:*, cpe:2.3:a:pyopenssl_project:pyopenssl:0.14:*:*:*:*:*:*:*",CVE-2010-4252,CWE-287 Improper Authentication,"OpenSSL before 1.0.0c, when J-PAKE is enabled, does not properly validate the public parameters in the J-PAKE protocol, which allows remote attackers to bypass the need for knowledge of the shared secret, and successfully authenticate, by sending crafted values in each round of the protocol.",NVD,HIGH,7.5,/AV:N/AC:L/Au:N/C:P/I:P/A:P,"","","",HIGHEST,3,"","","","","","","",""
H6060-Python-Requests,"Wed, 14 Aug 2024 19:50:56 GMT",pyOpenSSL:0.14,/Users/runner/work/H6060-Python-Requests/H6060-Python-Requests/upstream-repository/dist/requests-2.19.0.tar.gz/requests-2.19.0.tar/requests-2.19.0/requirements.txt:pyOpenSSL/0.14,"","","","",pkg:pypi/pyopenssl@0.14,"cpe:2.3:a:openssl:openssl:0.14:*:*:*:*:*:*:*, cpe:2.3:a:pyopenssl:pyopenssl:0.14:*:*:*:*:*:*:*, cpe:2.3:a:pyopenssl_project:pyopenssl:0.14:*:*:*:*:*:*:*",CVE-2016-2106,CWE-189 Numeric Errors,Integer overflow in the EVP_EncryptUpdate function in crypto/evp/evp_enc.c in OpenSSL before 1.0.1t and 1.0.2 before 1.0.2h allows remote attackers to cause a denial of service (heap memory corruption) via a large amount of data.,NVD,MEDIUM,5.0,/AV:N/AC:L/Au:N/C:N/I:N/A:P,HIGH,7.5,CVSS:3.0/AV:N/AC:L/PR:N/UI:N/S:U/C:N/I:N/A:H/E:3.9/RC:R/MAV:A,HIGHEST,3,"","","","","","","",""
H6060-Python-Requests,"Wed, 14 Aug 2024 19:50:56 GMT",pyOpenSSL:0.14,/Users/runner/work/H6060-Python-Requests/H6060-Python-Requests/upstream-repository/dist/requests-2.19.0.tar.gz/requests-2.19.0.tar/requests-2.19.0/requirements.txt:pyOpenSSL/0.14,"","","","",pkg:pypi/pyopenssl@0.14,"cpe:2.3:a:openssl:openssl:0.14:*:*:*:*:*:*:*, cpe:2.3:a:pyopenssl:pyopenssl:0.14:*:*:*:*:*:*:*, cpe:2.3:a:pyopenssl_project:pyopenssl:0.14:*:*:*:*:*:*:*",CVE-2016-2109,CWE-399 Resource Management Errors,The asn1_d2i_read_bio function in crypto/asn1/a_d2i_fp.c in the ASN.1 BIO implementation in OpenSSL before 1.0.1t and 1.0.2 before 1.0.2h allows remote attackers to cause a denial of service (memory consumption) via a short invalid encoding.,NVD,HIGH,7.8,/AV:N/AC:L/Au:N/C:N/I:N/A:C,HIGH,7.5,CVSS:3.0/AV:N/AC:L/PR:N/UI:N/S:U/C:N/I:N/A:H/E:3.9/RC:R/MAV:A,HIGHEST,3,"","","","","","","",""
H6060-Python-Requests,"Wed, 14 Aug 2024 19:50:56 GMT",pyOpenSSL:0.14,/Users/runner/work/H6060-Python-Requests/H6060-Python-Requests/upstream-repository/dist/requests-2.19.0.tar.gz/requests-2.19.0.tar/requests-2.19.0/requirements.txt:pyOpenSSL/0.14,"","","","",pkg:pypi/pyopenssl@0.14,"cpe:2.3:a:openssl:openssl:0.14:*:*:*:*:*:*:*, cpe:2.3:a:pyopenssl:pyopenssl:0.14:*:*:*:*:*:*:*, cpe:2.3:a:pyopenssl_project:pyopenssl:0.14:*:*:*:*:*:*:*",CVE-2021-4044,CWE-835 Loop with Unreachable Exit Condition ('Infinite Loop'),"Internally libssl in OpenSSL calls X509_verify_cert() on the client side to verify a certificate supplied by a server. That function may return a negative return value to indicate an internal error (for example out of memory). Such a negative return value is mishandled by OpenSSL and will cause an IO function (such as SSL_connect() or SSL_do_handshake()) to not indicate success and a subsequent call to SSL_get_error() to return the value SSL_ERROR_WANT_RETRY_VERIFY. This return value is only supposed to be returned by OpenSSL if the application has previously called SSL_CTX_set_cert_verify_callback(). Since most applications do not do this the SSL_ERROR_WANT_RETRY_VERIFY return value from SSL_get_error() will be totally unexpected and applications may not behave correctly as a result. The exact behaviour will depend on the application but it could result in crashes, infinite loops or other similar incorrect responses. This issue is made more serious in combination with a separate bug in OpenSSL 3.0 that will cause X509_verify_cert() to indicate an internal error when processing a certificate chain. This will occur where a certificate does not include the Subject Alternative Name extension but where a Certificate Authority has enforced name constraints. This issue can occur even with valid chains. By combining the two issues an attacker could induce incorrect, application dependent behaviour. Fixed in OpenSSL 3.0.1 (Affected 3.0.0).",NVD,MEDIUM,5.0,/AV:N/AC:L/Au:N/C:N/I:N/A:P,HIGH,7.5,CVSS:3.1/AV:N/AC:L/PR:N/UI:N/S:U/C:N/I:N/A:H/E:3.9/RC:R/MAV:A,HIGHEST,3,"","","","","","","",""
H6060-Python-Requests,"Wed, 14 Aug 2024 19:50:56 GMT",pyOpenSSL:0.14,/Users/runner/work/H6060-Python-Requests/H6060-Python-Requests/upstream-repository/dist/requests-2.19.0.tar.gz/requests-2.19.0.tar/requests-2.19.0/requirements.txt:pyOpenSSL/0.14,"","","","",pkg:pypi/pyopenssl@0.14,"cpe:2.3:a:openssl:openssl:0.14:*:*:*:*:*:*:*, cpe:2.3:a:pyopenssl:pyopenssl:0.14:*:*:*:*:*:*:*, cpe:2.3:a:pyopenssl_project:pyopenssl:0.14:*:*:*:*:*:*:*",CVE-2016-2107,"CWE-200 Exposure of Sensitive Information to an Unauthorized Actor, CWE-310 Cryptographic Issues","The AES-NI implementation in OpenSSL before 1.0.1t and 1.0.2 before 1.0.2h does not consider memory allocation during a certain padding check, which allows remote attackers to obtain sensitive cleartext information via a padding-oracle attack against an AES CBC session. NOTE: this vulnerability exists because of an incorrect fix for CVE-2013-0169.",NVD,LOW,2.6,/AV:N/AC:H/Au:N/C:P/I:N/A:N,MEDIUM,5.9,CVSS:3.1/AV:N/AC:H/PR:N/UI:N/S:U/C:H/I:N/A:N/E:2.2/RC:R/MAV:A,HIGHEST,3,"","","","","","","",""
H6060-Python-Requests,"Wed, 14 Aug 2024 19:50:56 GMT",pyOpenSSL:0.14,/Users/runner/work/H6060-Python-Requests/H6060-Python-Requests/upstream-repository/dist/requests-2.19.0.tar.gz/requests-2.19.0.tar/requests-2.19.0/requirements.txt:pyOpenSSL/0.14,"","","","",pkg:pypi/pyopenssl@0.14,"cpe:2.3:a:openssl:openssl:0.14:*:*:*:*:*:*:*, cpe:2.3:a:pyopenssl:pyopenssl:0.14:*:*:*:*:*:*:*, cpe:2.3:a:pyopenssl_project:pyopenssl:0.14:*:*:*:*:*:*:*",CVE-2018-1000808,CWE-404 Improper Resource Shutdown or Release,"Python Cryptographic Authority pyopenssl version Before 17.5.0 contains a CWE - 401 : Failure to Release Memory Before Removing Last Reference vulnerability in PKCS #12 Store that can result in Denial of service if memory runs low or is exhausted. This attack appear to be exploitable via Depends upon calling application, however it could be as simple as initiating a TLS connection. Anything that would cause the calling application to reload certificates from a PKCS #12 store.. This vulnerability appears to have been fixed in 17.5.0.",NVD,MEDIUM,4.3,/AV:N/AC:M/Au:N/C:N/I:N/A:P,MEDIUM,5.9,CVSS:3.0/AV:N/AC:H/PR:N/UI:N/S:U/C:N/I:N/A:H/E:2.2/RC:R/MAV:A,HIGHEST,3,"","","","","","","",""
H6060-Python-Requests,"Wed, 14 Aug 2024 19:50:56 GMT",pyOpenSSL:0.14,/Users/runner/work/H6060-Python-Requests/H6060-Python-Requests/upstream-repository/dist/requests-2.19.0.tar.gz/requests-2.19.0.tar/requests-2.19.0/requirements.txt:pyOpenSSL/0.14,"","","","",pkg:pypi/pyopenssl@0.14,"cpe:2.3:a:openssl:openssl:0.14:*:*:*:*:*:*:*, cpe:2.3:a:pyopenssl:pyopenssl:0.14:*:*:*:*:*:*:*, cpe:2.3:a:pyopenssl_project:pyopenssl:0.14:*:*:*:*:*:*:*",CVE-2016-7056,"CWE-385 Covert Timing Channel, CWE-320 Key Management Errors",A timing attack flaw was found in OpenSSL 1.0.1u and before that could allow a malicious user with local access to recover ECDSA P-256 private keys.,NVD,LOW,2.1,/AV:L/AC:L/Au:N/C:P/I:N/A:N,MEDIUM,5.5,CVSS:3.0/AV:L/AC:L/PR:L/UI:N/S:U/C:H/I:N/A:N/E:1.8/RC:R/MAV:A,HIGHEST,3,"","","","","","","",""
H6060-Python-Requests,"Wed, 14 Aug 2024 19:50:56 GMT",pyOpenSSL:0.14,/Users/runner/work/H6060-Python-Requests/H6060-Python-Requests/upstream-repository/dist/requests-2.19.0.tar.gz/requests-2.19.0.tar/requests-2.19.0/requirements.txt:pyOpenSSL/0.14,"","","","",pkg:pypi/pyopenssl@0.14,"cpe:2.3:a:openssl:openssl:0.14:*:*:*:*:*:*:*, cpe:2.3:a:pyopenssl:pyopenssl:0.14:*:*:*:*:*:*:*, cpe:2.3:a:pyopenssl_project:pyopenssl:0.14:*:*:*:*:*:*:*",CVE-2011-4576,CWE-310 Cryptographic Issues,"The SSL 3.0 implementation in OpenSSL before 0.9.8s and 1.x before 1.0.0f does not properly initialize data structures for block cipher padding, which might allow remote attackers to obtain sensitive information by decrypting the padding data sent by an SSL peer.",NVD,MEDIUM,5.0,/AV:N/AC:L/Au:N/C:P/I:N/A:N,"","","",HIGHEST,3,"","","","","","","",""
H6060-Python-Requests,"Wed, 14 Aug 2024 19:50:56 GMT",pyOpenSSL:0.14,/Users/runner/work/H6060-Python-Requests/H6060-Python-Requests/upstream-repository/dist/requests-2.19.0.tar.gz/requests-2.19.0.tar/requests-2.19.0/requirements.txt:pyOpenSSL/0.14,"","","","",pkg:pypi/pyopenssl@0.14,"cpe:2.3:a:openssl:openssl:0.14:*:*:*:*:*:*:*, cpe:2.3:a:pyopenssl:pyopenssl:0.14:*:*:*:*:*:*:*, cpe:2.3:a:pyopenssl_project:pyopenssl:0.14:*:*:*:*:*:*:*",CVE-2011-4619,CWE-399 Resource Management Errors,"The Server Gated Cryptography (SGC) implementation in OpenSSL before 0.9.8s and 1.x before 1.0.0f does not properly handle handshake restarts, which allows remote attackers to cause a denial of service (CPU consumption) via unspecified vectors.",NVD,MEDIUM,5.0,/AV:N/AC:L/Au:N/C:N/I:N/A:P,"","","",HIGHEST,3,"","","","","","","",""
H6060-Python-Requests,"Wed, 14 Aug 2024 19:50:56 GMT",pyOpenSSL:0.14,/Users/runner/work/H6060-Python-Requests/H6060-Python-Requests/upstream-repository/dist/requests-2.19.0.tar.gz/requests-2.19.0.tar/requests-2.19.0/requirements.txt:pyOpenSSL/0.14,"","","","",pkg:pypi/pyopenssl@0.14,"cpe:2.3:a:openssl:openssl:0.14:*:*:*:*:*:*:*, cpe:2.3:a:pyopenssl:pyopenssl:0.14:*:*:*:*:*:*:*, cpe:2.3:a:pyopenssl_project:pyopenssl:0.14:*:*:*:*:*:*:*",CVE-2012-0027,CWE-399 Resource Management Errors,"The GOST ENGINE in OpenSSL before 1.0.0f does not properly handle invalid parameters for the GOST block cipher, which allows remote attackers to cause a denial of service (daemon crash) via crafted data from a TLS client.",NVD,MEDIUM,5.0,/AV:N/AC:L/Au:N/C:N/I:N/A:P,"","","",HIGHEST,3,"","","","","","","",""
H6060-Python-Requests,"Wed, 14 Aug 2024 19:50:56 GMT",pyOpenSSL:0.14,/Users/runner/work/H6060-Python-Requests/H6060-Python-Requests/upstream-repository/dist/requests-2.19.0.tar.gz/requests-2.19.0.tar/requests-2.19.0/requirements.txt:pyOpenSSL/0.14,"","","","",pkg:pypi/pyopenssl@0.14,"cpe:2.3:a:openssl:openssl:0.14:*:*:*:*:*:*:*, cpe:2.3:a:pyopenssl:pyopenssl:0.14:*:*:*:*:*:*:*, cpe:2.3:a:pyopenssl_project:pyopenssl:0.14:*:*:*:*:*:*:*",CVE-2011-4108,CWE-310 Cryptographic Issues,"The DTLS implementation in OpenSSL before 0.9.8s and 1.x before 1.0.0f performs a MAC check only if certain padding is valid, which makes it easier for remote attackers to recover plaintext via a padding oracle attack.",NVD,MEDIUM,4.3,/AV:N/AC:M/Au:N/C:P/I:N/A:N,"","","",HIGHEST,3,"","","","","","","",""
H6060-Python-Requests,"Wed, 14 Aug 2024 19:50:56 GMT",pyOpenSSL:0.14,/Users/runner/work/H6060-Python-Requests/H6060-Python-Requests/upstream-repository/dist/requests-2.19.0.tar.gz/requests-2.19.0.tar/requests-2.19.0/requirements.txt:pyOpenSSL/0.14,"","","","",pkg:pypi/pyopenssl@0.14,"cpe:2.3:a:openssl:openssl:0.14:*:*:*:*:*:*:*, cpe:2.3:a:pyopenssl:pyopenssl:0.14:*:*:*:*:*:*:*, cpe:2.3:a:pyopenssl_project:pyopenssl:0.14:*:*:*:*:*:*:*",CVE-2011-4577,CWE-399 Resource Management Errors,"OpenSSL before 0.9.8s and 1.x before 1.0.0f, when RFC 3779 support is enabled, allows remote attackers to cause a denial of service (assertion failure) via an X.509 certificate containing certificate-extension data associated with (1) IP address blocks or (2) Autonomous System (AS) identifiers.",NVD,MEDIUM,4.3,/AV:N/AC:M/Au:N/C:N/I:N/A:P,"","","",HIGHEST,3,"","","","","","","",""
H6060-Python-Requests,"Wed, 14 Aug 2024 19:50:56 GMT",pyOpenSSL:0.14,/Users/runner/work/H6060-Python-Requests/H6060-Python-Requests/upstream-repository/dist/requests-2.19.0.tar.gz/requests-2.19.0.tar/requests-2.19.0/requirements.txt:pyOpenSSL/0.14,"","","","",pkg:pypi/pyopenssl@0.14,"cpe:2.3:a:openssl:openssl:0.14:*:*:*:*:*:*:*, cpe:2.3:a:pyopenssl:pyopenssl:0.14:*:*:*:*:*:*:*, cpe:2.3:a:pyopenssl_project:pyopenssl:0.14:*:*:*:*:*:*:*",CVE-2013-6449,CWE-310 Cryptographic Issues,"The ssl_get_algorithm2 function in ssl/s3_lib.c in OpenSSL before 1.0.2 obtains a certain version number from an incorrect data structure, which allows remote attackers to cause a denial of service (daemon crash) via crafted traffic from a TLS 1.2 client.",NVD,MEDIUM,4.3,/AV:N/AC:M/Au:N/C:N/I:N/A:P,"","","",HIGHEST,3,"","","","","","","",""
H6060-Python-Requests,"Wed, 14 Aug 2024 19:50:56 GMT",pyOpenSSL:0.14,/Users/runner/work/H6060-Python-Requests/H6060-Python-Requests/upstream-repository/dist/requests-2.19.0.tar.gz/requests-2.19.0.tar/requests-2.19.0/requirements.txt:pyOpenSSL/0.14,"","","","",pkg:pypi/pyopenssl@0.14,"cpe:2.3:a:openssl:openssl:0.14:*:*:*:*:*:*:*, cpe:2.3:a:pyopenssl:pyopenssl:0.14:*:*:*:*:*:*:*, cpe:2.3:a:pyopenssl_project:pyopenssl:0.14:*:*:*:*:*:*:*",CVE-2010-5298,CWE-362 Concurrent Execution using Shared Resource with Improper Synchronization ('Race Condition'),"Race condition in the ssl3_read_bytes function in s3_pkt.c in OpenSSL through 1.0.1g, when SSL_MODE_RELEASE_BUFFERS is enabled, allows remote attackers to inject data across sessions or cause a denial of service (use-after-free and parsing error) via an SSL connection in a multithreaded environment.",NVD,MEDIUM,4.0,/AV:N/AC:H/Au:N/C:N/I:P/A:P,"","","",HIGHEST,3,"","","","","","","",""
H6060-Python-Requests,"Wed, 14 Aug 2024 19:50:56 GMT",pyOpenSSL:0.14,/Users/runner/work/H6060-Python-Requests/H6060-Python-Requests/upstream-repository/dist/requests-2.19.0.tar.gz/requests-2.19.0.tar/requests-2.19.0/requirements.txt:pyOpenSSL/0.14,"","","","",pkg:pypi/pyopenssl@0.14,"cpe:2.3:a:openssl:openssl:0.14:*:*:*:*:*:*:*, cpe:2.3:a:pyopenssl:pyopenssl:0.14:*:*:*:*:*:*:*, cpe:2.3:a:pyopenssl_project:pyopenssl:0.14:*:*:*:*:*:*:*",CVE-2015-4000,CWE-310 Cryptographic Issues,"The TLS protocol 1.2 and earlier, when a DHE_EXPORT ciphersuite is enabled on a server but not on a client, does not properly convey a DHE_EXPORT choice, which allows man-in-the-middle attackers to conduct cipher-downgrade attacks by rewriting a ClientHello with DHE replaced by DHE_EXPORT and then rewriting a ServerHello with DHE_EXPORT replaced by DHE, aka the ""Logjam"" issue.",NVD,MEDIUM,4.3,/AV:N/AC:M/Au:N/C:N/I:P/A:N,LOW,3.7,CVSS:3.0/AV:N/AC:H/PR:N/UI:N/S:U/C:N/I:L/A:N/E:2.2/RC:R/MAV:A,HIGHEST,3,"","","","","","","",""
H6060-Python-Requests,"Wed, 14 Aug 2024 19:50:56 GMT",pyOpenSSL:0.14,/Users/runner/work/H6060-Python-Requests/H6060-Python-Requests/upstream-repository/dist/requests-2.19.0.tar.gz/requests-2.19.0.tar/requests-2.19.0/requirements.txt:pyOpenSSL/0.14,"","","","",pkg:pypi/pyopenssl@0.14,"cpe:2.3:a:openssl:openssl:0.14:*:*:*:*:*:*:*, cpe:2.3:a:pyopenssl:pyopenssl:0.14:*:*:*:*:*:*:*, cpe:2.3:a:pyopenssl_project:pyopenssl:0.14:*:*:*:*:*:*:*",CVE-2011-1945,CWE-310 Cryptographic Issues,"The elliptic curve cryptography (ECC) subsystem in OpenSSL 1.0.0d and earlier, when the Elliptic Curve Digital Signature Algorithm (ECDSA) is used for the ECDHE_ECDSA cipher suite, does not properly implement curves over binary fields, which makes it easier for context-dependent attackers to determine private keys via a timing attack and a lattice calculation.",NVD,LOW,2.6,/AV:N/AC:H/Au:N/C:P/I:N/A:N,"","","",HIGHEST,3,"","","","","","","",""
H6060-Python-Requests,"Wed, 14 Aug 2024 19:50:56 GMT",pyOpenSSL:0.14,/Users/runner/work/H6060-Python-Requests/H6060-Python-Requests/upstream-repository/dist/requests-2.19.0.tar.gz/requests-2.19.0.tar/requests-2.19.0/requirements.txt:pyOpenSSL/0.14,"","","","",pkg:pypi/pyopenssl@0.14,"cpe:2.3:a:openssl:openssl:0.14:*:*:*:*:*:*:*, cpe:2.3:a:pyopenssl:pyopenssl:0.14:*:*:*:*:*:*:*, cpe:2.3:a:pyopenssl_project:pyopenssl:0.14:*:*:*:*:*:*:*",CVE-2014-0076,CWE-310 Cryptographic Issues,"The Montgomery ladder implementation in OpenSSL through 1.0.0l does not ensure that certain swap operations have a constant-time behavior, which makes it easier for local users to obtain ECDSA nonces via a FLUSH+RELOAD cache side-channel attack.",NVD,LOW,1.9,/AV:L/AC:M/Au:N/C:P/I:N/A:N,"","","",HIGHEST,3,"","","","","","","",""
H6060-Python-Requests,"Wed, 14 Aug 2024 19:50:56 GMT",pyOpenSSL:0.14,/Users/runner/work/H6060-Python-Requests/H6060-Python-Requests/upstream-repository/requirements.txt:pyOpenSSL/0.14,"","","","",pkg:pypi/pyopenssl@0.14,"cpe:2.3:a:openssl:openssl:0.14:*:*:*:*:*:*:*, cpe:2.3:a:pyopenssl:pyopenssl:0.14:*:*:*:*:*:*:*, cpe:2.3:a:pyopenssl_project:pyopenssl:0.14:*:*:*:*:*:*:*",CVE-2016-2108,CWE-119 Improper Restriction of Operations within the Bounds of a Memory Buffer,"The ASN.1 implementation in OpenSSL before 1.0.1o and 1.0.2 before 1.0.2c allows remote attackers to execute arbitrary code or cause a denial of service (buffer underflow and memory corruption) via an ANY field in crafted serialized data, aka the ""negative zero"" issue.",NVD,HIGH,10.0,/AV:N/AC:L/Au:N/C:C/I:C/A:C,CRITICAL,9.8,CVSS:3.0/AV:N/AC:L/PR:N/UI:N/S:U/C:H/I:H/A:H/E:3.9/RC:R/MAV:A,HIGHEST,3,"","","","","","","",""
H6060-Python-Requests,"Wed, 14 Aug 2024 19:50:56 GMT",pyOpenSSL:0.14,/Users/runner/work/H6060-Python-Requests/H6060-Python-Requests/upstream-repository/requirements.txt:pyOpenSSL/0.14,"","","","",pkg:pypi/pyopenssl@0.14,"cpe:2.3:a:openssl:openssl:0.14:*:*:*:*:*:*:*, cpe:2.3:a:pyopenssl:pyopenssl:0.14:*:*:*:*:*:*:*, cpe:2.3:a:pyopenssl_project:pyopenssl:0.14:*:*:*:*:*:*:*",CVE-2016-2176,CWE-119 Improper Restriction of Operations within the Bounds of a Memory Buffer,The X509_NAME_oneline function in crypto/x509/x509_obj.c in OpenSSL before 1.0.1t and 1.0.2 before 1.0.2h allows remote attackers to obtain sensitive information from process stack memory or cause a denial of service (buffer over-read) via crafted EBCDIC ASN.1 data.,NVD,MEDIUM,6.4,/AV:N/AC:L/Au:N/C:P/I:N/A:P,HIGH,8.2,CVSS:3.0/AV:N/AC:L/PR:N/UI:N/S:U/C:L/I:N/A:H/E:3.9/RC:R/MAV:A,HIGHEST,3,"","","","","","","",""
H6060-Python-Requests,"Wed, 14 Aug 2024 19:50:56 GMT",pyOpenSSL:0.14,/Users/runner/work/H6060-Python-Requests/H6060-Python-Requests/upstream-repository/requirements.txt:pyOpenSSL/0.14,"","","","",pkg:pypi/pyopenssl@0.14,"cpe:2.3:a:openssl:openssl:0.14:*:*:*:*:*:*:*, cpe:2.3:a:pyopenssl:pyopenssl:0.14:*:*:*:*:*:*:*, cpe:2.3:a:pyopenssl_project:pyopenssl:0.14:*:*:*:*:*:*:*",CVE-2018-1000807,CWE-416 Use After Free,Python Cryptographic Authority pyopenssl version prior to version 17.5.0 contains a CWE-416: Use After Free vulnerability in X509 object handling that can result in Use after free can lead to possible denial of service or remote code execution.. This attack appear to be exploitable via Depends on the calling application and if it retains a reference to the memory.. This vulnerability appears to have been fixed in 17.5.0.,NVD,MEDIUM,6.8,/AV:N/AC:M/Au:N/C:P/I:P/A:P,HIGH,8.1,CVSS:3.1/AV:N/AC:H/PR:N/UI:N/S:U/C:H/I:H/A:H/E:2.2/RC:R/MAV:A,HIGHEST,3,"","","","","","","",""
H6060-Python-Requests,"Wed, 14 Aug 2024 19:50:56 GMT",pyOpenSSL:0.14,/Users/runner/work/H6060-Python-Requests/H6060-Python-Requests/upstream-repository/requirements.txt:pyOpenSSL/0.14,"","","","",pkg:pypi/pyopenssl@0.14,"cpe:2.3:a:openssl:openssl:0.14:*:*:*:*:*:*:*, cpe:2.3:a:pyopenssl:pyopenssl:0.14:*:*:*:*:*:*:*, cpe:2.3:a:pyopenssl_project:pyopenssl:0.14:*:*:*:*:*:*:*",CVE-2010-4252,CWE-287 Improper Authentication,"OpenSSL before 1.0.0c, when J-PAKE is enabled, does not properly validate the public parameters in the J-PAKE protocol, which allows remote attackers to bypass the need for knowledge of the shared secret, and successfully authenticate, by sending crafted values in each round of the protocol.",NVD,HIGH,7.5,/AV:N/AC:L/Au:N/C:P/I:P/A:P,"","","",HIGHEST,3,"","","","","","","",""
H6060-Python-Requests,"Wed, 14 Aug 2024 19:50:56 GMT",pyOpenSSL:0.14,/Users/runner/work/H6060-Python-Requests/H6060-Python-Requests/upstream-repository/requirements.txt:pyOpenSSL/0.14,"","","","",pkg:pypi/pyopenssl@0.14,"cpe:2.3:a:openssl:openssl:0.14:*:*:*:*:*:*:*, cpe:2.3:a:pyopenssl:pyopenssl:0.14:*:*:*:*:*:*:*, cpe:2.3:a:pyopenssl_project:pyopenssl:0.14:*:*:*:*:*:*:*",CVE-2016-2106,CWE-189 Numeric Errors,Integer overflow in the EVP_EncryptUpdate function in crypto/evp/evp_enc.c in OpenSSL before 1.0.1t and 1.0.2 before 1.0.2h allows remote attackers to cause a denial of service (heap memory corruption) via a large amount of data.,NVD,MEDIUM,5.0,/AV:N/AC:L/Au:N/C:N/I:N/A:P,HIGH,7.5,CVSS:3.0/AV:N/AC:L/PR:N/UI:N/S:U/C:N/I:N/A:H/E:3.9/RC:R/MAV:A,HIGHEST,3,"","","","","","","",""
H6060-Python-Requests,"Wed, 14 Aug 2024 19:50:56 GMT",pyOpenSSL:0.14,/Users/runner/work/H6060-Python-Requests/H6060-Python-Requests/upstream-repository/requirements.txt:pyOpenSSL/0.14,"","","","",pkg:pypi/pyopenssl@0.14,"cpe:2.3:a:openssl:openssl:0.14:*:*:*:*:*:*:*, cpe:2.3:a:pyopenssl:pyopenssl:0.14:*:*:*:*:*:*:*, cpe:2.3:a:pyopenssl_project:pyopenssl:0.14:*:*:*:*:*:*:*",CVE-2016-2109,CWE-399 Resource Management Errors,The asn1_d2i_read_bio function in crypto/asn1/a_d2i_fp.c in the ASN.1 BIO implementation in OpenSSL before 1.0.1t and 1.0.2 before 1.0.2h allows remote attackers to cause a denial of service (memory consumption) via a short invalid encoding.,NVD,HIGH,7.8,/AV:N/AC:L/Au:N/C:N/I:N/A:C,HIGH,7.5,CVSS:3.0/AV:N/AC:L/PR:N/UI:N/S:U/C:N/I:N/A:H/E:3.9/RC:R/MAV:A,HIGHEST,3,"","","","","","","",""
H6060-Python-Requests,"Wed, 14 Aug 2024 19:50:56 GMT",pyOpenSSL:0.14,/Users/runner/work/H6060-Python-Requests/H6060-Python-Requests/upstream-repository/requirements.txt:pyOpenSSL/0.14,"","","","",pkg:pypi/pyopenssl@0.14,"cpe:2.3:a:openssl:openssl:0.14:*:*:*:*:*:*:*, cpe:2.3:a:pyopenssl:pyopenssl:0.14:*:*:*:*:*:*:*, cpe:2.3:a:pyopenssl_project:pyopenssl:0.14:*:*:*:*:*:*:*",CVE-2021-4044,CWE-835 Loop with Unreachable Exit Condition ('Infinite Loop'),"Internally libssl in OpenSSL calls X509_verify_cert() on the client side to verify a certificate supplied by a server. That function may return a negative return value to indicate an internal error (for example out of memory). Such a negative return value is mishandled by OpenSSL and will cause an IO function (such as SSL_connect() or SSL_do_handshake()) to not indicate success and a subsequent call to SSL_get_error() to return the value SSL_ERROR_WANT_RETRY_VERIFY. This return value is only supposed to be returned by OpenSSL if the application has previously called SSL_CTX_set_cert_verify_callback(). Since most applications do not do this the SSL_ERROR_WANT_RETRY_VERIFY return value from SSL_get_error() will be totally unexpected and applications may not behave correctly as a result. The exact behaviour will depend on the application but it could result in crashes, infinite loops or other similar incorrect responses. This issue is made more serious in combination with a separate bug in OpenSSL 3.0 that will cause X509_verify_cert() to indicate an internal error when processing a certificate chain. This will occur where a certificate does not include the Subject Alternative Name extension but where a Certificate Authority has enforced name constraints. This issue can occur even with valid chains. By combining the two issues an attacker could induce incorrect, application dependent behaviour. Fixed in OpenSSL 3.0.1 (Affected 3.0.0).",NVD,MEDIUM,5.0,/AV:N/AC:L/Au:N/C:N/I:N/A:P,HIGH,7.5,CVSS:3.1/AV:N/AC:L/PR:N/UI:N/S:U/C:N/I:N/A:H/E:3.9/RC:R/MAV:A,HIGHEST,3,"","","","","","","",""
H6060-Python-Requests,"Wed, 14 Aug 2024 19:50:56 GMT",pyOpenSSL:0.14,/Users/runner/work/H6060-Python-Requests/H6060-Python-Requests/upstream-repository/requirements.txt:pyOpenSSL/0.14,"","","","",pkg:pypi/pyopenssl@0.14,"cpe:2.3:a:openssl:openssl:0.14:*:*:*:*:*:*:*, cpe:2.3:a:pyopenssl:pyopenssl:0.14:*:*:*:*:*:*:*, cpe:2.3:a:pyopenssl_project:pyopenssl:0.14:*:*:*:*:*:*:*",CVE-2016-2107,"CWE-200 Exposure of Sensitive Information to an Unauthorized Actor, CWE-310 Cryptographic Issues","The AES-NI implementation in OpenSSL before 1.0.1t and 1.0.2 before 1.0.2h does not consider memory allocation during a certain padding check, which allows remote attackers to obtain sensitive cleartext information via a padding-oracle attack against an AES CBC session. NOTE: this vulnerability exists because of an incorrect fix for CVE-2013-0169.",NVD,LOW,2.6,/AV:N/AC:H/Au:N/C:P/I:N/A:N,MEDIUM,5.9,CVSS:3.1/AV:N/AC:H/PR:N/UI:N/S:U/C:H/I:N/A:N/E:2.2/RC:R/MAV:A,HIGHEST,3,"","","","","","","",""
H6060-Python-Requests,"Wed, 14 Aug 2024 19:50:56 GMT",pyOpenSSL:0.14,/Users/runner/work/H6060-Python-Requests/H6060-Python-Requests/upstream-repository/requirements.txt:pyOpenSSL/0.14,"","","","",pkg:pypi/pyopenssl@0.14,"cpe:2.3:a:openssl:openssl:0.14:*:*:*:*:*:*:*, cpe:2.3:a:pyopenssl:pyopenssl:0.14:*:*:*:*:*:*:*, cpe:2.3:a:pyopenssl_project:pyopenssl:0.14:*:*:*:*:*:*:*",CVE-2018-1000808,CWE-404 Improper Resource Shutdown or Release,"Python Cryptographic Authority pyopenssl version Before 17.5.0 contains a CWE - 401 : Failure to Release Memory Before Removing Last Reference vulnerability in PKCS #12 Store that can result in Denial of service if memory runs low or is exhausted. This attack appear to be exploitable via Depends upon calling application, however it could be as simple as initiating a TLS connection. Anything that would cause the calling application to reload certificates from a PKCS #12 store.. This vulnerability appears to have been fixed in 17.5.0.",NVD,MEDIUM,4.3,/AV:N/AC:M/Au:N/C:N/I:N/A:P,MEDIUM,5.9,CVSS:3.0/AV:N/AC:H/PR:N/UI:N/S:U/C:N/I:N/A:H/E:2.2/RC:R/MAV:A,HIGHEST,3,"","","","","","","",""
H6060-Python-Requests,"Wed, 14 Aug 2024 19:50:56 GMT",pyOpenSSL:0.14,/Users/runner/work/H6060-Python-Requests/H6060-Python-Requests/upstream-repository/requirements.txt:pyOpenSSL/0.14,"","","","",pkg:pypi/pyopenssl@0.14,"cpe:2.3:a:openssl:openssl:0.14:*:*:*:*:*:*:*, cpe:2.3:a:pyopenssl:pyopenssl:0.14:*:*:*:*:*:*:*, cpe:2.3:a:pyopenssl_project:pyopenssl:0.14:*:*:*:*:*:*:*",CVE-2016-7056,"CWE-385 Covert Timing Channel, CWE-320 Key Management Errors",A timing attack flaw was found in OpenSSL 1.0.1u and before that could allow a malicious user with local access to recover ECDSA P-256 private keys.,NVD,LOW,2.1,/AV:L/AC:L/Au:N/C:P/I:N/A:N,MEDIUM,5.5,CVSS:3.0/AV:L/AC:L/PR:L/UI:N/S:U/C:H/I:N/A:N/E:1.8/RC:R/MAV:A,HIGHEST,3,"","","","","","","",""
H6060-Python-Requests,"Wed, 14 Aug 2024 19:50:56 GMT",pyOpenSSL:0.14,/Users/runner/work/H6060-Python-Requests/H6060-Python-Requests/upstream-repository/requirements.txt:pyOpenSSL/0.14,"","","","",pkg:pypi/pyopenssl@0.14,"cpe:2.3:a:openssl:openssl:0.14:*:*:*:*:*:*:*, cpe:2.3:a:pyopenssl:pyopenssl:0.14:*:*:*:*:*:*:*, cpe:2.3:a:pyopenssl_project:pyopenssl:0.14:*:*:*:*:*:*:*",CVE-2011-4576,CWE-310 Cryptographic Issues,"The SSL 3.0 implementation in OpenSSL before 0.9.8s and 1.x before 1.0.0f does not properly initialize data structures for block cipher padding, which might allow remote attackers to obtain sensitive information by decrypting the padding data sent by an SSL peer.",NVD,MEDIUM,5.0,/AV:N/AC:L/Au:N/C:P/I:N/A:N,"","","",HIGHEST,3,"","","","","","","",""
H6060-Python-Requests,"Wed, 14 Aug 2024 19:50:56 GMT",pyOpenSSL:0.14,/Users/runner/work/H6060-Python-Requests/H6060-Python-Requests/upstream-repository/requirements.txt:pyOpenSSL/0.14,"","","","",pkg:pypi/pyopenssl@0.14,"cpe:2.3:a:openssl:openssl:0.14:*:*:*:*:*:*:*, cpe:2.3:a:pyopenssl:pyopenssl:0.14:*:*:*:*:*:*:*, cpe:2.3:a:pyopenssl_project:pyopenssl:0.14:*:*:*:*:*:*:*",CVE-2011-4619,CWE-399 Resource Management Errors,"The Server Gated Cryptography (SGC) implementation in OpenSSL before 0.9.8s and 1.x before 1.0.0f does not properly handle handshake restarts, which allows remote attackers to cause a denial of service (CPU consumption) via unspecified vectors.",NVD,MEDIUM,5.0,/AV:N/AC:L/Au:N/C:N/I:N/A:P,"","","",HIGHEST,3,"","","","","","","",""
H6060-Python-Requests,"Wed, 14 Aug 2024 19:50:56 GMT",pyOpenSSL:0.14,/Users/runner/work/H6060-Python-Requests/H6060-Python-Requests/upstream-repository/requirements.txt:pyOpenSSL/0.14,"","","","",pkg:pypi/pyopenssl@0.14,"cpe:2.3:a:openssl:openssl:0.14:*:*:*:*:*:*:*, cpe:2.3:a:pyopenssl:pyopenssl:0.14:*:*:*:*:*:*:*, cpe:2.3:a:pyopenssl_project:pyopenssl:0.14:*:*:*:*:*:*:*",CVE-2012-0027,CWE-399 Resource Management Errors,"The GOST ENGINE in OpenSSL before 1.0.0f does not properly handle invalid parameters for the GOST block cipher, which allows remote attackers to cause a denial of service (daemon crash) via crafted data from a TLS client.",NVD,MEDIUM,5.0,/AV:N/AC:L/Au:N/C:N/I:N/A:P,"","","",HIGHEST,3,"","","","","","","",""
H6060-Python-Requests,"Wed, 14 Aug 2024 19:50:56 GMT",pyOpenSSL:0.14,/Users/runner/work/H6060-Python-Requests/H6060-Python-Requests/upstream-repository/requirements.txt:pyOpenSSL/0.14,"","","","",pkg:pypi/pyopenssl@0.14,"cpe:2.3:a:openssl:openssl:0.14:*:*:*:*:*:*:*, cpe:2.3:a:pyopenssl:pyopenssl:0.14:*:*:*:*:*:*:*, cpe:2.3:a:pyopenssl_project:pyopenssl:0.14:*:*:*:*:*:*:*",CVE-2011-4108,CWE-310 Cryptographic Issues,"The DTLS implementation in OpenSSL before 0.9.8s and 1.x before 1.0.0f performs a MAC check only if certain padding is valid, which makes it easier for remote attackers to recover plaintext via a padding oracle attack.",NVD,MEDIUM,4.3,/AV:N/AC:M/Au:N/C:P/I:N/A:N,"","","",HIGHEST,3,"","","","","","","",""
H6060-Python-Requests,"Wed, 14 Aug 2024 19:50:56 GMT",pyOpenSSL:0.14,/Users/runner/work/H6060-Python-Requests/H6060-Python-Requests/upstream-repository/requirements.txt:pyOpenSSL/0.14,"","","","",pkg:pypi/pyopenssl@0.14,"cpe:2.3:a:openssl:openssl:0.14:*:*:*:*:*:*:*, cpe:2.3:a:pyopenssl:pyopenssl:0.14:*:*:*:*:*:*:*, cpe:2.3:a:pyopenssl_project:pyopenssl:0.14:*:*:*:*:*:*:*",CVE-2011-4577,CWE-399 Resource Management Errors,"OpenSSL before 0.9.8s and 1.x before 1.0.0f, when RFC 3779 support is enabled, allows remote attackers to cause a denial of service (assertion failure) via an X.509 certificate containing certificate-extension data associated with (1) IP address blocks or (2) Autonomous System (AS) identifiers.",NVD,MEDIUM,4.3,/AV:N/AC:M/Au:N/C:N/I:N/A:P,"","","",HIGHEST,3,"","","","","","","",""
H6060-Python-Requests,"Wed, 14 Aug 2024 19:50:56 GMT",pyOpenSSL:0.14,/Users/runner/work/H6060-Python-Requests/H6060-Python-Requests/upstream-repository/requirements.txt:pyOpenSSL/0.14,"","","","",pkg:pypi/pyopenssl@0.14,"cpe:2.3:a:openssl:openssl:0.14:*:*:*:*:*:*:*, cpe:2.3:a:pyopenssl:pyopenssl:0.14:*:*:*:*:*:*:*, cpe:2.3:a:pyopenssl_project:pyopenssl:0.14:*:*:*:*:*:*:*",CVE-2013-6449,CWE-310 Cryptographic Issues,"The ssl_get_algorithm2 function in ssl/s3_lib.c in OpenSSL before 1.0.2 obtains a certain version number from an incorrect data structure, which allows remote attackers to cause a denial of service (daemon crash) via crafted traffic from a TLS 1.2 client.",NVD,MEDIUM,4.3,/AV:N/AC:M/Au:N/C:N/I:N/A:P,"","","",HIGHEST,3,"","","","","","","",""
H6060-Python-Requests,"Wed, 14 Aug 2024 19:50:56 GMT",pyOpenSSL:0.14,/Users/runner/work/H6060-Python-Requests/H6060-Python-Requests/upstream-repository/requirements.txt:pyOpenSSL/0.14,"","","","",pkg:pypi/pyopenssl@0.14,"cpe:2.3:a:openssl:openssl:0.14:*:*:*:*:*:*:*, cpe:2.3:a:pyopenssl:pyopenssl:0.14:*:*:*:*:*:*:*, cpe:2.3:a:pyopenssl_project:pyopenssl:0.14:*:*:*:*:*:*:*",CVE-2010-5298,CWE-362 Concurrent Execution using Shared Resource with Improper Synchronization ('Race Condition'),"Race condition in the ssl3_read_bytes function in s3_pkt.c in OpenSSL through 1.0.1g, when SSL_MODE_RELEASE_BUFFERS is enabled, allows remote attackers to inject data across sessions or cause a denial of service (use-after-free and parsing error) via an SSL connection in a multithreaded environment.",NVD,MEDIUM,4.0,/AV:N/AC:H/Au:N/C:N/I:P/A:P,"","","",HIGHEST,3,"","","","","","","",""
H6060-Python-Requests,"Wed, 14 Aug 2024 19:50:56 GMT",pyOpenSSL:0.14,/Users/runner/work/H6060-Python-Requests/H6060-Python-Requests/upstream-repository/requirements.txt:pyOpenSSL/0.14,"","","","",pkg:pypi/pyopenssl@0.14,"cpe:2.3:a:openssl:openssl:0.14:*:*:*:*:*:*:*, cpe:2.3:a:pyopenssl:pyopenssl:0.14:*:*:*:*:*:*:*, cpe:2.3:a:pyopenssl_project:pyopenssl:0.14:*:*:*:*:*:*:*",CVE-2015-4000,CWE-310 Cryptographic Issues,"The TLS protocol 1.2 and earlier, when a DHE_EXPORT ciphersuite is enabled on a server but not on a client, does not properly convey a DHE_EXPORT choice, which allows man-in-the-middle attackers to conduct cipher-downgrade attacks by rewriting a ClientHello with DHE replaced by DHE_EXPORT and then rewriting a ServerHello with DHE_EXPORT replaced by DHE, aka the ""Logjam"" issue.",NVD,MEDIUM,4.3,/AV:N/AC:M/Au:N/C:N/I:P/A:N,LOW,3.7,CVSS:3.0/AV:N/AC:H/PR:N/UI:N/S:U/C:N/I:L/A:N/E:2.2/RC:R/MAV:A,HIGHEST,3,"","","","","","","",""
H6060-Python-Requests,"Wed, 14 Aug 2024 19:50:56 GMT",pyOpenSSL:0.14,/Users/runner/work/H6060-Python-Requests/H6060-Python-Requests/upstream-repository/requirements.txt:pyOpenSSL/0.14,"","","","",pkg:pypi/pyopenssl@0.14,"cpe:2.3:a:openssl:openssl:0.14:*:*:*:*:*:*:*, cpe:2.3:a:pyopenssl:pyopenssl:0.14:*:*:*:*:*:*:*, cpe:2.3:a:pyopenssl_project:pyopenssl:0.14:*:*:*:*:*:*:*",CVE-2011-1945,CWE-310 Cryptographic Issues,"The elliptic curve cryptography (ECC) subsystem in OpenSSL 1.0.0d and earlier, when the Elliptic Curve Digital Signature Algorithm (ECDSA) is used for the ECDHE_ECDSA cipher suite, does not properly implement curves over binary fields, which makes it easier for context-dependent attackers to determine private keys via a timing attack and a lattice calculation.",NVD,LOW,2.6,/AV:N/AC:H/Au:N/C:P/I:N/A:N,"","","",HIGHEST,3,"","","","","","","",""
H6060-Python-Requests,"Wed, 14 Aug 2024 19:50:56 GMT",pyOpenSSL:0.14,/Users/runner/work/H6060-Python-Requests/H6060-Python-Requests/upstream-repository/requirements.txt:pyOpenSSL/0.14,"","","","",pkg:pypi/pyopenssl@0.14,"cpe:2.3:a:openssl:openssl:0.14:*:*:*:*:*:*:*, cpe:2.3:a:pyopenssl:pyopenssl:0.14:*:*:*:*:*:*:*, cpe:2.3:a:pyopenssl_project:pyopenssl:0.14:*:*:*:*:*:*:*",CVE-2014-0076,CWE-310 Cryptographic Issues,"The Montgomery ladder implementation in OpenSSL through 1.0.0l does not ensure that certain swap operations have a constant-time behavior, which makes it easier for local users to obtain ECDSA nonces via a FLUSH+RELOAD cache side-channel attack.",NVD,LOW,1.9,/AV:L/AC:M/Au:N/C:P/I:N/A:N,"","","",HIGHEST,3,"","","","","","","",""
H6060-Python-Requests,"Wed, 14 Aug 2024 19:50:56 GMT",pygments:2.2.0,/Users/runner/work/H6060-Python-Requests/H6060-Python-Requests/upstream-repository/Pipfile.lock:pygments/2.2.0,"","","","",pkg:pypi/pygments@2.2.0,cpe:2.3:a:pygments:pygments:2.2.0:*:*:*:*:*:*:*,CVE-2021-20270,CWE-835 Loop with Unreachable Exit Condition ('Infinite Loop'),"An infinite loop in SMLLexer in Pygments versions 1.5 to 2.7.3 may lead to denial of service when performing syntax highlighting of a Standard ML (SML) source file, as demonstrated by input that only contains the ""exception"" keyword.",NVD,MEDIUM,5.0,/AV:N/AC:L/Au:N/C:N/I:N/A:P,HIGH,7.5,CVSS:3.1/AV:N/AC:L/PR:N/UI:N/S:U/C:N/I:N/A:H/E:3.9/RC:R/MAV:A,HIGHEST,3,"","","","","","","",""
H6060-Python-Requests,"Wed, 14 Aug 2024 19:50:56 GMT",pygments:2.2.0,/Users/runner/work/H6060-Python-Requests/H6060-Python-Requests/upstream-repository/Pipfile.lock:pygments/2.2.0,"","","","",pkg:pypi/pygments@2.2.0,cpe:2.3:a:pygments:pygments:2.2.0:*:*:*:*:*:*:*,CVE-2021-27291,CWE-1333 Inefficient Regular Expression Complexity,"In pygments 1.1+, fixed in 2.7.4, the lexers used to parse programming languages rely heavily on regular expressions. Some of the regular expressions have exponential or cubic worst-case complexity and are vulnerable to ReDoS. By crafting malicious input, an attacker can cause a denial of service.",NVD,MEDIUM,5.0,/AV:N/AC:L/Au:N/C:N/I:N/A:P,HIGH,7.5,CVSS:3.1/AV:N/AC:L/PR:N/UI:N/S:U/C:N/I:N/A:H/E:3.9/RC:R/MAV:A,HIGHEST,3,"","","","","","","",""
H6060-Python-Requests,"Wed, 14 Aug 2024 19:50:56 GMT",pygments:2.2.0,/Users/runner/work/H6060-Python-Requests/H6060-Python-Requests/upstream-repository/Pipfile.lock:pygments/2.2.0,"","","","",pkg:pypi/pygments@2.2.0,cpe:2.3:a:pygments:pygments:2.2.0:*:*:*:*:*:*:*,CVE-2022-40896,CWE-434 Unrestricted Upload of File with Dangerous Type,A ReDoS issue was discovered in pygments/lexers/smithy.py in pygments through 2.15.0 via SmithyLexer.,NVD,"","","",MEDIUM,5.5,CVSS:3.1/AV:L/AC:L/PR:N/UI:R/S:U/C:N/I:N/A:H/E:1.8/RC:R/MAV:A,HIGHEST,3,"","","","","","","",""
H6060-Python-Requests,"Wed, 14 Aug 2024 19:50:56 GMT",requests:2.18.4,/Users/runner/work/H6060-Python-Requests/H6060-Python-Requests/upstream-repository/Pipfile.lock:requests/2.18.4,"","","","",pkg:pypi/requests@2.18.4,"",CVE-2018-18074,CWE-522 Insufficiently Protected Credentials,"The Requests package before 2.20.0 for Python sends an HTTP Authorization header to an http URI upon receiving a same-hostname https-to-http redirect, which makes it easier for remote attackers to discover credentials by sniffing the network.  Sonatype's research suggests that this CVE's details differ from those defined at NVD. See https://ossindex.sonatype.org/vulnerability/CVE-2018-18074 for details",OSSINDEX,"","","",HIGH,7.5,CVSS:3.1/AV:N/AC:L/PR:N/UI:N/S:U/C:H/I:N/A:N,HIGHEST,3,"","","","","","","",""
H6060-Python-Requests,"Wed, 14 Aug 2024 19:50:56 GMT",requests:2.18.4,/Users/runner/work/H6060-Python-Requests/H6060-Python-Requests/upstream-repository/Pipfile.lock:requests/2.18.4,"","","","",pkg:pypi/requests@2.18.4,"",CVE-2023-32681,CWE-200 Exposure of Sensitive Information to an Unauthorized Actor,"Requests is a HTTP library. Since Requests 2.3.0, Requests has been leaking Proxy-Authorization headers to destination servers when redirected to an HTTPS endpoint. This is a product of how we use `rebuild_proxies` to reattach the `Proxy-Authorization` header to requests. For HTTP connections sent through the tunnel, the proxy will identify the header in the request itself and remove it prior to forwarding to the destination server. However when sent over HTTPS, the `Proxy-Authorization` header must be sent in the CONNECT request as the proxy has no visibility into the tunneled request. This results in Requests forwarding proxy credentials to the destination server unintentionally, allowing a malicious actor to potentially exfiltrate sensitive information. This issue has been patched in version 2.31.0.",OSSINDEX,"","","",MEDIUM,6.099999904632568,CVSS:3.1/AV:N/AC:H/PR:N/UI:R/S:C/C:H/I:N/A:N,HIGHEST,3,"","","","","","","",""
H6060-Python-Requests,"Wed, 14 Aug 2024 19:50:56 GMT",requests:2.18.4,/Users/runner/work/H6060-Python-Requests/H6060-Python-Requests/upstream-repository/Pipfile.lock:requests/2.18.4,"","","","",pkg:pypi/requests@2.18.4,"",CVE-2024-35195,CWE-670 Always-Incorrect Control Flow Implementation,"Requests is a HTTP library. Prior to 2.32.0, when making requests through a Requests `Session`, if the first request is made with `verify=False` to disable cert verification, all subsequent requests to the same host will continue to ignore cert verification regardless of changes to the value of `verify`. This behavior will continue for the lifecycle of the connection in the connection pool. This vulnerability is fixed in 2.32.0.",OSSINDEX,"","","",MEDIUM,5.599999904632568,CVSS:3.1/AV:L/AC:H/PR:H/UI:R/S:U/C:H/I:H/A:N,HIGHEST,3,"","","","","","","",""
H6060-Python-Requests,"Wed, 14 Aug 2024 19:50:56 GMT",requests:2.19.0,/Users/runner/work/H6060-Python-Requests/H6060-Python-Requests/upstream-repository/dist/requests-2.19.0-py2.py3-none-any.whl,Python HTTP for Humans.,"",612c38a0dff728d5578b5c21b8558e59,73cc2e9a56365c141a68d575b2dcf0146e1037c6,pkg:pypi/requests@2.19.0,cpe:2.3:a:python:requests:2.19.0:*:*:*:*:*:*:*,CVE-2018-18074,CWE-522 Insufficiently Protected Credentials,"The Requests package before 2.20.0 for Python sends an HTTP Authorization header to an http URI upon receiving a same-hostname https-to-http redirect, which makes it easier for remote attackers to discover credentials by sniffing the network.",NVD,MEDIUM,5.0,/AV:N/AC:L/Au:N/C:P/I:N/A:N,HIGH,7.5,CVSS:3.1/AV:N/AC:L/PR:N/UI:N/S:U/C:H/I:N/A:N/E:3.9/RC:R/MAV:A,HIGHEST,8,"","","","","","","",""
H6060-Python-Requests,"Wed, 14 Aug 2024 19:50:56 GMT",requests:2.19.0,/Users/runner/work/H6060-Python-Requests/H6060-Python-Requests/upstream-repository/dist/requests-2.19.0-py2.py3-none-any.whl,Python HTTP for Humans.,"",612c38a0dff728d5578b5c21b8558e59,73cc2e9a56365c141a68d575b2dcf0146e1037c6,pkg:pypi/requests@2.19.0,cpe:2.3:a:python:requests:2.19.0:*:*:*:*:*:*:*,CVE-2023-32681,"NVD-CWE-noinfo, CWE-200 Exposure of Sensitive Information to an Unauthorized Actor","Requests is a HTTP library. Since Requests 2.3.0, Requests has been leaking Proxy-Authorization headers to destination servers when redirected to an HTTPS endpoint. This is a product of how we use `rebuild_proxies` to reattach the `Proxy-Authorization` header to requests. For HTTP connections sent through the tunnel, the proxy will identify the header in the request itself and remove it prior to forwarding to the destination server. However when sent over HTTPS, the `Proxy-Authorization` header must be sent in the CONNECT request as the proxy has no visibility into the tunneled request. This results in Requests forwarding proxy credentials to the destination server unintentionally, allowing a malicious actor to potentially exfiltrate sensitive information. This issue has been patched in version 2.31.0.",NVD,"","","",MEDIUM,6.1,CVSS:3.1/AV:N/AC:H/PR:N/UI:R/S:C/C:H/I:N/A:N/E:1.6/RC:R/MAV:A,HIGHEST,8,"","","","","","","",""
H6060-Python-Requests,"Wed, 14 Aug 2024 19:50:56 GMT",requests:2.19.0,/Users/runner/work/H6060-Python-Requests/H6060-Python-Requests/upstream-repository/dist/requests-2.19.0-py2.py3-none-any.whl,Python HTTP for Humans.,"",612c38a0dff728d5578b5c21b8558e59,73cc2e9a56365c141a68d575b2dcf0146e1037c6,pkg:pypi/requests@2.19.0,cpe:2.3:a:python:requests:2.19.0:*:*:*:*:*:*:*,CVE-2024-35195,CWE-670 Always-Incorrect Control Flow Implementation,"Requests is a HTTP library. Prior to 2.32.0, when making requests through a Requests `Session`, if the first request is made with `verify=False` to disable cert verification, all subsequent requests to the same host will continue to ignore cert verification regardless of changes to the value of `verify`. This behavior will continue for the lifecycle of the connection in the connection pool. This vulnerability is fixed in 2.32.0.",OSSINDEX,"","","",MEDIUM,5.599999904632568,CVSS:3.1/AV:L/AC:H/PR:H/UI:R/S:U/C:H/I:H/A:N,HIGHEST,8,"","","","","","","",""
H6060-Python-Requests,"Wed, 14 Aug 2024 19:50:56 GMT",requests:2.19.0,/Users/runner/work/H6060-Python-Requests/H6060-Python-Requests/upstream-repository/requests/__init__.py,"","",e3cf79dd66fa8b8e65760c0f454fc772,418c9dad732432ebbd7c6cbd7671cbace96662be,"pkg:pypi/requests, pkg:pypi/requests@2.19.0",cpe:2.3:a:python:requests:2.19.0:*:*:*:*:*:*:*,CVE-2018-18074,CWE-522 Insufficiently Protected Credentials,"The Requests package before 2.20.0 for Python sends an HTTP Authorization header to an http URI upon receiving a same-hostname https-to-http redirect, which makes it easier for remote attackers to discover credentials by sniffing the network.",NVD,MEDIUM,5.0,/AV:N/AC:L/Au:N/C:P/I:N/A:N,HIGH,7.5,CVSS:3.1/AV:N/AC:L/PR:N/UI:N/S:U/C:H/I:N/A:N/E:3.9/RC:R/MAV:A,"HIGHEST, HIGHEST",5,"","","","","","","",""
H6060-Python-Requests,"Wed, 14 Aug 2024 19:50:56 GMT",requests:2.19.0,/Users/runner/work/H6060-Python-Requests/H6060-Python-Requests/upstream-repository/requests/__init__.py,"","",e3cf79dd66fa8b8e65760c0f454fc772,418c9dad732432ebbd7c6cbd7671cbace96662be,"pkg:pypi/requests, pkg:pypi/requests@2.19.0",cpe:2.3:a:python:requests:2.19.0:*:*:*:*:*:*:*,CVE-2023-32681,"NVD-CWE-noinfo, CWE-200 Exposure of Sensitive Information to an Unauthorized Actor","Requests is a HTTP library. Since Requests 2.3.0, Requests has been leaking Proxy-Authorization headers to destination servers when redirected to an HTTPS endpoint. This is a product of how we use `rebuild_proxies` to reattach the `Proxy-Authorization` header to requests. For HTTP connections sent through the tunnel, the proxy will identify the header in the request itself and remove it prior to forwarding to the destination server. However when sent over HTTPS, the `Proxy-Authorization` header must be sent in the CONNECT request as the proxy has no visibility into the tunneled request. This results in Requests forwarding proxy credentials to the destination server unintentionally, allowing a malicious actor to potentially exfiltrate sensitive information. This issue has been patched in version 2.31.0.",NVD,"","","",MEDIUM,6.1,CVSS:3.1/AV:N/AC:H/PR:N/UI:R/S:C/C:H/I:N/A:N/E:1.6/RC:R/MAV:A,"HIGHEST, HIGHEST",5,"","","","","","","",""
H6060-Python-Requests,"Wed, 14 Aug 2024 19:50:56 GMT",requests:2.19.0,/Users/runner/work/H6060-Python-Requests/H6060-Python-Requests/upstream-repository/requests/__init__.py,"","",e3cf79dd66fa8b8e65760c0f454fc772,418c9dad732432ebbd7c6cbd7671cbace96662be,"pkg:pypi/requests, pkg:pypi/requests@2.19.0",cpe:2.3:a:python:requests:2.19.0:*:*:*:*:*:*:*,CVE-2024-35195,CWE-670 Always-Incorrect Control Flow Implementation,"Requests is a HTTP library. Prior to 2.32.0, when making requests through a Requests `Session`, if the first request is made with `verify=False` to disable cert verification, all subsequent requests to the same host will continue to ignore cert verification regardless of changes to the value of `verify`. This behavior will continue for the lifecycle of the connection in the connection pool. This vulnerability is fixed in 2.32.0.",OSSINDEX,"","","",MEDIUM,5.599999904632568,CVSS:3.1/AV:L/AC:H/PR:H/UI:R/S:U/C:H/I:H/A:N,"HIGHEST, HIGHEST",5,"","","","","","","",""
H6060-Python-Requests,"Wed, 14 Aug 2024 19:50:56 GMT",urllib3:1.22,/Users/runner/work/H6060-Python-Requests/H6060-Python-Requests/upstream-repository/Pipfile.lock:urllib3/1.22,"","","","",pkg:pypi/urllib3@1.22,"",CVE-2018-20060,CWE-noinfo,"urllib3 before version 1.23 does not remove the Authorization HTTP header when following a cross-origin redirect (i.e., a redirect that differs in host, port, or scheme). This can allow for credentials in the Authorization header to be exposed to unintended hosts or transmitted in cleartext.  Sonatype's research suggests that this CVE's details differ from those defined at NVD. See https://ossindex.sonatype.org/vulnerability/CVE-2018-20060 for details",OSSINDEX,"","","",CRITICAL,9.800000190734863,CVSS:3.0/AV:N/AC:L/PR:N/UI:N/S:U/C:H/I:H/A:H,HIGHEST,3,"","","","","","","",""
H6060-Python-Requests,"Wed, 14 Aug 2024 19:50:56 GMT",urllib3:1.22,/Users/runner/work/H6060-Python-Requests/H6060-Python-Requests/upstream-repository/Pipfile.lock:urllib3/1.22,"","","","",pkg:pypi/urllib3@1.22,"",CVE-2023-43804,CWE-200 Exposure of Sensitive Information to an Unauthorized Actor,"urllib3 is a user-friendly HTTP client library for Python. urllib3 doesn't treat the `Cookie` HTTP header special or provide any helpers for managing cookies over HTTP, that is the responsibility of the user. However, it is possible for a user to specify a `Cookie` header and unknowingly leak information via HTTP redirects to a different origin if that user doesn't disable redirects explicitly. This issue has been patched in urllib3 version 1.26.17 or 2.0.5.",OSSINDEX,"","","",HIGH,8.100000381469727,CVSS:3.1/AV:N/AC:L/PR:L/UI:N/S:U/C:H/I:H/A:N,HIGHEST,3,"","","","","","","",""
H6060-Python-Requests,"Wed, 14 Aug 2024 19:50:56 GMT",urllib3:1.22,/Users/runner/work/H6060-Python-Requests/H6060-Python-Requests/upstream-repository/Pipfile.lock:urllib3/1.22,"","","","",pkg:pypi/urllib3@1.22,"",CVE-2019-11324,CWE-295 Improper Certificate Validation,"The urllib3 library before 1.24.2 for Python mishandles certain cases where the desired set of CA certificates is different from the OS store of CA certificates, which results in SSL connections succeeding in situations where a verification failure is the correct outcome. This is related to use of the ssl_context, ca_certs, or ca_certs_dir argument.  Sonatype's research suggests that this CVE's details differ from those defined at NVD. See https://ossindex.sonatype.org/vulnerability/CVE-2019-11324 for details",OSSINDEX,"","","",HIGH,7.5,CVSS:3.0/AV:N/AC:L/PR:N/UI:N/S:U/C:N/I:H/A:N,HIGHEST,3,"","","","","","","",""
H6060-Python-Requests,"Wed, 14 Aug 2024 19:50:56 GMT",urllib3:1.22,/Users/runner/work/H6060-Python-Requests/H6060-Python-Requests/upstream-repository/Pipfile.lock:urllib3/1.22,"","","","",pkg:pypi/urllib3@1.22,"",CVE-2020-26137,CWE-74 Improper Neutralization of Special Elements in Output Used by a Downstream Component ('Injection'),"urllib3 before 1.25.9 allows CRLF injection if the attacker controls the HTTP request method, as demonstrated by inserting CR and LF control characters in the first argument of putrequest(). NOTE: this is similar to CVE-2020-26116.",OSSINDEX,"","","",MEDIUM,6.5,CVSS:3.1/AV:N/AC:L/PR:N/UI:N/S:U/C:L/I:L/A:N,HIGHEST,3,"","","","","","","",""
H6060-Python-Requests,"Wed, 14 Aug 2024 19:50:56 GMT",urllib3:1.22,/Users/runner/work/H6060-Python-Requests/H6060-Python-Requests/upstream-repository/Pipfile.lock:urllib3/1.22,"","","","",pkg:pypi/urllib3@1.22,"",CVE-2019-11236,CWE-93 Improper Neutralization of CRLF Sequences ('CRLF Injection'),"In the urllib3 library through 1.24.1 for Python, CRLF injection is possible if the attacker controls the request parameter.  Sonatype's research suggests that this CVE's details differ from those defined at NVD. See https://ossindex.sonatype.org/vulnerability/CVE-2019-11236 for details",OSSINDEX,"","","",MEDIUM,6.099999904632568,CVSS:3.0/AV:N/AC:L/PR:N/UI:R/S:C/C:L/I:L/A:N,HIGHEST,3,"","","","","","","",""
H6060-Python-Requests,"Wed, 14 Aug 2024 19:50:56 GMT",urllib3:1.22,/Users/runner/work/H6060-Python-Requests/H6060-Python-Requests/upstream-repository/Pipfile.lock:urllib3/1.22,"","","","",pkg:pypi/urllib3@1.22,"",CVE-2019-9740,CWE-93 Improper Neutralization of CRLF Sequences ('CRLF Injection'),"An issue was discovered in urllib2 in Python 2.x through 2.7.16 and urllib in Python 3.x through 3.7.3. CRLF injection is possible if the attacker controls a url parameter, as demonstrated by the first argument to urllib.request.urlopen with \r\n (specifically in the query string after a ? character) followed by an HTTP header or a Redis command. This is fixed in: v2.7.17, v2.7.17rc1, v2.7.18, v2.7.18rc1; v3.5.10, v3.5.10rc1, v3.5.8, v3.5.8rc1, v3.5.8rc2, v3.5.9; v3.6.10, v3.6.10rc1, v3.6.11, v3.6.11rc1, v3.6.12, v3.6.9, v3.6.9rc1; v3.7.4, v3.7.4rc1, v3.7.4rc2, v3.7.5, v3.7.5rc1, v3.7.6, v3.7.6rc1, v3.7.7, v3.7.7rc1, v3.7.8, v3.7.8rc1, v3.7.9.",OSSINDEX,"","","",MEDIUM,6.099999904632568,CVSS:3.1/AV:N/AC:L/PR:N/UI:R/S:C/C:L/I:L/A:N,HIGHEST,3,"","","","","","","",""
H6060-Python-Requests,"Wed, 14 Aug 2024 19:50:56 GMT",urllib3:1.22,/Users/runner/work/H6060-Python-Requests/H6060-Python-Requests/upstream-repository/Pipfile.lock:urllib3/1.22,"","","","",pkg:pypi/urllib3@1.22,"",CVE-2023-45803,CWE-200 Exposure of Sensitive Information to an Unauthorized Actor,"urllib3 is a user-friendly HTTP client library for Python. urllib3 previously wouldn't remove the HTTP request body when an HTTP redirect response using status 301, 302, or 303 after the request had its method changed from one that could accept a request body (like `POST`) to `GET` as is required by HTTP RFCs. Although this behavior is not specified in the section for redirects, it can be inferred by piecing together information from different sections and we have observed the behavior in other major HTTP client implementations like curl and web browsers. Because the vulnerability requires a previously trusted service to become compromised in order to have an impact on confidentiality we believe the exploitability of this vulnerability is low. Additionally, many users aren't putting sensitive data in HTTP request bodies, if this is the case then this vulnerability isn't exploitable. Both of the following conditions must be true to be affected by this vulnerability: 1. Using urllib3 and submitting sensitive information in the HTTP request body (such as form data or JSON) and 2. The origin service is compromised and starts redirecting using 301, 302, or 303 to a malicious peer or the redirected-to service becomes compromised. This issue has been addressed in versions 1.26.18 and 2.0.7 and users are advised to update to resolve this issue. Users unable to update should disable redirects for services that aren't expecting to respond with redirects with `redirects=False` and disable automatic redirects with `redirects=False` and handle 301, 302, and 303 redirects manually by stripping the HTTP request body.   Sonatype's research suggests that this CVE's details differ from those defined at NVD. See https://ossindex.sonatype.org/vulnerability/CVE-2023-45803 for details",OSSINDEX,"","","",MEDIUM,4.199999809265137,CVSS:3.1/AV:A/AC:H/PR:H/UI:N/S:U/C:H/I:N/A:N,HIGHEST,3,"","","","","","","",""
H6060-Python-Requests,"Wed, 14 Aug 2024 19:50:56 GMT",werkzeug:0.14.1,/Users/runner/work/H6060-Python-Requests/H6060-Python-Requests/upstream-repository/Pipfile.lock:werkzeug/0.14.1,"","","","",pkg:pypi/werkzeug@0.14.1,"",CVE-2019-14322,CWE-22 Improper Limitation of a Pathname to a Restricted Directory ('Path Traversal'),"In Pallets Werkzeug before 0.15.5, SharedDataMiddleware mishandles drive names (such as C:) in Windows pathnames.",OSSINDEX,"","","",HIGH,7.5,CVSS:3.1/AV:N/AC:L/PR:N/UI:N/S:U/C:H/I:N/A:N,HIGHEST,3,"","","","","","","",""
H6060-Python-Requests,"Wed, 14 Aug 2024 19:50:56 GMT",werkzeug:0.14.1,/Users/runner/work/H6060-Python-Requests/H6060-Python-Requests/upstream-repository/Pipfile.lock:werkzeug/0.14.1,"","","","",pkg:pypi/werkzeug@0.14.1,"",CVE-2019-14806,CWE-331 Insufficient Entropy,"Pallets Werkzeug before 0.15.3, when used with Docker, has insufficient debugger PIN randomness because Docker containers share the same machine id.  Sonatype's research suggests that this CVE's details differ from those defined at NVD. See https://ossindex.sonatype.org/vulnerability/CVE-2019-14806 for details",OSSINDEX,"","","",HIGH,7.5,CVSS:3.1/AV:N/AC:L/PR:N/UI:N/S:U/C:H/I:N/A:N,HIGHEST,3,"","","","","","","",""
H6060-Python-Requests,"Wed, 14 Aug 2024 19:50:56 GMT",werkzeug:0.14.1,/Users/runner/work/H6060-Python-Requests/H6060-Python-Requests/upstream-repository/Pipfile.lock:werkzeug/0.14.1,"","","","",pkg:pypi/werkzeug@0.14.1,"",CVE-2023-25577,CWE-770 Allocation of Resources Without Limits or Throttling,"Werkzeug is a comprehensive WSGI web application library. Prior to version 2.2.3, Werkzeug's multipart form data parser will parse an unlimited number of parts, including file parts. Parts can be a small amount of bytes, but each requires CPU time to parse and may use more memory as Python data. If a request can be made to an endpoint that accesses `request.data`, `request.form`, `request.files`, or `request.get_data(parse_form_data=False)`, it can cause unexpectedly high resource usage. This allows an attacker to cause a denial of service by sending crafted multipart data to an endpoint that will parse it. The amount of CPU time required can block worker processes from handling legitimate requests. The amount of RAM required can trigger an out of memory kill of the process. Unlimited file parts can use up memory and file handles. If many concurrent requests are sent continuously, this can exhaust or kill all available workers. Version 2.2.3 contains a patch for this issue.",OSSINDEX,"","","",HIGH,7.5,CVSS:3.1/AV:N/AC:L/PR:N/UI:N/S:U/C:N/I:N/A:H,HIGHEST,3,"","","","","","","",""
H6060-Python-Requests,"Wed, 14 Aug 2024 19:50:56 GMT",werkzeug:0.14.1,/Users/runner/work/H6060-Python-Requests/H6060-Python-Requests/upstream-repository/Pipfile.lock:werkzeug/0.14.1,"","","","",pkg:pypi/werkzeug@0.14.1,"",CVE-2023-46136,CWE-400 Uncontrolled Resource Consumption,Werkzeug is a comprehensive WSGI web application library. If an upload of a file that starts with CR or LF and then is followed by megabytes of data without these characters: all of these bytes are appended chunk by chunk into internal bytearray and lookup for boundary is performed on growing buffer. This allows an attacker to cause a denial of service by sending crafted multipart data to an endpoint that will parse it. The amount of CPU time required can block worker processes from handling legitimate requests. This vulnerability has been patched in version 3.0.1.  Sonatype's research suggests that this CVE's details differ from those defined at NVD. See https://ossindex.sonatype.org/vulnerability/CVE-2023-46136 for details,OSSINDEX,"","","",HIGH,7.5,CVSS:3.1/AV:N/AC:L/PR:N/UI:N/S:U/C:N/I:N/A:H,HIGHEST,3,"","","","","","","",""
H6060-Python-Requests,"Wed, 14 Aug 2024 19:50:56 GMT",werkzeug:0.14.1,/Users/runner/work/H6060-Python-Requests/H6060-Python-Requests/upstream-repository/Pipfile.lock:werkzeug/0.14.1,"","","","",pkg:pypi/werkzeug@0.14.1,"",CVE-2024-34069,CWE-352 Cross-Site Request Forgery (CSRF),"Werkzeug is a comprehensive WSGI web application library. The debugger in affected versions of Werkzeug can allow an attacker to execute code on a developer's machine under some circumstances. This requires the attacker to get the developer to interact with a domain and subdomain they control, and enter the debugger PIN, but if they are successful it allows access to the debugger even if it is only running on localhost. This also requires the attacker to guess a URL in the developer's application that will trigger the debugger. This vulnerability is fixed in 3.0.3.",OSSINDEX,"","","",HIGH,7.5,CVSS:3.1/AV:N/AC:H/PR:N/UI:R/S:U/C:H/I:H/A:H,HIGHEST,3,"","","","","","","",""
H6060-Python-Requests,"Wed, 14 Aug 2024 19:50:56 GMT",werkzeug:0.14.1,/Users/runner/work/H6060-Python-Requests/H6060-Python-Requests/upstream-repository/Pipfile.lock:werkzeug/0.14.1,"","","","",pkg:pypi/werkzeug@0.14.1,"",CVE-2023-23934,CWE-20 Improper Input Validation,"Werkzeug is a comprehensive WSGI web application library. Browsers may allow ""nameless"" cookies that look like `=value` instead of `key=value`. A vulnerable browser may allow a compromised application on an adjacent subdomain to exploit this to set a cookie like `=__Host-test=bad` for another subdomain. Werkzeug prior to 2.2.3 will parse the cookie `=__Host-test=bad` as __Host-test=bad`. If a Werkzeug application is running next to a vulnerable or malicious subdomain which sets such a cookie using a vulnerable browser, the Werkzeug application will see the bad cookie value but the valid cookie key. The issue is fixed in Werkzeug 2.2.3.  Sonatype's research suggests that this CVE's details differ from those defined at NVD. See https://ossindex.sonatype.org/vulnerability/CVE-2023-23934 for details",OSSINDEX,"","","",LOW,3.5,CVSS:3.1/AV:A/AC:L/PR:N/UI:R/S:U/C:N/I:L/A:N,HIGHEST,3,"","","","","","","",""
