{
	"vulasReport": {
		"generatedAt": "12.08.2024 10:44 +0000",
		"generatedFor": {
			"space": "1EBB9326CE6B5BB9FB9CAF9E8B8613EF",
			"groupId": "com.fasterxml.jackson",
			"artifactId": "jackson-base",
			"version": "2.9.10.20201202"
		},
		"isAggregated": false,
	
		"aggregatedModules": [],
	
		"configuration": [
			{ "name": "exceptionThreshold",
			  "value": "noException" },
			{ "name": "exemptScopes",
			  "value": "PROVIDED, TEST" },
			{ "name": "exemptBugs",
			  "value": "" }
		],
	
		"vulnerabilities": [
		
		]
	}
}
