{
  "version": "v2.8.0",
  "id": "8aebd44c-91de-40c7-ab8a-d74cbed7b312",
  "repositoryID": "00000000-0000-0000-0000-000000000000",
  "repositoryName": "",
  "workspaceID": "00000000-0000-0000-0000-000000000000",
  "workspaceName": "",
  "status": "success",
  "errors": "",
  "createdAt": "2024-08-16T20:07:20.7146399Z",
  "finishedAt": "2024-08-16T20:07:22.6512179Z",
  "analysisVulnerabilities": [
    {
      "vulnerabilityID": "00000000-0000-0000-0000-000000000000",
      "analysisID": "8aebd44c-91de-40c7-ab8a-d74cbed7b312",
      "createdAt": "2024-08-16T20:07:22.6512179Z",
      "vulnerabilities": {
        "vulnerabilityID": "474b83e9-60a0-4d8d-8b07-f7e4d971174f",
        "line": "25",
        "column": "6",
        "confidence": "MEDIUM",
        "file": "fp\\_mapping.js",
        "code": "'allPass': 'overEvery',",
        "details": "(1/1) * Possible vulnerability detected: Hard-coded password\nThe software contains hard-coded credentials, such as a password or cryptographic key, which it uses for its own inbound authentication, outbound communication to external components, or encryption of internal data. For more information checkout the CWE-798 (https://cwe.mitre.org/data/definitions/798.html) advisory.",
        "securityTool": "HorusecEngine",
        "language": "Leaks",
        "severity": "CRITICAL",
        "type": "Vulnerability",
        "commitAuthor": "-",
        "commitEmail": "-",
        "commitHash": "-",
        "commitMessage": "-",
        "commitDate": "-",
        "rule_id": "HS-LEAKS-26",
        "vulnHash": "6dad8b8ed6530d959cffba6d824cd14dc2b196589b539c0ca26df4c680b1b788",
        "deprecatedHashes": [
          "2416d867247f90604ce69b8e3c2782bf63292d5e73a86309390138249eaa5447",
          "80c17696d89182fe19ce3ac0521a68717398a56464bba5f987cc159f0646f367"
        ],
        "securityToolVersion": "",
        "securityToolInfoUri": ""
      }
    },
    {
      "vulnerabilityID": "00000000-0000-0000-0000-000000000000",
      "analysisID": "8aebd44c-91de-40c7-ab8a-d74cbed7b312",
      "createdAt": "2024-08-16T20:07:22.6512179Z",
      "vulnerabilities": {
        "vulnerabilityID": "e1473adb-8370-4d1d-ab54-b9e59edf64cd",
        "line": "28",
        "column": "6",
        "confidence": "MEDIUM",
        "file": "fp\\_mapping.js",
        "code": "'anyPass': 'overSome',",
        "details": "(1/1) * Possible vulnerability detected: Hard-coded password\nThe software contains hard-coded credentials, such as a password or cryptographic key, which it uses for its own inbound authentication, outbound communication to external components, or encryption of internal data. For more information checkout the CWE-798 (https://cwe.mitre.org/data/definitions/798.html) advisory.",
        "securityTool": "HorusecEngine",
        "language": "Leaks",
        "severity": "CRITICAL",
        "type": "Vulnerability",
        "commitAuthor": "-",
        "commitEmail": "-",
        "commitHash": "-",
        "commitMessage": "-",
        "commitDate": "-",
        "rule_id": "HS-LEAKS-26",
        "vulnHash": "75617e0685ee6ed97b7c3166054e2f9f51cd0b8929b1af79cfa0526d5dd05876",
        "deprecatedHashes": [
          "3233680fac2188a8676b75564d5289430d605c12af7e3ce94e84e6b293ddd1a3",
          "ccd3236b933ee6c84cac6a10c9c69e3e4835c785c6040ec32f0b5f8f507619e6"
        ],
        "securityToolVersion": "",
        "securityToolInfoUri": ""
      }
    }
  ]
}