{
	"vulasReport": {
		"generatedAt": "14.08.2024 15:22 +0000",
		"generatedFor": {
			"space": "521DB4D6A387BFDDF2058FCE3B19CB5D",
			"groupId": "jinja",
			"artifactId": "jinja",
			"version": "2.11.2"
		},
		"isAggregated": false,
	
		"aggregatedModules": [],
	
		"configuration": [
			{ "name": "exceptionThreshold",
			  "value": "dependsOn" },
			{ "name": "exemptScopes",
			  "value": "TEST, PROVIDED" },
			{ "name": "exemptBugs",
			  "value": " (*)" }
		],
	
		"vulnerabilities": [
		
		]
	}
}
