<?xml version="1.0" encoding="UTF-8"?><analysis xmlns="https://jeremylong.github.io/DependencyCheck/dependency-check.4.0.xsd">
  <scanInfo>
    <engineVersion>10.0.3</engineVersion>
    <dataSource>
      <name>NVD API Last Checked</name>
      <timestamp>2024-08-12T15:24:03Z</timestamp>
    </dataSource>
    <dataSource>
      <name>NVD API Last Modified</name>
      <timestamp>2024-08-12T15:22:20Z</timestamp>
    </dataSource>
  </scanInfo>
  <projectInfo>
    <name>H6060-Java-Xnio</name>
    <reportDate>2024-08-12T15:24:14.452Z</reportDate>
    <credits>This product uses the NVD API but is not endorsed or certified by the NVD. This report contains data retrieved from the National Vulnerability Database: https://nvd.nist.gov, Github Advisory Database (via NPM Audit API): https://github.com/advisories/, and the RetireJS community.</credits>
  </projectInfo>
  <dependencies>
    <dependency isVirtual="false">
      <fileName>xnio-api-3.8.6.Final-sources.jar</fileName>
      <filePath>D:\a\H6060-Java-Xnio\H6060-Java-Xnio\upstream-repository\target\api\target\xnio-api-3.8.6.Final-sources.jar</filePath>
      <md5>d48f435a7c2844ada7c58daae41e1d3d</md5>
      <sha1>aa8f102c65adc2a7dea68e411f48da54c0bdba40</sha1>
      <sha256>81f873fbdc7e2c39688303d489a2af63263f91aa09620a579425929011bc80f8</sha256>
      <evidenceCollected>
        <evidence type="vendor" confidence="HIGH">
          <source>file</source>
          <name>name</name>
          <value>xnio-api</value>
        </evidence>
        <evidence type="product" confidence="HIGH">
          <source>file</source>
          <name>name</name>
          <value>xnio-api</value>
        </evidence>
        <evidence type="version" confidence="MEDIUM">
          <source>file</source>
          <name>name</name>
          <value>xnio-api</value>
        </evidence>
        <evidence type="version" confidence="HIGH">
          <source>file</source>
          <name>version</name>
          <value>3.8.6</value>
        </evidence>
      </evidenceCollected>
    </dependency>
    <dependency isVirtual="false">
      <fileName>xnio-api-3.8.6.Final.jar</fileName>
      <filePath>D:\a\H6060-Java-Xnio\H6060-Java-Xnio\upstream-repository\target\api\target\xnio-api-3.8.6.Final.jar</filePath>
      <md5>16cd03bec40862b63082bb720aeb3b68</md5>
      <sha1>e04c7a1bdc72250c0a4751c42ddcee5cfb29fda7</sha1>
      <sha256>bcc386e4232f13529bf2d0ac693b6f1411e965353a1f63268c45d88fa33d9ee2</sha256>
      <description>The API JAR of the XNIO project</description>
      <license>http://repository.jboss.org/licenses/apache-2.0.txt</license>
      <evidenceCollected>
        <evidence type="vendor" confidence="HIGH">
          <source>file</source>
          <name>name</name>
          <value>xnio-api</value>
        </evidence>
        <evidence type="vendor" confidence="HIGHEST">
          <source>hint analyzer</source>
          <name>vendor</name>
          <value>redhat</value>
        </evidence>
        <evidence type="vendor" confidence="HIGHEST">
          <source>jar</source>
          <name>package name</name>
          <value>xnio</value>
        </evidence>
        <evidence type="vendor" confidence="LOW">
          <source>Manifest</source>
          <name>build-jdk-spec</name>
          <value>11</value>
        </evidence>
        <evidence type="vendor" confidence="LOW">
          <source>Manifest</source>
          <name>bundle-docurl</name>
          <value>http://www.jboss.org</value>
        </evidence>
        <evidence type="vendor" confidence="MEDIUM">
          <source>Manifest</source>
          <name>bundle-symbolicname</name>
          <value>org.jboss.xnio.api</value>
        </evidence>
        <evidence type="vendor" confidence="LOW">
          <source>Manifest</source>
          <name>implementation-url</name>
          <value>http://www.jboss.org/xnio</value>
        </evidence>
        <evidence type="vendor" confidence="HIGH">
          <source>Manifest</source>
          <name>Implementation-Vendor</name>
          <value>JBoss by Red Hat</value>
        </evidence>
        <evidence type="vendor" confidence="MEDIUM">
          <source>Manifest</source>
          <name>Implementation-Vendor-Id</name>
          <value>org.jboss.xnio</value>
        </evidence>
        <evidence type="vendor" confidence="MEDIUM">
          <source>Manifest</source>
          <name>jar-name</name>
          <value>xnio-api</value>
        </evidence>
        <evidence type="vendor" confidence="LOW">
          <source>Manifest</source>
          <name>os-arch</name>
          <value>amd64</value>
        </evidence>
        <evidence type="vendor" confidence="MEDIUM">
          <source>Manifest</source>
          <name>os-name</name>
          <value>Windows Server 2022</value>
        </evidence>
        <evidence type="vendor" confidence="LOW">
          <source>Manifest</source>
          <name>specification-vendor</name>
          <value>JBoss by Red Hat</value>
        </evidence>
        <evidence type="vendor" confidence="LOW">
          <source>pom</source>
          <name>artifactid</name>
          <value>xnio-api</value>
        </evidence>
        <evidence type="vendor" confidence="HIGHEST">
          <source>pom</source>
          <name>groupid</name>
          <value>org.jboss.xnio</value>
        </evidence>
        <evidence type="vendor" confidence="HIGH">
          <source>pom</source>
          <name>name</name>
          <value>XNIO API</value>
        </evidence>
        <evidence type="vendor" confidence="LOW">
          <source>pom</source>
          <name>parent-artifactid</name>
          <value>xnio-all</value>
        </evidence>
        <evidence type="vendor" confidence="HIGHEST">
          <source>pom</source>
          <name>url</name>
          <value>http://www.jboss.org/xnio</value>
        </evidence>
        <evidence type="product" confidence="HIGH">
          <source>file</source>
          <name>name</name>
          <value>xnio-api</value>
        </evidence>
        <evidence type="product" confidence="HIGHEST">
          <source>jar</source>
          <name>package name</name>
          <value>http</value>
        </evidence>
        <evidence type="product" confidence="HIGHEST">
          <source>jar</source>
          <name>package name</name>
          <value>xnio</value>
        </evidence>
        <evidence type="product" confidence="LOW">
          <source>Manifest</source>
          <name>build-jdk-spec</name>
          <value>11</value>
        </evidence>
        <evidence type="product" confidence="LOW">
          <source>Manifest</source>
          <name>bundle-docurl</name>
          <value>http://www.jboss.org</value>
        </evidence>
        <evidence type="product" confidence="MEDIUM">
          <source>Manifest</source>
          <name>Bundle-Name</name>
          <value>XNIO API</value>
        </evidence>
        <evidence type="product" confidence="MEDIUM">
          <source>Manifest</source>
          <name>bundle-symbolicname</name>
          <value>org.jboss.xnio.api</value>
        </evidence>
        <evidence type="product" confidence="HIGH">
          <source>Manifest</source>
          <name>Implementation-Title</name>
          <value>XNIO API</value>
        </evidence>
        <evidence type="product" confidence="LOW">
          <source>Manifest</source>
          <name>implementation-url</name>
          <value>http://www.jboss.org/xnio</value>
        </evidence>
        <evidence type="product" confidence="MEDIUM">
          <source>Manifest</source>
          <name>jar-name</name>
          <value>xnio-api</value>
        </evidence>
        <evidence type="product" confidence="LOW">
          <source>Manifest</source>
          <name>os-arch</name>
          <value>amd64</value>
        </evidence>
        <evidence type="product" confidence="MEDIUM">
          <source>Manifest</source>
          <name>os-name</name>
          <value>Windows Server 2022</value>
        </evidence>
        <evidence type="product" confidence="MEDIUM">
          <source>Manifest</source>
          <name>specification-title</name>
          <value>XNIO API</value>
        </evidence>
        <evidence type="product" confidence="HIGHEST">
          <source>pom</source>
          <name>artifactid</name>
          <value>xnio-api</value>
        </evidence>
        <evidence type="product" confidence="HIGHEST">
          <source>pom</source>
          <name>groupid</name>
          <value>org.jboss.xnio</value>
        </evidence>
        <evidence type="product" confidence="HIGH">
          <source>pom</source>
          <name>name</name>
          <value>XNIO API</value>
        </evidence>
        <evidence type="product" confidence="MEDIUM">
          <source>pom</source>
          <name>parent-artifactid</name>
          <value>xnio-all</value>
        </evidence>
        <evidence type="product" confidence="MEDIUM">
          <source>pom</source>
          <name>url</name>
          <value>http://www.jboss.org/xnio</value>
        </evidence>
        <evidence type="version" confidence="HIGH">
          <source>Manifest</source>
          <name>Bundle-Version</name>
          <value>3.8.6.Final</value>
        </evidence>
        <evidence type="version" confidence="HIGH">
          <source>Manifest</source>
          <name>Implementation-Version</name>
          <value>3.8.6.Final</value>
        </evidence>
        <evidence type="version" confidence="MEDIUM">
          <source>Manifest</source>
          <name>jar-version</name>
          <value>3.8.6.Final</value>
        </evidence>
        <evidence type="version" confidence="HIGHEST">
          <source>pom</source>
          <name>version</name>
          <value>3.8.6.Final</value>
        </evidence>
      </evidenceCollected>
      <identifiers>
        <package confidence="HIGH">
          <id>pkg:maven/org.jboss.xnio/xnio-api@3.8.6.Final</id>
          <url>https://ossindex.sonatype.org/component/pkg:maven/org.jboss.xnio/xnio-api@3.8.6.Final?utm_source=dependency-check&amp;utm_medium=integration&amp;utm_content=10.0.3</url>
        </package>
        <vulnerabilityIds confidence="HIGHEST">
          <id>cpe:2.3:a:redhat:xnio:3.8.6:*:*:*:*:*:*:*</id>
          <url>https://nvd.nist.gov/vuln/search/results?form_type=Advanced&amp;results_type=overview&amp;search_type=all&amp;cpe_vendor=cpe%3A%2F%3Aredhat&amp;cpe_product=cpe%3A%2F%3Aredhat%3Axnio&amp;cpe_version=cpe%3A%2F%3Aredhat%3Axnio%3A3.8.6</url>
        </vulnerabilityIds>
      </identifiers>
      <vulnerabilities>
        <vulnerability source="NVD">
          <name>CVE-2022-0084</name>
          <severity>HIGH</severity>
          <cvssV3>
            <baseScore>7.5</baseScore>
            <attackVector>NETWORK</attackVector>
            <attackComplexity>LOW</attackComplexity>
            <privilegesRequired>NONE</privilegesRequired>
            <userInteraction>NONE</userInteraction>
            <scope>UNCHANGED</scope>
            <confidentialityImpact>NONE</confidentialityImpact>
            <integrityImpact>NONE</integrityImpact>
            <availabilityImpact>HIGH</availabilityImpact>
            <baseSeverity>HIGH</baseSeverity>
            <exploitabilityScore>3.9</exploitabilityScore>
            <impactScore>3.6</impactScore>
            <version>3.1</version>
          </cvssV3>
          <cwes>
            <cwe>CWE-770</cwe>
          </cwes>
          <description>A flaw was found in XNIO, specifically in the notifyReadClosed method. The issue revealed this method was logging a message to another expected end. This flaw allows an attacker to send flawed requests to a server, possibly causing log contention-related performance concerns or an unwanted disk fill-up.</description>
          <references>
            <reference>
              <source>OSSIndex</source>
              <url>https://bugzilla.redhat.com/show_bug.cgi?id=2064226</url>
              <name>https://bugzilla.redhat.com/show_bug.cgi?id=2064226</name>
            </reference>
            <reference>
              <source>secalert@redhat.com</source>
              <url>https://access.redhat.com/security/cve/CVE-2022-0084</url>
              <name>VENDOR_ADVISORY</name>
            </reference>
            <reference>
              <source>OSSIndex</source>
              <url>http://web.nvd.nist.gov/view/vuln/detail?vulnId=CVE-2022-0084</url>
              <name>http://web.nvd.nist.gov/view/vuln/detail?vulnId=CVE-2022-0084</name>
            </reference>
            <reference>
              <source>secalert@redhat.com</source>
              <url>https://github.com/xnio/xnio/commit/fdefb3b8b715d33387cadc4d48991fb1989b0c12</url>
              <name>PATCH,THIRD_PARTY_ADVISORY</name>
            </reference>
            <reference>
              <source>OSSINDEX</source>
              <url>https://ossindex.sonatype.org/vulnerability/CVE-2022-0084?component-type=maven&amp;component-name=org.jboss.xnio%2Fxnio-api&amp;utm_source=dependency-check&amp;utm_medium=integration&amp;utm_content=10.0.3</url>
              <name>[CVE-2022-0084] CWE-770: Allocation of Resources Without Limits or Throttling</name>
            </reference>
            <reference>
              <source>secalert@redhat.com</source>
              <url>https://github.com/xnio/xnio/pull/291</url>
              <name>PATCH,THIRD_PARTY_ADVISORY</name>
            </reference>
            <reference>
              <source>OSSIndex</source>
              <url>https://security-tracker.debian.org/tracker/CVE-2022-0084</url>
              <name>https://security-tracker.debian.org/tracker/CVE-2022-0084</name>
            </reference>
            <reference>
              <source>secalert@redhat.com</source>
              <url>https://bugzilla.redhat.com/show_bug.cgi?id=2064226</url>
              <name>ISSUE_TRACKING,VENDOR_ADVISORY</name>
            </reference>
            <reference>
              <source>OSSIndex</source>
              <url>https://access.redhat.com/security/cve/cve-2022-0084</url>
              <name>https://access.redhat.com/security/cve/cve-2022-0084</name>
            </reference>
          </references>
          <vulnerableSoftware>
            <software>cpe:2.3:a:redhat:integration_camel_k:-:*:*:*:*:*:*:*</software>
            <software>cpe:2.3:a:redhat:integration_camel_quarkus:-:*:*:*:*:*:*:*</software>
            <software>cpe:2.3:a:redhat:single_sign-on:7.0:*:*:*:*:*:*:*</software>
            <software vulnerabilityIdMatched="true" versionEndExcluding="3.8.7">cpe:2.3:a:redhat:xnio:*:*:*:*:*:*:*:*</software>
          </vulnerableSoftware>
        </vulnerability>
        <vulnerability source="OSSINDEX">
          <name>CVE-2023-5685</name>
          <severity>HIGH</severity>
          <cvssV3>
            <baseScore>7.5</baseScore>
            <attackVector>NETWORK</attackVector>
            <attackComplexity>LOW</attackComplexity>
            <privilegesRequired>NONE</privilegesRequired>
            <userInteraction>NONE</userInteraction>
            <scope>UNCHANGED</scope>
            <confidentialityImpact>NONE</confidentialityImpact>
            <integrityImpact>NONE</integrityImpact>
            <availabilityImpact>HIGH</availabilityImpact>
            <baseSeverity>HIGH</baseSeverity>
            <version>3.1</version>
          </cvssV3>
          <cwes>
            <cwe>CWE-400</cwe>
          </cwes>
          <description>A flaw was found in XNIO. The XNIO NotifierState that can cause a Stack Overflow Exception when the chain of notifier states becomes problematically large can lead to uncontrolled resource management and a possible denial of service (DoS).</description>
          <references>
            <reference>
              <source>OSSIndex</source>
              <url>http://web.nvd.nist.gov/view/vuln/detail?vulnId=CVE-2023-5685</url>
              <name>http://web.nvd.nist.gov/view/vuln/detail?vulnId=CVE-2023-5685</name>
            </reference>
            <reference>
              <source>OSSIndex</source>
              <url>https://access.redhat.com/security/cve/cve-2023-5685</url>
              <name>https://access.redhat.com/security/cve/cve-2023-5685</name>
            </reference>
            <reference>
              <source>OSSIndex</source>
              <url>https://issues.redhat.com/browse/XNIO-423</url>
              <name>https://issues.redhat.com/browse/XNIO-423</name>
            </reference>
            <reference>
              <source>OSSIndex</source>
              <url>https://bugzilla.redhat.com/show_bug.cgi?id=2241822</url>
              <name>https://bugzilla.redhat.com/show_bug.cgi?id=2241822</name>
            </reference>
            <reference>
              <source>OSSINDEX</source>
              <url>https://ossindex.sonatype.org/vulnerability/CVE-2023-5685?component-type=maven&amp;component-name=org.jboss.xnio%2Fxnio-api&amp;utm_source=dependency-check&amp;utm_medium=integration&amp;utm_content=10.0.3</url>
              <name>[CVE-2023-5685] CWE-400: Uncontrolled Resource Consumption ('Resource Exhaustion')</name>
            </reference>
          </references>
          <vulnerableSoftware>
            <software vulnerabilityIdMatched="true">cpe:2.3:a:org.jboss.xnio:xnio-api:3.8.6.Final:*:*:*:*:*:*:*</software>
          </vulnerableSoftware>
        </vulnerability>
      </vulnerabilities>
    </dependency>
    <dependency isVirtual="false">
      <fileName>xnio-nio-3.8.6.Final-sources.jar</fileName>
      <filePath>D:\a\H6060-Java-Xnio\H6060-Java-Xnio\upstream-repository\target\nio-impl\target\xnio-nio-3.8.6.Final-sources.jar</filePath>
      <md5>c2b24fef10185b1dd0354a1efcf57912</md5>
      <sha1>148a4b2c6e2b06d1e55c305606aa3165c1e48c4d</sha1>
      <sha256>a2e38227164c5efde6bf7d579d0362bb263018f26cb6c6b3548a53e5f64e7b41</sha256>
      <evidenceCollected>
        <evidence type="vendor" confidence="HIGH">
          <source>file</source>
          <name>name</name>
          <value>xnio-nio</value>
        </evidence>
        <evidence type="product" confidence="HIGH">
          <source>file</source>
          <name>name</name>
          <value>xnio-nio</value>
        </evidence>
        <evidence type="version" confidence="MEDIUM">
          <source>file</source>
          <name>name</name>
          <value>xnio-nio</value>
        </evidence>
        <evidence type="version" confidence="HIGH">
          <source>file</source>
          <name>version</name>
          <value>3.8.6</value>
        </evidence>
      </evidenceCollected>
    </dependency>
    <dependency isVirtual="false">
      <fileName>xnio-nio-3.8.6.Final.jar</fileName>
      <filePath>D:\a\H6060-Java-Xnio\H6060-Java-Xnio\upstream-repository\target\nio-impl\target\xnio-nio-3.8.6.Final.jar</filePath>
      <md5>d6903a66551331d4f2e0a751c8b28bc0</md5>
      <sha1>5ba56e8b5e74336a8e5e7ab274613f58631913c6</sha1>
      <sha256>493199a3a4d649e6367ccdd0b49b9130dcf24477736c08902418b351ab0e295a</sha256>
      <description>The NIO implementation of the XNIO project</description>
      <license>http://repository.jboss.org/licenses/apache-2.0.txt</license>
      <evidenceCollected>
        <evidence type="vendor" confidence="HIGH">
          <source>file</source>
          <name>name</name>
          <value>xnio-nio</value>
        </evidence>
        <evidence type="vendor" confidence="HIGHEST">
          <source>hint analyzer</source>
          <name>vendor</name>
          <value>redhat</value>
        </evidence>
        <evidence type="vendor" confidence="HIGHEST">
          <source>jar</source>
          <name>package name</name>
          <value>nio</value>
        </evidence>
        <evidence type="vendor" confidence="HIGHEST">
          <source>jar</source>
          <name>package name</name>
          <value>xnio</value>
        </evidence>
        <evidence type="vendor" confidence="LOW">
          <source>Manifest</source>
          <name>build-jdk-spec</name>
          <value>11</value>
        </evidence>
        <evidence type="vendor" confidence="LOW">
          <source>Manifest</source>
          <name>bundle-docurl</name>
          <value>http://www.jboss.org</value>
        </evidence>
        <evidence type="vendor" confidence="MEDIUM">
          <source>Manifest</source>
          <name>bundle-symbolicname</name>
          <value>org.jboss.xnio.nio</value>
        </evidence>
        <evidence type="vendor" confidence="LOW">
          <source>Manifest</source>
          <name>implementation-url</name>
          <value>http://www.jboss.org/xnio-all/xnio-nio</value>
        </evidence>
        <evidence type="vendor" confidence="HIGH">
          <source>Manifest</source>
          <name>Implementation-Vendor</name>
          <value>JBoss by Red Hat</value>
        </evidence>
        <evidence type="vendor" confidence="MEDIUM">
          <source>Manifest</source>
          <name>Implementation-Vendor-Id</name>
          <value>org.jboss.xnio</value>
        </evidence>
        <evidence type="vendor" confidence="MEDIUM">
          <source>Manifest</source>
          <name>jar-name</name>
          <value>xnio-nio</value>
        </evidence>
        <evidence type="vendor" confidence="LOW">
          <source>Manifest</source>
          <name>os-arch</name>
          <value>amd64</value>
        </evidence>
        <evidence type="vendor" confidence="MEDIUM">
          <source>Manifest</source>
          <name>os-name</name>
          <value>Windows Server 2022</value>
        </evidence>
        <evidence type="vendor" confidence="LOW">
          <source>Manifest</source>
          <name>provide-capability</name>
          <value>osgi.service;objectClass="org.xnio.Xnio";name=xnio</value>
        </evidence>
        <evidence type="vendor" confidence="LOW">
          <source>Manifest</source>
          <name>specification-vendor</name>
          <value>JBoss by Red Hat</value>
        </evidence>
        <evidence type="vendor" confidence="LOW">
          <source>pom</source>
          <name>artifactid</name>
          <value>xnio-nio</value>
        </evidence>
        <evidence type="vendor" confidence="HIGHEST">
          <source>pom</source>
          <name>groupid</name>
          <value>org.jboss.xnio</value>
        </evidence>
        <evidence type="vendor" confidence="HIGH">
          <source>pom</source>
          <name>name</name>
          <value>XNIO NIO Implementation</value>
        </evidence>
        <evidence type="vendor" confidence="LOW">
          <source>pom</source>
          <name>parent-artifactid</name>
          <value>xnio-all</value>
        </evidence>
        <evidence type="product" confidence="HIGH">
          <source>file</source>
          <name>name</name>
          <value>xnio-nio</value>
        </evidence>
        <evidence type="product" confidence="HIGHEST">
          <source>jar</source>
          <name>package name</name>
          <value>nio</value>
        </evidence>
        <evidence type="product" confidence="HIGHEST">
          <source>jar</source>
          <name>package name</name>
          <value>xnio</value>
        </evidence>
        <evidence type="product" confidence="LOW">
          <source>Manifest</source>
          <name>build-jdk-spec</name>
          <value>11</value>
        </evidence>
        <evidence type="product" confidence="LOW">
          <source>Manifest</source>
          <name>bundle-docurl</name>
          <value>http://www.jboss.org</value>
        </evidence>
        <evidence type="product" confidence="MEDIUM">
          <source>Manifest</source>
          <name>Bundle-Name</name>
          <value>XNIO NIO Implementation</value>
        </evidence>
        <evidence type="product" confidence="MEDIUM">
          <source>Manifest</source>
          <name>bundle-symbolicname</name>
          <value>org.jboss.xnio.nio</value>
        </evidence>
        <evidence type="product" confidence="HIGH">
          <source>Manifest</source>
          <name>Implementation-Title</name>
          <value>XNIO NIO Implementation</value>
        </evidence>
        <evidence type="product" confidence="LOW">
          <source>Manifest</source>
          <name>implementation-url</name>
          <value>http://www.jboss.org/xnio-all/xnio-nio</value>
        </evidence>
        <evidence type="product" confidence="MEDIUM">
          <source>Manifest</source>
          <name>jar-name</name>
          <value>xnio-nio</value>
        </evidence>
        <evidence type="product" confidence="LOW">
          <source>Manifest</source>
          <name>os-arch</name>
          <value>amd64</value>
        </evidence>
        <evidence type="product" confidence="MEDIUM">
          <source>Manifest</source>
          <name>os-name</name>
          <value>Windows Server 2022</value>
        </evidence>
        <evidence type="product" confidence="LOW">
          <source>Manifest</source>
          <name>provide-capability</name>
          <value>osgi.service;objectClass="org.xnio.Xnio";name=xnio</value>
        </evidence>
        <evidence type="product" confidence="MEDIUM">
          <source>Manifest</source>
          <name>specification-title</name>
          <value>XNIO NIO Implementation</value>
        </evidence>
        <evidence type="product" confidence="HIGHEST">
          <source>pom</source>
          <name>artifactid</name>
          <value>xnio-nio</value>
        </evidence>
        <evidence type="product" confidence="HIGHEST">
          <source>pom</source>
          <name>groupid</name>
          <value>org.jboss.xnio</value>
        </evidence>
        <evidence type="product" confidence="HIGH">
          <source>pom</source>
          <name>name</name>
          <value>XNIO NIO Implementation</value>
        </evidence>
        <evidence type="product" confidence="MEDIUM">
          <source>pom</source>
          <name>parent-artifactid</name>
          <value>xnio-all</value>
        </evidence>
        <evidence type="version" confidence="HIGH">
          <source>Manifest</source>
          <name>Bundle-Version</name>
          <value>3.8.6.Final</value>
        </evidence>
        <evidence type="version" confidence="HIGH">
          <source>Manifest</source>
          <name>Implementation-Version</name>
          <value>3.8.6.Final</value>
        </evidence>
        <evidence type="version" confidence="MEDIUM">
          <source>Manifest</source>
          <name>jar-version</name>
          <value>3.8.6.Final</value>
        </evidence>
        <evidence type="version" confidence="HIGHEST">
          <source>pom</source>
          <name>version</name>
          <value>3.8.6.Final</value>
        </evidence>
      </evidenceCollected>
      <identifiers>
        <package confidence="HIGH">
          <id>pkg:maven/org.jboss.xnio/xnio-nio@3.8.6.Final</id>
          <url>https://ossindex.sonatype.org/component/pkg:maven/org.jboss.xnio/xnio-nio@3.8.6.Final?utm_source=dependency-check&amp;utm_medium=integration&amp;utm_content=10.0.3</url>
        </package>
        <vulnerabilityIds confidence="HIGHEST">
          <id>cpe:2.3:a:redhat:xnio:3.8.6:*:*:*:*:*:*:*</id>
          <url>https://nvd.nist.gov/vuln/search/results?form_type=Advanced&amp;results_type=overview&amp;search_type=all&amp;cpe_vendor=cpe%3A%2F%3Aredhat&amp;cpe_product=cpe%3A%2F%3Aredhat%3Axnio&amp;cpe_version=cpe%3A%2F%3Aredhat%3Axnio%3A3.8.6</url>
        </vulnerabilityIds>
      </identifiers>
      <vulnerabilities>
        <vulnerability source="NVD">
          <name>CVE-2022-0084</name>
          <severity>HIGH</severity>
          <cvssV3>
            <baseScore>7.5</baseScore>
            <attackVector>NETWORK</attackVector>
            <attackComplexity>LOW</attackComplexity>
            <privilegesRequired>NONE</privilegesRequired>
            <userInteraction>NONE</userInteraction>
            <scope>UNCHANGED</scope>
            <confidentialityImpact>NONE</confidentialityImpact>
            <integrityImpact>NONE</integrityImpact>
            <availabilityImpact>HIGH</availabilityImpact>
            <baseSeverity>HIGH</baseSeverity>
            <exploitabilityScore>3.9</exploitabilityScore>
            <impactScore>3.6</impactScore>
            <version>3.1</version>
          </cvssV3>
          <cwes>
            <cwe>CWE-770</cwe>
          </cwes>
          <description>A flaw was found in XNIO, specifically in the notifyReadClosed method. The issue revealed this method was logging a message to another expected end. This flaw allows an attacker to send flawed requests to a server, possibly causing log contention-related performance concerns or an unwanted disk fill-up.</description>
          <references>
            <reference>
              <source>secalert@redhat.com</source>
              <url>https://access.redhat.com/security/cve/CVE-2022-0084</url>
              <name>VENDOR_ADVISORY</name>
            </reference>
            <reference>
              <source>secalert@redhat.com</source>
              <url>https://github.com/xnio/xnio/commit/fdefb3b8b715d33387cadc4d48991fb1989b0c12</url>
              <name>PATCH,THIRD_PARTY_ADVISORY</name>
            </reference>
            <reference>
              <source>secalert@redhat.com</source>
              <url>https://github.com/xnio/xnio/pull/291</url>
              <name>PATCH,THIRD_PARTY_ADVISORY</name>
            </reference>
            <reference>
              <source>secalert@redhat.com</source>
              <url>https://bugzilla.redhat.com/show_bug.cgi?id=2064226</url>
              <name>ISSUE_TRACKING,VENDOR_ADVISORY</name>
            </reference>
          </references>
          <vulnerableSoftware>
            <software>cpe:2.3:a:redhat:integration_camel_k:-:*:*:*:*:*:*:*</software>
            <software>cpe:2.3:a:redhat:integration_camel_quarkus:-:*:*:*:*:*:*:*</software>
            <software>cpe:2.3:a:redhat:single_sign-on:7.0:*:*:*:*:*:*:*</software>
            <software vulnerabilityIdMatched="true" versionEndExcluding="3.8.7">cpe:2.3:a:redhat:xnio:*:*:*:*:*:*:*:*</software>
          </vulnerableSoftware>
        </vulnerability>
      </vulnerabilities>
    </dependency>
  </dependencies>
</analysis>
