{
  "version": "v2.8.0",
  "id": "4d733a0c-f62f-44f9-baf8-c859da89caff",
  "repositoryID": "00000000-0000-0000-0000-000000000000",
  "repositoryName": "",
  "workspaceID": "00000000-0000-0000-0000-000000000000",
  "workspaceName": "",
  "status": "success",
  "errors": "",
  "createdAt": "2024-08-16T12:56:58.300907427Z",
  "finishedAt": "2024-08-16T12:57:01.206336823Z",
  "analysisVulnerabilities": [
    {
      "vulnerabilityID": "00000000-0000-0000-0000-000000000000",
      "analysisID": "4d733a0c-f62f-44f9-baf8-c859da89caff",
      "createdAt": "2024-08-16T12:57:01.206380594Z",
      "vulnerabilities": {
        "vulnerabilityID": "05e18963-763e-4fba-9ed8-605608a6d125",
        "line": "500",
        "column": "4",
        "confidence": "MEDIUM",
        "file": "README.md",
        "code": "password: 's00pers3cret'",
        "details": "(1/1) * Possible vulnerability detected: Hard-coded password\nThe software contains hard-coded credentials, such as a password or cryptographic key, which it uses for its own inbound authentication, outbound communication to external components, or encryption of internal data. For more information checkout the CWE-798 (https://cwe.mitre.org/data/definitions/798.html) advisory.",
        "securityTool": "HorusecEngine",
        "language": "Leaks",
        "severity": "CRITICAL",
        "type": "Vulnerability",
        "commitAuthor": "-",
        "commitEmail": "-",
        "commitHash": "-",
        "commitMessage": "-",
        "commitDate": "-",
        "rule_id": "HS-LEAKS-26",
        "vulnHash": "e577f89fa3eacfabfa14607d42ba30cb4b92ad963958e2016b9a039b0e36657e",
        "deprecatedHashes": [
          "ed514b1e9e4227afd46feb95f80b39627bcc960a323d4a91797aeafadfbec52b",
          "84db1a91b072ef8b41cae5b410073fd4b53d5cfde054379e44f6827450221cb0"
        ],
        "securityToolVersion": "",
        "securityToolInfoUri": ""
      }
    },
    {
      "vulnerabilityID": "00000000-0000-0000-0000-000000000000",
      "analysisID": "4d733a0c-f62f-44f9-baf8-c859da89caff",
      "createdAt": "2024-08-16T12:57:01.206381356Z",
      "vulnerabilities": {
        "vulnerabilityID": "bb038887-dda4-48e7-bd00-bd5b8d69284a",
        "line": "598",
        "column": "6",
        "confidence": "MEDIUM",
        "file": "README.md",
        "code": "password: 'rapunz3l'",
        "details": "(1/1) * Possible vulnerability detected: Hard-coded password\nThe software contains hard-coded credentials, such as a password or cryptographic key, which it uses for its own inbound authentication, outbound communication to external components, or encryption of internal data. For more information checkout the CWE-798 (https://cwe.mitre.org/data/definitions/798.html) advisory.",
        "securityTool": "HorusecEngine",
        "language": "Leaks",
        "severity": "CRITICAL",
        "type": "Vulnerability",
        "commitAuthor": "-",
        "commitEmail": "-",
        "commitHash": "-",
        "commitMessage": "-",
        "commitDate": "-",
        "rule_id": "HS-LEAKS-26",
        "vulnHash": "0698748fd158a853faba4410c4ddb5256416113e1f1665ffd653704cb9f0727d",
        "deprecatedHashes": [
          "8e152efcda1008bea7b606dd5ec346c5a5407c7fd4a0daaf350dc0a47b0d6715",
          "729b6342cfc7a14300b647f50f4bea63fdbececd70366a3fe94872d86a5fda94"
        ],
        "securityToolVersion": "",
        "securityToolInfoUri": ""
      }
    },
    {
      "vulnerabilityID": "00000000-0000-0000-0000-000000000000",
      "analysisID": "4d733a0c-f62f-44f9-baf8-c859da89caff",
      "createdAt": "2024-08-16T12:57:01.206343295Z",
      "vulnerabilities": {
        "vulnerabilityID": "394b1dcb-bbb0-4754-a6a2-b8d9bafec42d",
        "line": "25",
        "column": "24",
        "confidence": "LOW",
        "file": "bin/repo.js",
        "code": "while((match = regexp.exec(log))) {",
        "details": "(1/1) * Possible vulnerability detected: Using shell interpreter when executing OS commands\nArbitrary OS command injection vulnerabilities are more likely when a shell is spawned rather than a new process, indeed shell meta-chars can be used (when parameters are user-controlled for instance) to inject OS commands. For more information checkout the CWE-78 (https://cwe.mitre.org/data/definitions/78.html) advisory.",
        "securityTool": "HorusecEngine",
        "language": "JavaScript",
        "severity": "HIGH",
        "type": "Vulnerability",
        "commitAuthor": "-",
        "commitEmail": "-",
        "commitHash": "-",
        "commitMessage": "-",
        "commitDate": "-",
        "rule_id": "HS-JAVASCRIPT-36",
        "vulnHash": "3d07d67a9df17d1795c10dabad532a5db165c89d1fa3cc0bc071cd1bf9834b35",
        "deprecatedHashes": [
          "9a9b037fbcef0ef7af17dfc0895b808e7784b3d7d4b6058a5286858a830800c2",
          "9da7f00912eef599e5de7c530834aff4745bbdb5dca4a9e2da38115d762b6c9d"
        ],
        "securityToolVersion": "",
        "securityToolInfoUri": ""
      }
    },
    {
      "vulnerabilityID": "00000000-0000-0000-0000-000000000000",
      "analysisID": "4d733a0c-f62f-44f9-baf8-c859da89caff",
      "createdAt": "2024-08-16T12:57:01.206344758Z",
      "vulnerabilities": {
        "vulnerabilityID": "9fba9f47-209c-4ed6-b2be-6c98ebc566b0",
        "line": "1",
        "column": "8",
        "confidence": "HIGH",
        "file": "bin/ssl_hotfix.js",
        "code": "import {spawn} from 'child_process';",
        "details": "(1/1) * Possible vulnerability detected: Using command line arguments\nCommand line arguments can be dangerous just like any other user input. They should never be used without being first validated and sanitized. Remember also that any user can retrieve the list of processes running on a system, which makes the arguments provided to them visible. Thus passing sensitive information via command line arguments should be considered as insecure. This rule raises an issue when on every program entry points (main methods) when command line arguments are used. The goal is to guide security code reviews. Sanitize all command line arguments before using them. For more information checkout the CWE-88 (https://cwe.mitre.org/data/definitions/88.html) advisory.",
        "securityTool": "HorusecEngine",
        "language": "JavaScript",
        "severity": "HIGH",
        "type": "Vulnerability",
        "commitAuthor": "-",
        "commitEmail": "-",
        "commitHash": "-",
        "commitMessage": "-",
        "commitDate": "-",
        "rule_id": "HS-JAVASCRIPT-21",
        "vulnHash": "c182c2f5b19e23f43897f816646070234ad90ee014e9eb462c76a73ddd2f7707",
        "deprecatedHashes": [
          "5b7458bcd6015b928654ea17f86f17060046ecac9e5654976bf169d12b48fba0",
          "54c4c7c7c87cbc84d718c17ddbcca0997bd92460dc88a653f32f7fbcf08fdff6"
        ],
        "securityToolVersion": "",
        "securityToolInfoUri": ""
      }
    },
    {
      "vulnerabilityID": "00000000-0000-0000-0000-000000000000",
      "analysisID": "4d733a0c-f62f-44f9-baf8-c859da89caff",
      "createdAt": "2024-08-16T12:57:01.206347002Z",
      "vulnerabilities": {
        "vulnerabilityID": "92caf0a3-f8e1-4a4e-9f76-d10d737d777f",
        "line": "13",
        "column": "13",
        "confidence": "LOW",
        "file": "bin/ssl_hotfix.js",
        "code": "const test = spawn('cross-env',",
        "details": "(1/1) * Possible vulnerability detected: Using shell interpreter when executing OS commands\nArbitrary OS command injection vulnerabilities are more likely when a shell is spawned rather than a new process, indeed shell meta-chars can be used (when parameters are user-controlled for instance) to inject OS commands. For more information checkout the CWE-78 (https://cwe.mitre.org/data/definitions/78.html) advisory.",
        "securityTool": "HorusecEngine",
        "language": "JavaScript",
        "severity": "HIGH",
        "type": "Vulnerability",
        "commitAuthor": "-",
        "commitEmail": "-",
        "commitHash": "-",
        "commitMessage": "-",
        "commitDate": "-",
        "rule_id": "HS-JAVASCRIPT-36",
        "vulnHash": "0dbcb1d419eb4b647d39c5d4017e46ad94c84e4f43f41612f7be0ca669aa8cb8",
        "deprecatedHashes": [
          "3fa9596c6d834311391c219826a25682554ae4b77574f0f62e4e5cc32513f353",
          "38b98ae2132b56c4c40b8114877420c1ad9fb394b1734cd5638d495d11f5b0a5"
        ],
        "securityToolVersion": "",
        "securityToolInfoUri": ""
      }
    },
    {
      "vulnerabilityID": "00000000-0000-0000-0000-000000000000",
      "analysisID": "4d733a0c-f62f-44f9-baf8-c859da89caff",
      "createdAt": "2024-08-16T12:57:01.206376417Z",
      "vulnerabilities": {
        "vulnerabilityID": "547cfbd1-3be9-4278-bef7-6a8725ef85c6",
        "line": "115",
        "column": "25",
        "confidence": "LOW",
        "file": "bin/contributors.js",
        "code": "const {stdout} = await exec(command, {maxBuffer: 10 * ONE_MB});",
        "details": "(1/1) * Possible vulnerability detected: Using shell interpreter when executing OS commands\nArbitrary OS command injection vulnerabilities are more likely when a shell is spawned rather than a new process, indeed shell meta-chars can be used (when parameters are user-controlled for instance) to inject OS commands. For more information checkout the CWE-78 (https://cwe.mitre.org/data/definitions/78.html) advisory.",
        "securityTool": "HorusecEngine",
        "language": "JavaScript",
        "severity": "HIGH",
        "type": "Vulnerability",
        "commitAuthor": "-",
        "commitEmail": "-",
        "commitHash": "-",
        "commitMessage": "-",
        "commitDate": "-",
        "rule_id": "HS-JAVASCRIPT-36",
        "vulnHash": "4b2e8ae8a1fa2450c9c8b59aeb229ca70ab113dc68b310edded122b270317c6c",
        "deprecatedHashes": [
          "e503784288615c0007f4bfb5d9c324500de4ca65a3a869d5b2f110748ffcb974",
          "e939bc5d0d36f2975b9782ce91c21e1e0992b17fd714d32495b1affdf9b0cde1"
        ],
        "securityToolVersion": "",
        "securityToolInfoUri": ""
      }
    },
    {
      "vulnerabilityID": "00000000-0000-0000-0000-000000000000",
      "analysisID": "4d733a0c-f62f-44f9-baf8-c859da89caff",
      "createdAt": "2024-08-16T12:57:01.206377098Z",
      "vulnerabilities": {
        "vulnerabilityID": "ddd7b87c-2a94-46b8-9ec1-219a40a6a9b8",
        "line": "689",
        "column": "13",
        "confidence": "MEDIUM",
        "file": "lib/utils.js",
        "code": "_global.postMessage(token, \"*\");",
        "details": "(1/1) * Possible vulnerability detected: Origins should be verified during cross-origin communications\nBrowsers allow message exchanges between Window objects of different origins. Because any window can send / receive messages from other window it is important to verify the sender's / receiver's identity: When sending message with postMessage method, the identity's receiver should be defined (the wildcard keyword (*) should not be used).\nWhen receiving message with message event, the sender's identity should be verified using the origin and possibly source properties. For more information checkout the OWASP A2:2017 (https://owasp.org/www-project-top-ten/2017/A2_2017-Broken_Authentication) and (https://developer.mozilla.org/en-US/docs/Web/API/Window/postMessage) advisory.",
        "securityTool": "HorusecEngine",
        "language": "JavaScript",
        "severity": "HIGH",
        "type": "Vulnerability",
        "commitAuthor": "-",
        "commitEmail": "-",
        "commitHash": "-",
        "commitMessage": "-",
        "commitDate": "-",
        "rule_id": "HS-JAVASCRIPT-11",
        "vulnHash": "e4ff30ebd3baaaabac8480d8aa67ed4ec769ccf89c2d6f76112a7a77897ce232",
        "deprecatedHashes": [
          "26ed70d738e33032a839640bbcd045bc4782810762652588693f052df0d3dec3",
          "c2a0e47bfc1ea2486964433827521503d3131c2021bdec6967ca19edec18a810"
        ],
        "securityToolVersion": "",
        "securityToolInfoUri": ""
      }
    },
    {
      "vulnerabilityID": "00000000-0000-0000-0000-000000000000",
      "analysisID": "4d733a0c-f62f-44f9-baf8-c859da89caff",
      "createdAt": "2024-08-16T12:57:01.206377799Z",
      "vulnerabilities": {
        "vulnerabilityID": "f5392645-8ce3-4378-9492-325a9b3128f3",
        "line": "681",
        "column": "11",
        "confidence": "MEDIUM",
        "file": "lib/utils.js",
        "code": "_global.addEventListener(\"message\", ({source, data}) =\u003e {",
        "details": "(1/1) * Possible vulnerability detected: Origins should be verified during cross-origin communications\nBrowsers allow message exchanges between Window objects of different origins. Because any window can send / receive messages from other window it is important to verify the sender's / receiver's identity: When sending message with postMessage method, the identity's receiver should be defined (the wildcard keyword (*) should not be used).\nWhen receiving message with message event, the sender's identity should be verified using the origin and possibly source properties. For more information checkout the OWASP A2:2017 (https://owasp.org/www-project-top-ten/2017/A2_2017-Broken_Authentication) and (https://developer.mozilla.org/en-US/docs/Web/API/Window/postMessage) advisory.",
        "securityTool": "HorusecEngine",
        "language": "JavaScript",
        "severity": "HIGH",
        "type": "Vulnerability",
        "commitAuthor": "-",
        "commitEmail": "-",
        "commitHash": "-",
        "commitMessage": "-",
        "commitDate": "-",
        "rule_id": "HS-JAVASCRIPT-11",
        "vulnHash": "3fcc56b20e5a4b1c1940840a1ef47fbf155393e068b32fde9cc657f4e83ff914",
        "deprecatedHashes": [
          "0fda22e0554c0844b6f96c2f1c581aa27b32e79f580d6a7142acde5b58386500",
          "aa9ecee30e6fad9d8200ae4fde04db06ee78b9748987ca10d4ad27161ebb9865"
        ],
        "securityToolVersion": "",
        "securityToolInfoUri": ""
      }
    },
    {
      "vulnerabilityID": "00000000-0000-0000-0000-000000000000",
      "analysisID": "4d733a0c-f62f-44f9-baf8-c859da89caff",
      "createdAt": "2024-08-16T12:57:01.20637849Z",
      "vulnerabilities": {
        "vulnerabilityID": "3833d7c4-97dc-4373-af1a-1a5fdc089c30",
        "line": "619",
        "column": "20",
        "confidence": "MEDIUM",
        "file": "lib/utils.js",
        "code": "str += alphabet[Math.random() * length|0]",
        "details": "(1/1) * Possible vulnerability detected: No use weak random number generator\nWhen software generates predictable values in a context requiring unpredictability, it may be possible for an attacker to guess the next value that will be generated, and use this guess to impersonate another user or access sensitive information. As the Math.random() function relies on a weak pseudorandom number generator, this function should not be used for security-critical applications or for protecting sensitive data. In such context, a cryptographically strong pseudorandom number generator (CSPRNG) should be used instead. For more information checkout the CWE-338 (https://cwe.mitre.org/data/definitions/338.html) advisory.",
        "securityTool": "HorusecEngine",
        "language": "JavaScript",
        "severity": "HIGH",
        "type": "Vulnerability",
        "commitAuthor": "-",
        "commitEmail": "-",
        "commitHash": "-",
        "commitMessage": "-",
        "commitDate": "-",
        "rule_id": "HS-JAVASCRIPT-6",
        "vulnHash": "7b6d3685f4811aedcbdf312b86ba666aa7a3650aed3f172d1b8d86965057d967",
        "deprecatedHashes": [
          "a049b670208acf8d78e6f242cac8ba0cd826b5d559f286f42b68c83f9d9ea266",
          "8cd4fe2ead6ff212cdbccc1c3958673f7f3b4157034a9152df0356a28fc96c5b"
        ],
        "securityToolVersion": "",
        "securityToolInfoUri": ""
      }
    },
    {
      "vulnerabilityID": "00000000-0000-0000-0000-000000000000",
      "analysisID": "4d733a0c-f62f-44f9-baf8-c859da89caff",
      "createdAt": "2024-08-16T12:57:01.206379192Z",
      "vulnerabilities": {
        "vulnerabilityID": "f7a4512f-8268-45b8-ac70-cd6ec7770c2b",
        "line": "691",
        "column": "14",
        "confidence": "MEDIUM",
        "file": "lib/utils.js",
        "code": "})(`axios@${Math.random()}`, []) : (cb) =\u003e setTimeout(cb);",
        "details": "(1/1) * Possible vulnerability detected: No use weak random number generator\nWhen software generates predictable values in a context requiring unpredictability, it may be possible for an attacker to guess the next value that will be generated, and use this guess to impersonate another user or access sensitive information. As the Math.random() function relies on a weak pseudorandom number generator, this function should not be used for security-critical applications or for protecting sensitive data. In such context, a cryptographically strong pseudorandom number generator (CSPRNG) should be used instead. For more information checkout the CWE-338 (https://cwe.mitre.org/data/definitions/338.html) advisory.",
        "securityTool": "HorusecEngine",
        "language": "JavaScript",
        "severity": "HIGH",
        "type": "Vulnerability",
        "commitAuthor": "-",
        "commitEmail": "-",
        "commitHash": "-",
        "commitMessage": "-",
        "commitDate": "-",
        "rule_id": "HS-JAVASCRIPT-6",
        "vulnHash": "f63d366c962d87f4b248cfe332f04a9ceb89118529d5813e572ba84fcf235545",
        "deprecatedHashes": [
          "7a5e461c5567b4d2f1eb56e40689d82e43b878ce9cb2412952818ed365aeb107",
          "b8748e942c97cb20c9d409c3acdf95ee44162b52a0f8879d05cb1785f6e51d1f"
        ],
        "securityToolVersion": "",
        "securityToolInfoUri": ""
      }
    },
    {
      "vulnerabilityID": "00000000-0000-0000-0000-000000000000",
      "analysisID": "4d733a0c-f62f-44f9-baf8-c859da89caff",
      "createdAt": "2024-08-16T12:57:01.20636775Z",
      "vulnerabilities": {
        "vulnerabilityID": "2941153d-10e7-4c52-bbcd-4f0c2d8c2a9a",
        "line": "27",
        "column": "43",
        "confidence": "MEDIUM",
        "file": "lib/helpers/buildURL.js",
        "code": "* @param {string} url The base of the url (e.g., http://www.google.com)",
        "details": "(1/1) * Possible vulnerability detected: Insecure download of executable file\nDownloading executables or other sensitive files over an unencrypted connection can leave a server open to man-in-the-middle attacks (MITM). Such an attack can allow an attacker to insert arbitrary content into the downloaded file, and in the worst case, allow the attacker to execute arbitrary code on the vulnerable system.. For more information checkout the CWE-829 (https://cwe.mitre.org/data/definitions/829.html) advisory.",
        "securityTool": "HorusecEngine",
        "language": "JavaScript",
        "severity": "MEDIUM",
        "type": "Vulnerability",
        "commitAuthor": "-",
        "commitEmail": "-",
        "commitHash": "-",
        "commitMessage": "-",
        "commitDate": "-",
        "rule_id": "HS-JAVASCRIPT-26",
        "vulnHash": "6a98020cf2804a22a6b94917f6b896aad895ef4b71bdf5424dbe63b8ae14bf44",
        "deprecatedHashes": [
          "dadbeeef938981703458804ba8a7fd8680cd9ea0570ae7974cdac1495e3a1102",
          "e1bd42f4f5404a558051cb7ad023f8e409bd2b2c2a27c6f6807d5e82392e34b1"
        ],
        "securityToolVersion": "",
        "securityToolInfoUri": ""
      }
    }
  ]
}