{
 "matches": [
  {
   "vulnerability": {
    "id": "CVE-2024-4068",
    "dataSource": "https://nvd.nist.gov/vuln/detail/CVE-2024-4068",
    "namespace": "nvd:cpe",
    "severity": "High",
    "urls": [
     "https://devhub.checkmarx.com/cve-details/CVE-2024-4068/",
     "https://github.com/micromatch/braces/commit/415d660c3002d1ab7e63dbf490c9851da80596ff",
     "https://github.com/micromatch/braces/issues/35",
     "https://github.com/micromatch/braces/pull/37",
     "https://github.com/micromatch/braces/pull/40"
    ],
    "description": "The NPM package `braces`, versions prior to 3.0.3, fails to limit the number of characters it can handle, which could lead to Memory Exhaustion. In `lib/parse.js,` if a malicious user sends \"imbalanced braces\" as input, the parsing will enter a loop, which will cause the program to start allocating heap memory without freeing it at any moment of the loop. Eventually, the JavaScript heap limit is reached, and the program will crash.",
    "cvss": [
     {
      "source": "596c5446-0ce5-4ba2-aa66-48b3b757a647",
      "type": "Secondary",
      "version": "3.1",
      "vector": "CVSS:3.1/AV:N/AC:L/PR:N/UI:N/S:U/C:N/I:N/A:H",
      "metrics": {
       "baseScore": 7.5,
       "exploitabilityScore": 3.9,
       "impactScore": 3.6
      },
      "vendorMetadata": {}
     }
    ],
    "fix": {
     "versions": [
      "3.0.3"
     ],
     "state": "fixed"
    },
    "advisories": []
   },
   "relatedVulnerabilities": [
    {
     "id": "GHSA-grv7-fg5c-xmjg",
     "dataSource": "https://github.com/advisories/GHSA-grv7-fg5c-xmjg",
     "namespace": "github:language:javascript",
     "severity": "High",
     "urls": [
      "https://github.com/advisories/GHSA-grv7-fg5c-xmjg"
     ],
     "description": "Uncontrolled resource consumption in braces",
     "cvss": [
      {
       "version": "3.1",
       "vector": "CVSS:3.1/AV:N/AC:L/PR:N/UI:N/S:U/C:N/I:N/A:H",
       "metrics": {
        "baseScore": 7.5,
        "exploitabilityScore": 3.9,
        "impactScore": 3.6
       },
       "vendorMetadata": {
        "base_severity": "High",
        "status": "N/A"
       }
      }
     ]
    }
   ],
   "matchDetails": [
    {
     "type": "exact-direct-match",
     "matcher": "javascript-matcher",
     "searchedBy": {
      "language": "javascript",
      "namespace": "github:language:javascript",
      "package": {
       "name": "braces",
       "version": "2.3.2"
      }
     },
     "found": {
      "versionConstraint": "<3.0.3 (unknown)",
      "vulnerabilityID": "GHSA-grv7-fg5c-xmjg"
     }
    }
   ],
   "artifact": {
    "id": "dcfeaf236066a000",
    "name": "braces",
    "version": "2.3.2",
    "type": "npm",
    "locations": [
     {
      "path": "/package-lock.json"
     }
    ],
    "language": "javascript",
    "licenses": [
     "MIT"
    ],
    "cpes": [
     "cpe:2.3:a:braces_project:braces:2.3.2:*:*:*:*:node.js:*:*"
    ],
    "purl": "pkg:npm/braces@2.3.2",
    "upstreams": []
   }
  },
  {
   "vulnerability": {
    "id": "CVE-2017-16137",
    "dataSource": "https://nvd.nist.gov/vuln/detail/CVE-2017-16137",
    "namespace": "nvd:cpe",
    "severity": "Medium",
    "urls": [
     "https://github.com/visionmedia/debug/issues/501",
     "https://github.com/visionmedia/debug/pull/504",
     "https://lists.apache.org/thread.html/r8ba4c628fba7181af58817d452119481adce4ba92e889c643e4c7dd3%40%3Ccommits.netbeans.apache.org%3E",
     "https://lists.apache.org/thread.html/rb5ac16fad337d1f3bb7079549f97d8166d0ef3082629417c39f12d63%40%3Cnotifications.netbeans.apache.org%3E",
     "https://nodesecurity.io/advisories/534"
    ],
    "description": "The debug module is vulnerable to regular expression denial of service when untrusted user input is passed into the o formatter. It takes around 50k characters to block for 2 seconds making this a low severity issue.",
    "cvss": [
     {
      "source": "nvd@nist.gov",
      "type": "Primary",
      "version": "2.0",
      "vector": "AV:N/AC:L/Au:N/C:N/I:N/A:P",
      "metrics": {
       "baseScore": 5,
       "exploitabilityScore": 10,
       "impactScore": 2.9
      },
      "vendorMetadata": {}
     },
     {
      "source": "nvd@nist.gov",
      "type": "Primary",
      "version": "3.0",
      "vector": "CVSS:3.0/AV:N/AC:L/PR:N/UI:N/S:U/C:N/I:N/A:L",
      "metrics": {
       "baseScore": 5.3,
       "exploitabilityScore": 3.9,
       "impactScore": 1.4
      },
      "vendorMetadata": {}
     }
    ],
    "fix": {
     "versions": [
      "3.2.7"
     ],
     "state": "fixed"
    },
    "advisories": []
   },
   "relatedVulnerabilities": [
    {
     "id": "GHSA-gxpj-cx7g-858c",
     "dataSource": "https://github.com/advisories/GHSA-gxpj-cx7g-858c",
     "namespace": "github:language:javascript",
     "severity": "Low",
     "urls": [
      "https://github.com/advisories/GHSA-gxpj-cx7g-858c"
     ],
     "description": "Regular Expression Denial of Service in debug",
     "cvss": [
      {
       "version": "3.1",
       "vector": "CVSS:3.1/AV:N/AC:H/PR:N/UI:N/S:U/C:N/I:N/A:L",
       "metrics": {
        "baseScore": 3.7,
        "exploitabilityScore": 2.2,
        "impactScore": 1.4
       },
       "vendorMetadata": {
        "base_severity": "Low",
        "status": "N/A"
       }
      }
     ]
    }
   ],
   "matchDetails": [
    {
     "type": "exact-direct-match",
     "matcher": "javascript-matcher",
     "searchedBy": {
      "language": "javascript",
      "namespace": "github:language:javascript",
      "package": {
       "name": "debug",
       "version": "3.2.6"
      }
     },
     "found": {
      "versionConstraint": ">=3.2.0,<3.2.7 (unknown)",
      "vulnerabilityID": "GHSA-gxpj-cx7g-858c"
     }
    }
   ],
   "artifact": {
    "id": "61766142cdf99f98",
    "name": "debug",
    "version": "3.2.6",
    "type": "npm",
    "locations": [
     {
      "path": "/package-lock.json"
     }
    ],
    "language": "javascript",
    "licenses": [
     "MIT"
    ],
    "cpes": [
     "cpe:2.3:a:debug_project:debug:3.2.6:*:*:*:*:node.js:*:*"
    ],
    "purl": "pkg:npm/debug@3.2.6",
    "upstreams": []
   }
  },
  {
   "vulnerability": {
    "id": "CVE-2020-36632",
    "dataSource": "https://nvd.nist.gov/vuln/detail/CVE-2020-36632",
    "namespace": "nvd:cpe",
    "severity": "Critical",
    "urls": [
     "https://github.com/hughsk/flat/commit/20ef0ef55dfa028caddaedbcb33efbdb04d18e13",
     "https://github.com/hughsk/flat/issues/105",
     "https://github.com/hughsk/flat/pull/106",
     "https://github.com/hughsk/flat/releases/tag/5.0.1",
     "https://vuldb.com/?ctiid.216777",
     "https://vuldb.com/?id.216777"
    ],
    "description": "A vulnerability, which was classified as critical, was found in hughsk flat up to 5.0.0. This affects the function unflatten of the file index.js. The manipulation leads to improperly controlled modification of object prototype attributes ('prototype pollution'). It is possible to initiate the attack remotely. Upgrading to version 5.0.1 is able to address this issue. The name of the patch is 20ef0ef55dfa028caddaedbcb33efbdb04d18e13. It is recommended to upgrade the affected component. The identifier VDB-216777 was assigned to this vulnerability.",
    "cvss": [
     {
      "source": "nvd@nist.gov",
      "type": "Primary",
      "version": "3.1",
      "vector": "CVSS:3.1/AV:N/AC:L/PR:N/UI:N/S:U/C:H/I:H/A:H",
      "metrics": {
       "baseScore": 9.8,
       "exploitabilityScore": 3.9,
       "impactScore": 5.9
      },
      "vendorMetadata": {}
     },
     {
      "source": "cna@vuldb.com",
      "type": "Secondary",
      "version": "3.1",
      "vector": "CVSS:3.1/AV:N/AC:L/PR:L/UI:N/S:U/C:L/I:L/A:L",
      "metrics": {
       "baseScore": 6.3,
       "exploitabilityScore": 2.8,
       "impactScore": 3.4
      },
      "vendorMetadata": {}
     }
    ],
    "fix": {
     "versions": [
      "5.0.1"
     ],
     "state": "fixed"
    },
    "advisories": []
   },
   "relatedVulnerabilities": [
    {
     "id": "GHSA-2j2x-2gpw-g8fm",
     "dataSource": "https://github.com/advisories/GHSA-2j2x-2gpw-g8fm",
     "namespace": "github:language:javascript",
     "severity": "Critical",
     "urls": [
      "https://github.com/advisories/GHSA-2j2x-2gpw-g8fm"
     ],
     "description": "flat vulnerable to Prototype Pollution",
     "cvss": [
      {
       "version": "3.1",
       "vector": "CVSS:3.1/AV:N/AC:L/PR:N/UI:N/S:U/C:H/I:H/A:H",
       "metrics": {
        "baseScore": 9.8,
        "exploitabilityScore": 3.9,
        "impactScore": 5.9
       },
       "vendorMetadata": {
        "base_severity": "Critical",
        "status": "N/A"
       }
      }
     ]
    }
   ],
   "matchDetails": [
    {
     "type": "exact-direct-match",
     "matcher": "javascript-matcher",
     "searchedBy": {
      "language": "javascript",
      "namespace": "github:language:javascript",
      "package": {
       "name": "flat",
       "version": "4.1.1"
      }
     },
     "found": {
      "versionConstraint": "<5.0.1 (unknown)",
      "vulnerabilityID": "GHSA-2j2x-2gpw-g8fm"
     }
    }
   ],
   "artifact": {
    "id": "aa1d9769190445b6",
    "name": "flat",
    "version": "4.1.1",
    "type": "npm",
    "locations": [
     {
      "path": "/package-lock.json"
     }
    ],
    "language": "javascript",
    "licenses": [
     "BSD-3-Clause"
    ],
    "cpes": [
     "cpe:2.3:a:flat:flat:4.1.1:*:*:*:*:*:*:*"
    ],
    "purl": "pkg:npm/flat@4.1.1",
    "upstreams": []
   }
  },
  {
   "vulnerability": {
    "id": "CVE-2022-33987",
    "dataSource": "https://nvd.nist.gov/vuln/detail/CVE-2022-33987",
    "namespace": "nvd:cpe",
    "severity": "Medium",
    "urls": [
     "https://github.com/sindresorhus/got/compare/v12.0.3...v12.1.0",
     "https://github.com/sindresorhus/got/pull/2047",
     "https://github.com/sindresorhus/got/releases/tag/v11.8.5"
    ],
    "description": "The got package before 12.1.0 (also fixed in 11.8.5) for Node.js allows a redirect to a UNIX socket.",
    "cvss": [
     {
      "source": "nvd@nist.gov",
      "type": "Primary",
      "version": "2.0",
      "vector": "AV:N/AC:L/Au:N/C:N/I:P/A:N",
      "metrics": {
       "baseScore": 5,
       "exploitabilityScore": 10,
       "impactScore": 2.9
      },
      "vendorMetadata": {}
     },
     {
      "source": "nvd@nist.gov",
      "type": "Primary",
      "version": "3.1",
      "vector": "CVSS:3.1/AV:N/AC:L/PR:N/UI:N/S:U/C:N/I:L/A:N",
      "metrics": {
       "baseScore": 5.3,
       "exploitabilityScore": 3.9,
       "impactScore": 1.4
      },
      "vendorMetadata": {}
     }
    ],
    "fix": {
     "versions": [
      "11.8.5"
     ],
     "state": "fixed"
    },
    "advisories": []
   },
   "relatedVulnerabilities": [
    {
     "id": "GHSA-pfrx-2q88-qq97",
     "dataSource": "https://github.com/advisories/GHSA-pfrx-2q88-qq97",
     "namespace": "github:language:javascript",
     "severity": "Medium",
     "urls": [
      "https://github.com/advisories/GHSA-pfrx-2q88-qq97"
     ],
     "description": "Got allows a redirect to a UNIX socket",
     "cvss": [
      {
       "version": "3.1",
       "vector": "CVSS:3.1/AV:N/AC:L/PR:N/UI:N/S:U/C:N/I:L/A:N",
       "metrics": {
        "baseScore": 5.3,
        "exploitabilityScore": 3.9,
        "impactScore": 1.4
       },
       "vendorMetadata": {
        "base_severity": "Medium",
        "status": "N/A"
       }
      }
     ]
    }
   ],
   "matchDetails": [
    {
     "type": "exact-direct-match",
     "matcher": "javascript-matcher",
     "searchedBy": {
      "language": "javascript",
      "namespace": "github:language:javascript",
      "package": {
       "name": "got",
       "version": "9.6.0"
      }
     },
     "found": {
      "versionConstraint": "<11.8.5 (unknown)",
      "vulnerabilityID": "GHSA-pfrx-2q88-qq97"
     }
    }
   ],
   "artifact": {
    "id": "9269623262e4a2a6",
    "name": "got",
    "version": "9.6.0",
    "type": "npm",
    "locations": [
     {
      "path": "/package-lock.json"
     }
    ],
    "language": "javascript",
    "licenses": [
     "MIT"
    ],
    "cpes": [
     "cpe:2.3:a:got:got:9.6.0:*:*:*:*:*:*:*"
    ],
    "purl": "pkg:npm/got@9.6.0",
    "upstreams": []
   }
  },
  {
   "vulnerability": {
    "id": "CVE-2022-25881",
    "dataSource": "https://nvd.nist.gov/vuln/detail/CVE-2022-25881",
    "namespace": "nvd:cpe",
    "severity": "High",
    "urls": [
     "https://github.com/kornelski/http-cache-semantics/blob/master/index.js%23L83",
     "https://security.netapp.com/advisory/ntap-20230622-0008/",
     "https://security.snyk.io/vuln/SNYK-JAVA-ORGWEBJARSNPM-3253332",
     "https://security.snyk.io/vuln/SNYK-JS-HTTPCACHESEMANTICS-3248783"
    ],
    "description": "This affects versions of the package http-cache-semantics before 4.1.1. The issue can be exploited via malicious request header values sent to a server, when that server reads the cache policy from the request using this library.\r\r",
    "cvss": [
     {
      "source": "nvd@nist.gov",
      "type": "Primary",
      "version": "3.1",
      "vector": "CVSS:3.1/AV:N/AC:L/PR:N/UI:N/S:U/C:N/I:N/A:H",
      "metrics": {
       "baseScore": 7.5,
       "exploitabilityScore": 3.9,
       "impactScore": 3.6
      },
      "vendorMetadata": {}
     },
     {
      "source": "report@snyk.io",
      "type": "Secondary",
      "version": "3.1",
      "vector": "CVSS:3.1/AV:N/AC:L/PR:N/UI:N/S:U/C:N/I:N/A:L",
      "metrics": {
       "baseScore": 5.3,
       "exploitabilityScore": 3.9,
       "impactScore": 1.4
      },
      "vendorMetadata": {}
     }
    ],
    "fix": {
     "versions": [
      "4.1.1"
     ],
     "state": "fixed"
    },
    "advisories": []
   },
   "relatedVulnerabilities": [
    {
     "id": "GHSA-rc47-6667-2j5j",
     "dataSource": "https://github.com/advisories/GHSA-rc47-6667-2j5j",
     "namespace": "github:language:javascript",
     "severity": "High",
     "urls": [
      "https://github.com/advisories/GHSA-rc47-6667-2j5j"
     ],
     "description": "http-cache-semantics vulnerable to Regular Expression Denial of Service",
     "cvss": [
      {
       "version": "3.1",
       "vector": "CVSS:3.1/AV:N/AC:L/PR:N/UI:N/S:U/C:N/I:N/A:H",
       "metrics": {
        "baseScore": 7.5,
        "exploitabilityScore": 3.9,
        "impactScore": 3.6
       },
       "vendorMetadata": {
        "base_severity": "High",
        "status": "N/A"
       }
      }
     ]
    }
   ],
   "matchDetails": [
    {
     "type": "exact-direct-match",
     "matcher": "javascript-matcher",
     "searchedBy": {
      "language": "javascript",
      "namespace": "github:language:javascript",
      "package": {
       "name": "http-cache-semantics",
       "version": "3.8.1"
      }
     },
     "found": {
      "versionConstraint": "<4.1.1 (unknown)",
      "vulnerabilityID": "GHSA-rc47-6667-2j5j"
     }
    }
   ],
   "artifact": {
    "id": "87fbea0a0d8651d2",
    "name": "http-cache-semantics",
    "version": "3.8.1",
    "type": "npm",
    "locations": [
     {
      "path": "/package-lock.json"
     }
    ],
    "language": "javascript",
    "licenses": [
     "BSD-2-Clause"
    ],
    "cpes": [
     "cpe:2.3:a:http-cache-semantics_project:http-cache-semantics:3.8.1:*:*:*:*:node.js:*:*"
    ],
    "purl": "pkg:npm/http-cache-semantics@3.8.1",
    "upstreams": []
   }
  },
  {
   "vulnerability": {
    "id": "CVE-2023-42282",
    "dataSource": "https://nvd.nist.gov/vuln/detail/CVE-2023-42282",
    "namespace": "nvd:cpe",
    "severity": "Critical",
    "urls": [
     "https://cosmosofcyberspace.github.io/npm_ip_cve/npm_ip_cve.html",
     "https://github.com/indutny/node-ip/commit/6a3ada9b471b09d5f0f5be264911ab564bf67894",
     "https://huntr.com/bounties/bfc3b23f-ddc0-4ee7-afab-223b07115ed3/",
     "https://security.netapp.com/advisory/ntap-20240315-0008/",
     "https://www.bleepingcomputer.com/news/security/dev-rejects-cve-severity-makes-his-github-repo-read-only/"
    ],
    "description": "The ip package before 1.1.9 for Node.js might allow SSRF because some IP addresses (such as 0x7f.1) are improperly categorized as globally routable via isPublic.",
    "cvss": [
     {
      "source": "nvd@nist.gov",
      "type": "Primary",
      "version": "3.1",
      "vector": "CVSS:3.1/AV:N/AC:L/PR:N/UI:N/S:U/C:H/I:H/A:H",
      "metrics": {
       "baseScore": 9.8,
       "exploitabilityScore": 3.9,
       "impactScore": 5.9
      },
      "vendorMetadata": {}
     }
    ],
    "fix": {
     "versions": [
      "1.1.9"
     ],
     "state": "fixed"
    },
    "advisories": []
   },
   "relatedVulnerabilities": [
    {
     "id": "GHSA-78xj-cgh5-2h22",
     "dataSource": "https://github.com/advisories/GHSA-78xj-cgh5-2h22",
     "namespace": "github:language:javascript",
     "severity": "Low",
     "urls": [
      "https://github.com/advisories/GHSA-78xj-cgh5-2h22"
     ],
     "description": "NPM IP package incorrectly identifies some private IP addresses as public",
     "cvss": []
    }
   ],
   "matchDetails": [
    {
     "type": "exact-direct-match",
     "matcher": "javascript-matcher",
     "searchedBy": {
      "language": "javascript",
      "namespace": "github:language:javascript",
      "package": {
       "name": "ip",
       "version": "1.1.5"
      }
     },
     "found": {
      "versionConstraint": "<1.1.9 (unknown)",
      "vulnerabilityID": "GHSA-78xj-cgh5-2h22"
     }
    }
   ],
   "artifact": {
    "id": "7d0e0ee30367a6c4",
    "name": "ip",
    "version": "1.1.5",
    "type": "npm",
    "locations": [
     {
      "path": "/package-lock.json"
     }
    ],
    "language": "javascript",
    "licenses": [
     "MIT"
    ],
    "cpes": [
     "cpe:2.3:a:ip:ip:1.1.5:*:*:*:*:*:*:*"
    ],
    "purl": "pkg:npm/ip@1.1.5",
    "upstreams": []
   }
  },
  {
   "vulnerability": {
    "id": "CVE-2024-29415",
    "dataSource": "https://nvd.nist.gov/vuln/detail/CVE-2024-29415",
    "namespace": "nvd:cpe",
    "severity": "Unknown",
    "urls": [
     "https://github.com/indutny/node-ip/issues/150",
     "https://github.com/indutny/node-ip/pull/143",
     "https://github.com/indutny/node-ip/pull/144"
    ],
    "description": "The ip package through 2.0.1 for Node.js might allow SSRF because some IP addresses (such as 127.1, 01200034567, 012.1.2.3, 000:0:0000::01, and ::fFFf:127.0.0.1) are improperly categorized as globally routable via isPublic. NOTE: this issue exists because of an incomplete fix for CVE-2023-42282.",
    "cvss": [],
    "fix": {
     "versions": [],
     "state": "not-fixed"
    },
    "advisories": []
   },
   "relatedVulnerabilities": [
    {
     "id": "GHSA-2p57-rm9w-gvfp",
     "dataSource": "https://github.com/advisories/GHSA-2p57-rm9w-gvfp",
     "namespace": "github:language:javascript",
     "severity": "High",
     "urls": [
      "https://github.com/advisories/GHSA-2p57-rm9w-gvfp"
     ],
     "description": "ip SSRF improper categorization in isPublic",
     "cvss": []
    }
   ],
   "matchDetails": [
    {
     "type": "exact-direct-match",
     "matcher": "javascript-matcher",
     "searchedBy": {
      "language": "javascript",
      "namespace": "github:language:javascript",
      "package": {
       "name": "ip",
       "version": "1.1.5"
      }
     },
     "found": {
      "versionConstraint": "<=2.0.1 (unknown)",
      "vulnerabilityID": "GHSA-2p57-rm9w-gvfp"
     }
    }
   ],
   "artifact": {
    "id": "7d0e0ee30367a6c4",
    "name": "ip",
    "version": "1.1.5",
    "type": "npm",
    "locations": [
     {
      "path": "/package-lock.json"
     }
    ],
    "language": "javascript",
    "licenses": [
     "MIT"
    ],
    "cpes": [
     "cpe:2.3:a:ip:ip:1.1.5:*:*:*:*:*:*:*"
    ],
    "purl": "pkg:npm/ip@1.1.5",
    "upstreams": []
   }
  },
  {
   "vulnerability": {
    "id": "CVE-2022-3517",
    "dataSource": "https://nvd.nist.gov/vuln/detail/CVE-2022-3517",
    "namespace": "nvd:cpe",
    "severity": "High",
    "urls": [
     "https://github.com/grafana/grafana-image-renderer/issues/329",
     "https://github.com/isaacs/minimatch/commit/a8763f4388e51956be62dc6025cec1126beeb5e6",
     "https://lists.debian.org/debian-lts-announce/2023/01/msg00011.html",
     "https://lists.fedoraproject.org/archives/list/package-announce%40lists.fedoraproject.org/message/MTEUUTNIEBHGKUKKLNUZSV7IEP6IP3Q3/",
     "https://lists.fedoraproject.org/archives/list/package-announce%40lists.fedoraproject.org/message/UM6XJ73Q3NAM5KSGCOKJ2ZIA6GUWUJLK/"
    ],
    "description": "A vulnerability was found in the minimatch package. This flaw allows a Regular Expression Denial of Service (ReDoS) when calling the braceExpand function with specific arguments, resulting in a Denial of Service.",
    "cvss": [
     {
      "source": "nvd@nist.gov",
      "type": "Primary",
      "version": "3.1",
      "vector": "CVSS:3.1/AV:N/AC:L/PR:N/UI:N/S:U/C:N/I:N/A:H",
      "metrics": {
       "baseScore": 7.5,
       "exploitabilityScore": 3.9,
       "impactScore": 3.6
      },
      "vendorMetadata": {}
     }
    ],
    "fix": {
     "versions": [
      "3.0.5"
     ],
     "state": "fixed"
    },
    "advisories": []
   },
   "relatedVulnerabilities": [
    {
     "id": "GHSA-f8q6-p94x-37v3",
     "dataSource": "https://github.com/advisories/GHSA-f8q6-p94x-37v3",
     "namespace": "github:language:javascript",
     "severity": "High",
     "urls": [
      "https://github.com/advisories/GHSA-f8q6-p94x-37v3"
     ],
     "description": "minimatch ReDoS vulnerability",
     "cvss": [
      {
       "version": "3.1",
       "vector": "CVSS:3.1/AV:N/AC:L/PR:N/UI:N/S:U/C:N/I:N/A:H",
       "metrics": {
        "baseScore": 7.5,
        "exploitabilityScore": 3.9,
        "impactScore": 3.6
       },
       "vendorMetadata": {
        "base_severity": "High",
        "status": "N/A"
       }
      }
     ]
    }
   ],
   "matchDetails": [
    {
     "type": "exact-direct-match",
     "matcher": "javascript-matcher",
     "searchedBy": {
      "language": "javascript",
      "namespace": "github:language:javascript",
      "package": {
       "name": "minimatch",
       "version": "3.0.4"
      }
     },
     "found": {
      "versionConstraint": "<3.0.5 (unknown)",
      "vulnerabilityID": "GHSA-f8q6-p94x-37v3"
     }
    }
   ],
   "artifact": {
    "id": "899621fea61ef0ff",
    "name": "minimatch",
    "version": "3.0.4",
    "type": "npm",
    "locations": [
     {
      "path": "/package-lock.json"
     }
    ],
    "language": "javascript",
    "licenses": [
     "ISC"
    ],
    "cpes": [
     "cpe:2.3:a:minimatch:minimatch:3.0.4:*:*:*:*:*:*:*"
    ],
    "purl": "pkg:npm/minimatch@3.0.4",
    "upstreams": []
   }
  },
  {
   "vulnerability": {
    "id": "CVE-2021-44906",
    "dataSource": "https://nvd.nist.gov/vuln/detail/CVE-2021-44906",
    "namespace": "nvd:cpe",
    "severity": "Critical",
    "urls": [
     "https://github.com/Marynk/JavaScript-vulnerability-detection/blob/main/minimist%20PoC.zip",
     "https://github.com/substack/minimist/blob/master/index.js#L69",
     "https://github.com/substack/minimist/issues/164",
     "https://security.netapp.com/advisory/ntap-20240621-0006/",
     "https://snyk.io/vuln/SNYK-JS-MINIMIST-559764",
     "https://stackoverflow.com/questions/8588563/adding-custom-properties-to-a-function/20278068#20278068"
    ],
    "description": "Minimist <=1.2.5 is vulnerable to Prototype Pollution via file index.js, function setKey() (lines 69-95).",
    "cvss": [
     {
      "source": "nvd@nist.gov",
      "type": "Primary",
      "version": "2.0",
      "vector": "AV:N/AC:L/Au:N/C:P/I:P/A:P",
      "metrics": {
       "baseScore": 7.5,
       "exploitabilityScore": 10,
       "impactScore": 6.4
      },
      "vendorMetadata": {}
     },
     {
      "source": "nvd@nist.gov",
      "type": "Primary",
      "version": "3.1",
      "vector": "CVSS:3.1/AV:N/AC:L/PR:N/UI:N/S:U/C:H/I:H/A:H",
      "metrics": {
       "baseScore": 9.8,
       "exploitabilityScore": 3.9,
       "impactScore": 5.9
      },
      "vendorMetadata": {}
     }
    ],
    "fix": {
     "versions": [
      "0.2.4"
     ],
     "state": "fixed"
    },
    "advisories": []
   },
   "relatedVulnerabilities": [
    {
     "id": "GHSA-xvch-5gv4-984h",
     "dataSource": "https://github.com/advisories/GHSA-xvch-5gv4-984h",
     "namespace": "github:language:javascript",
     "severity": "Critical",
     "urls": [
      "https://github.com/advisories/GHSA-xvch-5gv4-984h"
     ],
     "description": "Prototype Pollution in minimist",
     "cvss": [
      {
       "version": "3.1",
       "vector": "CVSS:3.1/AV:N/AC:L/PR:N/UI:N/S:U/C:H/I:H/A:H",
       "metrics": {
        "baseScore": 9.8,
        "exploitabilityScore": 3.9,
        "impactScore": 5.9
       },
       "vendorMetadata": {
        "base_severity": "Critical",
        "status": "N/A"
       }
      }
     ]
    }
   ],
   "matchDetails": [
    {
     "type": "exact-direct-match",
     "matcher": "javascript-matcher",
     "searchedBy": {
      "language": "javascript",
      "namespace": "github:language:javascript",
      "package": {
       "name": "minimist",
       "version": "0.0.5"
      }
     },
     "found": {
      "versionConstraint": "<0.2.4 (unknown)",
      "vulnerabilityID": "GHSA-xvch-5gv4-984h"
     }
    }
   ],
   "artifact": {
    "id": "1146d15389444838",
    "name": "minimist",
    "version": "0.0.5",
    "type": "npm",
    "locations": [
     {
      "path": "/package-lock.json"
     }
    ],
    "language": "javascript",
    "licenses": [
     "MIT"
    ],
    "cpes": [
     "cpe:2.3:a:minimist:minimist:0.0.5:*:*:*:*:*:*:*"
    ],
    "purl": "pkg:npm/minimist@0.0.5",
    "upstreams": []
   }
  },
  {
   "vulnerability": {
    "id": "CVE-2020-7598",
    "dataSource": "https://nvd.nist.gov/vuln/detail/CVE-2020-7598",
    "namespace": "nvd:cpe",
    "severity": "Medium",
    "urls": [
     "http://lists.opensuse.org/opensuse-security-announce/2020-06/msg00024.html",
     "https://snyk.io/vuln/SNYK-JS-MINIMIST-559764"
    ],
    "description": "minimist before 1.2.2 could be tricked into adding or modifying properties of Object.prototype using a \"constructor\" or \"__proto__\" payload.",
    "cvss": [
     {
      "source": "nvd@nist.gov",
      "type": "Primary",
      "version": "2.0",
      "vector": "AV:N/AC:M/Au:N/C:P/I:P/A:P",
      "metrics": {
       "baseScore": 6.8,
       "exploitabilityScore": 8.6,
       "impactScore": 6.4
      },
      "vendorMetadata": {}
     },
     {
      "source": "nvd@nist.gov",
      "type": "Primary",
      "version": "3.1",
      "vector": "CVSS:3.1/AV:N/AC:H/PR:N/UI:N/S:U/C:L/I:L/A:L",
      "metrics": {
       "baseScore": 5.6,
       "exploitabilityScore": 2.2,
       "impactScore": 3.4
      },
      "vendorMetadata": {}
     }
    ],
    "fix": {
     "versions": [
      "0.2.1"
     ],
     "state": "fixed"
    },
    "advisories": []
   },
   "relatedVulnerabilities": [
    {
     "id": "GHSA-vh95-rmgr-6w4m",
     "dataSource": "https://github.com/advisories/GHSA-vh95-rmgr-6w4m",
     "namespace": "github:language:javascript",
     "severity": "Medium",
     "urls": [
      "https://github.com/advisories/GHSA-vh95-rmgr-6w4m"
     ],
     "description": "Prototype Pollution in minimist",
     "cvss": [
      {
       "version": "3.1",
       "vector": "CVSS:3.1/AV:N/AC:H/PR:N/UI:N/S:U/C:L/I:L/A:L",
       "metrics": {
        "baseScore": 5.6,
        "exploitabilityScore": 2.2,
        "impactScore": 3.4
       },
       "vendorMetadata": {
        "base_severity": "Medium",
        "status": "N/A"
       }
      }
     ]
    }
   ],
   "matchDetails": [
    {
     "type": "exact-direct-match",
     "matcher": "javascript-matcher",
     "searchedBy": {
      "language": "javascript",
      "namespace": "github:language:javascript",
      "package": {
       "name": "minimist",
       "version": "0.0.5"
      }
     },
     "found": {
      "versionConstraint": "<0.2.1 (unknown)",
      "vulnerabilityID": "GHSA-vh95-rmgr-6w4m"
     }
    }
   ],
   "artifact": {
    "id": "1146d15389444838",
    "name": "minimist",
    "version": "0.0.5",
    "type": "npm",
    "locations": [
     {
      "path": "/package-lock.json"
     }
    ],
    "language": "javascript",
    "licenses": [
     "MIT"
    ],
    "cpes": [
     "cpe:2.3:a:minimist:minimist:0.0.5:*:*:*:*:*:*:*"
    ],
    "purl": "pkg:npm/minimist@0.0.5",
    "upstreams": []
   }
  },
  {
   "vulnerability": {
    "id": "CVE-2022-25883",
    "dataSource": "https://nvd.nist.gov/vuln/detail/CVE-2022-25883",
    "namespace": "nvd:cpe",
    "severity": "High",
    "urls": [
     "https://github.com/npm/node-semver/blob/main/classes/range.js%23L97-L104",
     "https://github.com/npm/node-semver/blob/main/internal/re.js%23L138",
     "https://github.com/npm/node-semver/blob/main/internal/re.js%23L160",
     "https://github.com/npm/node-semver/commit/717534ee353682f3bcf33e60a8af4292626d4441",
     "https://github.com/npm/node-semver/pull/564",
     "https://security.snyk.io/vuln/SNYK-JS-SEMVER-3247795"
    ],
    "description": "Versions of the package semver before 7.5.2 are vulnerable to Regular Expression Denial of Service (ReDoS) via the function new Range, when untrusted user data is provided as a range.\r\r\r",
    "cvss": [
     {
      "source": "nvd@nist.gov",
      "type": "Primary",
      "version": "3.1",
      "vector": "CVSS:3.1/AV:N/AC:L/PR:N/UI:N/S:U/C:N/I:N/A:H",
      "metrics": {
       "baseScore": 7.5,
       "exploitabilityScore": 3.9,
       "impactScore": 3.6
      },
      "vendorMetadata": {}
     },
     {
      "source": "report@snyk.io",
      "type": "Secondary",
      "version": "3.1",
      "vector": "CVSS:3.1/AV:N/AC:L/PR:N/UI:N/S:U/C:N/I:N/A:L",
      "metrics": {
       "baseScore": 5.3,
       "exploitabilityScore": 3.9,
       "impactScore": 1.4
      },
      "vendorMetadata": {}
     }
    ],
    "fix": {
     "versions": [
      "5.7.2"
     ],
     "state": "fixed"
    },
    "advisories": []
   },
   "relatedVulnerabilities": [
    {
     "id": "GHSA-c2qf-rxjj-qqgw",
     "dataSource": "https://github.com/advisories/GHSA-c2qf-rxjj-qqgw",
     "namespace": "github:language:javascript",
     "severity": "High",
     "urls": [
      "https://github.com/advisories/GHSA-c2qf-rxjj-qqgw"
     ],
     "description": "semver vulnerable to Regular Expression Denial of Service",
     "cvss": [
      {
       "version": "3.1",
       "vector": "CVSS:3.1/AV:N/AC:L/PR:N/UI:N/S:U/C:N/I:N/A:H",
       "metrics": {
        "baseScore": 7.5,
        "exploitabilityScore": 3.9,
        "impactScore": 3.6
       },
       "vendorMetadata": {
        "base_severity": "High",
        "status": "N/A"
       }
      }
     ]
    }
   ],
   "matchDetails": [
    {
     "type": "exact-direct-match",
     "matcher": "javascript-matcher",
     "searchedBy": {
      "language": "javascript",
      "namespace": "github:language:javascript",
      "package": {
       "name": "semver",
       "version": "5.5.0"
      }
     },
     "found": {
      "versionConstraint": "<5.7.2 (unknown)",
      "vulnerabilityID": "GHSA-c2qf-rxjj-qqgw"
     }
    }
   ],
   "artifact": {
    "id": "81d757299530a203",
    "name": "semver",
    "version": "5.5.0",
    "type": "npm",
    "locations": [
     {
      "path": "/package-lock.json"
     }
    ],
    "language": "javascript",
    "licenses": [
     "ISC"
    ],
    "cpes": [
     "cpe:2.3:a:npmjs:semver:5.5.0:*:*:*:*:node.js:*:*"
    ],
    "purl": "pkg:npm/semver@5.5.0",
    "upstreams": []
   }
  },
  {
   "vulnerability": {
    "id": "CVE-2024-28863",
    "dataSource": "https://nvd.nist.gov/vuln/detail/CVE-2024-28863",
    "namespace": "nvd:cpe",
    "severity": "Medium",
    "urls": [
     "https://github.com/isaacs/node-tar/commit/fe8cd57da5686f8695415414bda49206a545f7f7",
     "https://github.com/isaacs/node-tar/security/advisories/GHSA-f5x3-32g6-xq36",
     "https://security.netapp.com/advisory/ntap-20240524-0005/"
    ],
    "description": "node-tar is a Tar for Node.js. node-tar prior to version 6.2.1 has no limit on the number of sub-folders created in the folder creation process. An attacker who generates a large number of sub-folders can consume memory on the system running node-tar and even crash the Node.js client within few seconds of running it using a path with too many sub-folders inside. Version 6.2.1 fixes this issue by preventing extraction in excessively deep sub-folders.",
    "cvss": [
     {
      "source": "security-advisories@github.com",
      "type": "Secondary",
      "version": "3.1",
      "vector": "CVSS:3.1/AV:N/AC:L/PR:N/UI:R/S:U/C:N/I:N/A:H",
      "metrics": {
       "baseScore": 6.5,
       "exploitabilityScore": 2.8,
       "impactScore": 3.6
      },
      "vendorMetadata": {}
     }
    ],
    "fix": {
     "versions": [
      "6.2.1"
     ],
     "state": "fixed"
    },
    "advisories": []
   },
   "relatedVulnerabilities": [
    {
     "id": "GHSA-f5x3-32g6-xq36",
     "dataSource": "https://github.com/advisories/GHSA-f5x3-32g6-xq36",
     "namespace": "github:language:javascript",
     "severity": "Medium",
     "urls": [
      "https://github.com/advisories/GHSA-f5x3-32g6-xq36"
     ],
     "description": "Denial of service while parsing a tar file due to lack of folders count validation",
     "cvss": [
      {
       "version": "3.1",
       "vector": "CVSS:3.1/AV:N/AC:L/PR:N/UI:R/S:U/C:N/I:N/A:H",
       "metrics": {
        "baseScore": 6.5,
        "exploitabilityScore": 2.8,
        "impactScore": 3.6
       },
       "vendorMetadata": {
        "base_severity": "Medium",
        "status": "N/A"
       }
      }
     ]
    }
   ],
   "matchDetails": [
    {
     "type": "exact-direct-match",
     "matcher": "javascript-matcher",
     "searchedBy": {
      "language": "javascript",
      "namespace": "github:language:javascript",
      "package": {
       "name": "tar",
       "version": "4.4.19"
      }
     },
     "found": {
      "versionConstraint": "<6.2.1 (unknown)",
      "vulnerabilityID": "GHSA-f5x3-32g6-xq36"
     }
    }
   ],
   "artifact": {
    "id": "9c6130e5cd23919b",
    "name": "tar",
    "version": "4.4.19",
    "type": "npm",
    "locations": [
     {
      "path": "/package-lock.json"
     }
    ],
    "language": "javascript",
    "licenses": [
     "ISC"
    ],
    "cpes": [
     "cpe:2.3:a:tar_project:tar:4.4.19:*:*:*:*:node.js:*:*"
    ],
    "purl": "pkg:npm/tar@4.4.19",
    "upstreams": []
   }
  },
  {
   "vulnerability": {
    "id": "CVE-2023-0842",
    "dataSource": "https://nvd.nist.gov/vuln/detail/CVE-2023-0842",
    "namespace": "nvd:cpe",
    "severity": "Medium",
    "urls": [
     "https://fluidattacks.com/advisories/myers/",
     "https://github.com/Leonidas-from-XIV/node-xml2js/",
     "https://lists.debian.org/debian-lts-announce/2024/03/msg00013.html"
    ],
    "description": "xml2js version 0.4.23 allows an external attacker to edit or add new properties to an object. This is possible because the application does not properly validate incoming JSON keys, thus allowing the __proto__ property to be edited.",
    "cvss": [
     {
      "source": "nvd@nist.gov",
      "type": "Primary",
      "version": "3.1",
      "vector": "CVSS:3.1/AV:N/AC:L/PR:N/UI:N/S:U/C:N/I:L/A:N",
      "metrics": {
       "baseScore": 5.3,
       "exploitabilityScore": 3.9,
       "impactScore": 1.4
      },
      "vendorMetadata": {}
     }
    ],
    "fix": {
     "versions": [
      "0.5.0"
     ],
     "state": "fixed"
    },
    "advisories": []
   },
   "relatedVulnerabilities": [
    {
     "id": "GHSA-776f-qx25-q3cc",
     "dataSource": "https://github.com/advisories/GHSA-776f-qx25-q3cc",
     "namespace": "github:language:javascript",
     "severity": "Medium",
     "urls": [
      "https://github.com/advisories/GHSA-776f-qx25-q3cc"
     ],
     "description": "xml2js is vulnerable to prototype pollution",
     "cvss": [
      {
       "version": "3.1",
       "vector": "CVSS:3.1/AV:N/AC:L/PR:N/UI:N/S:U/C:N/I:L/A:N",
       "metrics": {
        "baseScore": 5.3,
        "exploitabilityScore": 3.9,
        "impactScore": 1.4
       },
       "vendorMetadata": {
        "base_severity": "Medium",
        "status": "N/A"
       }
      }
     ]
    }
   ],
   "matchDetails": [
    {
     "type": "exact-direct-match",
     "matcher": "javascript-matcher",
     "searchedBy": {
      "language": "javascript",
      "namespace": "github:language:javascript",
      "package": {
       "name": "xml2js",
       "version": "0.4.23"
      }
     },
     "found": {
      "versionConstraint": "<0.5.0 (unknown)",
      "vulnerabilityID": "GHSA-776f-qx25-q3cc"
     }
    }
   ],
   "artifact": {
    "id": "3b5d3f0b1aa09de9",
    "name": "xml2js",
    "version": "0.4.23",
    "type": "npm",
    "locations": [
     {
      "path": "/package-lock.json"
     }
    ],
    "language": "javascript",
    "licenses": [
     "MIT"
    ],
    "cpes": [
     "cpe:2.3:a:xml2js:xml2js:0.4.23:*:*:*:*:*:*:*"
    ],
    "purl": "pkg:npm/xml2js@0.4.23",
    "upstreams": []
   }
  }
 ],
 "source": {
  "type": "directory",
  "target": "upstream-repository"
 },
 "distro": {
  "name": "",
  "version": "",
  "idLike": null
 },
 "descriptor": {
  "name": "grype",
  "version": "0.74.4",
  "configuration": {
   "output": [
    "json"
   ],
   "file": "",
   "distro": "",
   "add-cpes-if-none": true,
   "output-template-file": "",
   "check-for-app-update": false,
   "only-fixed": false,
   "only-notfixed": false,
   "ignore-wontfix": "",
   "platform": "",
   "search": {
    "scope": "squashed",
    "unindexed-archives": false,
    "indexed-archives": true
   },
   "ignore": null,
   "exclude": [],
   "db": {
    "cache-dir": "/home/runner/.cache/grype/db",
    "update-url": "https://toolbox-data.anchore.io/grype/databases/listing.json",
    "ca-cert": "",
    "auto-update": true,
    "validate-by-hash-on-start": false,
    "validate-age": true,
    "max-allowed-built-age": 432000000000000
   },
   "externalSources": {
    "enable": false,
    "maven": {
     "searchUpstreamBySha1": true,
     "baseUrl": "https://search.maven.org/solrsearch/select"
    }
   },
   "match": {
    "java": {
     "using-cpes": false
    },
    "dotnet": {
     "using-cpes": false
    },
    "golang": {
     "using-cpes": false,
     "always-use-cpe-for-stdlib": true
    },
    "javascript": {
     "using-cpes": false
    },
    "python": {
     "using-cpes": false
    },
    "ruby": {
     "using-cpes": false
    },
    "rust": {
     "using-cpes": false
    },
    "stock": {
     "using-cpes": true
    }
   },
   "fail-on-severity": "critical",
   "registry": {
    "insecure-skip-tls-verify": false,
    "insecure-use-http": false,
    "auth": null,
    "ca-cert": ""
   },
   "show-suppressed": false,
   "by-cve": true,
   "name": "",
   "default-image-pull-source": "",
   "vex-documents": [],
   "vex-add": []
  },
  "db": {
   "built": "2024-08-15T01:31:38Z",
   "schemaVersion": 5,
   "location": "/home/runner/.cache/grype/db/5",
   "checksum": "sha256:6635658cbfd77c0433de8c55f3cf284c909a89461c0ed488b9cd642c8fe7fc2c",
   "error": null
  },
  "timestamp": "2024-08-15T21:04:17.074631977Z"
 }
}
