{"errors": [{"code": 3, "level": "warn", "message": "Syntax error at line .travis.yml:7:\n `openssl` was unexpected", "path": ".travis.yml", "spans": [{"end": {"col": 12, "line": 7, "offset": 7}, "file": ".travis.yml", "start": {"col": 5, "line": 7, "offset": 0}}, {"end": {"col": 14, "line": 8, "offset": 1}, "file": ".travis.yml", "start": {"col": 13, "line": 8, "offset": 0}}, {"end": {"col": 7, "line": 11, "offset": 2}, "file": ".travis.yml", "start": {"col": 5, "line": 11, "offset": 0}}, {"end": {"col": 7, "line": 14, "offset": 2}, "file": ".travis.yml", "start": {"col": 5, "line": 14, "offset": 0}}, {"end": {"col": 7, "line": 15, "offset": 2}, "file": ".travis.yml", "start": {"col": 5, "line": 15, "offset": 0}}, {"end": {"col": 15, "line": 18, "offset": 1}, "file": ".travis.yml", "start": {"col": 14, "line": 18, "offset": 0}}, {"end": {"col": 6, "line": 19, "offset": 1}, "file": ".travis.yml", "start": {"col": 5, "line": 19, "offset": 0}}, {"end": {"col": 14, "line": 19, "offset": 1}, "file": ".travis.yml", "start": {"col": 13, "line": 19, "offset": 0}}, {"end": {"col": 15, "line": 21, "offset": 18}, "file": ".travis.yml", "start": {"col": 19, "line": 19, "offset": 0}}, {"end": {"col": 22, "line": 26, "offset": 42}, "file": ".travis.yml", "start": {"col": 15, "line": 22, "offset": 0}}, {"end": {"col": 30, "line": 26, "offset": 1}, "file": ".travis.yml", "start": {"col": 29, "line": 26, "offset": 0}}, {"end": {"col": 38, "line": 27, "offset": 33}, "file": ".travis.yml", "start": {"col": 5, "line": 27, "offset": 0}}, {"end": {"col": 53, "line": 30, "offset": 77}, "file": ".travis.yml", "start": {"col": 5, "line": 29, "offset": 0}}, {"end": {"col": 18, "line": 33, "offset": 1}, "file": ".travis.yml", "start": {"col": 17, "line": 33, "offset": 0}}, {"end": {"col": 14, "line": 34, "offset": 7}, "file": ".travis.yml", "start": {"col": 7, "line": 34, "offset": 0}}, {"end": {"col": 11, "line": 35, "offset": 12}, "file": ".travis.yml", "start": {"col": 22, "line": 34, "offset": 0}}, {"end": {"col": 14, "line": 37, "offset": 7}, "file": ".travis.yml", "start": {"col": 7, "line": 37, "offset": 0}}, {"end": {"col": 14, "line": 39, "offset": 7}, "file": ".travis.yml", "start": {"col": 7, "line": 39, "offset": 0}}, {"end": {"col": 14, "line": 41, "offset": 7}, "file": ".travis.yml", "start": {"col": 7, "line": 41, "offset": 0}}, {"end": {"col": 14, "line": 43, "offset": 7}, "file": ".travis.yml", "start": {"col": 7, "line": 43, "offset": 0}}, {"end": {"col": 14, "line": 45, "offset": 7}, "file": ".travis.yml", "start": {"col": 7, "line": 45, "offset": 0}}, {"end": {"col": 18, "line": 47, "offset": 5}, "file": ".travis.yml", "start": {"col": 13, "line": 47, "offset": 0}}, {"end": {"col": 14, "line": 49, "offset": 7}, "file": ".travis.yml", "start": {"col": 7, "line": 49, "offset": 0}}, {"end": {"col": 20, "line": 51, "offset": 13}, "file": ".travis.yml", "start": {"col": 7, "line": 51, "offset": 0}}, {"end": {"col": 20, "line": 53, "offset": 13}, "file": ".travis.yml", "start": {"col": 7, "line": 53, "offset": 0}}, {"end": {"col": 14, "line": 57, "offset": 7}, "file": ".travis.yml", "start": {"col": 7, "line": 57, "offset": 0}}, {"end": {"col": 34, "line": 58, "offset": 10}, "file": ".travis.yml", "start": {"col": 24, "line": 58, "offset": 0}}, {"end": {"col": 49, "line": 58, "offset": 1}, "file": ".travis.yml", "start": {"col": 48, "line": 58, "offset": 0}}, {"end": {"col": 56, "line": 58, "offset": 1}, "file": ".travis.yml", "start": {"col": 55, "line": 58, "offset": 0}}, {"end": {"col": 14, "line": 59, "offset": 7}, "file": ".travis.yml", "start": {"col": 7, "line": 59, "offset": 0}}, {"end": {"col": 14, "line": 61, "offset": 7}, "file": ".travis.yml", "start": {"col": 7, "line": 61, "offset": 0}}, {"end": {"col": 14, "line": 65, "offset": 7}, "file": ".travis.yml", "start": {"col": 7, "line": 65, "offset": 0}}, {"end": {"col": 14, "line": 69, "offset": 7}, "file": ".travis.yml", "start": {"col": 7, "line": 69, "offset": 0}}, {"end": {"col": 14, "line": 73, "offset": 7}, "file": ".travis.yml", "start": {"col": 7, "line": 73, "offset": 0}}, {"end": {"col": 14, "line": 77, "offset": 7}, "file": ".travis.yml", "start": {"col": 7, "line": 77, "offset": 0}}, {"end": {"col": 14, "line": 81, "offset": 7}, "file": ".travis.yml", "start": {"col": 7, "line": 81, "offset": 0}}, {"end": {"col": 13, "line": 84, "offset": 2}, "file": ".travis.yml", "start": {"col": 11, "line": 84, "offset": 0}}, {"end": {"col": 8, "line": 86, "offset": 11}, "file": ".travis.yml", "start": {"col": 25, "line": 84, "offset": 0}}, {"end": {"col": 10, "line": 87, "offset": 5}, "file": ".travis.yml", "start": {"col": 5, "line": 87, "offset": 0}}, {"end": {"col": 15, "line": 88, "offset": 8}, "file": ".travis.yml", "start": {"col": 7, "line": 88, "offset": 0}}, {"end": {"col": 32, "line": 92, "offset": 16}, "file": ".travis.yml", "start": {"col": 16, "line": 92, "offset": 0}}, {"end": {"col": 49, "line": 92, "offset": 1}, "file": ".travis.yml", "start": {"col": 48, "line": 92, "offset": 0}}, {"end": {"col": 61, "line": 92, "offset": 2}, "file": ".travis.yml", "start": {"col": 59, "line": 92, "offset": 0}}, {"end": {"col": 75, "line": 92, "offset": 12}, "file": ".travis.yml", "start": {"col": 63, "line": 92, "offset": 0}}, {"end": {"col": 10, "line": 95, "offset": 5}, "file": ".travis.yml", "start": {"col": 5, "line": 95, "offset": 0}}, {"end": {"col": 85, "line": 96, "offset": 80}, "file": ".travis.yml", "start": {"col": 5, "line": 96, "offset": 0}}], "type": ["PartialParsing", [{"end": {"col": 12, "line": 7, "offset": 7}, "path": ".travis.yml", "start": {"col": 5, "line": 7, "offset": 0}}, {"end": {"col": 14, "line": 8, "offset": 1}, "path": ".travis.yml", "start": {"col": 13, "line": 8, "offset": 0}}, {"end": {"col": 7, "line": 11, "offset": 2}, "path": ".travis.yml", "start": {"col": 5, "line": 11, "offset": 0}}, {"end": {"col": 7, "line": 14, "offset": 2}, "path": ".travis.yml", "start": {"col": 5, "line": 14, "offset": 0}}, {"end": {"col": 7, "line": 15, "offset": 2}, "path": ".travis.yml", "start": {"col": 5, "line": 15, "offset": 0}}, {"end": {"col": 15, "line": 18, "offset": 1}, "path": ".travis.yml", "start": {"col": 14, "line": 18, "offset": 0}}, {"end": {"col": 6, "line": 19, "offset": 1}, "path": ".travis.yml", "start": {"col": 5, "line": 19, "offset": 0}}, {"end": {"col": 14, "line": 19, "offset": 1}, "path": ".travis.yml", "start": {"col": 13, "line": 19, "offset": 0}}, {"end": {"col": 15, "line": 21, "offset": 18}, "path": ".travis.yml", "start": {"col": 19, "line": 19, "offset": 0}}, {"end": {"col": 22, "line": 26, "offset": 42}, "path": ".travis.yml", "start": {"col": 15, "line": 22, "offset": 0}}, {"end": {"col": 30, "line": 26, "offset": 1}, "path": ".travis.yml", "start": {"col": 29, "line": 26, "offset": 0}}, {"end": {"col": 38, "line": 27, "offset": 33}, "path": ".travis.yml", "start": {"col": 5, "line": 27, "offset": 0}}, {"end": {"col": 53, "line": 30, "offset": 77}, "path": ".travis.yml", "start": {"col": 5, "line": 29, "offset": 0}}, {"end": {"col": 18, "line": 33, "offset": 1}, "path": ".travis.yml", "start": {"col": 17, "line": 33, "offset": 0}}, {"end": {"col": 14, "line": 34, "offset": 7}, "path": ".travis.yml", "start": {"col": 7, "line": 34, "offset": 0}}, {"end": {"col": 11, "line": 35, "offset": 12}, "path": ".travis.yml", "start": {"col": 22, "line": 34, "offset": 0}}, {"end": {"col": 14, "line": 37, "offset": 7}, "path": ".travis.yml", "start": {"col": 7, "line": 37, "offset": 0}}, {"end": {"col": 14, "line": 39, "offset": 7}, "path": ".travis.yml", "start": {"col": 7, "line": 39, "offset": 0}}, {"end": {"col": 14, "line": 41, "offset": 7}, "path": ".travis.yml", "start": {"col": 7, "line": 41, "offset": 0}}, {"end": {"col": 14, "line": 43, "offset": 7}, "path": ".travis.yml", "start": {"col": 7, "line": 43, "offset": 0}}, {"end": {"col": 14, "line": 45, "offset": 7}, "path": ".travis.yml", "start": {"col": 7, "line": 45, "offset": 0}}, {"end": {"col": 18, "line": 47, "offset": 5}, "path": ".travis.yml", "start": {"col": 13, "line": 47, "offset": 0}}, {"end": {"col": 14, "line": 49, "offset": 7}, "path": ".travis.yml", "start": {"col": 7, "line": 49, "offset": 0}}, {"end": {"col": 20, "line": 51, "offset": 13}, "path": ".travis.yml", "start": {"col": 7, "line": 51, "offset": 0}}, {"end": {"col": 20, "line": 53, "offset": 13}, "path": ".travis.yml", "start": {"col": 7, "line": 53, "offset": 0}}, {"end": {"col": 14, "line": 57, "offset": 7}, "path": ".travis.yml", "start": {"col": 7, "line": 57, "offset": 0}}, {"end": {"col": 34, "line": 58, "offset": 10}, "path": ".travis.yml", "start": {"col": 24, "line": 58, "offset": 0}}, {"end": {"col": 49, "line": 58, "offset": 1}, "path": ".travis.yml", "start": {"col": 48, "line": 58, "offset": 0}}, {"end": {"col": 56, "line": 58, "offset": 1}, "path": ".travis.yml", "start": {"col": 55, "line": 58, "offset": 0}}, {"end": {"col": 14, "line": 59, "offset": 7}, "path": ".travis.yml", "start": {"col": 7, "line": 59, "offset": 0}}, {"end": {"col": 14, "line": 61, "offset": 7}, "path": ".travis.yml", "start": {"col": 7, "line": 61, "offset": 0}}, {"end": {"col": 14, "line": 65, "offset": 7}, "path": ".travis.yml", "start": {"col": 7, "line": 65, "offset": 0}}, {"end": {"col": 14, "line": 69, "offset": 7}, "path": ".travis.yml", "start": {"col": 7, "line": 69, "offset": 0}}, {"end": {"col": 14, "line": 73, "offset": 7}, "path": ".travis.yml", "start": {"col": 7, "line": 73, "offset": 0}}, {"end": {"col": 14, "line": 77, "offset": 7}, "path": ".travis.yml", "start": {"col": 7, "line": 77, "offset": 0}}, {"end": {"col": 14, "line": 81, "offset": 7}, "path": ".travis.yml", "start": {"col": 7, "line": 81, "offset": 0}}, {"end": {"col": 13, "line": 84, "offset": 2}, "path": ".travis.yml", "start": {"col": 11, "line": 84, "offset": 0}}, {"end": {"col": 8, "line": 86, "offset": 11}, "path": ".travis.yml", "start": {"col": 25, "line": 84, "offset": 0}}, {"end": {"col": 10, "line": 87, "offset": 5}, "path": ".travis.yml", "start": {"col": 5, "line": 87, "offset": 0}}, {"end": {"col": 15, "line": 88, "offset": 8}, "path": ".travis.yml", "start": {"col": 7, "line": 88, "offset": 0}}, {"end": {"col": 32, "line": 92, "offset": 16}, "path": ".travis.yml", "start": {"col": 16, "line": 92, "offset": 0}}, {"end": {"col": 49, "line": 92, "offset": 1}, "path": ".travis.yml", "start": {"col": 48, "line": 92, "offset": 0}}, {"end": {"col": 61, "line": 92, "offset": 2}, "path": ".travis.yml", "start": {"col": 59, "line": 92, "offset": 0}}, {"end": {"col": 75, "line": 92, "offset": 12}, "path": ".travis.yml", "start": {"col": 63, "line": 92, "offset": 0}}, {"end": {"col": 10, "line": 95, "offset": 5}, "path": ".travis.yml", "start": {"col": 5, "line": 95, "offset": 0}}, {"end": {"col": 85, "line": 96, "offset": 80}, "path": ".travis.yml", "start": {"col": 5, "line": 96, "offset": 0}}]]}], "interfile_languages_used": [], "paths": {"scanned": [".coveragerc", ".deepsource.toml", ".github/workflows/H6060-Experiment-2.yml", ".gitignore", ".readthedocs.yml", ".travis.yml", "CHANGES.rst", "CODE_OF_CONDUCT.md", "CONTRIBUTORS.txt", "LICENSE.txt", "MANIFEST.in", "README.rst", "ci/deploy.sh", "ci/downstream/botocore.sh", "ci/downstream/requests-requirements.txt", "ci/downstream/requests.sh", "ci/install.sh", "ci/run.sh", "ci/run_tests.sh", "ci/upload_coverage.sh", "codecov.yml", "docs/Makefile", "docs/advanced-usage.rst", "docs/conf.py", "docs/contributing.rst", "docs/images/banner.svg", "docs/images/demo-button.png", "docs/images/favicon.png", "docs/images/learn-more-button.png", "docs/images/logo.png", "docs/images/logo.svg", "docs/index.rst", "docs/make.bat", "docs/reference/contrib/appengine.rst", "docs/reference/contrib/index.rst", "docs/reference/contrib/ntlmpool.rst", "docs/reference/contrib/pyopenssl.rst", "docs/reference/contrib/securetransport.rst", "docs/reference/contrib/socks.rst", "docs/reference/index.rst", "docs/reference/urllib3.connection.rst", "docs/reference/urllib3.connectionpool.rst", "docs/reference/urllib3.exceptions.rst", "docs/reference/urllib3.fields.rst", "docs/reference/urllib3.poolmanager.rst", "docs/reference/urllib3.request.rst", "docs/reference/urllib3.response.rst", "docs/reference/urllib3.util.rst", "docs/requirements.txt", "docs/sponsors.rst", "docs/user-guide.rst", "docs/v2-roadmap.rst", "dummyserver/__init__.py", "dummyserver/certs/README.rst", "dummyserver/certs/cacert.key", "dummyserver/certs/cacert.pem", "dummyserver/certs/server.crt", "dummyserver/certs/server.key", "dummyserver/handlers.py", "dummyserver/proxy.py", "dummyserver/server.py", "dummyserver/testcase.py", "noxfile.py", "requirements.txt", "setup.cfg", "setup.py", "src/urllib3/__init__.py", "src/urllib3/_collections.py", "src/urllib3/_version.py", "src/urllib3/connection.py", "src/urllib3/connectionpool.py", "src/urllib3/contrib/__init__.py", "src/urllib3/contrib/_appengine_environ.py", "src/urllib3/contrib/_securetransport/__init__.py", "src/urllib3/contrib/_securetransport/bindings.py", "src/urllib3/contrib/_securetransport/low_level.py", "src/urllib3/contrib/appengine.py", "src/urllib3/contrib/ntlmpool.py", "src/urllib3/contrib/pyopenssl.py", "src/urllib3/contrib/securetransport.py", "src/urllib3/contrib/socks.py", "src/urllib3/exceptions.py", "src/urllib3/fields.py", "src/urllib3/filepost.py", "src/urllib3/packages/__init__.py", "src/urllib3/packages/backports/__init__.py", "src/urllib3/packages/backports/makefile.py", "src/urllib3/packages/six.py", "src/urllib3/packages/ssl_match_hostname/__init__.py", "src/urllib3/packages/ssl_match_hostname/_implementation.py", "src/urllib3/poolmanager.py", "src/urllib3/request.py", "src/urllib3/response.py", "src/urllib3/util/__init__.py", "src/urllib3/util/connection.py", "src/urllib3/util/proxy.py", "src/urllib3/util/queue.py", "src/urllib3/util/request.py", "src/urllib3/util/response.py", "src/urllib3/util/retry.py", "src/urllib3/util/ssl_.py", "src/urllib3/util/ssltransport.py", "src/urllib3/util/timeout.py", "src/urllib3/util/url.py", "src/urllib3/util/wait.py"]}, "results": [{"check_id": "generic.secrets.security.detected-private-key.detected-private-key", "end": {"col": 28, "line": 2, "offset": 60}, "extra": {"engine_kind": "OSS", "fingerprint": "70a9bb75cca8aa497b1a6375923cb27053e870c21b634c046c51c189d2491f7fd92cbde3bc99255588ddd5035f285cb2e3426a304baf9a762d673f205efe8e47_0", "is_ignored": false, "lines": "-----BEGIN RSA PRIVATE KEY-----\nMIIEpAIBAAKCAQEAn330NEISY7w+GeZR2jh8Of1x2CtpenWRKuuD2u4FOaN0G1SN", "message": "Private Key detected. This is a sensitive credential and should not be hardcoded here. Instead, store this in a separate, private file.", "metadata": {"category": "security", "confidence": "LOW", "cwe": ["CWE-798: Use of Hard-coded Credentials"], "cwe2021-top25": true, "cwe2022-top25": true, "impact": "MEDIUM", "license": "Commons Clause License Condition v1.0[LGPL-2.1-only]", "likelihood": "LOW", "owasp": ["A07:2021 - Identification and Authentication Failures"], "references": ["https://owasp.org/Top10/A07_2021-Identification_and_Authentication_Failures"], "semgrep.dev": {"rule": {"origin": "community", "r_id": 9070, "rule_id": "7KUQ0p", "rv_id": 833786, "url": "https://semgrep.dev/playground/r/vdTOzge/generic.secrets.security.detected-private-key.detected-private-key", "version_id": "vdTOzge"}}, "shortlink": "https://sg.run/b7dr", "source": "https://semgrep.dev/r/generic.secrets.security.detected-private-key.detected-private-key", "source-rule-url": "https://github.com/grab/secret-scanner/blob/master/scanner/signatures/pattern.go", "subcategory": ["audit"], "technology": ["secrets"], "vulnerability_class": ["Hard-coded Secrets"]}, "metavars": {"$1": {"abstract_content": "RSA", "end": {"col": 4, "line": 1, "offset": 3}, "start": {"col": 1, "line": 1, "offset": 0}}, "$KEY": {"abstract_content": "MIIEpAIBAAKCAQEAn330NEISY7w", "end": {"col": 28, "line": 2, "offset": 60}, "start": {"col": 1, "line": 2, "offset": 33}}, "$TYPE": {"abstract_content": "RSA", "end": {"col": 15, "line": 1, "offset": 14}, "start": {"col": 12, "line": 1, "offset": 11}}}, "severity": "ERROR", "validation_state": "NO_VALIDATOR"}, "path": "dummyserver/certs/cacert.key", "start": {"col": 1, "line": 1, "offset": 0}}, {"check_id": "generic.secrets.security.detected-private-key.detected-private-key", "end": {"col": 22, "line": 2, "offset": 54}, "extra": {"engine_kind": "OSS", "fingerprint": "21893360d3d1ebecdb7c8ec631482aff3489d8c85a6bed7a8c18332423c85114d3af7e8907f4c7c2c190667791208daea669b7a46a4413739ebe568a9864156b_0", "is_ignored": false, "lines": "-----BEGIN RSA PRIVATE KEY-----\nMIIEpQIBAAKCAQEArRLZX+5dyCh4N7q90sH2Q4Ea6QLK8OfoUQPWtpzAtINDUAdf", "message": "Private Key detected. This is a sensitive credential and should not be hardcoded here. Instead, store this in a separate, private file.", "metadata": {"category": "security", "confidence": "LOW", "cwe": ["CWE-798: Use of Hard-coded Credentials"], "cwe2021-top25": true, "cwe2022-top25": true, "impact": "MEDIUM", "license": "Commons Clause License Condition v1.0[LGPL-2.1-only]", "likelihood": "LOW", "owasp": ["A07:2021 - Identification and Authentication Failures"], "references": ["https://owasp.org/Top10/A07_2021-Identification_and_Authentication_Failures"], "semgrep.dev": {"rule": {"origin": "community", "r_id": 9070, "rule_id": "7KUQ0p", "rv_id": 833786, "url": "https://semgrep.dev/playground/r/vdTOzge/generic.secrets.security.detected-private-key.detected-private-key", "version_id": "vdTOzge"}}, "shortlink": "https://sg.run/b7dr", "source": "https://semgrep.dev/r/generic.secrets.security.detected-private-key.detected-private-key", "source-rule-url": "https://github.com/grab/secret-scanner/blob/master/scanner/signatures/pattern.go", "subcategory": ["audit"], "technology": ["secrets"], "vulnerability_class": ["Hard-coded Secrets"]}, "metavars": {"$1": {"abstract_content": "RSA", "end": {"col": 4, "line": 1, "offset": 3}, "start": {"col": 1, "line": 1, "offset": 0}}, "$KEY": {"abstract_content": "MIIEpQIBAAKCAQEArRLZX", "end": {"col": 22, "line": 2, "offset": 54}, "start": {"col": 1, "line": 2, "offset": 33}}, "$TYPE": {"abstract_content": "RSA", "end": {"col": 15, "line": 1, "offset": 14}, "start": {"col": 12, "line": 1, "offset": 11}}}, "severity": "ERROR", "validation_state": "NO_VALIDATOR"}, "path": "dummyserver/certs/server.key", "start": {"col": 1, "line": 1, "offset": 0}}, {"check_id": "python.lang.security.audit.weak-ssl-version.weak-ssl-version", "end": {"col": 23, "line": 90, "offset": 2930}, "extra": {"engine_kind": "OSS", "fingerprint": "1db9a4a46ecef839715835e6f7601c1484a2de60230ec6b5cfeae66d3890df934e8ff70b0f64a089a0151dc9df9a88d5dcd985938bf3f11416f7afee69ca18e5_0", "is_ignored": false, "lines": "    ssl.PROTOCOL_TLSv1: OpenSSL.SSL.TLSv1_METHOD,", "message": "An insecure SSL version was detected. TLS versions 1.0, 1.1, and all SSL versions are considered weak encryption and are deprecated. Use 'ssl.PROTOCOL_TLSv1_2' or higher.", "metadata": {"asvs": {"control_id": "9.1.3 Weak TLS", "control_url": "https://github.com/OWASP/ASVS/blob/master/4.0/en/0x17-V9-Communications.md#v91-client-communications-security-requirements", "section": "V9 Communications Verification Requirements", "version": "4"}, "category": "security", "confidence": "MEDIUM", "cwe": ["CWE-326: Inadequate Encryption Strength"], "impact": "MEDIUM", "license": "Commons Clause License Condition v1.0[LGPL-2.1-only]", "likelihood": "LOW", "owasp": ["A03:2017 - Sensitive Data Exposure", "A02:2021 - Cryptographic Failures"], "references": ["https://tools.ietf.org/html/rfc7568", "https://tools.ietf.org/id/draft-ietf-tls-oldversions-deprecate-02.html", "https://docs.python.org/3/library/ssl.html#ssl.PROTOCOL_TLSv1_2"], "semgrep.dev": {"rule": {"origin": "community", "r_id": 9649, "rule_id": "KxUbNG", "rv_id": 834653, "url": "https://semgrep.dev/playground/r/GxTDX0Y/python.lang.security.audit.weak-ssl-version.weak-ssl-version", "version_id": "GxTDX0Y"}}, "shortlink": "https://sg.run/RoZO", "source": "https://semgrep.dev/r/python.lang.security.audit.weak-ssl-version.weak-ssl-version", "source-rule-url": "https://github.com/PyCQA/bandit/blob/b1411bfb43795d3ffd268bef17a839dee954c2b1/bandit/plugins/insecure_ssl_tls.py#L30", "subcategory": ["audit"], "technology": ["python"], "vulnerability_class": ["Cryptographic Issues"]}, "metavars": {}, "severity": "WARNING", "validation_state": "NO_VALIDATOR"}, "path": "src/urllib3/contrib/pyopenssl.py", "start": {"col": 5, "line": 90, "offset": 2912}}, {"check_id": "python.lang.security.audit.weak-ssl-version.weak-ssl-version", "end": {"col": 41, "line": 94, "offset": 3081}, "extra": {"engine_kind": "OSS", "fingerprint": "1db9a4a46ecef839715835e6f7601c1484a2de60230ec6b5cfeae66d3890df934e8ff70b0f64a089a0151dc9df9a88d5dcd985938bf3f11416f7afee69ca18e5_1", "is_ignored": false, "lines": "    _openssl_versions[ssl.PROTOCOL_SSLv3] = OpenSSL.SSL.SSLv3_METHOD", "message": "An insecure SSL version was detected. TLS versions 1.0, 1.1, and all SSL versions are considered weak encryption and are deprecated. Use 'ssl.PROTOCOL_TLSv1_2' or higher.", "metadata": {"asvs": {"control_id": "9.1.3 Weak TLS", "control_url": "https://github.com/OWASP/ASVS/blob/master/4.0/en/0x17-V9-Communications.md#v91-client-communications-security-requirements", "section": "V9 Communications Verification Requirements", "version": "4"}, "category": "security", "confidence": "MEDIUM", "cwe": ["CWE-326: Inadequate Encryption Strength"], "impact": "MEDIUM", "license": "Commons Clause License Condition v1.0[LGPL-2.1-only]", "likelihood": "LOW", "owasp": ["A03:2017 - Sensitive Data Exposure", "A02:2021 - Cryptographic Failures"], "references": ["https://tools.ietf.org/html/rfc7568", "https://tools.ietf.org/id/draft-ietf-tls-oldversions-deprecate-02.html", "https://docs.python.org/3/library/ssl.html#ssl.PROTOCOL_TLSv1_2"], "semgrep.dev": {"rule": {"origin": "community", "r_id": 9649, "rule_id": "KxUbNG", "rv_id": 834653, "url": "https://semgrep.dev/playground/r/GxTDX0Y/python.lang.security.audit.weak-ssl-version.weak-ssl-version", "version_id": "GxTDX0Y"}}, "shortlink": "https://sg.run/RoZO", "source": "https://semgrep.dev/r/python.lang.security.audit.weak-ssl-version.weak-ssl-version", "source-rule-url": "https://github.com/PyCQA/bandit/blob/b1411bfb43795d3ffd268bef17a839dee954c2b1/bandit/plugins/insecure_ssl_tls.py#L30", "subcategory": ["audit"], "technology": ["python"], "vulnerability_class": ["Cryptographic Issues"]}, "metavars": {}, "severity": "WARNING", "validation_state": "NO_VALIDATOR"}, "path": "src/urllib3/contrib/pyopenssl.py", "start": {"col": 23, "line": 94, "offset": 3063}}, {"check_id": "python.lang.security.audit.weak-ssl-version.weak-ssl-version", "end": {"col": 43, "line": 97, "offset": 3236}, "extra": {"engine_kind": "OSS", "fingerprint": "1db9a4a46ecef839715835e6f7601c1484a2de60230ec6b5cfeae66d3890df934e8ff70b0f64a089a0151dc9df9a88d5dcd985938bf3f11416f7afee69ca18e5_2", "is_ignored": false, "lines": "    _openssl_versions[ssl.PROTOCOL_TLSv1_1] = OpenSSL.SSL.TLSv1_1_METHOD", "message": "An insecure SSL version was detected. TLS versions 1.0, 1.1, and all SSL versions are considered weak encryption and are deprecated. Use 'ssl.PROTOCOL_TLSv1_2' or higher.", "metadata": {"asvs": {"control_id": "9.1.3 Weak TLS", "control_url": "https://github.com/OWASP/ASVS/blob/master/4.0/en/0x17-V9-Communications.md#v91-client-communications-security-requirements", "section": "V9 Communications Verification Requirements", "version": "4"}, "category": "security", "confidence": "MEDIUM", "cwe": ["CWE-326: Inadequate Encryption Strength"], "impact": "MEDIUM", "license": "Commons Clause License Condition v1.0[LGPL-2.1-only]", "likelihood": "LOW", "owasp": ["A03:2017 - Sensitive Data Exposure", "A02:2021 - Cryptographic Failures"], "references": ["https://tools.ietf.org/html/rfc7568", "https://tools.ietf.org/id/draft-ietf-tls-oldversions-deprecate-02.html", "https://docs.python.org/3/library/ssl.html#ssl.PROTOCOL_TLSv1_2"], "semgrep.dev": {"rule": {"origin": "community", "r_id": 9649, "rule_id": "KxUbNG", "rv_id": 834653, "url": "https://semgrep.dev/playground/r/GxTDX0Y/python.lang.security.audit.weak-ssl-version.weak-ssl-version", "version_id": "GxTDX0Y"}}, "shortlink": "https://sg.run/RoZO", "source": "https://semgrep.dev/r/python.lang.security.audit.weak-ssl-version.weak-ssl-version", "source-rule-url": "https://github.com/PyCQA/bandit/blob/b1411bfb43795d3ffd268bef17a839dee954c2b1/bandit/plugins/insecure_ssl_tls.py#L30", "subcategory": ["audit"], "technology": ["python"], "vulnerability_class": ["Cryptographic Issues"]}, "metavars": {}, "severity": "WARNING", "validation_state": "NO_VALIDATOR"}, "path": "src/urllib3/contrib/pyopenssl.py", "start": {"col": 23, "line": 97, "offset": 3216}}, {"check_id": "python.lang.security.audit.weak-ssl-version.weak-ssl-version", "end": {"col": 44, "line": 163, "offset": 7025}, "extra": {"engine_kind": "OSS", "fingerprint": "3f07e10652bc666b6db65d3789e490326d2158d5bd2ffe9c4ee5c2669e322cfc9d9f503ebbf003491ca38545f4b7e111a7243cf27e075f95fa25012f82681c8a_0", "is_ignored": false, "lines": "    _protocol_to_min_max[ssl.PROTOCOL_SSLv2] = (", "message": "An insecure SSL version was detected. TLS versions 1.0, 1.1, and all SSL versions are considered weak encryption and are deprecated. Use 'ssl.PROTOCOL_TLSv1_2' or higher.", "metadata": {"asvs": {"control_id": "9.1.3 Weak TLS", "control_url": "https://github.com/OWASP/ASVS/blob/master/4.0/en/0x17-V9-Communications.md#v91-client-communications-security-requirements", "section": "V9 Communications Verification Requirements", "version": "4"}, "category": "security", "confidence": "MEDIUM", "cwe": ["CWE-326: Inadequate Encryption Strength"], "impact": "MEDIUM", "license": "Commons Clause License Condition v1.0[LGPL-2.1-only]", "likelihood": "LOW", "owasp": ["A03:2017 - Sensitive Data Exposure", "A02:2021 - Cryptographic Failures"], "references": ["https://tools.ietf.org/html/rfc7568", "https://tools.ietf.org/id/draft-ietf-tls-oldversions-deprecate-02.html", "https://docs.python.org/3/library/ssl.html#ssl.PROTOCOL_TLSv1_2"], "semgrep.dev": {"rule": {"origin": "community", "r_id": 9649, "rule_id": "KxUbNG", "rv_id": 834653, "url": "https://semgrep.dev/playground/r/GxTDX0Y/python.lang.security.audit.weak-ssl-version.weak-ssl-version", "version_id": "GxTDX0Y"}}, "shortlink": "https://sg.run/RoZO", "source": "https://semgrep.dev/r/python.lang.security.audit.weak-ssl-version.weak-ssl-version", "source-rule-url": "https://github.com/PyCQA/bandit/blob/b1411bfb43795d3ffd268bef17a839dee954c2b1/bandit/plugins/insecure_ssl_tls.py#L30", "subcategory": ["audit"], "technology": ["python"], "vulnerability_class": ["Cryptographic Issues"]}, "metavars": {}, "severity": "WARNING", "validation_state": "NO_VALIDATOR"}, "path": "src/urllib3/contrib/securetransport.py", "start": {"col": 26, "line": 163, "offset": 7007}}, {"check_id": "python.lang.security.audit.weak-ssl-version.weak-ssl-version", "end": {"col": 44, "line": 168, "offset": 7194}, "extra": {"engine_kind": "OSS", "fingerprint": "3f07e10652bc666b6db65d3789e490326d2158d5bd2ffe9c4ee5c2669e322cfc9d9f503ebbf003491ca38545f4b7e111a7243cf27e075f95fa25012f82681c8a_1", "is_ignored": false, "lines": "    _protocol_to_min_max[ssl.PROTOCOL_SSLv3] = (", "message": "An insecure SSL version was detected. TLS versions 1.0, 1.1, and all SSL versions are considered weak encryption and are deprecated. Use 'ssl.PROTOCOL_TLSv1_2' or higher.", "metadata": {"asvs": {"control_id": "9.1.3 Weak TLS", "control_url": "https://github.com/OWASP/ASVS/blob/master/4.0/en/0x17-V9-Communications.md#v91-client-communications-security-requirements", "section": "V9 Communications Verification Requirements", "version": "4"}, "category": "security", "confidence": "MEDIUM", "cwe": ["CWE-326: Inadequate Encryption Strength"], "impact": "MEDIUM", "license": "Commons Clause License Condition v1.0[LGPL-2.1-only]", "likelihood": "LOW", "owasp": ["A03:2017 - Sensitive Data Exposure", "A02:2021 - Cryptographic Failures"], "references": ["https://tools.ietf.org/html/rfc7568", "https://tools.ietf.org/id/draft-ietf-tls-oldversions-deprecate-02.html", "https://docs.python.org/3/library/ssl.html#ssl.PROTOCOL_TLSv1_2"], "semgrep.dev": {"rule": {"origin": "community", "r_id": 9649, "rule_id": "KxUbNG", "rv_id": 834653, "url": "https://semgrep.dev/playground/r/GxTDX0Y/python.lang.security.audit.weak-ssl-version.weak-ssl-version", "version_id": "GxTDX0Y"}}, "shortlink": "https://sg.run/RoZO", "source": "https://semgrep.dev/r/python.lang.security.audit.weak-ssl-version.weak-ssl-version", "source-rule-url": "https://github.com/PyCQA/bandit/blob/b1411bfb43795d3ffd268bef17a839dee954c2b1/bandit/plugins/insecure_ssl_tls.py#L30", "subcategory": ["audit"], "technology": ["python"], "vulnerability_class": ["Cryptographic Issues"]}, "metavars": {}, "severity": "WARNING", "validation_state": "NO_VALIDATOR"}, "path": "src/urllib3/contrib/securetransport.py", "start": {"col": 26, "line": 168, "offset": 7176}}, {"check_id": "python.lang.security.audit.weak-ssl-version.weak-ssl-version", "end": {"col": 44, "line": 173, "offset": 7363}, "extra": {"engine_kind": "OSS", "fingerprint": "3f07e10652bc666b6db65d3789e490326d2158d5bd2ffe9c4ee5c2669e322cfc9d9f503ebbf003491ca38545f4b7e111a7243cf27e075f95fa25012f82681c8a_2", "is_ignored": false, "lines": "    _protocol_to_min_max[ssl.PROTOCOL_TLSv1] = (", "message": "An insecure SSL version was detected. TLS versions 1.0, 1.1, and all SSL versions are considered weak encryption and are deprecated. Use 'ssl.PROTOCOL_TLSv1_2' or higher.", "metadata": {"asvs": {"control_id": "9.1.3 Weak TLS", "control_url": "https://github.com/OWASP/ASVS/blob/master/4.0/en/0x17-V9-Communications.md#v91-client-communications-security-requirements", "section": "V9 Communications Verification Requirements", "version": "4"}, "category": "security", "confidence": "MEDIUM", "cwe": ["CWE-326: Inadequate Encryption Strength"], "impact": "MEDIUM", "license": "Commons Clause License Condition v1.0[LGPL-2.1-only]", "likelihood": "LOW", "owasp": ["A03:2017 - Sensitive Data Exposure", "A02:2021 - Cryptographic Failures"], "references": ["https://tools.ietf.org/html/rfc7568", "https://tools.ietf.org/id/draft-ietf-tls-oldversions-deprecate-02.html", "https://docs.python.org/3/library/ssl.html#ssl.PROTOCOL_TLSv1_2"], "semgrep.dev": {"rule": {"origin": "community", "r_id": 9649, "rule_id": "KxUbNG", "rv_id": 834653, "url": "https://semgrep.dev/playground/r/GxTDX0Y/python.lang.security.audit.weak-ssl-version.weak-ssl-version", "version_id": "GxTDX0Y"}}, "shortlink": "https://sg.run/RoZO", "source": "https://semgrep.dev/r/python.lang.security.audit.weak-ssl-version.weak-ssl-version", "source-rule-url": "https://github.com/PyCQA/bandit/blob/b1411bfb43795d3ffd268bef17a839dee954c2b1/bandit/plugins/insecure_ssl_tls.py#L30", "subcategory": ["audit"], "technology": ["python"], "vulnerability_class": ["Cryptographic Issues"]}, "metavars": {}, "severity": "WARNING", "validation_state": "NO_VALIDATOR"}, "path": "src/urllib3/contrib/securetransport.py", "start": {"col": 26, "line": 173, "offset": 7345}}, {"check_id": "python.lang.security.audit.weak-ssl-version.weak-ssl-version", "end": {"col": 46, "line": 178, "offset": 7536}, "extra": {"engine_kind": "OSS", "fingerprint": "3f07e10652bc666b6db65d3789e490326d2158d5bd2ffe9c4ee5c2669e322cfc9d9f503ebbf003491ca38545f4b7e111a7243cf27e075f95fa25012f82681c8a_3", "is_ignored": false, "lines": "    _protocol_to_min_max[ssl.PROTOCOL_TLSv1_1] = (", "message": "An insecure SSL version was detected. TLS versions 1.0, 1.1, and all SSL versions are considered weak encryption and are deprecated. Use 'ssl.PROTOCOL_TLSv1_2' or higher.", "metadata": {"asvs": {"control_id": "9.1.3 Weak TLS", "control_url": "https://github.com/OWASP/ASVS/blob/master/4.0/en/0x17-V9-Communications.md#v91-client-communications-security-requirements", "section": "V9 Communications Verification Requirements", "version": "4"}, "category": "security", "confidence": "MEDIUM", "cwe": ["CWE-326: Inadequate Encryption Strength"], "impact": "MEDIUM", "license": "Commons Clause License Condition v1.0[LGPL-2.1-only]", "likelihood": "LOW", "owasp": ["A03:2017 - Sensitive Data Exposure", "A02:2021 - Cryptographic Failures"], "references": ["https://tools.ietf.org/html/rfc7568", "https://tools.ietf.org/id/draft-ietf-tls-oldversions-deprecate-02.html", "https://docs.python.org/3/library/ssl.html#ssl.PROTOCOL_TLSv1_2"], "semgrep.dev": {"rule": {"origin": "community", "r_id": 9649, "rule_id": "KxUbNG", "rv_id": 834653, "url": "https://semgrep.dev/playground/r/GxTDX0Y/python.lang.security.audit.weak-ssl-version.weak-ssl-version", "version_id": "GxTDX0Y"}}, "shortlink": "https://sg.run/RoZO", "source": "https://semgrep.dev/r/python.lang.security.audit.weak-ssl-version.weak-ssl-version", "source-rule-url": "https://github.com/PyCQA/bandit/blob/b1411bfb43795d3ffd268bef17a839dee954c2b1/bandit/plugins/insecure_ssl_tls.py#L30", "subcategory": ["audit"], "technology": ["python"], "vulnerability_class": ["Cryptographic Issues"]}, "metavars": {}, "severity": "WARNING", "validation_state": "NO_VALIDATOR"}, "path": "src/urllib3/contrib/securetransport.py", "start": {"col": 26, "line": 178, "offset": 7516}}, {"check_id": "python.lang.security.audit.ssl-wrap-socket-is-deprecated.ssl-wrap-socket-is-deprecated", "end": {"col": 71, "line": 179, "offset": 5445}, "extra": {"engine_kind": "OSS", "fingerprint": "ad11fbc10c7c4dd74296a1c98a93eab556b08697efcb0e22d8cc0c190fe42701dda8a41e4ba5198fe469b7fe3c34609c95a0b81a7c43da59931521bb007de5f7_0", "is_ignored": false, "lines": "            return wrap_socket(socket, ciphers=self.ciphers, **kwargs)", "message": "'ssl.wrap_socket()' is deprecated. This function creates an insecure socket without server name indication or hostname matching. Instead, create an SSL context using 'ssl.SSLContext()' and use that to wrap a socket.", "metadata": {"category": "security", "confidence": "MEDIUM", "cwe": ["CWE-326: Inadequate Encryption Strength"], "impact": "MEDIUM", "license": "Commons Clause License Condition v1.0[LGPL-2.1-only]", "likelihood": "LOW", "owasp": ["A03:2017 - Sensitive Data Exposure", "A02:2021 - Cryptographic Failures"], "references": ["https://docs.python.org/3/library/ssl.html#ssl.wrap_socket", "https://docs.python.org/3/library/ssl.html#ssl.SSLContext.wrap_socket"], "semgrep.dev": {"rule": {"origin": "community", "r_id": 9645, "rule_id": "BYUN2e", "rv_id": 834649, "url": "https://semgrep.dev/playground/r/44TQqz6/python.lang.security.audit.ssl-wrap-socket-is-deprecated.ssl-wrap-socket-is-deprecated", "version_id": "44TQqz6"}}, "shortlink": "https://sg.run/PJOY", "source": "https://semgrep.dev/r/python.lang.security.audit.ssl-wrap-socket-is-deprecated.ssl-wrap-socket-is-deprecated", "subcategory": ["vuln"], "technology": ["python"], "vulnerability_class": ["Cryptographic Issues"]}, "metavars": {}, "severity": "WARNING", "validation_state": "NO_VALIDATOR"}, "path": "src/urllib3/util/ssl_.py", "start": {"col": 20, "line": 179, "offset": 5394}}, {"check_id": "python.lang.security.audit.insecure-transport.ssl.no-set-ciphers.no-set-ciphers", "end": {"col": 52, "line": 292, "offset": 9240}, "extra": {"engine_kind": "OSS", "fingerprint": "9f8c69c131aff5ce06fc5f62aeb11457bd5fac9548200b60375e9ff060a4e852879fd271a6b4809e8bf9d7769681308779d12e27b1894c73e6639e2d17e31736_0", "is_ignored": false, "lines": "    context.set_ciphers(ciphers or DEFAULT_CIPHERS)", "message": "The 'ssl' module disables insecure cipher suites by default. Therefore, use of 'set_ciphers()' should only be used when you have very specialized requirements. Otherwise, you risk lowering the security of the SSL channel.", "metadata": {"asvs": {"control_id": "9.1.3 Weak TLS", "control_url": "https://github.com/OWASP/ASVS/blob/master/4.0/en/0x17-V9-Communications.md#v91-client-communications-security-requirements", "section": "V9 Communications Verification Requirements", "version": "4"}, "category": "security", "confidence": "LOW", "cwe": ["CWE-326: Inadequate Encryption Strength"], "impact": "LOW", "license": "Commons Clause License Condition v1.0[LGPL-2.1-only]", "likelihood": "LOW", "owasp": ["A03:2017 - Sensitive Data Exposure", "A02:2021 - Cryptographic Failures"], "references": ["https://docs.python.org/3/library/ssl.html#cipher-selection", "https://docs.python.org/3/library/ssl.html#ssl.SSLContext.set_ciphers"], "semgrep.dev": {"rule": {"origin": "community", "r_id": 9654, "rule_id": "oqUeYJ", "rv_id": 834619, "url": "https://semgrep.dev/playground/r/YDTlbR1/python.lang.security.audit.insecure-transport.ssl.no-set-ciphers.no-set-ciphers", "version_id": "YDTlbR1"}}, "shortlink": "https://sg.run/0Q0v", "source": "https://semgrep.dev/r/python.lang.security.audit.insecure-transport.ssl.no-set-ciphers.no-set-ciphers", "subcategory": ["audit"], "technology": ["ssl"], "vulnerability_class": ["Cryptographic Issues"]}, "metavars": {"$CONTEXT": {"abstract_content": "context", "end": {"col": 12, "line": 292, "offset": 9200}, "propagated_value": {"svalue_abstract_content": "SSLContext(ssl_version)", "svalue_end": {"col": 38, "line": 290, "offset": 9185}, "svalue_start": {"col": 15, "line": 290, "offset": 9162}}, "start": {"col": 5, "line": 292, "offset": 9193}}}, "severity": "WARNING", "validation_state": "NO_VALIDATOR"}, "path": "src/urllib3/util/ssl_.py", "start": {"col": 5, "line": 292, "offset": 9193}}], "skipped_rules": [], "version": "1.81.0"}