{"errors": [], "interfile_languages_used": [], "paths": {"scanned": [".deepsource.toml", ".editorconfig", ".gitattributes", ".github/workflows/H6060-Experiment-3.yml", ".gitignore", ".jscsrc", ".markdown-doctest-setup.js", ".travis.yml", "CHANGELOG", "LICENSE", "README.md", "doc/README.md", "fp/_baseConvert.js", "fp/_convertBrowser.js", "fp/_mapping.js", "fp/placeholder.js", "lib/common/file.js", "lib/common/mapping.js", "lib/common/minify.js", "lib/common/uglify.options.js", "lib/common/util.js", "lib/fp/build-dist.js", "lib/fp/build-doc.js", "lib/fp/build-modules.js", "lib/fp/template/doc/wiki.jst", "lib/fp/template/modules/_falseOptions.jst", "lib/fp/template/modules/_util.jst", "lib/fp/template/modules/alias.jst", "lib/fp/template/modules/category.jst", "lib/fp/template/modules/convert.jst", "lib/fp/template/modules/fp.jst", "lib/fp/template/modules/module.jst", "lib/fp/template/modules/thru.jst", "lib/main/build-dist.js", "lib/main/build-doc.js", "lib/main/build-modules.js", "lib/main/build-site.js", "lodash.js", "package-lock.json", "package.json", "yarn.lock"]}, "results": [{"check_id": "javascript.lang.security.audit.prototype-pollution.prototype-pollution-loop.prototype-pollution-loop", "end": {"col": 27, "line": 365, "offset": 10431}, "extra": {"engine_kind": "OSS", "fingerprint": "127c32df99e11ed5a093434e827f886571ae1dee0256793479417c75a01bb96e4483653ea13add9adf6d77ccfb77c61db4c1e9dee7942d10a88e5bc756c32fe8_0", "is_ignored": false, "lines": "      nested = nested[key];", "message": "Possibility of prototype polluting function detected. By adding or modifying attributes of an object prototype, it is possible to create attributes that exist on every object, or replace critical attributes with malicious ones. This can be problematic if the software depends on existence or non-existence of certain attributes, or uses pre-defined attributes of object prototype (such as hasOwnProperty, toString or valueOf). Possible mitigations might be: freezing the object prototype, using an object without prototypes (via Object.create(null) ), blocking modifications of attributes that resolve to object prototype, using Map instead of object.", "metadata": {"category": "security", "confidence": "LOW", "cwe": ["CWE-915: Improperly Controlled Modification of Dynamically-Determined Object Attributes"], "impact": "LOW", "license": "Commons Clause License Condition v1.0[LGPL-2.1-only]", "likelihood": "LOW", "owasp": ["A08:2021 - Software and Data Integrity Failures"], "references": ["https://github.com/HoLyVieR/prototype-pollution-nsec18/blob/master/paper/JavaScript_prototype_pollution_attack_in_NodeJS.pdf"], "semgrep.dev": {"rule": {"origin": "community", "r_id": 13373, "rule_id": "QrUpbJ", "rv_id": 834148, "url": "https://semgrep.dev/playground/r/GxTDERG/javascript.lang.security.audit.prototype-pollution.prototype-pollution-loop.prototype-pollution-loop", "version_id": "GxTDERG"}}, "shortlink": "https://sg.run/w1DB", "source": "https://semgrep.dev/r/javascript.lang.security.audit.prototype-pollution.prototype-pollution-loop.prototype-pollution-loop", "subcategory": ["audit"], "technology": ["typescript"], "vulnerability_class": ["Mass Assignment"]}, "metavars": {"$A": {"abstract_content": "key", "end": {"col": 26, "line": 365, "offset": 10430}, "propagated_value": {"svalue_abstract_content": "path[index]", "svalue_end": {"col": 28, "line": 358, "offset": 10191}, "svalue_start": {"col": 17, "line": 358, "offset": 10180}}, "start": {"col": 23, "line": 365, "offset": 10427}}, "$SMTH": {"abstract_content": "nested", "end": {"col": 13, "line": 365, "offset": 10417}, "start": {"col": 7, "line": 365, "offset": 10411}}}, "severity": "WARNING", "validation_state": "NO_VALIDATOR"}, "path": "fp/_baseConvert.js", "start": {"col": 7, "line": 365, "offset": 10411}}, {"check_id": "javascript.lang.security.audit.path-traversal.path-join-resolve-traversal.path-join-resolve-traversal", "end": {"col": 31, "line": 74, "offset": 1929}, "extra": {"dataflow_trace": {"intermediate_vars": [{"content": "target", "location": {"end": {"col": 22, "line": 73, "offset": 1895}, "path": "lib/fp/build-doc.js", "start": {"col": 16, "line": 73, "offset": 1889}}}], "taint_sink": ["CliLoc", [{"end": {"col": 31, "line": 74, "offset": 1929}, "path": "lib/fp/build-doc.js", "start": {"col": 25, "line": 74, "offset": 1923}}, "target"]], "taint_source": ["CliLoc", [{"end": {"col": 22, "line": 73, "offset": 1895}, "path": "lib/fp/build-doc.js", "start": {"col": 16, "line": 73, "offset": 1889}}, "target"]]}, "engine_kind": "OSS", "fingerprint": "ebd91dcc66810c86a66949ee51d7b195e06bc8be11e40d04b2496f33216d2f7c191fa385ae609af080e62e3f3efcd349dd97a159aecac2b6ef22f524aca9f1d8_0", "is_ignored": false, "lines": "  target = path.resolve(target);", "message": "Detected possible user input going into a `path.join` or `path.resolve` function. This could possibly lead to a path traversal vulnerability,  where the attacker can access arbitrary files stored in the file system. Instead, be sure to sanitize or validate user input first.", "metadata": {"category": "security", "confidence": "LOW", "cwe": ["CWE-22: Improper Limitation of a Pathname to a Restricted Directory ('Path Traversal')"], "cwe2021-top25": true, "cwe2022-top25": true, "impact": "MEDIUM", "license": "Commons Clause License Condition v1.0[LGPL-2.1-only]", "likelihood": "HIGH", "owasp": ["A05:2017 - Broken Access Control", "A01:2021 - Broken Access Control"], "references": ["https://owasp.org/www-community/attacks/Path_Traversal"], "semgrep.dev": {"rule": {"origin": "community", "r_id": 9331, "rule_id": "8GUjrq", "rv_id": 834146, "url": "https://semgrep.dev/playground/r/JdTlrjW/javascript.lang.security.audit.path-traversal.path-join-resolve-traversal.path-join-resolve-traversal", "version_id": "JdTlrjW"}}, "shortlink": "https://sg.run/OPqk", "source": "https://semgrep.dev/r/javascript.lang.security.audit.path-traversal.path-join-resolve-traversal.path-join-resolve-traversal", "subcategory": ["vuln"], "technology": ["javascript", "node.js"], "vulnerability_class": ["Path Traversal"]}, "metavars": {"$PATH": {"abstract_content": "path", "end": {"col": 16, "line": 74, "offset": 1914}, "start": {"col": 12, "line": 74, "offset": 1910}}, "$SINK": {"abstract_content": "target", "end": {"col": 31, "line": 74, "offset": 1929}, "start": {"col": 25, "line": 74, "offset": 1923}}, "$X": {"abstract_content": "target", "end": {"col": 22, "line": 73, "offset": 1895}, "start": {"col": 16, "line": 73, "offset": 1889}}}, "severity": "WARNING", "validation_state": "NO_VALIDATOR"}, "path": "lib/fp/build-doc.js", "start": {"col": 25, "line": 74, "offset": 1923}}, {"check_id": "javascript.lang.security.audit.path-traversal.path-join-resolve-traversal.path-join-resolve-traversal", "end": {"col": 31, "line": 114, "offset": 2398}, "extra": {"dataflow_trace": {"intermediate_vars": [{"content": "target", "location": {"end": {"col": 22, "line": 113, "offset": 2364}, "path": "lib/fp/build-modules.js", "start": {"col": 16, "line": 113, "offset": 2358}}}], "taint_sink": ["CliLoc", [{"end": {"col": 31, "line": 114, "offset": 2398}, "path": "lib/fp/build-modules.js", "start": {"col": 25, "line": 114, "offset": 2392}}, "target"]], "taint_source": ["CliLoc", [{"end": {"col": 22, "line": 113, "offset": 2364}, "path": "lib/fp/build-modules.js", "start": {"col": 16, "line": 113, "offset": 2358}}, "target"]]}, "engine_kind": "OSS", "fingerprint": "b3c747f8bb7847b96b9ba384c68b2bc67b9440ded65bc895b748909f4e17fa196c74f44bd2070c6ebd7a10c5402ffb564dd334eb610dd9935c4f25a9c04e6b3f_0", "is_ignored": false, "lines": "  target = path.resolve(target);", "message": "Detected possible user input going into a `path.join` or `path.resolve` function. This could possibly lead to a path traversal vulnerability,  where the attacker can access arbitrary files stored in the file system. Instead, be sure to sanitize or validate user input first.", "metadata": {"category": "security", "confidence": "LOW", "cwe": ["CWE-22: Improper Limitation of a Pathname to a Restricted Directory ('Path Traversal')"], "cwe2021-top25": true, "cwe2022-top25": true, "impact": "MEDIUM", "license": "Commons Clause License Condition v1.0[LGPL-2.1-only]", "likelihood": "HIGH", "owasp": ["A05:2017 - Broken Access Control", "A01:2021 - Broken Access Control"], "references": ["https://owasp.org/www-community/attacks/Path_Traversal"], "semgrep.dev": {"rule": {"origin": "community", "r_id": 9331, "rule_id": "8GUjrq", "rv_id": 834146, "url": "https://semgrep.dev/playground/r/JdTlrjW/javascript.lang.security.audit.path-traversal.path-join-resolve-traversal.path-join-resolve-traversal", "version_id": "JdTlrjW"}}, "shortlink": "https://sg.run/OPqk", "source": "https://semgrep.dev/r/javascript.lang.security.audit.path-traversal.path-join-resolve-traversal.path-join-resolve-traversal", "subcategory": ["vuln"], "technology": ["javascript", "node.js"], "vulnerability_class": ["Path Traversal"]}, "metavars": {"$PATH": {"abstract_content": "path", "end": {"col": 16, "line": 114, "offset": 2383}, "start": {"col": 12, "line": 114, "offset": 2379}}, "$SINK": {"abstract_content": "target", "end": {"col": 31, "line": 114, "offset": 2398}, "start": {"col": 25, "line": 114, "offset": 2392}}, "$X": {"abstract_content": "target", "end": {"col": 22, "line": 113, "offset": 2364}, "start": {"col": 16, "line": 113, "offset": 2358}}}, "severity": "WARNING", "validation_state": "NO_VALIDATOR"}, "path": "lib/fp/build-modules.js", "start": {"col": 25, "line": 114, "offset": 2392}}, {"check_id": "javascript.lang.security.audit.path-traversal.path-join-resolve-traversal.path-join-resolve-traversal", "end": {"col": 34, "line": 116, "offset": 2435}, "extra": {"dataflow_trace": {"intermediate_vars": [{"content": "target", "location": {"end": {"col": 22, "line": 113, "offset": 2364}, "path": "lib/fp/build-modules.js", "start": {"col": 16, "line": 113, "offset": 2358}}}], "taint_sink": ["CliLoc", [{"end": {"col": 34, "line": 116, "offset": 2435}, "path": "lib/fp/build-modules.js", "start": {"col": 28, "line": 116, "offset": 2429}}, "target"]], "taint_source": ["CliLoc", [{"end": {"col": 22, "line": 113, "offset": 2364}, "path": "lib/fp/build-modules.js", "start": {"col": 16, "line": 113, "offset": 2358}}, "target"]]}, "engine_kind": "OSS", "fingerprint": "b3c747f8bb7847b96b9ba384c68b2bc67b9440ded65bc895b748909f4e17fa196c74f44bd2070c6ebd7a10c5402ffb564dd334eb610dd9935c4f25a9c04e6b3f_1", "is_ignored": false, "lines": "  const fpPath = path.join(target, 'fp');", "message": "Detected possible user input going into a `path.join` or `path.resolve` function. This could possibly lead to a path traversal vulnerability,  where the attacker can access arbitrary files stored in the file system. Instead, be sure to sanitize or validate user input first.", "metadata": {"category": "security", "confidence": "LOW", "cwe": ["CWE-22: Improper Limitation of a Pathname to a Restricted Directory ('Path Traversal')"], "cwe2021-top25": true, "cwe2022-top25": true, "impact": "MEDIUM", "license": "Commons Clause License Condition v1.0[LGPL-2.1-only]", "likelihood": "HIGH", "owasp": ["A05:2017 - Broken Access Control", "A01:2021 - Broken Access Control"], "references": ["https://owasp.org/www-community/attacks/Path_Traversal"], "semgrep.dev": {"rule": {"origin": "community", "r_id": 9331, "rule_id": "8GUjrq", "rv_id": 834146, "url": "https://semgrep.dev/playground/r/JdTlrjW/javascript.lang.security.audit.path-traversal.path-join-resolve-traversal.path-join-resolve-traversal", "version_id": "JdTlrjW"}}, "shortlink": "https://sg.run/OPqk", "source": "https://semgrep.dev/r/javascript.lang.security.audit.path-traversal.path-join-resolve-traversal.path-join-resolve-traversal", "subcategory": ["vuln"], "technology": ["javascript", "node.js"], "vulnerability_class": ["Path Traversal"]}, "metavars": {"$PATH": {"abstract_content": "path", "end": {"col": 22, "line": 116, "offset": 2423}, "start": {"col": 18, "line": 116, "offset": 2419}}, "$SINK": {"abstract_content": "target", "end": {"col": 34, "line": 116, "offset": 2435}, "propagated_value": {"svalue_abstract_content": "path.resolve(target)", "svalue_end": {"col": 32, "line": 114, "offset": 2399}, "svalue_start": {"col": 12, "line": 114, "offset": 2379}}, "start": {"col": 28, "line": 116, "offset": 2429}}, "$X": {"abstract_content": "target", "end": {"col": 22, "line": 113, "offset": 2364}, "start": {"col": 16, "line": 113, "offset": 2358}}}, "severity": "WARNING", "validation_state": "NO_VALIDATOR"}, "path": "lib/fp/build-modules.js", "start": {"col": 28, "line": 116, "offset": 2429}}, {"check_id": "javascript.lang.security.audit.path-traversal.path-join-resolve-traversal.path-join-resolve-traversal", "end": {"col": 49, "line": 119, "offset": 2533}, "extra": {"dataflow_trace": {"intermediate_vars": [{"content": "target", "location": {"end": {"col": 22, "line": 113, "offset": 2364}, "path": "lib/fp/build-modules.js", "start": {"col": 16, "line": 113, "offset": 2358}}}], "taint_sink": ["CliLoc", [{"end": {"col": 49, "line": 119, "offset": 2533}, "path": "lib/fp/build-modules.js", "start": {"col": 43, "line": 119, "offset": 2527}}, "target"]], "taint_source": ["CliLoc", [{"end": {"col": 22, "line": 113, "offset": 2364}, "path": "lib/fp/build-modules.js", "start": {"col": 16, "line": 113, "offset": 2358}}, "target"]]}, "engine_kind": "OSS", "fingerprint": "b3c747f8bb7847b96b9ba384c68b2bc67b9440ded65bc895b748909f4e17fa196c74f44bd2070c6ebd7a10c5402ffb564dd334eb610dd9935c4f25a9c04e6b3f_2", "is_ignored": false, "lines": "  const modulePaths = glob.sync(path.join(target, '*.js'), {", "message": "Detected possible user input going into a `path.join` or `path.resolve` function. This could possibly lead to a path traversal vulnerability,  where the attacker can access arbitrary files stored in the file system. Instead, be sure to sanitize or validate user input first.", "metadata": {"category": "security", "confidence": "LOW", "cwe": ["CWE-22: Improper Limitation of a Pathname to a Restricted Directory ('Path Traversal')"], "cwe2021-top25": true, "cwe2022-top25": true, "impact": "MEDIUM", "license": "Commons Clause License Condition v1.0[LGPL-2.1-only]", "likelihood": "HIGH", "owasp": ["A05:2017 - Broken Access Control", "A01:2021 - Broken Access Control"], "references": ["https://owasp.org/www-community/attacks/Path_Traversal"], "semgrep.dev": {"rule": {"origin": "community", "r_id": 9331, "rule_id": "8GUjrq", "rv_id": 834146, "url": "https://semgrep.dev/playground/r/JdTlrjW/javascript.lang.security.audit.path-traversal.path-join-resolve-traversal.path-join-resolve-traversal", "version_id": "JdTlrjW"}}, "shortlink": "https://sg.run/OPqk", "source": "https://semgrep.dev/r/javascript.lang.security.audit.path-traversal.path-join-resolve-traversal.path-join-resolve-traversal", "subcategory": ["vuln"], "technology": ["javascript", "node.js"], "vulnerability_class": ["Path Traversal"]}, "metavars": {"$PATH": {"abstract_content": "path", "end": {"col": 37, "line": 119, "offset": 2521}, "start": {"col": 33, "line": 119, "offset": 2517}}, "$SINK": {"abstract_content": "target", "end": {"col": 49, "line": 119, "offset": 2533}, "propagated_value": {"svalue_abstract_content": "path.resolve(target)", "svalue_end": {"col": 32, "line": 114, "offset": 2399}, "svalue_start": {"col": 12, "line": 114, "offset": 2379}}, "start": {"col": 43, "line": 119, "offset": 2527}}, "$X": {"abstract_content": "target", "end": {"col": 22, "line": 113, "offset": 2364}, "start": {"col": 16, "line": 113, "offset": 2358}}}, "severity": "WARNING", "validation_state": "NO_VALIDATOR"}, "path": "lib/fp/build-modules.js", "start": {"col": 43, "line": 119, "offset": 2527}}, {"check_id": "javascript.lang.security.audit.path-traversal.path-join-resolve-traversal.path-join-resolve-traversal", "end": {"col": 30, "line": 122, "offset": 2634}, "extra": {"dataflow_trace": {"intermediate_vars": [{"content": "target", "location": {"end": {"col": 22, "line": 113, "offset": 2364}, "path": "lib/fp/build-modules.js", "start": {"col": 16, "line": 113, "offset": 2358}}}], "taint_sink": ["CliLoc", [{"end": {"col": 30, "line": 122, "offset": 2634}, "path": "lib/fp/build-modules.js", "start": {"col": 24, "line": 122, "offset": 2628}}, "target"]], "taint_source": ["CliLoc", [{"end": {"col": 22, "line": 113, "offset": 2364}, "path": "lib/fp/build-modules.js", "start": {"col": 16, "line": 113, "offset": 2358}}, "target"]]}, "engine_kind": "OSS", "fingerprint": "b3c747f8bb7847b96b9ba384c68b2bc67b9440ded65bc895b748909f4e17fa196c74f44bd2070c6ebd7a10c5402ffb564dd334eb610dd9935c4f25a9c04e6b3f_3", "is_ignored": false, "lines": "      return path.join(target, filename);", "message": "Detected possible user input going into a `path.join` or `path.resolve` function. This could possibly lead to a path traversal vulnerability,  where the attacker can access arbitrary files stored in the file system. Instead, be sure to sanitize or validate user input first.", "metadata": {"category": "security", "confidence": "LOW", "cwe": ["CWE-22: Improper Limitation of a Pathname to a Restricted Directory ('Path Traversal')"], "cwe2021-top25": true, "cwe2022-top25": true, "impact": "MEDIUM", "license": "Commons Clause License Condition v1.0[LGPL-2.1-only]", "likelihood": "HIGH", "owasp": ["A05:2017 - Broken Access Control", "A01:2021 - Broken Access Control"], "references": ["https://owasp.org/www-community/attacks/Path_Traversal"], "semgrep.dev": {"rule": {"origin": "community", "r_id": 9331, "rule_id": "8GUjrq", "rv_id": 834146, "url": "https://semgrep.dev/playground/r/JdTlrjW/javascript.lang.security.audit.path-traversal.path-join-resolve-traversal.path-join-resolve-traversal", "version_id": "JdTlrjW"}}, "shortlink": "https://sg.run/OPqk", "source": "https://semgrep.dev/r/javascript.lang.security.audit.path-traversal.path-join-resolve-traversal.path-join-resolve-traversal", "subcategory": ["vuln"], "technology": ["javascript", "node.js"], "vulnerability_class": ["Path Traversal"]}, "metavars": {"$PATH": {"abstract_content": "path", "end": {"col": 18, "line": 122, "offset": 2622}, "start": {"col": 14, "line": 122, "offset": 2618}}, "$SINK": {"abstract_content": "target", "end": {"col": 30, "line": 122, "offset": 2634}, "propagated_value": {"svalue_abstract_content": "path.resolve(target)", "svalue_end": {"col": 32, "line": 114, "offset": 2399}, "svalue_start": {"col": 12, "line": 114, "offset": 2379}}, "start": {"col": 24, "line": 122, "offset": 2628}}, "$X": {"abstract_content": "target", "end": {"col": 22, "line": 113, "offset": 2364}, "start": {"col": 16, "line": 113, "offset": 2358}}}, "severity": "WARNING", "validation_state": "NO_VALIDATOR"}, "path": "lib/fp/build-modules.js", "start": {"col": 24, "line": 122, "offset": 2628}}, {"check_id": "javascript.lang.security.audit.path-traversal.path-join-resolve-traversal.path-join-resolve-traversal", "end": {"col": 40, "line": 122, "offset": 2644}, "extra": {"dataflow_trace": {"intermediate_vars": [{"content": "filename", "location": {"end": {"col": 35, "line": 121, "offset": 2599}, "path": "lib/fp/build-modules.js", "start": {"col": 27, "line": 121, "offset": 2591}}}], "taint_sink": ["CliLoc", [{"end": {"col": 40, "line": 122, "offset": 2644}, "path": "lib/fp/build-modules.js", "start": {"col": 32, "line": 122, "offset": 2636}}, "filename"]], "taint_source": ["CliLoc", [{"end": {"col": 35, "line": 121, "offset": 2599}, "path": "lib/fp/build-modules.js", "start": {"col": 27, "line": 121, "offset": 2591}}, "filename"]]}, "engine_kind": "OSS", "fingerprint": "33b85c4c51b594121ca8e0f80a39e19a2ba0e1601a31e0d115405bb2a3615380e7bda3e0770e88e5d0b3e0d3f2ce6ad60d689634a7a97df671b6339bc86e41ee_0", "is_ignored": false, "lines": "      return path.join(target, filename);", "message": "Detected possible user input going into a `path.join` or `path.resolve` function. This could possibly lead to a path traversal vulnerability,  where the attacker can access arbitrary files stored in the file system. Instead, be sure to sanitize or validate user input first.", "metadata": {"category": "security", "confidence": "LOW", "cwe": ["CWE-22: Improper Limitation of a Pathname to a Restricted Directory ('Path Traversal')"], "cwe2021-top25": true, "cwe2022-top25": true, "impact": "MEDIUM", "license": "Commons Clause License Condition v1.0[LGPL-2.1-only]", "likelihood": "HIGH", "owasp": ["A05:2017 - Broken Access Control", "A01:2021 - Broken Access Control"], "references": ["https://owasp.org/www-community/attacks/Path_Traversal"], "semgrep.dev": {"rule": {"origin": "community", "r_id": 9331, "rule_id": "8GUjrq", "rv_id": 834146, "url": "https://semgrep.dev/playground/r/JdTlrjW/javascript.lang.security.audit.path-traversal.path-join-resolve-traversal.path-join-resolve-traversal", "version_id": "JdTlrjW"}}, "shortlink": "https://sg.run/OPqk", "source": "https://semgrep.dev/r/javascript.lang.security.audit.path-traversal.path-join-resolve-traversal.path-join-resolve-traversal", "subcategory": ["vuln"], "technology": ["javascript", "node.js"], "vulnerability_class": ["Path Traversal"]}, "metavars": {"$PATH": {"abstract_content": "path", "end": {"col": 18, "line": 122, "offset": 2622}, "start": {"col": 14, "line": 122, "offset": 2618}}, "$SINK": {"abstract_content": "filename", "end": {"col": 40, "line": 122, "offset": 2644}, "start": {"col": 32, "line": 122, "offset": 2636}}, "$X": {"abstract_content": "filename", "end": {"col": 35, "line": 121, "offset": 2599}, "start": {"col": 27, "line": 121, "offset": 2591}}}, "severity": "WARNING", "validation_state": "NO_VALIDATOR"}, "path": "lib/fp/build-modules.js", "start": {"col": 32, "line": 122, "offset": 2636}}, {"check_id": "javascript.lang.security.audit.path-traversal.path-join-resolve-traversal.path-join-resolve-traversal", "end": {"col": 42, "line": 129, "offset": 2846}, "extra": {"dataflow_trace": {"intermediate_vars": [{"content": "target", "location": {"end": {"col": 22, "line": 113, "offset": 2364}, "path": "lib/fp/build-modules.js", "start": {"col": 16, "line": 113, "offset": 2358}}}], "taint_sink": ["CliLoc", [{"end": {"col": 42, "line": 129, "offset": 2846}, "path": "lib/fp/build-modules.js", "start": {"col": 36, "line": 129, "offset": 2840}}, "target"]], "taint_source": ["CliLoc", [{"end": {"col": 22, "line": 113, "offset": 2364}, "path": "lib/fp/build-modules.js", "start": {"col": 16, "line": 113, "offset": 2358}}, "target"]]}, "engine_kind": "OSS", "fingerprint": "b3c747f8bb7847b96b9ba384c68b2bc67b9440ded65bc895b748909f4e17fa196c74f44bd2070c6ebd7a10c5402ffb564dd334eb610dd9935c4f25a9c04e6b3f_4", "is_ignored": false, "lines": "      const modulePath = path.join(target, alias + '.js');", "message": "Detected possible user input going into a `path.join` or `path.resolve` function. This could possibly lead to a path traversal vulnerability,  where the attacker can access arbitrary files stored in the file system. Instead, be sure to sanitize or validate user input first.", "metadata": {"category": "security", "confidence": "LOW", "cwe": ["CWE-22: Improper Limitation of a Pathname to a Restricted Directory ('Path Traversal')"], "cwe2021-top25": true, "cwe2022-top25": true, "impact": "MEDIUM", "license": "Commons Clause License Condition v1.0[LGPL-2.1-only]", "likelihood": "HIGH", "owasp": ["A05:2017 - Broken Access Control", "A01:2021 - Broken Access Control"], "references": ["https://owasp.org/www-community/attacks/Path_Traversal"], "semgrep.dev": {"rule": {"origin": "community", "r_id": 9331, "rule_id": "8GUjrq", "rv_id": 834146, "url": "https://semgrep.dev/playground/r/JdTlrjW/javascript.lang.security.audit.path-traversal.path-join-resolve-traversal.path-join-resolve-traversal", "version_id": "JdTlrjW"}}, "shortlink": "https://sg.run/OPqk", "source": "https://semgrep.dev/r/javascript.lang.security.audit.path-traversal.path-join-resolve-traversal.path-join-resolve-traversal", "subcategory": ["vuln"], "technology": ["javascript", "node.js"], "vulnerability_class": ["Path Traversal"]}, "metavars": {"$PATH": {"abstract_content": "path", "end": {"col": 30, "line": 129, "offset": 2834}, "start": {"col": 26, "line": 129, "offset": 2830}}, "$SINK": {"abstract_content": "target", "end": {"col": 42, "line": 129, "offset": 2846}, "propagated_value": {"svalue_abstract_content": "path.resolve(target)", "svalue_end": {"col": 32, "line": 114, "offset": 2399}, "svalue_start": {"col": 12, "line": 114, "offset": 2379}}, "start": {"col": 36, "line": 129, "offset": 2840}}, "$X": {"abstract_content": "target", "end": {"col": 22, "line": 113, "offset": 2364}, "start": {"col": 16, "line": 113, "offset": 2358}}}, "severity": "WARNING", "validation_state": "NO_VALIDATOR"}, "path": "lib/fp/build-modules.js", "start": {"col": 36, "line": 129, "offset": 2840}}, {"check_id": "javascript.lang.security.audit.path-traversal.path-join-resolve-traversal.path-join-resolve-traversal", "end": {"col": 57, "line": 129, "offset": 2861}, "extra": {"dataflow_trace": {"intermediate_vars": [{"content": "alias", "location": {"end": {"col": 36, "line": 128, "offset": 2798}, "path": "lib/fp/build-modules.js", "start": {"col": 31, "line": 128, "offset": 2793}}}], "taint_sink": ["CliLoc", [{"end": {"col": 57, "line": 129, "offset": 2861}, "path": "lib/fp/build-modules.js", "start": {"col": 44, "line": 129, "offset": 2848}}, "alias + '.js'"]], "taint_source": ["CliLoc", [{"end": {"col": 36, "line": 128, "offset": 2798}, "path": "lib/fp/build-modules.js", "start": {"col": 31, "line": 128, "offset": 2793}}, "alias"]]}, "engine_kind": "OSS", "fingerprint": "535ad9251a82699a451e0525dcb3341c795bf2c30f7927f175252f56e7af6aa291b5fba5d749739773737f00534440430d09976e68b1527173b496a487ea75b6_0", "is_ignored": false, "lines": "      const modulePath = path.join(target, alias + '.js');", "message": "Detected possible user input going into a `path.join` or `path.resolve` function. This could possibly lead to a path traversal vulnerability,  where the attacker can access arbitrary files stored in the file system. Instead, be sure to sanitize or validate user input first.", "metadata": {"category": "security", "confidence": "LOW", "cwe": ["CWE-22: Improper Limitation of a Pathname to a Restricted Directory ('Path Traversal')"], "cwe2021-top25": true, "cwe2022-top25": true, "impact": "MEDIUM", "license": "Commons Clause License Condition v1.0[LGPL-2.1-only]", "likelihood": "HIGH", "owasp": ["A05:2017 - Broken Access Control", "A01:2021 - Broken Access Control"], "references": ["https://owasp.org/www-community/attacks/Path_Traversal"], "semgrep.dev": {"rule": {"origin": "community", "r_id": 9331, "rule_id": "8GUjrq", "rv_id": 834146, "url": "https://semgrep.dev/playground/r/JdTlrjW/javascript.lang.security.audit.path-traversal.path-join-resolve-traversal.path-join-resolve-traversal", "version_id": "JdTlrjW"}}, "shortlink": "https://sg.run/OPqk", "source": "https://semgrep.dev/r/javascript.lang.security.audit.path-traversal.path-join-resolve-traversal.path-join-resolve-traversal", "subcategory": ["vuln"], "technology": ["javascript", "node.js"], "vulnerability_class": ["Path Traversal"]}, "metavars": {"$PATH": {"abstract_content": "path", "end": {"col": 30, "line": 129, "offset": 2834}, "start": {"col": 26, "line": 129, "offset": 2830}}, "$SINK": {"abstract_content": "alias+'.js'", "end": {"col": 57, "line": 129, "offset": 2861}, "start": {"col": 44, "line": 129, "offset": 2848}}, "$X": {"abstract_content": "alias", "end": {"col": 36, "line": 128, "offset": 2798}, "start": {"col": 31, "line": 128, "offset": 2793}}}, "severity": "WARNING", "validation_state": "NO_VALIDATOR"}, "path": "lib/fp/build-modules.js", "start": {"col": 44, "line": 129, "offset": 2848}}, {"check_id": "javascript.lang.security.audit.path-traversal.path-join-resolve-traversal.path-join-resolve-traversal", "end": {"col": 39, "line": 138, "offset": 3120}, "extra": {"dataflow_trace": {"intermediate_vars": [{"content": "target", "location": {"end": {"col": 22, "line": 113, "offset": 2364}, "path": "lib/fp/build-modules.js", "start": {"col": 16, "line": 113, "offset": 2358}}}, {"content": "fpPath", "location": {"end": {"col": 15, "line": 116, "offset": 2416}, "path": "lib/fp/build-modules.js", "start": {"col": 9, "line": 116, "offset": 2410}}}], "taint_sink": ["CliLoc", [{"end": {"col": 39, "line": 138, "offset": 3120}, "path": "lib/fp/build-modules.js", "start": {"col": 33, "line": 138, "offset": 3114}}, "fpPath"]], "taint_source": ["CliLoc", [{"end": {"col": 22, "line": 113, "offset": 2364}, "path": "lib/fp/build-modules.js", "start": {"col": 16, "line": 113, "offset": 2358}}, "target"]]}, "engine_kind": "OSS", "fingerprint": "6c7b78250e2467975bd929e591e102b70ab90f235b2b248d9babac8b0ff01a33ac114dc9bd70bc3fb4b7da44f64f630e44d74eb7b4f039b42092ddda7da92c5d_0", "is_ignored": false, "lines": "    return file.write(path.join(fpPath, moduleName + '.js'), getTemplate(moduleName));", "message": "Detected possible user input going into a `path.join` or `path.resolve` function. This could possibly lead to a path traversal vulnerability,  where the attacker can access arbitrary files stored in the file system. Instead, be sure to sanitize or validate user input first.", "metadata": {"category": "security", "confidence": "LOW", "cwe": ["CWE-22: Improper Limitation of a Pathname to a Restricted Directory ('Path Traversal')"], "cwe2021-top25": true, "cwe2022-top25": true, "impact": "MEDIUM", "license": "Commons Clause License Condition v1.0[LGPL-2.1-only]", "likelihood": "HIGH", "owasp": ["A05:2017 - Broken Access Control", "A01:2021 - Broken Access Control"], "references": ["https://owasp.org/www-community/attacks/Path_Traversal"], "semgrep.dev": {"rule": {"origin": "community", "r_id": 9331, "rule_id": "8GUjrq", "rv_id": 834146, "url": "https://semgrep.dev/playground/r/JdTlrjW/javascript.lang.security.audit.path-traversal.path-join-resolve-traversal.path-join-resolve-traversal", "version_id": "JdTlrjW"}}, "shortlink": "https://sg.run/OPqk", "source": "https://semgrep.dev/r/javascript.lang.security.audit.path-traversal.path-join-resolve-traversal.path-join-resolve-traversal", "subcategory": ["vuln"], "technology": ["javascript", "node.js"], "vulnerability_class": ["Path Traversal"]}, "metavars": {"$PATH": {"abstract_content": "path", "end": {"col": 27, "line": 138, "offset": 3108}, "start": {"col": 23, "line": 138, "offset": 3104}}, "$SINK": {"abstract_content": "fpPath", "end": {"col": 39, "line": 138, "offset": 3120}, "propagated_value": {"svalue_abstract_content": "path.join(target'fp')", "svalue_end": {"col": 41, "line": 116, "offset": 2442}, "svalue_start": {"col": 18, "line": 116, "offset": 2419}}, "start": {"col": 33, "line": 138, "offset": 3114}}, "$X": {"abstract_content": "target", "end": {"col": 22, "line": 113, "offset": 2364}, "start": {"col": 16, "line": 113, "offset": 2358}}}, "severity": "WARNING", "validation_state": "NO_VALIDATOR"}, "path": "lib/fp/build-modules.js", "start": {"col": 33, "line": 138, "offset": 3114}}, {"check_id": "javascript.lang.security.audit.path-traversal.path-join-resolve-traversal.path-join-resolve-traversal", "end": {"col": 59, "line": 138, "offset": 3140}, "extra": {"dataflow_trace": {"intermediate_vars": [{"content": "modulePath", "location": {"end": {"col": 45, "line": 136, "offset": 3019}, "path": "lib/fp/build-modules.js", "start": {"col": 35, "line": 136, "offset": 3009}}}, {"content": "moduleName", "location": {"end": {"col": 21, "line": 137, "offset": 3045}, "path": "lib/fp/build-modules.js", "start": {"col": 11, "line": 137, "offset": 3035}}}], "taint_sink": ["CliLoc", [{"end": {"col": 59, "line": 138, "offset": 3140}, "path": "lib/fp/build-modules.js", "start": {"col": 41, "line": 138, "offset": 3122}}, "moduleName + '.js'"]], "taint_source": ["CliLoc", [{"end": {"col": 45, "line": 136, "offset": 3019}, "path": "lib/fp/build-modules.js", "start": {"col": 35, "line": 136, "offset": 3009}}, "modulePath"]]}, "engine_kind": "OSS", "fingerprint": "0f20fb89941687d8afdba69d47b0587a533624229e54c72194aab6c2d122170dbacaa2fc0bdd125ef86a4e5a54734d1f8821b847e3f9b0e3761ec08b517916ee_0", "is_ignored": false, "lines": "    return file.write(path.join(fpPath, moduleName + '.js'), getTemplate(moduleName));", "message": "Detected possible user input going into a `path.join` or `path.resolve` function. This could possibly lead to a path traversal vulnerability,  where the attacker can access arbitrary files stored in the file system. Instead, be sure to sanitize or validate user input first.", "metadata": {"category": "security", "confidence": "LOW", "cwe": ["CWE-22: Improper Limitation of a Pathname to a Restricted Directory ('Path Traversal')"], "cwe2021-top25": true, "cwe2022-top25": true, "impact": "MEDIUM", "license": "Commons Clause License Condition v1.0[LGPL-2.1-only]", "likelihood": "HIGH", "owasp": ["A05:2017 - Broken Access Control", "A01:2021 - Broken Access Control"], "references": ["https://owasp.org/www-community/attacks/Path_Traversal"], "semgrep.dev": {"rule": {"origin": "community", "r_id": 9331, "rule_id": "8GUjrq", "rv_id": 834146, "url": "https://semgrep.dev/playground/r/JdTlrjW/javascript.lang.security.audit.path-traversal.path-join-resolve-traversal.path-join-resolve-traversal", "version_id": "JdTlrjW"}}, "shortlink": "https://sg.run/OPqk", "source": "https://semgrep.dev/r/javascript.lang.security.audit.path-traversal.path-join-resolve-traversal.path-join-resolve-traversal", "subcategory": ["vuln"], "technology": ["javascript", "node.js"], "vulnerability_class": ["Path Traversal"]}, "metavars": {"$PATH": {"abstract_content": "path", "end": {"col": 27, "line": 138, "offset": 3108}, "start": {"col": 23, "line": 138, "offset": 3104}}, "$SINK": {"abstract_content": "moduleName+'.js'", "end": {"col": 59, "line": 138, "offset": 3140}, "start": {"col": 41, "line": 138, "offset": 3122}}, "$X": {"abstract_content": "modulePath", "end": {"col": 45, "line": 136, "offset": 3019}, "start": {"col": 35, "line": 136, "offset": 3009}}}, "severity": "WARNING", "validation_state": "NO_VALIDATOR"}, "path": "lib/fp/build-modules.js", "start": {"col": 41, "line": 138, "offset": 3122}}, {"check_id": "javascript.lang.security.audit.path-traversal.path-join-resolve-traversal.path-join-resolve-traversal", "end": {"col": 43, "line": 142, "offset": 3290}, "extra": {"dataflow_trace": {"intermediate_vars": [{"content": "target", "location": {"end": {"col": 22, "line": 113, "offset": 2364}, "path": "lib/fp/build-modules.js", "start": {"col": 16, "line": 113, "offset": 2358}}}, {"content": "fpPath", "location": {"end": {"col": 15, "line": 116, "offset": 2416}, "path": "lib/fp/build-modules.js", "start": {"col": 9, "line": 116, "offset": 2410}}}], "taint_sink": ["CliLoc", [{"end": {"col": 43, "line": 142, "offset": 3290}, "path": "lib/fp/build-modules.js", "start": {"col": 37, "line": 142, "offset": 3284}}, "fpPath"]], "taint_source": ["CliLoc", [{"end": {"col": 22, "line": 113, "offset": 2364}, "path": "lib/fp/build-modules.js", "start": {"col": 16, "line": 113, "offset": 2358}}, "target"]]}, "engine_kind": "OSS", "fingerprint": "6c7b78250e2467975bd929e591e102b70ab90f235b2b248d9babac8b0ff01a33ac114dc9bd70bc3fb4b7da44f64f630e44d74eb7b4f039b42092ddda7da92c5d_1", "is_ignored": false, "lines": "  actions.push(file.write(path.join(fpPath, '_falseOptions.js'), template._falseOptions()));", "message": "Detected possible user input going into a `path.join` or `path.resolve` function. This could possibly lead to a path traversal vulnerability,  where the attacker can access arbitrary files stored in the file system. Instead, be sure to sanitize or validate user input first.", "metadata": {"category": "security", "confidence": "LOW", "cwe": ["CWE-22: Improper Limitation of a Pathname to a Restricted Directory ('Path Traversal')"], "cwe2021-top25": true, "cwe2022-top25": true, "impact": "MEDIUM", "license": "Commons Clause License Condition v1.0[LGPL-2.1-only]", "likelihood": "HIGH", "owasp": ["A05:2017 - Broken Access Control", "A01:2021 - Broken Access Control"], "references": ["https://owasp.org/www-community/attacks/Path_Traversal"], "semgrep.dev": {"rule": {"origin": "community", "r_id": 9331, "rule_id": "8GUjrq", "rv_id": 834146, "url": "https://semgrep.dev/playground/r/JdTlrjW/javascript.lang.security.audit.path-traversal.path-join-resolve-traversal.path-join-resolve-traversal", "version_id": "JdTlrjW"}}, "shortlink": "https://sg.run/OPqk", "source": "https://semgrep.dev/r/javascript.lang.security.audit.path-traversal.path-join-resolve-traversal.path-join-resolve-traversal", "subcategory": ["vuln"], "technology": ["javascript", "node.js"], "vulnerability_class": ["Path Traversal"]}, "metavars": {"$PATH": {"abstract_content": "path", "end": {"col": 31, "line": 142, "offset": 3278}, "start": {"col": 27, "line": 142, "offset": 3274}}, "$SINK": {"abstract_content": "fpPath", "end": {"col": 43, "line": 142, "offset": 3290}, "propagated_value": {"svalue_abstract_content": "path.join(target'fp')", "svalue_end": {"col": 41, "line": 116, "offset": 2442}, "svalue_start": {"col": 18, "line": 116, "offset": 2419}}, "start": {"col": 37, "line": 142, "offset": 3284}}, "$X": {"abstract_content": "target", "end": {"col": 22, "line": 113, "offset": 2364}, "start": {"col": 16, "line": 113, "offset": 2358}}}, "severity": "WARNING", "validation_state": "NO_VALIDATOR"}, "path": "lib/fp/build-modules.js", "start": {"col": 37, "line": 142, "offset": 3284}}, {"check_id": "javascript.lang.security.audit.path-traversal.path-join-resolve-traversal.path-join-resolve-traversal", "end": {"col": 43, "line": 143, "offset": 3383}, "extra": {"dataflow_trace": {"intermediate_vars": [{"content": "target", "location": {"end": {"col": 22, "line": 113, "offset": 2364}, "path": "lib/fp/build-modules.js", "start": {"col": 16, "line": 113, "offset": 2358}}}, {"content": "fpPath", "location": {"end": {"col": 15, "line": 116, "offset": 2416}, "path": "lib/fp/build-modules.js", "start": {"col": 9, "line": 116, "offset": 2410}}}], "taint_sink": ["CliLoc", [{"end": {"col": 43, "line": 143, "offset": 3383}, "path": "lib/fp/build-modules.js", "start": {"col": 37, "line": 143, "offset": 3377}}, "fpPath"]], "taint_source": ["CliLoc", [{"end": {"col": 22, "line": 113, "offset": 2364}, "path": "lib/fp/build-modules.js", "start": {"col": 16, "line": 113, "offset": 2358}}, "target"]]}, "engine_kind": "OSS", "fingerprint": "6c7b78250e2467975bd929e591e102b70ab90f235b2b248d9babac8b0ff01a33ac114dc9bd70bc3fb4b7da44f64f630e44d74eb7b4f039b42092ddda7da92c5d_2", "is_ignored": false, "lines": "  actions.push(file.write(path.join(fpPath, '_util.js'), template._util()));", "message": "Detected possible user input going into a `path.join` or `path.resolve` function. This could possibly lead to a path traversal vulnerability,  where the attacker can access arbitrary files stored in the file system. Instead, be sure to sanitize or validate user input first.", "metadata": {"category": "security", "confidence": "LOW", "cwe": ["CWE-22: Improper Limitation of a Pathname to a Restricted Directory ('Path Traversal')"], "cwe2021-top25": true, "cwe2022-top25": true, "impact": "MEDIUM", "license": "Commons Clause License Condition v1.0[LGPL-2.1-only]", "likelihood": "HIGH", "owasp": ["A05:2017 - Broken Access Control", "A01:2021 - Broken Access Control"], "references": ["https://owasp.org/www-community/attacks/Path_Traversal"], "semgrep.dev": {"rule": {"origin": "community", "r_id": 9331, "rule_id": "8GUjrq", "rv_id": 834146, "url": "https://semgrep.dev/playground/r/JdTlrjW/javascript.lang.security.audit.path-traversal.path-join-resolve-traversal.path-join-resolve-traversal", "version_id": "JdTlrjW"}}, "shortlink": "https://sg.run/OPqk", "source": "https://semgrep.dev/r/javascript.lang.security.audit.path-traversal.path-join-resolve-traversal.path-join-resolve-traversal", "subcategory": ["vuln"], "technology": ["javascript", "node.js"], "vulnerability_class": ["Path Traversal"]}, "metavars": {"$PATH": {"abstract_content": "path", "end": {"col": 31, "line": 143, "offset": 3371}, "start": {"col": 27, "line": 143, "offset": 3367}}, "$SINK": {"abstract_content": "fpPath", "end": {"col": 43, "line": 143, "offset": 3383}, "propagated_value": {"svalue_abstract_content": "path.join(target'fp')", "svalue_end": {"col": 41, "line": 116, "offset": 2442}, "svalue_start": {"col": 18, "line": 116, "offset": 2419}}, "start": {"col": 37, "line": 143, "offset": 3377}}, "$X": {"abstract_content": "target", "end": {"col": 22, "line": 113, "offset": 2364}, "start": {"col": 16, "line": 113, "offset": 2358}}}, "severity": "WARNING", "validation_state": "NO_VALIDATOR"}, "path": "lib/fp/build-modules.js", "start": {"col": 37, "line": 143, "offset": 3377}}, {"check_id": "javascript.lang.security.audit.path-traversal.path-join-resolve-traversal.path-join-resolve-traversal", "end": {"col": 43, "line": 144, "offset": 3460}, "extra": {"dataflow_trace": {"intermediate_vars": [{"content": "target", "location": {"end": {"col": 22, "line": 113, "offset": 2364}, "path": "lib/fp/build-modules.js", "start": {"col": 16, "line": 113, "offset": 2358}}}], "taint_sink": ["CliLoc", [{"end": {"col": 43, "line": 144, "offset": 3460}, "path": "lib/fp/build-modules.js", "start": {"col": 37, "line": 144, "offset": 3454}}, "target"]], "taint_source": ["CliLoc", [{"end": {"col": 22, "line": 113, "offset": 2364}, "path": "lib/fp/build-modules.js", "start": {"col": 16, "line": 113, "offset": 2358}}, "target"]]}, "engine_kind": "OSS", "fingerprint": "b3c747f8bb7847b96b9ba384c68b2bc67b9440ded65bc895b748909f4e17fa196c74f44bd2070c6ebd7a10c5402ffb564dd334eb610dd9935c4f25a9c04e6b3f_5", "is_ignored": false, "lines": "  actions.push(file.write(path.join(target, 'fp.js'), template.fp()));", "message": "Detected possible user input going into a `path.join` or `path.resolve` function. This could possibly lead to a path traversal vulnerability,  where the attacker can access arbitrary files stored in the file system. Instead, be sure to sanitize or validate user input first.", "metadata": {"category": "security", "confidence": "LOW", "cwe": ["CWE-22: Improper Limitation of a Pathname to a Restricted Directory ('Path Traversal')"], "cwe2021-top25": true, "cwe2022-top25": true, "impact": "MEDIUM", "license": "Commons Clause License Condition v1.0[LGPL-2.1-only]", "likelihood": "HIGH", "owasp": ["A05:2017 - Broken Access Control", "A01:2021 - Broken Access Control"], "references": ["https://owasp.org/www-community/attacks/Path_Traversal"], "semgrep.dev": {"rule": {"origin": "community", "r_id": 9331, "rule_id": "8GUjrq", "rv_id": 834146, "url": "https://semgrep.dev/playground/r/JdTlrjW/javascript.lang.security.audit.path-traversal.path-join-resolve-traversal.path-join-resolve-traversal", "version_id": "JdTlrjW"}}, "shortlink": "https://sg.run/OPqk", "source": "https://semgrep.dev/r/javascript.lang.security.audit.path-traversal.path-join-resolve-traversal.path-join-resolve-traversal", "subcategory": ["vuln"], "technology": ["javascript", "node.js"], "vulnerability_class": ["Path Traversal"]}, "metavars": {"$PATH": {"abstract_content": "path", "end": {"col": 31, "line": 144, "offset": 3448}, "start": {"col": 27, "line": 144, "offset": 3444}}, "$SINK": {"abstract_content": "target", "end": {"col": 43, "line": 144, "offset": 3460}, "propagated_value": {"svalue_abstract_content": "path.resolve(target)", "svalue_end": {"col": 32, "line": 114, "offset": 2399}, "svalue_start": {"col": 12, "line": 114, "offset": 2379}}, "start": {"col": 37, "line": 144, "offset": 3454}}, "$X": {"abstract_content": "target", "end": {"col": 22, "line": 113, "offset": 2364}, "start": {"col": 16, "line": 113, "offset": 2358}}}, "severity": "WARNING", "validation_state": "NO_VALIDATOR"}, "path": "lib/fp/build-modules.js", "start": {"col": 37, "line": 144, "offset": 3454}}, {"check_id": "javascript.lang.security.audit.path-traversal.path-join-resolve-traversal.path-join-resolve-traversal", "end": {"col": 43, "line": 145, "offset": 3531}, "extra": {"dataflow_trace": {"intermediate_vars": [{"content": "target", "location": {"end": {"col": 22, "line": 113, "offset": 2364}, "path": "lib/fp/build-modules.js", "start": {"col": 16, "line": 113, "offset": 2358}}}, {"content": "fpPath", "location": {"end": {"col": 15, "line": 116, "offset": 2416}, "path": "lib/fp/build-modules.js", "start": {"col": 9, "line": 116, "offset": 2410}}}], "taint_sink": ["CliLoc", [{"end": {"col": 43, "line": 145, "offset": 3531}, "path": "lib/fp/build-modules.js", "start": {"col": 37, "line": 145, "offset": 3525}}, "fpPath"]], "taint_source": ["CliLoc", [{"end": {"col": 22, "line": 113, "offset": 2364}, "path": "lib/fp/build-modules.js", "start": {"col": 16, "line": 113, "offset": 2358}}, "target"]]}, "engine_kind": "OSS", "fingerprint": "6c7b78250e2467975bd929e591e102b70ab90f235b2b248d9babac8b0ff01a33ac114dc9bd70bc3fb4b7da44f64f630e44d74eb7b4f039b42092ddda7da92c5d_3", "is_ignored": false, "lines": "  actions.push(file.write(path.join(fpPath, 'convert.js'), template.convert()));", "message": "Detected possible user input going into a `path.join` or `path.resolve` function. This could possibly lead to a path traversal vulnerability,  where the attacker can access arbitrary files stored in the file system. Instead, be sure to sanitize or validate user input first.", "metadata": {"category": "security", "confidence": "LOW", "cwe": ["CWE-22: Improper Limitation of a Pathname to a Restricted Directory ('Path Traversal')"], "cwe2021-top25": true, "cwe2022-top25": true, "impact": "MEDIUM", "license": "Commons Clause License Condition v1.0[LGPL-2.1-only]", "likelihood": "HIGH", "owasp": ["A05:2017 - Broken Access Control", "A01:2021 - Broken Access Control"], "references": ["https://owasp.org/www-community/attacks/Path_Traversal"], "semgrep.dev": {"rule": {"origin": "community", "r_id": 9331, "rule_id": "8GUjrq", "rv_id": 834146, "url": "https://semgrep.dev/playground/r/JdTlrjW/javascript.lang.security.audit.path-traversal.path-join-resolve-traversal.path-join-resolve-traversal", "version_id": "JdTlrjW"}}, "shortlink": "https://sg.run/OPqk", "source": "https://semgrep.dev/r/javascript.lang.security.audit.path-traversal.path-join-resolve-traversal.path-join-resolve-traversal", "subcategory": ["vuln"], "technology": ["javascript", "node.js"], "vulnerability_class": ["Path Traversal"]}, "metavars": {"$PATH": {"abstract_content": "path", "end": {"col": 31, "line": 145, "offset": 3519}, "start": {"col": 27, "line": 145, "offset": 3515}}, "$SINK": {"abstract_content": "fpPath", "end": {"col": 43, "line": 145, "offset": 3531}, "propagated_value": {"svalue_abstract_content": "path.join(target'fp')", "svalue_end": {"col": 41, "line": 116, "offset": 2442}, "svalue_start": {"col": 18, "line": 116, "offset": 2419}}, "start": {"col": 37, "line": 145, "offset": 3525}}, "$X": {"abstract_content": "target", "end": {"col": 22, "line": 113, "offset": 2364}, "start": {"col": 16, "line": 113, "offset": 2358}}}, "severity": "WARNING", "validation_state": "NO_VALIDATOR"}, "path": "lib/fp/build-modules.js", "start": {"col": 37, "line": 145, "offset": 3525}}, {"check_id": "javascript.lang.security.audit.path-traversal.path-join-resolve-traversal.path-join-resolve-traversal", "end": {"col": 40, "line": 29, "offset": 811}, "extra": {"dataflow_trace": {"intermediate_vars": [{"content": "target", "location": {"end": {"col": 22, "line": 27, "offset": 725}, "path": "lib/main/build-modules.js", "start": {"col": 16, "line": 27, "offset": 719}}}], "taint_sink": ["CliLoc", [{"end": {"col": 40, "line": 29, "offset": 811}, "path": "lib/main/build-modules.js", "start": {"col": 34, "line": 29, "offset": 805}}, "target"]], "taint_source": ["CliLoc", [{"end": {"col": 22, "line": 27, "offset": 725}, "path": "lib/main/build-modules.js", "start": {"col": 16, "line": 27, "offset": 719}}, "target"]]}, "engine_kind": "OSS", "fingerprint": "804f3c28d0e7adc61a66ddbe5725e08a55f8b076555f522fabb204fc5b7dd12d6e4709a616233efa9400f10f611bc9f0eef8a1f531400639df8eacf246205141_0", "is_ignored": false, "lines": "    file.copy(pair[0], path.join(target, pair[1])));", "message": "Detected possible user input going into a `path.join` or `path.resolve` function. This could possibly lead to a path traversal vulnerability,  where the attacker can access arbitrary files stored in the file system. Instead, be sure to sanitize or validate user input first.", "metadata": {"category": "security", "confidence": "LOW", "cwe": ["CWE-22: Improper Limitation of a Pathname to a Restricted Directory ('Path Traversal')"], "cwe2021-top25": true, "cwe2022-top25": true, "impact": "MEDIUM", "license": "Commons Clause License Condition v1.0[LGPL-2.1-only]", "likelihood": "HIGH", "owasp": ["A05:2017 - Broken Access Control", "A01:2021 - Broken Access Control"], "references": ["https://owasp.org/www-community/attacks/Path_Traversal"], "semgrep.dev": {"rule": {"origin": "community", "r_id": 9331, "rule_id": "8GUjrq", "rv_id": 834146, "url": "https://semgrep.dev/playground/r/JdTlrjW/javascript.lang.security.audit.path-traversal.path-join-resolve-traversal.path-join-resolve-traversal", "version_id": "JdTlrjW"}}, "shortlink": "https://sg.run/OPqk", "source": "https://semgrep.dev/r/javascript.lang.security.audit.path-traversal.path-join-resolve-traversal.path-join-resolve-traversal", "subcategory": ["vuln"], "technology": ["javascript", "node.js"], "vulnerability_class": ["Path Traversal"]}, "metavars": {"$PATH": {"abstract_content": "path", "end": {"col": 28, "line": 29, "offset": 799}, "start": {"col": 24, "line": 29, "offset": 795}}, "$SINK": {"abstract_content": "target", "end": {"col": 40, "line": 29, "offset": 811}, "start": {"col": 34, "line": 29, "offset": 805}}, "$X": {"abstract_content": "target", "end": {"col": 22, "line": 27, "offset": 725}, "start": {"col": 16, "line": 27, "offset": 719}}}, "severity": "WARNING", "validation_state": "NO_VALIDATOR"}, "path": "lib/main/build-modules.js", "start": {"col": 34, "line": 29, "offset": 805}}, {"check_id": "javascript.lang.security.audit.path-traversal.path-join-resolve-traversal.path-join-resolve-traversal", "end": {"col": 49, "line": 29, "offset": 820}, "extra": {"dataflow_trace": {"intermediate_vars": [{"content": "pair", "location": {"end": {"col": 40, "line": 28, "offset": 768}, "path": "lib/main/build-modules.js", "start": {"col": 36, "line": 28, "offset": 764}}}], "taint_sink": ["CliLoc", [{"end": {"col": 49, "line": 29, "offset": 820}, "path": "lib/main/build-modules.js", "start": {"col": 42, "line": 29, "offset": 813}}, "pair[1]"]], "taint_source": ["CliLoc", [{"end": {"col": 40, "line": 28, "offset": 768}, "path": "lib/main/build-modules.js", "start": {"col": 36, "line": 28, "offset": 764}}, "pair"]]}, "engine_kind": "OSS", "fingerprint": "4537a10c375abbfee1cbf657d89a041bfa1553b08970a1f7415b40f651e15a5f5ece9cff2e2a804fa680865e55ef0448ecc92c4bc7d7113702ad026caaabcabd_0", "is_ignored": false, "lines": "    file.copy(pair[0], path.join(target, pair[1])));", "message": "Detected possible user input going into a `path.join` or `path.resolve` function. This could possibly lead to a path traversal vulnerability,  where the attacker can access arbitrary files stored in the file system. Instead, be sure to sanitize or validate user input first.", "metadata": {"category": "security", "confidence": "LOW", "cwe": ["CWE-22: Improper Limitation of a Pathname to a Restricted Directory ('Path Traversal')"], "cwe2021-top25": true, "cwe2022-top25": true, "impact": "MEDIUM", "license": "Commons Clause License Condition v1.0[LGPL-2.1-only]", "likelihood": "HIGH", "owasp": ["A05:2017 - Broken Access Control", "A01:2021 - Broken Access Control"], "references": ["https://owasp.org/www-community/attacks/Path_Traversal"], "semgrep.dev": {"rule": {"origin": "community", "r_id": 9331, "rule_id": "8GUjrq", "rv_id": 834146, "url": "https://semgrep.dev/playground/r/JdTlrjW/javascript.lang.security.audit.path-traversal.path-join-resolve-traversal.path-join-resolve-traversal", "version_id": "JdTlrjW"}}, "shortlink": "https://sg.run/OPqk", "source": "https://semgrep.dev/r/javascript.lang.security.audit.path-traversal.path-join-resolve-traversal.path-join-resolve-traversal", "subcategory": ["vuln"], "technology": ["javascript", "node.js"], "vulnerability_class": ["Path Traversal"]}, "metavars": {"$PATH": {"abstract_content": "path", "end": {"col": 28, "line": 29, "offset": 799}, "start": {"col": 24, "line": 29, "offset": 795}}, "$SINK": {"abstract_content": "pair[1]", "end": {"col": 49, "line": 29, "offset": 820}, "start": {"col": 42, "line": 29, "offset": 813}}, "$X": {"abstract_content": "pair", "end": {"col": 40, "line": 28, "offset": 768}, "start": {"col": 36, "line": 28, "offset": 764}}}, "severity": "WARNING", "validation_state": "NO_VALIDATOR"}, "path": "lib/main/build-modules.js", "start": {"col": 42, "line": 29, "offset": 813}}, {"check_id": "javascript.lang.security.audit.detect-non-literal-regexp.detect-non-literal-regexp", "end": {"col": 6, "line": 1460, "offset": 47649}, "extra": {"dataflow_trace": {"intermediate_vars": [{"content": "context", "location": {"end": {"col": 52, "line": 1406, "offset": 45734}, "path": "lodash.js", "start": {"col": 45, "line": 1406, "offset": 45727}}}, {"content": "Object", "location": {"end": {"col": 15, "line": 1415, "offset": 46057}, "path": "lodash.js", "start": {"col": 9, "line": 1415, "offset": 46051}}}, {"content": "objectProto", "location": {"end": {"col": 20, "line": 1423, "offset": 46327}, "path": "lodash.js", "start": {"col": 9, "line": 1423, "offset": 46316}}}, {"content": "hasOwnProperty", "location": {"end": {"col": 23, "line": 1432, "offset": 46638}, "path": "lodash.js", "start": {"col": 9, "line": 1432, "offset": 46624}}}], "taint_sink": ["CliLoc", [{"end": {"col": 6, "line": 1460, "offset": 47649}, "path": "lodash.js", "start": {"col": 22, "line": 1457, "offset": 47473}}, "RegExp('^' +\n      funcToString.call(hasOwnProperty).replace(reRegExpChar, '\\\\$&')\n      .replace(/hasOwnProperty|(function).*?(?=\\\\\\()| for .+?(?=\\\\\\])/g, '$1.*?') + '$'\n    )"]], "taint_source": ["CliLoc", [{"end": {"col": 52, "line": 1406, "offset": 45734}, "path": "lodash.js", "start": {"col": 45, "line": 1406, "offset": 45727}}, "context"]]}, "engine_kind": "OSS", "fingerprint": "54ba441f34bfa812dddad31cbc152a0b8d274ec3f30eda92245d069e85ee603a49aab2bb86abd7624ac2394c867a8023ad02303402aa984b3823e37dc8db47d1_0", "is_ignored": false, "lines": "    var reIsNative = RegExp('^' +\n      funcToString.call(hasOwnProperty).replace(reRegExpChar, '\\\\$&')\n      .replace(/hasOwnProperty|(function).*?(?=\\\\\\()| for .+?(?=\\\\\\])/g, '$1.*?') + '$'\n    );", "message": "RegExp() called with a `context` function argument, this might allow an attacker to cause a Regular Expression Denial-of-Service (ReDoS) within your application as RegExP blocks the main thread. For this reason, it is recommended to use hardcoded regexes instead. If your regex is run on user-controlled input, consider performing input validation or use a regex checking/sanitization library such as https://www.npmjs.com/package/recheck to verify that the regex does not appear vulnerable to ReDoS.", "metadata": {"category": "security", "confidence": "LOW", "cwe": ["CWE-1333: Inefficient Regular Expression Complexity"], "impact": "MEDIUM", "license": "Commons Clause License Condition v1.0[LGPL-2.1-only]", "likelihood": "MEDIUM", "owasp": ["A05:2021 - Security Misconfiguration", "A06:2017 - Security Misconfiguration"], "references": ["https://owasp.org/www-community/attacks/Regular_expression_Denial_of_Service_-_ReDoS"], "semgrep.dev": {"rule": {"origin": "community", "r_id": 12685, "rule_id": "zdU1gD", "rv_id": 834140, "url": "https://semgrep.dev/playground/r/8KTGkZw/javascript.lang.security.audit.detect-non-literal-regexp.detect-non-literal-regexp", "version_id": "8KTGkZw"}}, "shortlink": "https://sg.run/gr65", "source": "https://semgrep.dev/r/javascript.lang.security.audit.detect-non-literal-regexp.detect-non-literal-regexp", "source-rule-url": "https://github.com/nodesecurity/eslint-plugin-security/blob/master/rules/detect-non-literal-regexp.js", "subcategory": ["vuln"], "technology": ["javascript"], "vulnerability_class": ["Denial-of-Service (DoS)"]}, "metavars": {"$ARG": {"abstract_content": "context", "end": {"col": 52, "line": 1406, "offset": 45734}, "start": {"col": 45, "line": 1406, "offset": 45727}}}, "severity": "WARNING", "validation_state": "NO_VALIDATOR"}, "path": "lodash.js", "start": {"col": 22, "line": 1457, "offset": 47473}}, {"check_id": "javascript.lang.security.audit.prototype-pollution.prototype-pollution-loop.prototype-pollution-loop", "end": {"col": 46, "line": 3035, "offset": 98228}, "extra": {"engine_kind": "OSS", "fingerprint": "d41e91fadd4d71eb51f241d866228ef95028f18841f0f929a4c4d2fbb949a9fc9786a9ecb4598a860db57e821b8c67e10c69f860c40cb03d098a3b0f00fd99a1_0", "is_ignored": false, "lines": "        object = object[toKey(path[index++])];", "message": "Possibility of prototype polluting function detected. By adding or modifying attributes of an object prototype, it is possible to create attributes that exist on every object, or replace critical attributes with malicious ones. This can be problematic if the software depends on existence or non-existence of certain attributes, or uses pre-defined attributes of object prototype (such as hasOwnProperty, toString or valueOf). Possible mitigations might be: freezing the object prototype, using an object without prototypes (via Object.create(null) ), blocking modifications of attributes that resolve to object prototype, using Map instead of object.", "metadata": {"category": "security", "confidence": "LOW", "cwe": ["CWE-915: Improperly Controlled Modification of Dynamically-Determined Object Attributes"], "impact": "LOW", "license": "Commons Clause License Condition v1.0[LGPL-2.1-only]", "likelihood": "LOW", "owasp": ["A08:2021 - Software and Data Integrity Failures"], "references": ["https://github.com/HoLyVieR/prototype-pollution-nsec18/blob/master/paper/JavaScript_prototype_pollution_attack_in_NodeJS.pdf"], "semgrep.dev": {"rule": {"origin": "community", "r_id": 13373, "rule_id": "QrUpbJ", "rv_id": 834148, "url": "https://semgrep.dev/playground/r/GxTDERG/javascript.lang.security.audit.prototype-pollution.prototype-pollution-loop.prototype-pollution-loop", "version_id": "GxTDERG"}}, "shortlink": "https://sg.run/w1DB", "source": "https://semgrep.dev/r/javascript.lang.security.audit.prototype-pollution.prototype-pollution-loop.prototype-pollution-loop", "subcategory": ["audit"], "technology": ["typescript"], "vulnerability_class": ["Mass Assignment"]}, "metavars": {"$A": {"abstract_content": "toKey(path[index++])", "end": {"col": 45, "line": 3035, "offset": 98227}, "start": {"col": 25, "line": 3035, "offset": 98207}}, "$SMTH": {"abstract_content": "object", "end": {"col": 15, "line": 3035, "offset": 98197}, "start": {"col": 9, "line": 3035, "offset": 98191}}}, "severity": "WARNING", "validation_state": "NO_VALIDATOR"}, "path": "lodash.js", "start": {"col": 9, "line": 3035, "offset": 98191}}, {"check_id": "javascript.lang.security.audit.prototype-pollution.prototype-pollution-loop.prototype-pollution-loop", "end": {"col": 29, "line": 4007, "offset": 130493}, "extra": {"engine_kind": "OSS", "fingerprint": "4c623de690955f69698cdf84f363f15f72a00cf1e41ccc70df73f6501b929b4dea7b881d67ee7c5dd36253243a75b6d1b4a7a21f14dd79a12445d106813e5155_0", "is_ignored": false, "lines": "        nested = nested[key];", "message": "Possibility of prototype polluting function detected. By adding or modifying attributes of an object prototype, it is possible to create attributes that exist on every object, or replace critical attributes with malicious ones. This can be problematic if the software depends on existence or non-existence of certain attributes, or uses pre-defined attributes of object prototype (such as hasOwnProperty, toString or valueOf). Possible mitigations might be: freezing the object prototype, using an object without prototypes (via Object.create(null) ), blocking modifications of attributes that resolve to object prototype, using Map instead of object.", "metadata": {"category": "security", "confidence": "LOW", "cwe": ["CWE-915: Improperly Controlled Modification of Dynamically-Determined Object Attributes"], "impact": "LOW", "license": "Commons Clause License Condition v1.0[LGPL-2.1-only]", "likelihood": "LOW", "owasp": ["A08:2021 - Software and Data Integrity Failures"], "references": ["https://github.com/HoLyVieR/prototype-pollution-nsec18/blob/master/paper/JavaScript_prototype_pollution_attack_in_NodeJS.pdf"], "semgrep.dev": {"rule": {"origin": "community", "r_id": 13373, "rule_id": "QrUpbJ", "rv_id": 834148, "url": "https://semgrep.dev/playground/r/GxTDERG/javascript.lang.security.audit.prototype-pollution.prototype-pollution-loop.prototype-pollution-loop", "version_id": "GxTDERG"}}, "shortlink": "https://sg.run/w1DB", "source": "https://semgrep.dev/r/javascript.lang.security.audit.prototype-pollution.prototype-pollution-loop.prototype-pollution-loop", "subcategory": ["audit"], "technology": ["typescript"], "vulnerability_class": ["Mass Assignment"]}, "metavars": {"$A": {"abstract_content": "key", "end": {"col": 28, "line": 4007, "offset": 130492}, "propagated_value": {"svalue_abstract_content": "toKey(path[index])", "svalue_end": {"col": 37, "line": 3990, "offset": 129933}, "svalue_start": {"col": 19, "line": 3990, "offset": 129915}}, "start": {"col": 25, "line": 4007, "offset": 130489}}, "$SMTH": {"abstract_content": "nested", "end": {"col": 15, "line": 4007, "offset": 130479}, "start": {"col": 9, "line": 4007, "offset": 130473}}}, "severity": "WARNING", "validation_state": "NO_VALIDATOR"}, "path": "lodash.js", "start": {"col": 9, "line": 4007, "offset": 130473}}, {"check_id": "javascript.lang.security.audit.prototype-pollution.prototype-pollution-loop.prototype-pollution-loop", "end": {"col": 29, "line": 6153, "offset": 203650}, "extra": {"engine_kind": "OSS", "fingerprint": "0580a6920d6fce7a0eceea42a668d00edf3556c6ef9463d82c7f0ba44ce083b1ae0b7cc32266be0e9f80455d150613abb10ac800d81dfe603ad69c6359d76730_0", "is_ignored": false, "lines": "        object = object[key];", "message": "Possibility of prototype polluting function detected. By adding or modifying attributes of an object prototype, it is possible to create attributes that exist on every object, or replace critical attributes with malicious ones. This can be problematic if the software depends on existence or non-existence of certain attributes, or uses pre-defined attributes of object prototype (such as hasOwnProperty, toString or valueOf). Possible mitigations might be: freezing the object prototype, using an object without prototypes (via Object.create(null) ), blocking modifications of attributes that resolve to object prototype, using Map instead of object.", "metadata": {"category": "security", "confidence": "LOW", "cwe": ["CWE-915: Improperly Controlled Modification of Dynamically-Determined Object Attributes"], "impact": "LOW", "license": "Commons Clause License Condition v1.0[LGPL-2.1-only]", "likelihood": "LOW", "owasp": ["A08:2021 - Software and Data Integrity Failures"], "references": ["https://github.com/HoLyVieR/prototype-pollution-nsec18/blob/master/paper/JavaScript_prototype_pollution_attack_in_NodeJS.pdf"], "semgrep.dev": {"rule": {"origin": "community", "r_id": 13373, "rule_id": "QrUpbJ", "rv_id": 834148, "url": "https://semgrep.dev/playground/r/GxTDERG/javascript.lang.security.audit.prototype-pollution.prototype-pollution-loop.prototype-pollution-loop", "version_id": "GxTDERG"}}, "shortlink": "https://sg.run/w1DB", "source": "https://semgrep.dev/r/javascript.lang.security.audit.prototype-pollution.prototype-pollution-loop.prototype-pollution-loop", "subcategory": ["audit"], "technology": ["typescript"], "vulnerability_class": ["Mass Assignment"]}, "metavars": {"$A": {"abstract_content": "key", "end": {"col": 28, "line": 6153, "offset": 203649}, "propagated_value": {"svalue_abstract_content": "toKey(path[index])", "svalue_end": {"col": 37, "line": 6149, "offset": 203527}, "svalue_start": {"col": 19, "line": 6149, "offset": 203509}}, "start": {"col": 25, "line": 6153, "offset": 203646}}, "$SMTH": {"abstract_content": "object", "end": {"col": 15, "line": 6153, "offset": 203636}, "start": {"col": 9, "line": 6153, "offset": 203630}}}, "severity": "WARNING", "validation_state": "NO_VALIDATOR"}, "path": "lodash.js", "start": {"col": 9, "line": 6153, "offset": 203630}}, {"check_id": "javascript.lang.security.audit.detect-non-literal-regexp.detect-non-literal-regexp", "end": {"col": 13, "line": 14824, "offset": 473007}, "extra": {"dataflow_trace": {"intermediate_vars": [{"content": "options", "location": {"end": {"col": 38, "line": 14796, "offset": 471879}, "path": "lodash.js", "start": {"col": 31, "line": 14796, "offset": 471872}}}], "taint_sink": ["CliLoc", [{"end": {"col": 13, "line": 14824, "offset": 473007}, "path": "lodash.js", "start": {"col": 26, "line": 14819, "offset": 472763}}, "RegExp(\n        (options.escape || reNoMatch).source + '|' +\n        interpolate.source + '|' +\n        (interpolate === reInterpolate ? reEsTemplate : reNoMatch).source + '|' +\n        (options.evaluate || reNoMatch).source + '|$'\n      , 'g')"]], "taint_source": ["CliLoc", [{"end": {"col": 38, "line": 14796, "offset": 471879}, "path": "lodash.js", "start": {"col": 31, "line": 14796, "offset": 471872}}, "options"]]}, "engine_kind": "OSS", "fingerprint": "8346d8ea863553071d003b9c0d486acc2b539392ed69078fe6ed9722c4b75a43500411e39fe90582a93c2b978d8a8e2a24874d3b34381efa91d21e2fe8e5fc74_0", "is_ignored": false, "lines": "      var reDelimiters = RegExp(\n        (options.escape || reNoMatch).source + '|' +\n        interpolate.source + '|' +\n        (interpolate === reInterpolate ? reEsTemplate : reNoMatch).source + '|' +\n        (options.evaluate || reNoMatch).source + '|$'\n      , 'g');", "message": "RegExp() called with a `options` function argument, this might allow an attacker to cause a Regular Expression Denial-of-Service (ReDoS) within your application as RegExP blocks the main thread. For this reason, it is recommended to use hardcoded regexes instead. If your regex is run on user-controlled input, consider performing input validation or use a regex checking/sanitization library such as https://www.npmjs.com/package/recheck to verify that the regex does not appear vulnerable to ReDoS.", "metadata": {"category": "security", "confidence": "LOW", "cwe": ["CWE-1333: Inefficient Regular Expression Complexity"], "impact": "MEDIUM", "license": "Commons Clause License Condition v1.0[LGPL-2.1-only]", "likelihood": "MEDIUM", "owasp": ["A05:2021 - Security Misconfiguration", "A06:2017 - Security Misconfiguration"], "references": ["https://owasp.org/www-community/attacks/Regular_expression_Denial_of_Service_-_ReDoS"], "semgrep.dev": {"rule": {"origin": "community", "r_id": 12685, "rule_id": "zdU1gD", "rv_id": 834140, "url": "https://semgrep.dev/playground/r/8KTGkZw/javascript.lang.security.audit.detect-non-literal-regexp.detect-non-literal-regexp", "version_id": "8KTGkZw"}}, "shortlink": "https://sg.run/gr65", "source": "https://semgrep.dev/r/javascript.lang.security.audit.detect-non-literal-regexp.detect-non-literal-regexp", "source-rule-url": "https://github.com/nodesecurity/eslint-plugin-security/blob/master/rules/detect-non-literal-regexp.js", "subcategory": ["vuln"], "technology": ["javascript"], "vulnerability_class": ["Denial-of-Service (DoS)"]}, "metavars": {"$ARG": {"abstract_content": "options", "end": {"col": 38, "line": 14796, "offset": 471879}, "start": {"col": 31, "line": 14796, "offset": 471872}}}, "severity": "WARNING", "validation_state": "NO_VALIDATOR"}, "path": "lodash.js", "start": {"col": 26, "line": 14819, "offset": 472763}}, {"check_id": "javascript.lang.security.audit.detect-non-literal-regexp.detect-non-literal-regexp", "end": {"col": 90, "line": 15137, "offset": 483155}, "extra": {"dataflow_trace": {"intermediate_vars": [{"content": "options", "location": {"end": {"col": 38, "line": 15098, "offset": 481896}, "path": "lodash.js", "start": {"col": 31, "line": 15098, "offset": 481889}}}, {"content": "separator", "location": {"end": {"col": 22, "line": 15103, "offset": 482039}, "path": "lodash.js", "start": {"col": 13, "line": 15103, "offset": 482030}}}], "taint_sink": ["CliLoc", [{"end": {"col": 90, "line": 15137, "offset": 483155}, "path": "lodash.js", "start": {"col": 25, "line": 15137, "offset": 483090}}, "RegExp(separator.source, toString(reFlags.exec(separator)) + 'g')"]], "taint_source": ["CliLoc", [{"end": {"col": 38, "line": 15098, "offset": 481896}, "path": "lodash.js", "start": {"col": 31, "line": 15098, "offset": 481889}}, "options"]]}, "engine_kind": "OSS", "fingerprint": "8346d8ea863553071d003b9c0d486acc2b539392ed69078fe6ed9722c4b75a43500411e39fe90582a93c2b978d8a8e2a24874d3b34381efa91d21e2fe8e5fc74_1", "is_ignored": false, "lines": "            separator = RegExp(separator.source, toString(reFlags.exec(separator)) + 'g');", "message": "RegExp() called with a `options` function argument, this might allow an attacker to cause a Regular Expression Denial-of-Service (ReDoS) within your application as RegExP blocks the main thread. For this reason, it is recommended to use hardcoded regexes instead. If your regex is run on user-controlled input, consider performing input validation or use a regex checking/sanitization library such as https://www.npmjs.com/package/recheck to verify that the regex does not appear vulnerable to ReDoS.", "metadata": {"category": "security", "confidence": "LOW", "cwe": ["CWE-1333: Inefficient Regular Expression Complexity"], "impact": "MEDIUM", "license": "Commons Clause License Condition v1.0[LGPL-2.1-only]", "likelihood": "MEDIUM", "owasp": ["A05:2021 - Security Misconfiguration", "A06:2017 - Security Misconfiguration"], "references": ["https://owasp.org/www-community/attacks/Regular_expression_Denial_of_Service_-_ReDoS"], "semgrep.dev": {"rule": {"origin": "community", "r_id": 12685, "rule_id": "zdU1gD", "rv_id": 834140, "url": "https://semgrep.dev/playground/r/8KTGkZw/javascript.lang.security.audit.detect-non-literal-regexp.detect-non-literal-regexp", "version_id": "8KTGkZw"}}, "shortlink": "https://sg.run/gr65", "source": "https://semgrep.dev/r/javascript.lang.security.audit.detect-non-literal-regexp.detect-non-literal-regexp", "source-rule-url": "https://github.com/nodesecurity/eslint-plugin-security/blob/master/rules/detect-non-literal-regexp.js", "subcategory": ["vuln"], "technology": ["javascript"], "vulnerability_class": ["Denial-of-Service (DoS)"]}, "metavars": {"$ARG": {"abstract_content": "options", "end": {"col": 38, "line": 15098, "offset": 481896}, "start": {"col": 31, "line": 15098, "offset": 481889}}}, "severity": "WARNING", "validation_state": "NO_VALIDATOR"}, "path": "lodash.js", "start": {"col": 25, "line": 15137, "offset": 483090}}, {"check_id": "generic.secrets.security.detected-sauce-token.detected-sauce-token", "end": {"col": 120, "line": 2804, "offset": 101521}, "extra": {"engine_kind": "OSS", "fingerprint": "9a73c9fb7fcd632c85a47dc8e8032823bd6f6806b98b693b2367cc4ccc6799a2b44131b30af5295d0f0602a628be54006f05241e3b88f497e9224fb3f85f3344_0", "is_ignored": false, "lines": "  resolved \"https://registry.yarnpkg.com/sauce-tunnel/-/sauce-tunnel-2.5.0.tgz#0ee4c4ff9b47e013e8b072cbfac495b7fed8e8eb\"", "message": "Sauce Token detected", "metadata": {"category": "security", "confidence": "LOW", "cwe": ["CWE-798: Use of Hard-coded Credentials"], "cwe2021-top25": true, "cwe2022-top25": true, "impact": "MEDIUM", "license": "Commons Clause License Condition v1.0[LGPL-2.1-only]", "likelihood": "LOW", "owasp": ["A07:2021 - Identification and Authentication Failures"], "references": ["https://owasp.org/Top10/A07_2021-Identification_and_Authentication_Failures"], "semgrep.dev": {"rule": {"origin": "community", "r_id": 9071, "rule_id": "L1UyZ5", "rv_id": 833787, "url": "https://semgrep.dev/playground/r/d6TKG1Y/generic.secrets.security.detected-sauce-token.detected-sauce-token", "version_id": "d6TKG1Y"}}, "shortlink": "https://sg.run/N4k1", "source": "https://semgrep.dev/r/generic.secrets.security.detected-sauce-token.detected-sauce-token", "source-rule-url": "https://github.com/grab/secret-scanner/blob/master/scanner/signatures/pattern.go", "subcategory": ["audit"], "technology": ["secrets", "sauce"], "vulnerability_class": ["Hard-coded Secrets"]}, "metavars": {}, "severity": "ERROR", "validation_state": "NO_VALIDATOR"}, "path": "yarn.lock", "start": {"col": 42, "line": 2804, "offset": 101443}}], "skipped_rules": [], "version": "1.81.0"}