{
  "version": "v2.8.0",
  "id": "34ea37b0-6d8b-4e56-81ab-17cf8b6dbebe",
  "repositoryID": "00000000-0000-0000-0000-000000000000",
  "repositoryName": "",
  "workspaceID": "00000000-0000-0000-0000-000000000000",
  "workspaceName": "",
  "status": "success",
  "errors": "",
  "createdAt": "2024-08-14T19:46:40.265954776Z",
  "finishedAt": "2024-08-14T19:46:40.631057202Z",
  "analysisVulnerabilities": [
    {
      "vulnerabilityID": "00000000-0000-0000-0000-000000000000",
      "analysisID": "34ea37b0-6d8b-4e56-81ab-17cf8b6dbebe",
      "createdAt": "2024-08-14T19:46:40.631058525Z",
      "vulnerabilities": {
        "vulnerabilityID": "682d2356-db08-4811-9c02-60139804498d",
        "line": "603",
        "column": "49",
        "confidence": "MEDIUM",
        "file": "docs/user/advanced.rst",
        "code": "To use HTTP Basic Auth with your proxy, use the `http://user:password@host/` syntax::",
        "details": "(1/1) * Possible vulnerability detected: Password found in a hardcoded URL\nA password was found in a hardcoded URL, this can lead to not only the leak of this password but also a failure point to some more sophisticated CSRF and SSRF attacks. Check CWE-352 (https://cwe.mitre.org/data/definitions/352.html) and CWE-918 (https://cwe.mitre.org/data/definitions/918.html) for more details.",
        "securityTool": "HorusecEngine",
        "language": "Leaks",
        "severity": "CRITICAL",
        "type": "Vulnerability",
        "commitAuthor": "-",
        "commitEmail": "-",
        "commitHash": "-",
        "commitMessage": "-",
        "commitDate": "-",
        "rule_id": "HS-LEAKS-27",
        "vulnHash": "a42dfece3d993d83b6675e56caacb3fdd06e24901888cf01a4f299fa7c988f49",
        "deprecatedHashes": [
          "a93fb775b8e44edeb56e330e9c362a0ed27811bd70c85ab5b144165ab562cff5",
          "cf68c64e1e60599ff1c6c3a3e364b7712c0d55803cd830d205db1b668b15e23d"
        ],
        "securityToolVersion": "",
        "securityToolInfoUri": ""
      }
    },
    {
      "vulnerabilityID": "00000000-0000-0000-0000-000000000000",
      "analysisID": "34ea37b0-6d8b-4e56-81ab-17cf8b6dbebe",
      "createdAt": "2024-08-14T19:46:40.63106161Z",
      "vulnerabilities": {
        "vulnerabilityID": "f431afd0-6aa1-4695-8342-bbf5294c22ad",
        "line": "605",
        "column": "24",
        "confidence": "MEDIUM",
        "file": "docs/user/advanced.rst",
        "code": "proxies = {'http': 'http://user:pass@10.10.1.10:3128/'}",
        "details": "(1/1) * Possible vulnerability detected: Password found in a hardcoded URL\nA password was found in a hardcoded URL, this can lead to not only the leak of this password but also a failure point to some more sophisticated CSRF and SSRF attacks. Check CWE-352 (https://cwe.mitre.org/data/definitions/352.html) and CWE-918 (https://cwe.mitre.org/data/definitions/918.html) for more details.",
        "securityTool": "HorusecEngine",
        "language": "Leaks",
        "severity": "CRITICAL",
        "type": "Vulnerability",
        "commitAuthor": "-",
        "commitEmail": "-",
        "commitHash": "-",
        "commitMessage": "-",
        "commitDate": "-",
        "rule_id": "HS-LEAKS-27",
        "vulnHash": "d8c84826c1c1fb1c411ab1fa02bd599ce8e21dd741e1da6699eac1d6f87b4ea9",
        "deprecatedHashes": [
          "a3318c628d0fc5e1bb53b47c4b296c41e6cef2b3c3cdf89553aa5933fa98afbc",
          "e564158c2a984d12ed6d5a208a906ab9a6eee664f6ec178768f3397c60a8cefb"
        ],
        "securityToolVersion": "",
        "securityToolInfoUri": ""
      }
    }
  ]
}