Experiment ID,Experiment Date,Experiment Runner Environment,Experiment Runner Operating System,Experiment Runner Architecture,Experiment Project Name,Experiment Package Manager,GitHub Repository URL,GitHub Organisation,GitHub Repository Name,GitHub Repository Tag Name,GitHub Repository Tag Commit,GitHub Repository Tag Date,GitHub Repository Tag Author,GitHub Repository Tag Verified,GitHub Repository Tag Reason
2,2024-08-14,Github-Hosted,Linux,X64,H6060-Python-Django,Pypi,https://github.com/django/django,django,django,1.0,abd14962c88883b397ff9608ccc19ffa4dfd7419,2012-05-08T01:39:58Z,james@b-list.org,True,valid
2,2024-08-14,Github-Hosted,Linux,X64,H6060-Python-Django,Pypi,https://github.com/django/django,django,django,1.0.1,6df1fa16a0cb0100815db149eafa15d89ee72cb9,2012-05-08T01:39:47Z,james@b-list.org,True,valid
2,2024-08-14,Github-Hosted,Linux,X64,H6060-Python-Django,Pypi,https://github.com/django/django,django,django,1.0.2,03eacbd3143b001556be1eaa5986d15962c446e5,2012-05-08T01:39:34Z,james@b-list.org,True,valid
2,2024-08-14,Github-Hosted,Linux,X64,H6060-Python-Django,Pypi,https://github.com/django/django,django,django,1.0.3,400bef1f6a902d24b58a0003bece7a6ebf0011f7,2012-05-08T01:39:24Z,james@b-list.org,True,valid
2,2024-08-14,Github-Hosted,Linux,X64,H6060-Python-Django,Pypi,https://github.com/django/django,django,django,1.0.4,1abf1e00c38c60586f0bc6e3b3d6346805a31ed4,2012-05-08T01:39:09Z,james@b-list.org,True,valid
2,2024-08-14,Github-Hosted,Linux,X64,H6060-Python-Django,Pypi,https://github.com/django/django,django,django,1.1,17aea8fa295be7bf6096fbc7c616c3b4e2c7c1ff,2012-05-08T01:37:39Z,james@b-list.org,True,valid
2,2024-08-14,Github-Hosted,Linux,X64,H6060-Python-Django,Pypi,https://github.com/django/django,django,django,1.1.1,ea09c23887c2569c0a29797929f1fc2e57be23e8,2012-05-08T01:37:27Z,james@b-list.org,True,valid
2,2024-08-14,Github-Hosted,Linux,X64,H6060-Python-Django,Pypi,https://github.com/django/django,django,django,1.1.2,f70e82da232c709dc27e753d24793b409bdc8b28,2012-05-08T01:37:12Z,james@b-list.org,True,valid
2,2024-08-14,Github-Hosted,Linux,X64,H6060-Python-Django,Pypi,https://github.com/django/django,django,django,1.1.3,6adb5659ed37a0c896e2578fbf3fabc1af4090c2,2012-05-08T01:37:02Z,james@b-list.org,True,valid
2,2024-08-14,Github-Hosted,Linux,X64,H6060-Python-Django,Pypi,https://github.com/django/django,django,django,1.1.4,1fe0e3d18df080db2a044622d2781ff5f63b29c1,2012-05-08T01:36:50Z,james@b-list.org,True,valid
2,2024-08-14,Github-Hosted,Linux,X64,H6060-Python-Django,Pypi,https://github.com/django/django,django,django,1.10,68ce8092ff792124002ba423989a4e69ff7f99a5,2016-08-01T18:28:38Z,timograham@gmail.com,True,valid
2,2024-08-14,Github-Hosted,Linux,X64,H6060-Python-Django,Pypi,https://github.com/django/django,django,django,1.10.1,c157c6b24c56b15ecf469d9c53ca951ef85970d5,2016-09-01T23:21:13Z,timograham@gmail.com,True,valid
2,2024-08-14,Github-Hosted,Linux,X64,H6060-Python-Django,Pypi,https://github.com/django/django,django,django,1.10.2,ff5362962f59d8961339dbb63d5330aa2d49f35b,2016-10-01T20:00:09Z,timograham@gmail.com,True,valid
2,2024-08-14,Github-Hosted,Linux,X64,H6060-Python-Django,Pypi,https://github.com/django/django,django,django,1.10.3,575bcacd4e277ec10a7a2700fbb3a7ed95928bca,2016-11-01T13:50:33Z,timograham@gmail.com,True,valid
2,2024-08-14,Github-Hosted,Linux,X64,H6060-Python-Django,Pypi,https://github.com/django/django,django,django,1.10.4,3aca3d4a64f72282f00d3f3edbfe509a95022ffa,2016-12-01T23:35:02Z,timograham@gmail.com,True,valid
2,2024-08-14,Github-Hosted,Linux,X64,H6060-Python-Django,Pypi,https://github.com/django/django,django,django,1.10.5,6dcca968cebc6864930fa78065702df41189218a,2017-01-04T19:18:45Z,timograham@gmail.com,True,valid
2,2024-08-14,Github-Hosted,Linux,X64,H6060-Python-Django,Pypi,https://github.com/django/django,django,django,1.10.6,ab4a6d4b9233b20e22ba3235f2dc3ba0d8c2d3c2,2017-03-01T13:33:39Z,timograham@gmail.com,True,valid
2,2024-08-14,Github-Hosted,Linux,X64,H6060-Python-Django,Pypi,https://github.com/django/django,django,django,1.10.7,e077f39a93880343201bcb7c8778996fc0002c83,2017-04-04T14:21:37Z,timograham@gmail.com,True,valid
2,2024-08-14,Github-Hosted,Linux,X64,H6060-Python-Django,Pypi,https://github.com/django/django,django,django,1.10.8,4d4c1cab5d1800d3effae9e979fa3b5f4433b6a4,2017-09-05T15:27:35Z,timograham@gmail.com,True,valid
2,2024-08-14,Github-Hosted,Linux,X64,H6060-Python-Django,Pypi,https://github.com/django/django,django,django,1.10a1,52bd92c9cb451fd3113318721d80b70cf9d51596,2016-05-20T13:02:31Z,timograham@gmail.com,True,valid
2,2024-08-14,Github-Hosted,Linux,X64,H6060-Python-Django,Pypi,https://github.com/django/django,django,django,1.10b1,aa6665c336a44af739953a4abcc1d33d03a0e341,2016-06-22T01:19:20Z,timograham@gmail.com,True,valid
2,2024-08-14,Github-Hosted,Linux,X64,H6060-Python-Django,Pypi,https://github.com/django/django,django,django,1.10rc1,6f7259ad9d5fa6ec8fc32a859b548b1c8289404c,2016-07-18T18:48:52Z,timograham@gmail.com,True,valid
2,2024-08-14,Github-Hosted,Linux,X64,H6060-Python-Django,Pypi,https://github.com/django/django,django,django,1.11,fe09349ac6edbaa97d43218b814a7cd60dfc6a1a,2017-04-04T15:56:47Z,timograham@gmail.com,True,valid
2,2024-08-14,Github-Hosted,Linux,X64,H6060-Python-Django,Pypi,https://github.com/django/django,django,django,1.11.1,6d835d71ac489c225029098173dc4a66daeead2c,2017-05-06T13:19:13Z,timograham@gmail.com,True,valid
2,2024-08-14,Github-Hosted,Linux,X64,H6060-Python-Django,Pypi,https://github.com/django/django,django,django,1.11.10,2de87f321683668fcc4f726e5f0316aadc43f8be,2018-02-01T14:39:54Z,timograham@gmail.com,True,valid
2,2024-08-14,Github-Hosted,Linux,X64,H6060-Python-Django,Pypi,https://github.com/django/django,django,django,1.11.11,e7d8ae7ef28a712106ccabbc9b25123676d55d5c,2018-03-06T14:11:29Z,timograham@gmail.com,True,valid
2,2024-08-14,Github-Hosted,Linux,X64,H6060-Python-Django,Pypi,https://github.com/django/django,django,django,1.11.12,748345f38cdff61e3dbb9f67e714d61f75a0792a,2018-04-03T02:42:52Z,timograham@gmail.com,True,valid
2,2024-08-14,Github-Hosted,Linux,X64,H6060-Python-Django,Pypi,https://github.com/django/django,django,django,1.11.13,310b120f819ff9d93cd15d33f571518b54b8599f,2018-05-02T01:53:23Z,timograham@gmail.com,True,valid
2,2024-08-14,Github-Hosted,Linux,X64,H6060-Python-Django,Pypi,https://github.com/django/django,django,django,1.11.14,9ec4d103ee823fd279a2b94745316756a94cdc8c,2018-07-02T08:34:20Z,carlton.gibson@noumenal.es,True,valid
2,2024-08-14,Github-Hosted,Linux,X64,H6060-Python-Django,Pypi,https://github.com/django/django,django,django,1.11.15,9acc768e396b475e39ab6fb51050f34633fee447,2018-08-01T13:41:48Z,timograham@gmail.com,True,valid
2,2024-08-14,Github-Hosted,Linux,X64,H6060-Python-Django,Pypi,https://github.com/django/django,django,django,1.11.16,1b398125e889800c2175941a075f8f79ea20ff00,2018-10-01T07:51:29Z,carlton.gibson@noumenal.es,True,valid
2,2024-08-14,Github-Hosted,Linux,X64,H6060-Python-Django,Pypi,https://github.com/django/django,django,django,1.11.17,e07aa5cfd504657d674bf185743d606ba4590f64,2018-12-03T14:37:27Z,carlton.gibson@noumenal.es,True,valid
2,2024-08-14,Github-Hosted,Linux,X64,H6060-Python-Django,Pypi,https://github.com/django/django,django,django,1.11.18,a5a6ffa947315ed22c97dd25f8fbe1ac15d50f37,2019-01-04T14:10:25Z,timograham@gmail.com,True,valid
2,2024-08-14,Github-Hosted,Linux,X64,H6060-Python-Django,Pypi,https://github.com/django/django,django,django,1.11.19,b1d855db941d2800943df888de507929b13b2da9,2019-02-11T10:32:44Z,carlton.gibson@noumenal.es,True,valid
2,2024-08-14,Github-Hosted,Linux,X64,H6060-Python-Django,Pypi,https://github.com/django/django,django,django,1.11.2,b22e0e048ca771b10208bdc6df2f03506ac24d18,2017-06-01T16:46:36Z,timograham@gmail.com,True,valid
2,2024-08-14,Github-Hosted,Linux,X64,H6060-Python-Django,Pypi,https://github.com/django/django,django,django,1.11.20,e005a0dfa81b16a7de37be3f3bab997e20432e68,2019-02-11T14:58:42Z,carlton.gibson@noumenal.es,True,valid
2,2024-08-14,Github-Hosted,Linux,X64,H6060-Python-Django,Pypi,https://github.com/django/django,django,django,1.11.21,909682f3c8836bf79aefe3279d47e6e66509d793,2019-06-03T09:51:30Z,carlton.gibson@noumenal.es,True,valid
2,2024-08-14,Github-Hosted,Linux,X64,H6060-Python-Django,Pypi,https://github.com/django/django,django,django,1.11.22,fb081d1d8edf09731b2c94dd4c04c6f6aed03397,2019-07-01T06:46:15Z,felisiak.mariusz@gmail.com,True,valid
2,2024-08-14,Github-Hosted,Linux,X64,H6060-Python-Django,Pypi,https://github.com/django/django,django,django,1.11.23,2e5b33ea3a2f43a72c610c126eca085bdf283431,2019-08-01T08:45:35Z,carlton.gibson@noumenal.es,True,valid
2,2024-08-14,Github-Hosted,Linux,X64,H6060-Python-Django,Pypi,https://github.com/django/django,django,django,1.11.24,6056fbf38880f7e7a81c3b7d108dd8db245292d6,2019-09-02T06:47:35Z,felisiak.mariusz@gmail.com,True,valid
2,2024-08-14,Github-Hosted,Linux,X64,H6060-Python-Django,Pypi,https://github.com/django/django,django,django,1.11.25,5ab38bf2f72c6ab3d2e569df9d80146f4f779557,2019-10-01T08:04:47Z,carlton.gibson@noumenal.es,True,valid
2,2024-08-14,Github-Hosted,Linux,X64,H6060-Python-Django,Pypi,https://github.com/django/django,django,django,1.11.26,9cef2e5e99c1a6a1d005746b63c0793e770a5329,2019-11-04T08:22:23Z,felisiak.mariusz@gmail.com,True,valid
2,2024-08-14,Github-Hosted,Linux,X64,H6060-Python-Django,Pypi,https://github.com/django/django,django,django,1.11.27,20908f6054c3625c739eed00810244da43d8ba57,2019-12-18T08:34:08Z,felisiak.mariusz@gmail.com,True,valid
2,2024-08-14,Github-Hosted,Linux,X64,H6060-Python-Django,Pypi,https://github.com/django/django,django,django,1.11.28,2c2a113a19f86c6756b29113b03c91785f3debe8,2020-02-03T08:26:29Z,carlton.gibson@noumenal.es,False,unsigned
2,2024-08-14,Github-Hosted,Linux,X64,H6060-Python-Django,Pypi,https://github.com/django/django,django,django,1.11.29,587a40a62eab34466390f9526b8e25fc82cfca36,2020-03-04T08:51:29Z,felisiak.mariusz@gmail.com,True,valid
2,2024-08-14,Github-Hosted,Linux,X64,H6060-Python-Django,Pypi,https://github.com/django/django,django,django,1.11.3,2ca3af9199420c9be155b8ac8611f9b4a61fef52,2017-07-01T23:19:17Z,timograham@gmail.com,True,valid
2,2024-08-14,Github-Hosted,Linux,X64,H6060-Python-Django,Pypi,https://github.com/django/django,django,django,1.11.4,f80ec11d6fdd9a10d3e55cd51d4365acb9b21cf7,2017-08-01T12:21:32Z,timograham@gmail.com,True,valid
2,2024-08-14,Github-Hosted,Linux,X64,H6060-Python-Django,Pypi,https://github.com/django/django,django,django,1.11.5,0bb69244cdbd312f88497468814fde3aae831dbf,2017-09-05T15:13:27Z,timograham@gmail.com,True,valid
2,2024-08-14,Github-Hosted,Linux,X64,H6060-Python-Django,Pypi,https://github.com/django/django,django,django,1.11.6,68605a413708a7e475108086c8fdfa0845c9918e,2017-10-05T18:19:29Z,timograham@gmail.com,True,valid
2,2024-08-14,Github-Hosted,Linux,X64,H6060-Python-Django,Pypi,https://github.com/django/django,django,django,1.11.7,86947cb866859c0493906d910a132a2288b3cf15,2017-11-02T01:25:13Z,timograham@gmail.com,True,valid
2,2024-08-14,Github-Hosted,Linux,X64,H6060-Python-Django,Pypi,https://github.com/django/django,django,django,1.11.8,4965b89af785048b349cee2470e129b10d714e13,2017-12-02T14:15:53Z,timograham@gmail.com,True,valid
2,2024-08-14,Github-Hosted,Linux,X64,H6060-Python-Django,Pypi,https://github.com/django/django,django,django,1.11.9,511c3f84b1c473f883572ceaf0229563d45533ff,2018-01-02T00:56:24Z,timograham@gmail.com,True,valid
2,2024-08-14,Github-Hosted,Linux,X64,H6060-Python-Django,Pypi,https://github.com/django/django,django,django,1.11a1,a91b171262498eec4284d8f9f6bec6deddee1b7c,2017-01-19T00:48:09Z,timograham@gmail.com,True,valid
2,2024-08-14,Github-Hosted,Linux,X64,H6060-Python-Django,Pypi,https://github.com/django/django,django,django,1.11b1,f829c7af7f93f99f2bd47a3a2892cc780dd38267,2017-02-22T14:43:41Z,timograham@gmail.com,True,valid
2,2024-08-14,Github-Hosted,Linux,X64,H6060-Python-Django,Pypi,https://github.com/django/django,django,django,1.11rc1,235e154086957a6296eb15d6e594f170bde715a2,2017-03-21T22:46:32Z,timograham@gmail.com,True,valid
2,2024-08-14,Github-Hosted,Linux,X64,H6060-Python-Django,Pypi,https://github.com/django/django,django,django,1.2,0c648a1c4973ccd255ec357ec28195c6027f911f,2012-05-08T01:35:12Z,james@b-list.org,True,valid
2,2024-08-14,Github-Hosted,Linux,X64,H6060-Python-Django,Pypi,https://github.com/django/django,django,django,1.2.1,72767feeb8323e2f376466a8b20f7759e32a10d4,2012-05-08T01:35:00Z,james@b-list.org,True,valid
2,2024-08-14,Github-Hosted,Linux,X64,H6060-Python-Django,Pypi,https://github.com/django/django,django,django,1.2.2,67c8c4ee560c9929c51073c93cbb1412e92a1a27,2012-05-08T01:34:38Z,james@b-list.org,True,valid
2,2024-08-14,Github-Hosted,Linux,X64,H6060-Python-Django,Pypi,https://github.com/django/django,django,django,1.2.3,81ab2ad2864b8bae750a656d0868200d66be506e,2012-05-08T01:34:28Z,james@b-list.org,True,valid
2,2024-08-14,Github-Hosted,Linux,X64,H6060-Python-Django,Pypi,https://github.com/django/django,django,django,1.2.4,d37aabece39986de97166c5f7c00a1c93f2620f8,2012-05-08T01:34:17Z,james@b-list.org,True,valid
2,2024-08-14,Github-Hosted,Linux,X64,H6060-Python-Django,Pypi,https://github.com/django/django,django,django,1.2.5,abd244f19514ade09e89c9cc4cba25e5d8690dc2,2012-05-08T01:34:06Z,james@b-list.org,True,valid
2,2024-08-14,Github-Hosted,Linux,X64,H6060-Python-Django,Pypi,https://github.com/django/django,django,django,1.2.6,77b64697cd0961c5e56d612c1c45a21e9278db66,2012-05-08T01:33:53Z,james@b-list.org,True,valid
2,2024-08-14,Github-Hosted,Linux,X64,H6060-Python-Django,Pypi,https://github.com/django/django,django,django,1.2.7,927aa98b1a0091a7b5357126fe6328034b3697e6,2012-05-08T01:33:27Z,james@b-list.org,True,valid
2,2024-08-14,Github-Hosted,Linux,X64,H6060-Python-Django,Pypi,https://github.com/django/django,django,django,1.3,2e5258b8d133b6b28e5edf05efeebfdff6d9756e,2012-05-08T01:29:16Z,james@b-list.org,True,valid
2,2024-08-14,Github-Hosted,Linux,X64,H6060-Python-Django,Pypi,https://github.com/django/django,django,django,1.3.1,3aca6fed34b13a2219b8a724398119572ee6cb91,2012-05-08T01:27:08Z,james@b-list.org,True,valid
2,2024-08-14,Github-Hosted,Linux,X64,H6060-Python-Django,Pypi,https://github.com/django/django,django,django,1.3.2,2f175d19716085100910db7f54224fb5845cd97d,2012-07-30T21:10:32Z,james@b-list.org,True,valid
2,2024-08-14,Github-Hosted,Linux,X64,H6060-Python-Django,Pypi,https://github.com/django/django,django,django,1.3.3,31a3c044f598697b467dd2942b964b61548f19e5,2012-11-02T04:50:57Z,james@b-list.org,True,valid
2,2024-08-14,Github-Hosted,Linux,X64,H6060-Python-Django,Pypi,https://github.com/django/django,django,django,1.3.4,8df49f0d891bf9418e9d01709c5f52398971bb1f,2012-11-02T04:51:44Z,james@b-list.org,True,valid
2,2024-08-14,Github-Hosted,Linux,X64,H6060-Python-Django,Pypi,https://github.com/django/django,django,django,1.3.5,888917c2a8cb7a346b464163a609377893d958aa,2012-12-13T12:33:16Z,james@b-list.org,True,valid
2,2024-08-14,Github-Hosted,Linux,X64,H6060-Python-Django,Pypi,https://github.com/django/django,django,django,1.3.6,5df60e75804c503d1dd3a5a87d8c45c9c4dd3a18,2013-02-21T21:32:16Z,james@b-list.org,True,valid
2,2024-08-14,Github-Hosted,Linux,X64,H6060-Python-Django,Pypi,https://github.com/django/django,django,django,1.3.7,04414ec166beab510146e7949e77d4cc240ab84a,2013-02-21T21:32:32Z,james@b-list.org,True,valid
2,2024-08-14,Github-Hosted,Linux,X64,H6060-Python-Django,Pypi,https://github.com/django/django,django,django,1.4,9953e8756e887c36f02077bbcb72f0f2096a06d5,2012-05-08T01:40:49Z,james@b-list.org,True,valid
2,2024-08-14,Github-Hosted,Linux,X64,H6060-Python-Django,Pypi,https://github.com/django/django,django,django,1.4.1,7525f784e12dab4532b6538f5733e4ed0312fae0,2012-07-30T21:11:37Z,james@b-list.org,True,valid
2,2024-08-14,Github-Hosted,Linux,X64,H6060-Python-Django,Pypi,https://github.com/django/django,django,django,1.4.10,54972e5a01e16131d2f60637410c145d98f830a3,2013-11-06T18:07:51Z,james@b-list.org,True,valid
2,2024-08-14,Github-Hosted,Linux,X64,H6060-Python-Django,Pypi,https://github.com/django/django,django,django,1.4.11,b486a7ba8e1d81dd77049a149bdcf620a2d70020,2014-04-21T23:39:01Z,james@b-list.org,True,valid
2,2024-08-14,Github-Hosted,Linux,X64,H6060-Python-Django,Pypi,https://github.com/django/django,django,django,1.4.12,4c786b9da1cf92bf6bda838107dafe77b40aab56,2014-04-28T21:02:51Z,james@b-list.org,True,valid
2,2024-08-14,Github-Hosted,Linux,X64,H6060-Python-Django,Pypi,https://github.com/django/django,django,django,1.4.13,b264c206f2de27cb70f4dad9b6182c0c550e2547,2014-05-14T16:10:41Z,jacob@jacobian.org,False,unknown_key
2,2024-08-14,Github-Hosted,Linux,X64,H6060-Python-Django,Pypi,https://github.com/django/django,django,django,1.4.14,e3b3c4e10255f6a39d37d20befae3758fe8a2437,2014-08-20T21:02:35Z,james@b-list.org,True,valid
2,2024-08-14,Github-Hosted,Linux,X64,H6060-Python-Django,Pypi,https://github.com/django/django,django,django,1.4.15,962769b8f2a8811247e781660a937c0fb61aadf9,2014-09-03T05:10:26Z,james@b-list.org,True,valid
2,2024-08-14,Github-Hosted,Linux,X64,H6060-Python-Django,Pypi,https://github.com/django/django,django,django,1.4.16,5ed8092d9d724cbf1253f2888ab6219a3241b809,2014-10-22T20:54:48Z,james@b-list.org,True,valid
2,2024-08-14,Github-Hosted,Linux,X64,H6060-Python-Django,Pypi,https://github.com/django/django,django,django,1.4.17,49a1e30e8d748ecda3278925a65192d5f6670417,2015-01-03T02:44:29Z,timograham@gmail.com,True,valid
2,2024-08-14,Github-Hosted,Linux,X64,H6060-Python-Django,Pypi,https://github.com/django/django,django,django,1.4.18,c347e16835fd27b9ced6418b4fdf9df1111f472c,2015-01-13T19:09:22Z,timograham@gmail.com,True,valid
2,2024-08-14,Github-Hosted,Linux,X64,H6060-Python-Django,Pypi,https://github.com/django/django,django,django,1.4.19,6c7b8805398eb13ce1890e15ef7e8b2f0caac554,2015-01-27T17:25:56Z,timograham@gmail.com,True,valid
2,2024-08-14,Github-Hosted,Linux,X64,H6060-Python-Django,Pypi,https://github.com/django/django,django,django,1.4.2,15dab5b3c74f143204076a9821b8cb072231fd57,2012-11-02T04:54:05Z,james@b-list.org,True,valid
2,2024-08-14,Github-Hosted,Linux,X64,H6060-Python-Django,Pypi,https://github.com/django/django,django,django,1.4.20,e1a28a824b917aa7028622209b7703aa4aa7dded,2015-03-19T00:12:32Z,timograham@gmail.com,True,valid
2,2024-08-14,Github-Hosted,Linux,X64,H6060-Python-Django,Pypi,https://github.com/django/django,django,django,1.4.21,34b653b99b4eef67f763af07e2ac8d307759c8d1,2015-07-08T19:59:54Z,timograham@gmail.com,True,valid
2,2024-08-14,Github-Hosted,Linux,X64,H6060-Python-Django,Pypi,https://github.com/django/django,django,django,1.4.22,3c1cda520f37b10602f7597e81d2a0c5c59db1b3,2015-08-18T17:32:04Z,timograham@gmail.com,True,valid
2,2024-08-14,Github-Hosted,Linux,X64,H6060-Python-Django,Pypi,https://github.com/django/django,django,django,1.4.3,c2993c1e7d3d96ddc4114b77568fd6e9712a6829,2012-12-13T12:32:37Z,james@b-list.org,True,valid
2,2024-08-14,Github-Hosted,Linux,X64,H6060-Python-Django,Pypi,https://github.com/django/django,django,django,1.4.4,73d1128ec76b4e74fc4c49b9377b48d7c228a3f6,2013-02-21T21:31:16Z,james@b-list.org,True,valid
2,2024-08-14,Github-Hosted,Linux,X64,H6060-Python-Django,Pypi,https://github.com/django/django,django,django,1.4.5,78ed99ea5cdad09ba8c4079e4dfd2639a33a2cb9,2013-02-21T21:31:32Z,james@b-list.org,True,valid
2,2024-08-14,Github-Hosted,Linux,X64,H6060-Python-Django,Pypi,https://github.com/django/django,django,django,1.4.6,adffff4d84f180a11a1fb621d84a5daedd4d46e4,2013-08-13T16:18:54Z,jacob@jacobian.org,False,unknown_key
2,2024-08-14,Github-Hosted,Linux,X64,H6060-Python-Django,Pypi,https://github.com/django/django,django,django,1.4.7,3b7e0169df977746f9caba8dec2a18e5f1fdb725,2013-09-11T01:58:34Z,james@b-list.org,True,valid
2,2024-08-14,Github-Hosted,Linux,X64,H6060-Python-Django,Pypi,https://github.com/django/django,django,django,1.4.8,eea20b9aa3932a00b9b8841dc5ae44d2238b46d5,2013-09-15T07:05:40Z,james@b-list.org,True,valid
2,2024-08-14,Github-Hosted,Linux,X64,H6060-Python-Django,Pypi,https://github.com/django/django,django,django,1.4.9,04776c805067bc2897b29c584735e601d5ff1098,2013-10-25T04:48:26Z,james@b-list.org,True,valid
2,2024-08-14,Github-Hosted,Linux,X64,H6060-Python-Django,Pypi,https://github.com/django/django,django,django,1.5,519e390976b4c714e9b19d6712a59d88c8312c81,2013-02-26T22:25:58Z,james@b-list.org,True,valid
2,2024-08-14,Github-Hosted,Linux,X64,H6060-Python-Django,Pypi,https://github.com/django/django,django,django,1.5.1,d77a437a5d0aec992fc1cc717749d2fa95dcee69,2013-03-28T20:16:36Z,jacob@jacobian.org,False,unknown_key
2,2024-08-14,Github-Hosted,Linux,X64,H6060-Python-Django,Pypi,https://github.com/django/django,django,django,1.5.10,ca252a3a24486cb9c8f8e25b04d2adaebcc9ad47,2014-09-03T05:10:58Z,james@b-list.org,True,valid
2,2024-08-14,Github-Hosted,Linux,X64,H6060-Python-Django,Pypi,https://github.com/django/django,django,django,1.5.11,906c2f66527075b02b60d61aa5280dbdbb1faf29,2014-10-22T20:55:08Z,james@b-list.org,True,valid
2,2024-08-14,Github-Hosted,Linux,X64,H6060-Python-Django,Pypi,https://github.com/django/django,django,django,1.5.12,e478dc3c0e828de1d45aeafcc73fd21800c1efe2,2015-01-03T02:45:13Z,timograham@gmail.com,True,valid
2,2024-08-14,Github-Hosted,Linux,X64,H6060-Python-Django,Pypi,https://github.com/django/django,django,django,1.5.2,2123c6c63dababa886a6fd0b8849991b8ed51a08,2013-08-13T16:19:45Z,jacob@jacobian.org,False,unknown_key
2,2024-08-14,Github-Hosted,Linux,X64,H6060-Python-Django,Pypi,https://github.com/django/django,django,django,1.5.3,ee1bf5d47e526b0a921b9090112dd95c210f5d24,2013-09-11T01:58:03Z,james@b-list.org,True,valid
2,2024-08-14,Github-Hosted,Linux,X64,H6060-Python-Django,Pypi,https://github.com/django/django,django,django,1.5.4,afc8a46cbcf5d03433a60bbab2d302452b789f32,2013-09-15T07:05:14Z,james@b-list.org,True,valid
2,2024-08-14,Github-Hosted,Linux,X64,H6060-Python-Django,Pypi,https://github.com/django/django,django,django,1.5.5,9c3254130395b83f0400267031a2b44231cbd0c4,2013-10-25T04:48:51Z,james@b-list.org,True,valid
2,2024-08-14,Github-Hosted,Linux,X64,H6060-Python-Django,Pypi,https://github.com/django/django,django,django,1.5.6,fb36cb4e5dbbba938535948f209dfbe3fba612ea,2014-04-21T23:39:46Z,james@b-list.org,True,valid
2,2024-08-14,Github-Hosted,Linux,X64,H6060-Python-Django,Pypi,https://github.com/django/django,django,django,1.5.7,7ce716db701d8db9cb72084b199453e8fc7a8f21,2014-04-28T21:03:12Z,james@b-list.org,True,valid
2,2024-08-14,Github-Hosted,Linux,X64,H6060-Python-Django,Pypi,https://github.com/django/django,django,django,1.5.8,21c5ede0c4d4b36b0d5bce394d70af9e64e2eeec,2014-05-14T16:28:09Z,jacob@jacobian.org,False,unknown_key
2,2024-08-14,Github-Hosted,Linux,X64,H6060-Python-Django,Pypi,https://github.com/django/django,django,django,1.5.9,55ad03db68c531ec55d323b32971fec501feb16a,2014-08-20T21:03:05Z,james@b-list.org,True,valid
2,2024-08-14,Github-Hosted,Linux,X64,H6060-Python-Django,Pypi,https://github.com/django/django,django,django,1.5a1,b6a4042b407c7e0bb09f469ab6c93772cb7c0b10,2012-11-02T04:55:22Z,james@b-list.org,True,valid
2,2024-08-14,Github-Hosted,Linux,X64,H6060-Python-Django,Pypi,https://github.com/django/django,django,django,1.5b1,5359e03dbfce62a9b259b216bdc607e9279ffb8d,2012-11-29T03:48:54Z,james@b-list.org,True,valid
2,2024-08-14,Github-Hosted,Linux,X64,H6060-Python-Django,Pypi,https://github.com/django/django,django,django,1.5b2,a7edd4a4b636a68883a29ccdea998a784f7b5589,2012-12-13T12:31:30Z,james@b-list.org,True,valid
2,2024-08-14,Github-Hosted,Linux,X64,H6060-Python-Django,Pypi,https://github.com/django/django,django,django,1.5c1,b6400652362df8c58da8336321f0b2b126e22a7a,2013-02-08T05:40:41Z,james@b-list.org,True,valid
2,2024-08-14,Github-Hosted,Linux,X64,H6060-Python-Django,Pypi,https://github.com/django/django,django,django,1.5c2,3c72801f1048c9cbddc60daad2b18b10302d0876,2013-02-21T21:30:30Z,james@b-list.org,True,valid
2,2024-08-14,Github-Hosted,Linux,X64,H6060-Python-Django,Pypi,https://github.com/django/django,django,django,1.6,f487a577e493df13ab41537e21ab45f354f2e5ac,2013-11-06T18:07:21Z,james@b-list.org,True,valid
2,2024-08-14,Github-Hosted,Linux,X64,H6060-Python-Django,Pypi,https://github.com/django/django,django,django,1.6.1,3e8a664b569609be3082270df02d3288914bb55f,2013-12-12T19:48:43Z,jacob@jacobian.org,False,unknown_key
2,2024-08-14,Github-Hosted,Linux,X64,H6060-Python-Django,Pypi,https://github.com/django/django,django,django,1.6.10,f9af79d0c65d949b20415e3e5a7ee8d21ac18716,2015-01-13T19:09:50Z,timograham@gmail.com,True,valid
2,2024-08-14,Github-Hosted,Linux,X64,H6060-Python-Django,Pypi,https://github.com/django/django,django,django,1.6.11,04db960506d5dfa505889ff0d5aa656d96a6bf75,2015-03-19T00:12:46Z,timograham@gmail.com,True,valid
2,2024-08-14,Github-Hosted,Linux,X64,H6060-Python-Django,Pypi,https://github.com/django/django,django,django,1.6.2,44ec3f51952feb719d0726071dd37879655c6abd,2014-02-06T21:39:13Z,jacob@jacobian.org,False,unknown_key
2,2024-08-14,Github-Hosted,Linux,X64,H6060-Python-Django,Pypi,https://github.com/django/django,django,django,1.6.3,13b5ec9bc8dd3815f3b48791e68657a06c9250d9,2014-04-21T23:40:19Z,james@b-list.org,True,valid
2,2024-08-14,Github-Hosted,Linux,X64,H6060-Python-Django,Pypi,https://github.com/django/django,django,django,1.6.4,9c37fb64313c35cd8dc249ad1e11fe72c6e74e51,2014-04-28T21:03:32Z,james@b-list.org,True,valid
2,2024-08-14,Github-Hosted,Linux,X64,H6060-Python-Django,Pypi,https://github.com/django/django,django,django,1.6.5,e41052ae9a999871afc6549e44e99b78d058ebdb,2014-05-14T16:45:02Z,jacob@jacobian.org,False,unknown_key
2,2024-08-14,Github-Hosted,Linux,X64,H6060-Python-Django,Pypi,https://github.com/django/django,django,django,1.6.6,3725e3ab3913fbfeda4a5c68385631bae412e18e,2014-08-20T21:03:27Z,james@b-list.org,True,valid
2,2024-08-14,Github-Hosted,Linux,X64,H6060-Python-Django,Pypi,https://github.com/django/django,django,django,1.6.7,6e5ab36c0f5a114af6c718742b77646a5ef2fa24,2014-09-03T05:11:15Z,james@b-list.org,True,valid
2,2024-08-14,Github-Hosted,Linux,X64,H6060-Python-Django,Pypi,https://github.com/django/django,django,django,1.6.8,b8de132f5ee62e9487b86296fc9d5a902dc19d58,2014-10-22T20:55:26Z,james@b-list.org,True,valid
2,2024-08-14,Github-Hosted,Linux,X64,H6060-Python-Django,Pypi,https://github.com/django/django,django,django,1.6.9,f2f91bc4499e58bca92a65f9578b1b7d127f16f9,2015-01-03T02:45:48Z,timograham@gmail.com,True,valid
2,2024-08-14,Github-Hosted,Linux,X64,H6060-Python-Django,Pypi,https://github.com/django/django,django,django,1.6a1,ddac2c8d3dce8d67131f5e045eddd4ac4cbfc183,2013-05-27T03:26:58Z,jacob@jacobian.org,False,unknown_key
2,2024-08-14,Github-Hosted,Linux,X64,H6060-Python-Django,Pypi,https://github.com/django/django,django,django,1.6b1,b8f9ee1c1bfc51c4904170cbe5324a94c2712069,2013-06-28T13:16:54Z,jacob@jacobian.org,False,unknown_key
2,2024-08-14,Github-Hosted,Linux,X64,H6060-Python-Django,Pypi,https://github.com/django/django,django,django,1.6b2,6f58179dab76ea0e8cd3ddb64ef6e90dd4576982,2013-08-13T16:20:02Z,jacob@jacobian.org,False,unknown_key
2,2024-08-14,Github-Hosted,Linux,X64,H6060-Python-Django,Pypi,https://github.com/django/django,django,django,1.6b3,9061435fa8d906b321e0fb737c5fb85e636bc757,2013-09-11T01:57:24Z,james@b-list.org,True,valid
2,2024-08-14,Github-Hosted,Linux,X64,H6060-Python-Django,Pypi,https://github.com/django/django,django,django,1.6b4,81937fa9bcceb67b1b1716d580c5125cc04ade3b,2013-09-15T07:04:47Z,james@b-list.org,True,valid
2,2024-08-14,Github-Hosted,Linux,X64,H6060-Python-Django,Pypi,https://github.com/django/django,django,django,1.6c1,145e2ca4e400b4559c7fc12630d5499867ab88da,2013-10-25T04:49:35Z,james@b-list.org,True,valid
2,2024-08-14,Github-Hosted,Linux,X64,H6060-Python-Django,Pypi,https://github.com/django/django,django,django,1.7,95c644a89985b15deb99f9a9c4698e4b4f2cdc62,2014-09-03T05:11:30Z,james@b-list.org,True,valid
2,2024-08-14,Github-Hosted,Linux,X64,H6060-Python-Django,Pypi,https://github.com/django/django,django,django,1.7.1,4368cee2d90cfc0019542d742ef79afb71c83987,2014-10-22T20:55:47Z,james@b-list.org,True,valid
2,2024-08-14,Github-Hosted,Linux,X64,H6060-Python-Django,Pypi,https://github.com/django/django,django,django,1.7.10,7d27ca1bcf66122c4b2f7175a9b59a024b53b16b,2015-08-18T17:30:18Z,timograham@gmail.com,True,valid
2,2024-08-14,Github-Hosted,Linux,X64,H6060-Python-Django,Pypi,https://github.com/django/django,django,django,1.7.11,d93024e0aa04db0580aa3a20b621d79ba5366bfd,2015-11-24T17:13:38Z,timograham@gmail.com,True,valid
2,2024-08-14,Github-Hosted,Linux,X64,H6060-Python-Django,Pypi,https://github.com/django/django,django,django,1.7.2,c9d633e96dbb0465e0800230764c754992bb1c6f,2015-01-03T02:47:16Z,timograham@gmail.com,True,valid
2,2024-08-14,Github-Hosted,Linux,X64,H6060-Python-Django,Pypi,https://github.com/django/django,django,django,1.7.3,de16b9448d684a55955fcd33b458593952720995,2015-01-13T19:10:14Z,timograham@gmail.com,True,valid
2,2024-08-14,Github-Hosted,Linux,X64,H6060-Python-Django,Pypi,https://github.com/django/django,django,django,1.7.4,eac3847b0d8b9afc42fe3243ac01642b3c9debd5,2015-01-27T17:25:40Z,timograham@gmail.com,True,valid
2,2024-08-14,Github-Hosted,Linux,X64,H6060-Python-Django,Pypi,https://github.com/django/django,django,django,1.7.5,e94b13ca3ffed6aa7470135a645f8eca8b4f1e46,2015-02-25T13:56:45Z,timograham@gmail.com,True,valid
2,2024-08-14,Github-Hosted,Linux,X64,H6060-Python-Django,Pypi,https://github.com/django/django,django,django,1.7.6,32cfc063ea10c1dd67351cd2567d1bae9012b0e0,2015-03-09T15:55:47Z,timograham@gmail.com,True,valid
2,2024-08-14,Github-Hosted,Linux,X64,H6060-Python-Django,Pypi,https://github.com/django/django,django,django,1.7.7,f22eae88f45cab02aa01a29a44e53f72505fea16,2015-03-19T00:13:03Z,timograham@gmail.com,True,valid
2,2024-08-14,Github-Hosted,Linux,X64,H6060-Python-Django,Pypi,https://github.com/django/django,django,django,1.7.8,71be14aae499dfdf3bb1bfd79c69d43375e0bb82,2015-05-01T20:42:17Z,timograham@gmail.com,True,valid
2,2024-08-14,Github-Hosted,Linux,X64,H6060-Python-Django,Pypi,https://github.com/django/django,django,django,1.7.9,66cd384e095cf86ebf6ed3249cc108553087bc56,2015-07-08T20:00:09Z,timograham@gmail.com,True,valid
2,2024-08-14,Github-Hosted,Linux,X64,H6060-Python-Django,Pypi,https://github.com/django/django,django,django,1.7a1,8b54d712f606438eecfa7a1ebe74d02065e643c2,2014-01-23T03:52:35Z,james@b-list.org,True,valid
2,2024-08-14,Github-Hosted,Linux,X64,H6060-Python-Django,Pypi,https://github.com/django/django,django,django,1.7a2,a6b15402927d06fa6946434e0459cd090429cb8a,2014-02-06T21:54:50Z,jacob@jacobian.org,False,unknown_key
2,2024-08-14,Github-Hosted,Linux,X64,H6060-Python-Django,Pypi,https://github.com/django/django,django,django,1.7b1,6d1f161287752a4d69b106f7eed8e0770cc330f7,2014-03-21T08:41:54Z,james@b-list.org,True,valid
2,2024-08-14,Github-Hosted,Linux,X64,H6060-Python-Django,Pypi,https://github.com/django/django,django,django,1.7b2,7693ae171917f6d5734060737d965451e30367ef,2014-04-21T23:40:41Z,james@b-list.org,True,valid
2,2024-08-14,Github-Hosted,Linux,X64,H6060-Python-Django,Pypi,https://github.com/django/django,django,django,1.7b3,f9fdfbebd3981424c98a04aa808da5db1280ac46,2014-04-28T21:03:55Z,james@b-list.org,True,valid
2,2024-08-14,Github-Hosted,Linux,X64,H6060-Python-Django,Pypi,https://github.com/django/django,django,django,1.7b4,6c3afa2782ef9314262ab29d32d44d419f7293b0,2014-05-14T16:46:18Z,jacob@jacobian.org,False,unknown_key
2,2024-08-14,Github-Hosted,Linux,X64,H6060-Python-Django,Pypi,https://github.com/django/django,django,django,1.7c1,3c6596dd136bae8b0a70245ed716b5d7720d8787,2014-06-27T01:42:28Z,james@b-list.org,True,valid
2,2024-08-14,Github-Hosted,Linux,X64,H6060-Python-Django,Pypi,https://github.com/django/django,django,django,1.7c2,a7f9368c45e0522c7363801570f493843e8eb15f,2014-07-27T13:03:14Z,james@b-list.org,True,valid
2,2024-08-14,Github-Hosted,Linux,X64,H6060-Python-Django,Pypi,https://github.com/django/django,django,django,1.7c3,d58bf43e63deecef7143c39622a9ea49d5fd2f90,2014-08-20T21:03:46Z,james@b-list.org,True,valid
2,2024-08-14,Github-Hosted,Linux,X64,H6060-Python-Django,Pypi,https://github.com/django/django,django,django,1.8,0dfc639352f99f6df445c84f0d4aaccc1c9f2362,2015-04-01T20:14:30Z,timograham@gmail.com,True,valid
2,2024-08-14,Github-Hosted,Linux,X64,H6060-Python-Django,Pypi,https://github.com/django/django,django,django,1.8.1,7f8da6cd55712735320555aea38b6f11aee59faf,2015-05-01T20:41:42Z,timograham@gmail.com,True,valid
2,2024-08-14,Github-Hosted,Linux,X64,H6060-Python-Django,Pypi,https://github.com/django/django,django,django,1.8.10,0082848bdaac0714edd67ad1dd66f6d10c93fd7c,2016-03-01T17:21:37Z,timograham@gmail.com,True,valid
2,2024-08-14,Github-Hosted,Linux,X64,H6060-Python-Django,Pypi,https://github.com/django/django,django,django,1.8.11,e26780e1b84b11399096a9d0532f3ca919e4f2bd,2016-03-05T14:42:29Z,timograham@gmail.com,True,valid
2,2024-08-14,Github-Hosted,Linux,X64,H6060-Python-Django,Pypi,https://github.com/django/django,django,django,1.8.12,4bd1a391fcca8ed7340515c27e76efa7332e3cb0,2016-04-01T17:50:34Z,timograham@gmail.com,True,valid
2,2024-08-14,Github-Hosted,Linux,X64,H6060-Python-Django,Pypi,https://github.com/django/django,django,django,1.8.13,0291bc5847736995c19ca1737527933bde063535,2016-05-02T22:42:15Z,timograham@gmail.com,True,valid
2,2024-08-14,Github-Hosted,Linux,X64,H6060-Python-Django,Pypi,https://github.com/django/django,django,django,1.8.14,fe6d2c5ef3026103eaf3a44ba206e8256836573e,2016-07-18T18:47:51Z,timograham@gmail.com,True,valid
2,2024-08-14,Github-Hosted,Linux,X64,H6060-Python-Django,Pypi,https://github.com/django/django,django,django,1.8.15,6916fa7b6d66c84488fb36b98bebd4c08e6a0d0b,2016-09-26T18:23:59Z,timograham@gmail.com,True,valid
2,2024-08-14,Github-Hosted,Linux,X64,H6060-Python-Django,Pypi,https://github.com/django/django,django,django,1.8.16,70634cec2da567c9cb7233bd0d2152de5a588a02,2016-11-01T14:05:04Z,timograham@gmail.com,True,valid
2,2024-08-14,Github-Hosted,Linux,X64,H6060-Python-Django,Pypi,https://github.com/django/django,django,django,1.8.17,185f905570c606b4ff56c388ef78a217383fafeb,2016-12-01T23:00:13Z,timograham@gmail.com,True,valid
2,2024-08-14,Github-Hosted,Linux,X64,H6060-Python-Django,Pypi,https://github.com/django/django,django,django,1.8.18,a0c6e127a2e3b59f621f0ac73602e5fa1e0d6465,2017-04-04T14:04:22Z,timograham@gmail.com,True,valid
2,2024-08-14,Github-Hosted,Linux,X64,H6060-Python-Django,Pypi,https://github.com/django/django,django,django,1.8.19,59c7790972ce48105bc63d885909fd03acb5bad5,2018-03-06T14:20:20Z,timograham@gmail.com,True,valid
2,2024-08-14,Github-Hosted,Linux,X64,H6060-Python-Django,Pypi,https://github.com/django/django,django,django,1.8.2,b5cfeea0f045299ef80808565da0af7fbd14a33a,2015-05-20T18:06:10Z,timograham@gmail.com,True,valid
2,2024-08-14,Github-Hosted,Linux,X64,H6060-Python-Django,Pypi,https://github.com/django/django,django,django,1.8.3,aa882e78cf902b3ba380a493287774d7596d754e,2015-07-08T20:00:23Z,timograham@gmail.com,True,valid
2,2024-08-14,Github-Hosted,Linux,X64,H6060-Python-Django,Pypi,https://github.com/django/django,django,django,1.8.4,41974ac23c5367cad0e63485e1ea31afb76e33ab,2015-08-18T17:29:24Z,timograham@gmail.com,True,valid
2,2024-08-14,Github-Hosted,Linux,X64,H6060-Python-Django,Pypi,https://github.com/django/django,django,django,1.8.5,2ce9d5bc24bfb6f2530921e34397ba4eaa531284,2015-10-03T23:48:55Z,timograham@gmail.com,True,valid
2,2024-08-14,Github-Hosted,Linux,X64,H6060-Python-Django,Pypi,https://github.com/django/django,django,django,1.8.6,7d16d6bf1d06c739296f049f261b589d338692df,2015-11-04T17:04:34Z,timograham@gmail.com,True,valid
2,2024-08-14,Github-Hosted,Linux,X64,H6060-Python-Django,Pypi,https://github.com/django/django,django,django,1.8.7,93beb18fa98b12cae17146c201b4f3ead34ca46c,2015-11-24T17:28:21Z,timograham@gmail.com,True,valid
2,2024-08-14,Github-Hosted,Linux,X64,H6060-Python-Django,Pypi,https://github.com/django/django,django,django,1.8.8,866cdda67c23d0396136781199242219a34f6f78,2016-01-02T13:53:22Z,timograham@gmail.com,True,valid
2,2024-08-14,Github-Hosted,Linux,X64,H6060-Python-Django,Pypi,https://github.com/django/django,django,django,1.8.9,6919992dfbc3f4eb7f1a3e6793aba5094cba0d0f,2016-02-01T17:21:36Z,timograham@gmail.com,True,valid
2,2024-08-14,Github-Hosted,Linux,X64,H6060-Python-Django,Pypi,https://github.com/django/django,django,django,1.8a1,a7daf64fe10d9d58b69c23ded8e83b5a0a4e3212,2015-01-16T23:15:11Z,timograham@gmail.com,True,valid
2,2024-08-14,Github-Hosted,Linux,X64,H6060-Python-Django,Pypi,https://github.com/django/django,django,django,1.8b1,b0b9522919e96f84eb71bcc9a4b414226a56892b,2015-02-25T13:56:20Z,timograham@gmail.com,True,valid
2,2024-08-14,Github-Hosted,Linux,X64,H6060-Python-Django,Pypi,https://github.com/django/django,django,django,1.8b2,0fc8bb1cad9c41df065b8a8cfa2e1c709b4d747d,2015-03-09T15:55:38Z,timograham@gmail.com,True,valid
2,2024-08-14,Github-Hosted,Linux,X64,H6060-Python-Django,Pypi,https://github.com/django/django,django,django,1.8c1,3fcd4ea297d0ee1455e26fc31ac83310fcc58b3b,2015-03-19T00:13:17Z,timograham@gmail.com,True,valid
2,2024-08-14,Github-Hosted,Linux,X64,H6060-Python-Django,Pypi,https://github.com/django/django,django,django,1.9,c05d92e84df6a980ba0bba0f639b4c44a1629da5,2015-12-01T23:58:27Z,timograham@gmail.com,True,valid
2,2024-08-14,Github-Hosted,Linux,X64,H6060-Python-Django,Pypi,https://github.com/django/django,django,django,1.9.1,bbad5da971f278b31ef53275432bf695acff90f6,2016-01-02T13:50:54Z,timograham@gmail.com,True,valid
2,2024-08-14,Github-Hosted,Linux,X64,H6060-Python-Django,Pypi,https://github.com/django/django,django,django,1.9.10,492e48717f1de616942e22723d9618c767e22e8c,2016-09-26T18:31:58Z,timograham@gmail.com,True,valid
2,2024-08-14,Github-Hosted,Linux,X64,H6060-Python-Django,Pypi,https://github.com/django/django,django,django,1.9.11,bc194d6c016bae0cc3a5e86d62e3bc8a17a768c8,2016-11-01T14:02:39Z,timograham@gmail.com,True,valid
2,2024-08-14,Github-Hosted,Linux,X64,H6060-Python-Django,Pypi,https://github.com/django/django,django,django,1.9.12,14705155ea86a4fe0913c4b8d6bfa11c93e6c94e,2016-12-01T23:11:34Z,timograham@gmail.com,True,valid
2,2024-08-14,Github-Hosted,Linux,X64,H6060-Python-Django,Pypi,https://github.com/django/django,django,django,1.9.13,e43c05d0a998b3d48e77e6aa6626f9b7778207d2,2017-04-04T14:11:47Z,timograham@gmail.com,True,valid
2,2024-08-14,Github-Hosted,Linux,X64,H6060-Python-Django,Pypi,https://github.com/django/django,django,django,1.9.2,9281cd0899ed90b31b4788968330174cb1d282fa,2016-02-01T17:15:49Z,timograham@gmail.com,True,valid
2,2024-08-14,Github-Hosted,Linux,X64,H6060-Python-Django,Pypi,https://github.com/django/django,django,django,1.9.3,59241756adb589f691e7dc88b5b1ff75d2b0b0ac,2016-03-01T17:21:20Z,timograham@gmail.com,True,valid
2,2024-08-14,Github-Hosted,Linux,X64,H6060-Python-Django,Pypi,https://github.com/django/django,django,django,1.9.4,339c4c83d8ee487590ef1a2b86baf29700d6c3c4,2016-03-05T14:41:09Z,timograham@gmail.com,True,valid
2,2024-08-14,Github-Hosted,Linux,X64,H6060-Python-Django,Pypi,https://github.com/django/django,django,django,1.9.5,2676c358d223fcbda8bc86870e943455fd031f15,2016-04-01T17:45:00Z,timograham@gmail.com,True,valid
2,2024-08-14,Github-Hosted,Linux,X64,H6060-Python-Django,Pypi,https://github.com/django/django,django,django,1.9.6,e104f9d29e62e352bbf2f1661fd2e870d7e05079,2016-05-02T22:30:23Z,timograham@gmail.com,True,valid
2,2024-08-14,Github-Hosted,Linux,X64,H6060-Python-Django,Pypi,https://github.com/django/django,django,django,1.9.7,30880245fa4c5dd3f15fdc211b6ef476273027f3,2016-06-04T23:46:20Z,timograham@gmail.com,True,valid
2,2024-08-14,Github-Hosted,Linux,X64,H6060-Python-Django,Pypi,https://github.com/django/django,django,django,1.9.8,3756412bcee5d4331bca8243195eb610ce7672a9,2016-07-18T18:48:30Z,timograham@gmail.com,True,valid
2,2024-08-14,Github-Hosted,Linux,X64,H6060-Python-Django,Pypi,https://github.com/django/django,django,django,1.9.9,bf7c0a2c2594431d1680560f039d9fdade8a3d5a,2016-08-01T18:12:21Z,timograham@gmail.com,True,valid
2,2024-08-14,Github-Hosted,Linux,X64,H6060-Python-Django,Pypi,https://github.com/django/django,django,django,1.9a1,13d173e6399c8a172104b34559bf1fffba67f92b,2015-09-24T00:36:53Z,timograham@gmail.com,True,valid
2,2024-08-14,Github-Hosted,Linux,X64,H6060-Python-Django,Pypi,https://github.com/django/django,django,django,1.9b1,65372c95096dd53dca4fcc21b810528f3c54d88e,2015-10-20T01:08:45Z,timograham@gmail.com,True,valid
2,2024-08-14,Github-Hosted,Linux,X64,H6060-Python-Django,Pypi,https://github.com/django/django,django,django,1.9rc1,3508baece4882e2137f76744080aba379f320467,2015-11-16T21:12:17Z,timograham@gmail.com,True,valid
2,2024-08-14,Github-Hosted,Linux,X64,H6060-Python-Django,Pypi,https://github.com/django/django,django,django,1.9rc2,056ed7c066acb1426b341eb9342958286fad59c3,2015-11-24T17:37:16Z,timograham@gmail.com,True,valid
2,2024-08-14,Github-Hosted,Linux,X64,H6060-Python-Django,Pypi,https://github.com/django/django,django,django,2.0,04425d20fb22302a31e05fdd7c4b1a71cd97ce65,2017-12-02T15:09:03Z,timograham@gmail.com,True,valid
2,2024-08-14,Github-Hosted,Linux,X64,H6060-Python-Django,Pypi,https://github.com/django/django,django,django,2.0.1,4727b2fcb9b02d0f952f9fb5f52674c0860bd4d9,2018-01-02T00:50:14Z,timograham@gmail.com,True,valid
2,2024-08-14,Github-Hosted,Linux,X64,H6060-Python-Django,Pypi,https://github.com/django/django,django,django,2.0.10,95be906c7d6ab62d23d725342d6d90dd7ee74441,2019-01-04T14:01:30Z,timograham@gmail.com,True,valid
2,2024-08-14,Github-Hosted,Linux,X64,H6060-Python-Django,Pypi,https://github.com/django/django,django,django,2.0.11,4eefdc178ea79b4966ed2882d6a75a37dec18d9f,2019-02-11T10:30:11Z,carlton.gibson@noumenal.es,True,valid
2,2024-08-14,Github-Hosted,Linux,X64,H6060-Python-Django,Pypi,https://github.com/django/django,django,django,2.0.12,6597abe929d5325f7b1ed6b0a3e9178a596c8c79,2019-02-11T15:05:11Z,carlton.gibson@noumenal.es,True,valid
2,2024-08-14,Github-Hosted,Linux,X64,H6060-Python-Django,Pypi,https://github.com/django/django,django,django,2.0.13,3525c555c7076fd0a601753708166dab1353a619,2019-02-12T10:33:16Z,carlton.gibson@noumenal.es,True,valid
2,2024-08-14,Github-Hosted,Linux,X64,H6060-Python-Django,Pypi,https://github.com/django/django,django,django,2.0.2,dcdff52654e9a09914f1c1093e677f16f2ab98a1,2018-02-01T14:27:58Z,timograham@gmail.com,True,valid
2,2024-08-14,Github-Hosted,Linux,X64,H6060-Python-Django,Pypi,https://github.com/django/django,django,django,2.0.3,d9950a5afe5c348907a9c0a9ea3a224a48a5826f,2018-03-06T14:02:14Z,timograham@gmail.com,True,valid
2,2024-08-14,Github-Hosted,Linux,X64,H6060-Python-Django,Pypi,https://github.com/django/django,django,django,2.0.4,e045cc144f0454af782514e56597a820c832fcdb,2018-04-03T02:38:29Z,timograham@gmail.com,True,valid
2,2024-08-14,Github-Hosted,Linux,X64,H6060-Python-Django,Pypi,https://github.com/django/django,django,django,2.0.5,ae3ec8f3ed9d873bb3f84dfdbf51edf81c3cc848,2018-05-02T01:28:12Z,timograham@gmail.com,True,valid
2,2024-08-14,Github-Hosted,Linux,X64,H6060-Python-Django,Pypi,https://github.com/django/django,django,django,2.0.6,fa8ad0a395be497b2e79dd91fb3926e7a86e3093,2018-06-01T15:30:45Z,carlton.gibson@noumenal.es,True,valid
2,2024-08-14,Github-Hosted,Linux,X64,H6060-Python-Django,Pypi,https://github.com/django/django,django,django,2.0.7,5a09118a5dc11b975ad1934316d87b0fbf714aad,2018-07-02T08:58:01Z,carlton.gibson@noumenal.es,True,valid
2,2024-08-14,Github-Hosted,Linux,X64,H6060-Python-Django,Pypi,https://github.com/django/django,django,django,2.0.8,c318de540e6bf3de562088f235a634ca67551bc1,2018-08-01T13:49:37Z,timograham@gmail.com,True,valid
2,2024-08-14,Github-Hosted,Linux,X64,H6060-Python-Django,Pypi,https://github.com/django/django,django,django,2.0.9,a0831dbee0117acc185de26828a46724b1a113de,2018-10-01T08:02:02Z,carlton.gibson@noumenal.es,True,valid
2,2024-08-14,Github-Hosted,Linux,X64,H6060-Python-Django,Pypi,https://github.com/django/django,django,django,2.0a1,57f886d90ce2e3cbd71795b81e75f4320f884746,2017-09-22T18:06:28Z,timograham@gmail.com,True,valid
2,2024-08-14,Github-Hosted,Linux,X64,H6060-Python-Django,Pypi,https://github.com/django/django,django,django,2.0b1,d7c557618aceca81c6c2ecd076c8e7c3a945bbd0,2017-10-17T01:41:19Z,timograham@gmail.com,True,valid
2,2024-08-14,Github-Hosted,Linux,X64,H6060-Python-Django,Pypi,https://github.com/django/django,django,django,2.0rc1,4c22d844b2f6eeb2be31f899f98641e7c99a3101,2017-11-15T23:49:41Z,timograham@gmail.com,True,valid
2,2024-08-14,Github-Hosted,Linux,X64,H6060-Python-Django,Pypi,https://github.com/django/django,django,django,2.1,4c8487ba03efdbb3f5d8887818edebdc343e47cc,2018-08-01T13:57:26Z,timograham@gmail.com,True,valid
2,2024-08-14,Github-Hosted,Linux,X64,H6060-Python-Django,Pypi,https://github.com/django/django,django,django,2.1.1,931e014889f0ab8e9ab117fccf172a815958380f,2018-08-31T08:40:19Z,carlton.gibson@noumenal.es,True,valid
2,2024-08-14,Github-Hosted,Linux,X64,H6060-Python-Django,Pypi,https://github.com/django/django,django,django,2.1.10,4ac4eb7e9489c395ec10f41add579a725aa6f703,2019-07-01T06:30:39Z,felisiak.mariusz@gmail.com,True,valid
2,2024-08-14,Github-Hosted,Linux,X64,H6060-Python-Django,Pypi,https://github.com/django/django,django,django,2.1.11,213f943f8735ceb115121d2bd6279d4af518b637,2019-08-01T08:51:44Z,carlton.gibson@noumenal.es,True,valid
2,2024-08-14,Github-Hosted,Linux,X64,H6060-Python-Django,Pypi,https://github.com/django/django,django,django,2.1.12,9b7b9036e1ef4a180b075d484e5823d39d2ff373,2019-09-02T06:40:46Z,felisiak.mariusz@gmail.com,True,valid
2,2024-08-14,Github-Hosted,Linux,X64,H6060-Python-Django,Pypi,https://github.com/django/django,django,django,2.1.13,d750d7c36c88eb34a20d883209a69609d04099cf,2019-10-01T08:24:54Z,carlton.gibson@noumenal.es,True,valid
2,2024-08-14,Github-Hosted,Linux,X64,H6060-Python-Django,Pypi,https://github.com/django/django,django,django,2.1.14,81f678a1b2de3b91af55c8d365be16e1edcd81e5,2019-11-04T08:15:43Z,felisiak.mariusz@gmail.com,True,valid
2,2024-08-14,Github-Hosted,Linux,X64,H6060-Python-Django,Pypi,https://github.com/django/django,django,django,2.1.15,7d13413146565414547d43632d0b3181b7500d0b,2019-12-02T08:26:17Z,carlton.gibson@noumenal.es,True,valid
2,2024-08-14,Github-Hosted,Linux,X64,H6060-Python-Django,Pypi,https://github.com/django/django,django,django,2.1.2,0da299ac09065ae4cf93553b1ce869bbe5d7bc7b,2018-10-01T08:24:28Z,carlton.gibson@noumenal.es,True,valid
2,2024-08-14,Github-Hosted,Linux,X64,H6060-Python-Django,Pypi,https://github.com/django/django,django,django,2.1.3,e13673aa58a00bbf9346e3b7e34271c165b57292,2018-11-01T14:35:20Z,carlton.gibson@noumenal.es,True,valid
2,2024-08-14,Github-Hosted,Linux,X64,H6060-Python-Django,Pypi,https://github.com/django/django,django,django,2.1.4,124f8f20bd74ee75991c08d34a9a06dcd357965f,2018-12-03T16:39:11Z,carlton.gibson@noumenal.es,True,valid
2,2024-08-14,Github-Hosted,Linux,X64,H6060-Python-Django,Pypi,https://github.com/django/django,django,django,2.1.5,a7f7a75aa65125e48f6712b52d655fbaba78b954,2019-01-04T13:47:32Z,timograham@gmail.com,True,valid
2,2024-08-14,Github-Hosted,Linux,X64,H6060-Python-Django,Pypi,https://github.com/django/django,django,django,2.1.6,1a52d03f7b0441d916542443bf54c326d8ce5c07,2019-02-11T10:28:00Z,carlton.gibson@noumenal.es,True,valid
2,2024-08-14,Github-Hosted,Linux,X64,H6060-Python-Django,Pypi,https://github.com/django/django,django,django,2.1.7,838a274acbb94ce429c7bab9cfbe1edd10aeeb08,2019-02-11T15:09:02Z,carlton.gibson@noumenal.es,True,valid
2,2024-08-14,Github-Hosted,Linux,X64,H6060-Python-Django,Pypi,https://github.com/django/django,django,django,2.1.8,de867b961004bf08638e1b1101b5c7b20082867a,2019-04-01T09:18:47Z,carlton.gibson@noumenal.es,True,valid
2,2024-08-14,Github-Hosted,Linux,X64,H6060-Python-Django,Pypi,https://github.com/django/django,django,django,2.1.9,c86e5f16aed6fd52005047ab1b92173c4df4040f,2019-06-03T09:57:00Z,carlton.gibson@noumenal.es,True,valid
2,2024-08-14,Github-Hosted,Linux,X64,H6060-Python-Django,Pypi,https://github.com/django/django,django,django,2.1a1,084e589859529a0d3c724bf49cb93c1769b34d45,2018-05-18T01:00:28Z,timograham@gmail.com,True,valid
2,2024-08-14,Github-Hosted,Linux,X64,H6060-Python-Django,Pypi,https://github.com/django/django,django,django,2.1b1,db0a71cc6f29d491300f1aaedf597af102cea031,2018-06-18T23:48:49Z,timograham@gmail.com,True,valid
2,2024-08-14,Github-Hosted,Linux,X64,H6060-Python-Django,Pypi,https://github.com/django/django,django,django,2.1rc1,598fcb1690c6156291b7e6906401acda1d4a221f,2018-07-18T12:40:47Z,timograham@gmail.com,True,valid
2,2024-08-14,Github-Hosted,Linux,X64,H6060-Python-Django,Pypi,https://github.com/django/django,django,django,2.2,51e9ad24dbec5cdb5b3421c1b0a152a36360b75c,2019-04-01T12:47:25Z,carlton.gibson@noumenal.es,True,valid
2,2024-08-14,Github-Hosted,Linux,X64,H6060-Python-Django,Pypi,https://github.com/django/django,django,django,2.2.1,b0c9c293b37860c7099b1eabb9c2fb30376219a6,2019-05-01T06:00:26Z,felisiak.mariusz@gmail.com,True,valid
2,2024-08-14,Github-Hosted,Linux,X64,H6060-Python-Django,Pypi,https://github.com/django/django,django,django,2.2.10,d806cb7cbe46f91724449c22f06e92dffc950167,2020-02-03T08:48:41Z,carlton.gibson@noumenal.es,True,valid
2,2024-08-14,Github-Hosted,Linux,X64,H6060-Python-Django,Pypi,https://github.com/django/django,django,django,2.2.11,5857937a8c72172f9ca653c3ca59d36f49cec2e8,2020-03-04T08:37:13Z,felisiak.mariusz@gmail.com,True,valid
2,2024-08-14,Github-Hosted,Linux,X64,H6060-Python-Django,Pypi,https://github.com/django/django,django,django,2.2.12,b88d2fadca1de2a25379ddd49bb9d2fb8e991d27,2020-04-01T07:45:30Z,carlton.gibson@noumenal.es,True,valid
2,2024-08-14,Github-Hosted,Linux,X64,H6060-Python-Django,Pypi,https://github.com/django/django,django,django,2.2.13,07bdf94e9bc9375696795282356673d0de7cfb2c,2020-06-03T08:49:47Z,carlton.gibson@noumenal.es,True,valid
2,2024-08-14,Github-Hosted,Linux,X64,H6060-Python-Django,Pypi,https://github.com/django/django,django,django,2.2.14,a3d63d911407f118360a706b4b314aa07afc3e5f,2020-07-01T04:40:43Z,felisiak.mariusz@gmail.com,True,valid
2,2024-08-14,Github-Hosted,Linux,X64,H6060-Python-Django,Pypi,https://github.com/django/django,django,django,2.2.15,82566599207752665ffd9cd2f0420a9100b3dda6,2020-08-03T07:11:10Z,felisiak.mariusz@gmail.com,True,valid
2,2024-08-14,Github-Hosted,Linux,X64,H6060-Python-Django,Pypi,https://github.com/django/django,django,django,2.2.16,eebc3aafe06678024b8eef99a43eb710d66ce4aa,2020-09-01T08:32:32Z,carlton.gibson@noumenal.es,True,valid
2,2024-08-14,Github-Hosted,Linux,X64,H6060-Python-Django,Pypi,https://github.com/django/django,django,django,2.2.17,70618b619a0750004ebf9ef5ec94b6efc145e2b7,2020-11-02T07:53:25Z,carlton.gibson@noumenal.es,True,valid
2,2024-08-14,Github-Hosted,Linux,X64,H6060-Python-Django,Pypi,https://github.com/django/django,django,django,2.2.18,6dc81f2bb676c3eac4df33754ff462861a0a5078,2021-02-01T08:44:35Z,felisiak.mariusz@gmail.com,True,valid
2,2024-08-14,Github-Hosted,Linux,X64,H6060-Python-Django,Pypi,https://github.com/django/django,django,django,2.2.19,2e5451cefeb07f46b5e04ee60e846d84afea76c3,2021-02-19T08:45:11Z,carlton.gibson@noumenal.es,False,unsigned
2,2024-08-14,Github-Hosted,Linux,X64,H6060-Python-Django,Pypi,https://github.com/django/django,django,django,2.2.2,e6dd30ec333084b62d922d17603ec0d42c24a247,2019-06-03T10:02:01Z,carlton.gibson@noumenal.es,True,valid
2,2024-08-14,Github-Hosted,Linux,X64,H6060-Python-Django,Pypi,https://github.com/django/django,django,django,2.2.20,8a1c5b73ba51979a273fa683076d1be3a4e12c25,2021-04-06T06:41:06Z,felisiak.mariusz@gmail.com,True,valid
2,2024-08-14,Github-Hosted,Linux,X64,H6060-Python-Django,Pypi,https://github.com/django/django,django,django,2.2.21,7dc935249d014e9705a1fb27fb249c2eeaadb9dc,2021-05-04T08:22:43Z,carlton.gibson@noumenal.es,True,valid
2,2024-08-14,Github-Hosted,Linux,X64,H6060-Python-Django,Pypi,https://github.com/django/django,django,django,2.2.22,18e69373429c55b9d3c74a593a9173b748465967,2021-05-06T07:09:55Z,felisiak.mariusz@gmail.com,True,valid
2,2024-08-14,Github-Hosted,Linux,X64,H6060-Python-Django,Pypi,https://github.com/django/django,django,django,2.2.23,3db2e90d09722ac38ced8ff9512db9de0b08af5b,2021-05-13T07:21:45Z,felisiak.mariusz@gmail.com,True,valid
2,2024-08-14,Github-Hosted,Linux,X64,H6060-Python-Django,Pypi,https://github.com/django/django,django,django,2.2.24,cc0fce792a7c5d93749fb914faeb4921e53fea4b,2021-06-02T08:31:01Z,carlton.gibson@noumenal.es,True,valid
2,2024-08-14,Github-Hosted,Linux,X64,H6060-Python-Django,Pypi,https://github.com/django/django,django,django,2.2.25,26b90b35f13077fe1a6446297f99bc1d3b17dfcc,2021-12-07T06:04:34Z,felisiak.mariusz@gmail.com,True,valid
2,2024-08-14,Github-Hosted,Linux,X64,H6060-Python-Django,Pypi,https://github.com/django/django,django,django,2.2.26,89c798a5b9b7f055a533f98877ed8f2076ffdf6a,2022-01-04T09:33:27Z,carlton.gibson@noumenal.es,True,valid
2,2024-08-14,Github-Hosted,Linux,X64,H6060-Python-Django,Pypi,https://github.com/django/django,django,django,2.2.27,7e9eb69fbd4c13230ccda38370dade5cffc30015,2022-02-01T07:09:05Z,felisiak.mariusz@gmail.com,True,valid
2,2024-08-14,Github-Hosted,Linux,X64,H6060-Python-Django,Pypi,https://github.com/django/django,django,django,2.2.28,3c210924fbc2d231d6ae7d84dbcbec950fabba0b,2022-04-11T07:28:34Z,felisiak.mariusz@gmail.com,True,valid
2,2024-08-14,Github-Hosted,Linux,X64,H6060-Python-Django,Pypi,https://github.com/django/django,django,django,2.2.3,e6b17f04da71cf8256d844265822d32ca4e1a981,2019-07-01T06:09:14Z,felisiak.mariusz@gmail.com,True,valid
2,2024-08-14,Github-Hosted,Linux,X64,H6060-Python-Django,Pypi,https://github.com/django/django,django,django,2.2.4,5834690ea0728ab23c367d202d693f4188f5851d,2019-08-01T08:58:27Z,carlton.gibson@noumenal.es,True,valid
2,2024-08-14,Github-Hosted,Linux,X64,H6060-Python-Django,Pypi,https://github.com/django/django,django,django,2.2.5,5abec3cb41b4f26a7ce97392c58831bebeff1be4,2019-09-02T06:30:31Z,felisiak.mariusz@gmail.com,True,valid
2,2024-08-14,Github-Hosted,Linux,X64,H6060-Python-Django,Pypi,https://github.com/django/django,django,django,2.2.6,e969c4d35cf6b78e0358f4e37ebd3fe56e1bc166,2019-10-01T08:29:47Z,carlton.gibson@noumenal.es,True,valid
2,2024-08-14,Github-Hosted,Linux,X64,H6060-Python-Django,Pypi,https://github.com/django/django,django,django,2.2.7,af38ee9c3e0aca830ed890f30b3a4e5036e71e0f,2019-11-04T07:53:02Z,felisiak.mariusz@gmail.com,True,valid
2,2024-08-14,Github-Hosted,Linux,X64,H6060-Python-Django,Pypi,https://github.com/django/django,django,django,2.2.8,3bab5bff018b60cbb55ee202f297cbe9cc8a803e,2019-12-02T08:32:46Z,carlton.gibson@noumenal.es,True,valid
2,2024-08-14,Github-Hosted,Linux,X64,H6060-Python-Django,Pypi,https://github.com/django/django,django,django,2.2.9,3c8cd3685319fe5b4ac1f1c0ab6532baf692cfc8,2019-12-18T08:29:53Z,felisiak.mariusz@gmail.com,True,valid
2,2024-08-14,Github-Hosted,Linux,X64,H6060-Python-Django,Pypi,https://github.com/django/django,django,django,2.2a1,7c803ff96c08cd0f29fb3921ba5dbaf40f06f7cc,2019-01-17T15:35:28Z,carlton.gibson@noumenal.es,True,valid
2,2024-08-14,Github-Hosted,Linux,X64,H6060-Python-Django,Pypi,https://github.com/django/django,django,django,2.2b1,09d1567dcb8f616135b5b0b7eda46a32cdffe2ae,2019-02-11T10:24:15Z,carlton.gibson@noumenal.es,True,valid
2,2024-08-14,Github-Hosted,Linux,X64,H6060-Python-Django,Pypi,https://github.com/django/django,django,django,2.2rc1,41f71fd1e797b5cdf71754d99971e18f09e4ef54,2019-03-18T08:56:36Z,carlton.gibson@noumenal.es,True,valid
2,2024-08-14,Github-Hosted,Linux,X64,H6060-Python-Django,Pypi,https://github.com/django/django,django,django,3.0,b09b5fe31724489386acaebd783f82a34bdfee9f,2019-12-02T11:05:21Z,carlton.gibson@noumenal.es,True,valid
2,2024-08-14,Github-Hosted,Linux,X64,H6060-Python-Django,Pypi,https://github.com/django/django,django,django,3.0.1,29654098fb1ea738942cab998cff1232fc6425c4,2019-12-18T08:23:38Z,felisiak.mariusz@gmail.com,True,valid
2,2024-08-14,Github-Hosted,Linux,X64,H6060-Python-Django,Pypi,https://github.com/django/django,django,django,3.0.10,38694e39f1aee4ca14ec1e23cc80d442dde0f36c,2020-09-01T08:29:04Z,carlton.gibson@noumenal.es,True,valid
2,2024-08-14,Github-Hosted,Linux,X64,H6060-Python-Django,Pypi,https://github.com/django/django,django,django,3.0.11,4b8eb57a45fc6593a203981edf4c99ec14031422,2020-11-02T08:01:42Z,carlton.gibson@noumenal.es,True,valid
2,2024-08-14,Github-Hosted,Linux,X64,H6060-Python-Django,Pypi,https://github.com/django/django,django,django,3.0.12,d1f7478c92b3ff8e7d839b2c525d9356b8c3f1cb,2021-02-01T08:41:28Z,felisiak.mariusz@gmail.com,True,valid
2,2024-08-14,Github-Hosted,Linux,X64,H6060-Python-Django,Pypi,https://github.com/django/django,django,django,3.0.13,ca9f93c3ab0b56dd700fd55dbfcbd2ab7e95e6c0,2021-02-19T08:42:44Z,carlton.gibson@noumenal.es,False,unsigned
2,2024-08-14,Github-Hosted,Linux,X64,H6060-Python-Django,Pypi,https://github.com/django/django,django,django,3.0.14,4eedccd6b25c8fd31af2626560eb6c021157611b,2021-04-06T06:36:00Z,felisiak.mariusz@gmail.com,True,valid
2,2024-08-14,Github-Hosted,Linux,X64,H6060-Python-Django,Pypi,https://github.com/django/django,django,django,3.0.2,27431091d4c03897526f81701397f22fad10250a,2020-01-02T07:12:53Z,felisiak.mariusz@gmail.com,True,valid
2,2024-08-14,Github-Hosted,Linux,X64,H6060-Python-Django,Pypi,https://github.com/django/django,django,django,3.0.3,f1ef70b2ca82efb6383b931f193d7d65a28edffb,2020-02-03T08:55:08Z,carlton.gibson@noumenal.es,True,valid
2,2024-08-14,Github-Hosted,Linux,X64,H6060-Python-Django,Pypi,https://github.com/django/django,django,django,3.0.4,914889f8295884a1abd53c03ebfa31f8a37d2f96,2020-03-04T08:23:37Z,felisiak.mariusz@gmail.com,True,valid
2,2024-08-14,Github-Hosted,Linux,X64,H6060-Python-Django,Pypi,https://github.com/django/django,django,django,3.0.5,7dc8524fa6db1c4e0afb8d31f3de23b450a9a212,2020-04-01T07:55:09Z,carlton.gibson@noumenal.es,True,valid
2,2024-08-14,Github-Hosted,Linux,X64,H6060-Python-Django,Pypi,https://github.com/django/django,django,django,3.0.6,8ecd86f6a7a27d374134b8c3c2f7d96a39673196,2020-05-04T05:17:52Z,felisiak.mariusz@gmail.com,True,valid
2,2024-08-14,Github-Hosted,Linux,X64,H6060-Python-Django,Pypi,https://github.com/django/django,django,django,3.0.7,b5e21df8958fba64cdae9e990dc146be6d931fe1,2020-06-03T08:28:37Z,carlton.gibson@noumenal.es,True,valid
2,2024-08-14,Github-Hosted,Linux,X64,H6060-Python-Django,Pypi,https://github.com/django/django,django,django,3.0.8,6b88882849a6225eee1a3c124a18502ed3ead566,2020-07-01T04:26:59Z,felisiak.mariusz@gmail.com,True,valid
2,2024-08-14,Github-Hosted,Linux,X64,H6060-Python-Django,Pypi,https://github.com/django/django,django,django,3.0.9,af6d042ee8d477d63316ef6ff2da7f4c2b0601fb,2020-08-03T07:04:21Z,felisiak.mariusz@gmail.com,True,valid
2,2024-08-14,Github-Hosted,Linux,X64,H6060-Python-Django,Pypi,https://github.com/django/django,django,django,3.0a1,3c2e980aadeb2479c21dd3f84d60fa99eb8342d1,2019-09-10T09:19:06Z,carlton.gibson@noumenal.es,True,valid
2,2024-08-14,Github-Hosted,Linux,X64,H6060-Python-Django,Pypi,https://github.com/django/django,django,django,3.0b1,8561d91d98d3feb359bce59fe629fb3b59fc84e1,2019-10-14T10:06:01Z,felisiak.mariusz@gmail.com,True,valid
2,2024-08-14,Github-Hosted,Linux,X64,H6060-Python-Django,Pypi,https://github.com/django/django,django,django,3.0rc1,75ef8448cbafca22114d6c79704b72020710c39e,2019-11-18T08:34:50Z,felisiak.mariusz@gmail.com,True,valid
2,2024-08-14,Github-Hosted,Linux,X64,H6060-Python-Django,Pypi,https://github.com/django/django,django,django,3.1,0c95a749ee3325f476cc1ff5ff0a627407fad9d4,2020-08-04T07:58:17Z,felisiak.mariusz@gmail.com,True,valid
2,2024-08-14,Github-Hosted,Linux,X64,H6060-Python-Django,Pypi,https://github.com/django/django,django,django,3.1.1,c6d0510b09d4993c5cc02f7d54dadfb208eb73a0,2020-09-01T08:25:04Z,carlton.gibson@noumenal.es,False,unsigned
2,2024-08-14,Github-Hosted,Linux,X64,H6060-Python-Django,Pypi,https://github.com/django/django,django,django,3.1.10,99c2c4c5b78fba526bbffaae3e924ba7aa6df832,2021-05-06T07:06:10Z,felisiak.mariusz@gmail.com,True,valid
2,2024-08-14,Github-Hosted,Linux,X64,H6060-Python-Django,Pypi,https://github.com/django/django,django,django,3.1.11,be084a4f40cdd260aa0506004719fd1a60e0d4a2,2021-05-13T07:18:03Z,felisiak.mariusz@gmail.com,True,valid
2,2024-08-14,Github-Hosted,Linux,X64,H6060-Python-Django,Pypi,https://github.com/django/django,django,django,3.1.12,8f9241975349c6aaca13816c89c9a8a4da88cd41,2021-06-02T08:42:27Z,carlton.gibson@noumenal.es,True,valid
2,2024-08-14,Github-Hosted,Linux,X64,H6060-Python-Django,Pypi,https://github.com/django/django,django,django,3.1.13,48e0bf546c5ef6340c26abe846ce309093c78a71,2021-07-01T06:39:04Z,felisiak.mariusz@gmail.com,True,valid
2,2024-08-14,Github-Hosted,Linux,X64,H6060-Python-Django,Pypi,https://github.com/django/django,django,django,3.1.14,0240f5cc80c38641db7cc43cbdc4e55ace679be7,2021-12-07T05:58:57Z,felisiak.mariusz@gmail.com,True,valid
2,2024-08-14,Github-Hosted,Linux,X64,H6060-Python-Django,Pypi,https://github.com/django/django,django,django,3.1.2,c62b6c1a80d9579facf7b1846c9bc06fca70d064,2020-10-01T05:28:27Z,felisiak.mariusz@gmail.com,True,valid
2,2024-08-14,Github-Hosted,Linux,X64,H6060-Python-Django,Pypi,https://github.com/django/django,django,django,3.1.3,5795894d733e06ebebfb1ff9cc22a3139ea36539,2020-11-02T08:06:26Z,carlton.gibson@noumenal.es,True,valid
2,2024-08-14,Github-Hosted,Linux,X64,H6060-Python-Django,Pypi,https://github.com/django/django,django,django,3.1.4,24dfeda44fa857f71aeeeefb189d82a31fe75f2b,2020-12-01T06:00:36Z,felisiak.mariusz@gmail.com,True,valid
2,2024-08-14,Github-Hosted,Linux,X64,H6060-Python-Django,Pypi,https://github.com/django/django,django,django,3.1.5,45fb3c13e2ebbf46819f93cba332e3729501c71e,2021-01-04T07:53:29Z,carlton.gibson@noumenal.es,True,valid
2,2024-08-14,Github-Hosted,Linux,X64,H6060-Python-Django,Pypi,https://github.com/django/django,django,django,3.1.6,32bb1421ae4bf8e3b730be0cb47ee026a72961f7,2021-02-01T08:35:12Z,felisiak.mariusz@gmail.com,True,valid
2,2024-08-14,Github-Hosted,Linux,X64,H6060-Python-Django,Pypi,https://github.com/django/django,django,django,3.1.7,83094092cda97b622c7aef65b1952c9e6f14d336,2021-02-19T08:39:50Z,carlton.gibson@noumenal.es,False,unsigned
2,2024-08-14,Github-Hosted,Linux,X64,H6060-Python-Django,Pypi,https://github.com/django/django,django,django,3.1.8,a2711fd03b6e36ff08b08c9d5b5b9db33fd55951,2021-04-06T06:30:03Z,felisiak.mariusz@gmail.com,True,valid
2,2024-08-14,Github-Hosted,Linux,X64,H6060-Python-Django,Pypi,https://github.com/django/django,django,django,3.1.9,688afeccf7de9d7eeb1394f78a21c56e215e6b81,2021-05-04T08:31:10Z,carlton.gibson@noumenal.es,True,valid
2,2024-08-14,Github-Hosted,Linux,X64,H6060-Python-Django,Pypi,https://github.com/django/django,django,django,3.1a1,7de338f0ffdbe8a5020b7c0732c35601cb7106f5,2020-05-14T09:10:27Z,felisiak.mariusz@gmail.com,True,valid
2,2024-08-14,Github-Hosted,Linux,X64,H6060-Python-Django,Pypi,https://github.com/django/django,django,django,3.1b1,49c8376bddff4a1d84a5829888a75209dfa3a793,2020-06-15T07:56:47Z,felisiak.mariusz@gmail.com,True,valid
2,2024-08-14,Github-Hosted,Linux,X64,H6060-Python-Django,Pypi,https://github.com/django/django,django,django,3.1rc1,c8c36d87c9d173ad7b333c8fb92686a55e25ea5d,2020-07-20T06:22:51Z,felisiak.mariusz@gmail.com,True,valid
2,2024-08-14,Github-Hosted,Linux,X64,H6060-Python-Django,Pypi,https://github.com/django/django,django,django,3.2,44fc12a29a59704f914d2799db09db1caafabfc9,2021-04-06T09:31:07Z,carlton.gibson@noumenal.es,True,valid
2,2024-08-14,Github-Hosted,Linux,X64,H6060-Python-Django,Pypi,https://github.com/django/django,django,django,3.2.1,0f168f0958a1bbb0c4c0e17073e69a789fc71fce,2021-05-04T08:41:52Z,carlton.gibson@noumenal.es,True,valid
2,2024-08-14,Github-Hosted,Linux,X64,H6060-Python-Django,Pypi,https://github.com/django/django,django,django,3.2.10,89a6d3870f9a137ab778ca38fda466bc35a91baf,2021-12-07T05:36:29Z,felisiak.mariusz@gmail.com,True,valid
2,2024-08-14,Github-Hosted,Linux,X64,H6060-Python-Django,Pypi,https://github.com/django/django,django,django,3.2.11,708a2f3476bfb13640c1def5e0721edbe4a80d2c,2022-01-04T09:39:11Z,carlton.gibson@noumenal.es,True,valid
2,2024-08-14,Github-Hosted,Linux,X64,H6060-Python-Django,Pypi,https://github.com/django/django,django,django,3.2.12,8e4510b2a97952ce612cd4b9ea6396d6020699f7,2022-02-01T07:04:52Z,felisiak.mariusz@gmail.com,True,valid
2,2024-08-14,Github-Hosted,Linux,X64,H6060-Python-Django,Pypi,https://github.com/django/django,django,django,3.2.13,0e35362097e0be379836d176bdf6a5f433d16b44,2022-04-11T07:20:32Z,felisiak.mariusz@gmail.com,True,valid
2,2024-08-14,Github-Hosted,Linux,X64,H6060-Python-Django,Pypi,https://github.com/django/django,django,django,3.2.14,064b256817720101da2965516fa59b95194dd5d2,2022-07-04T06:45:27Z,felisiak.mariusz@gmail.com,True,valid
2,2024-08-14,Github-Hosted,Linux,X64,H6060-Python-Django,Pypi,https://github.com/django/django,django,django,3.2.15,6cd12fc22a5384532aaed52600c0e163c486c262,2022-08-03T07:03:00Z,carlton.gibson@noumenal.es,True,valid
2,2024-08-14,Github-Hosted,Linux,X64,H6060-Python-Django,Pypi,https://github.com/django/django,django,django,3.2.16,e2658bcb739824dff64d29ba839e5e189c346916,2022-10-04T07:34:36Z,carlton.gibson@noumenal.es,True,valid
2,2024-08-14,Github-Hosted,Linux,X64,H6060-Python-Django,Pypi,https://github.com/django/django,django,django,3.2.17,cdd985b5dd7180372073342ef23ed841d4f59322,2023-02-01T08:59:38Z,felisiak.mariusz@gmail.com,True,valid
2,2024-08-14,Github-Hosted,Linux,X64,H6060-Python-Django,Pypi,https://github.com/django/django,django,django,3.2.18,ae4186b4aeadb1a41f16dad4a055ba4049707eb1,2023-02-14T08:06:24Z,carlton.gibson@noumenal.es,True,valid
2,2024-08-14,Github-Hosted,Linux,X64,H6060-Python-Django,Pypi,https://github.com/django/django,django,django,3.2.19,0bb31764560ad6a6a08c483484ace8ab4c9276fb,2023-05-03T12:00:13Z,felisiak.mariusz@gmail.com,True,valid
2,2024-08-14,Github-Hosted,Linux,X64,H6060-Python-Django,Pypi,https://github.com/django/django,django,django,3.2.2,22218c6342aedbf66431ef9a03a3165117a792f2,2021-05-06T07:01:29Z,felisiak.mariusz@gmail.com,True,valid
2,2024-08-14,Github-Hosted,Linux,X64,H6060-Python-Django,Pypi,https://github.com/django/django,django,django,3.2.20,f4115593eebaf91a8b8ad847466225067d42518d,2023-07-03T06:34:59Z,felisiak.mariusz@gmail.com,True,valid
2,2024-08-14,Github-Hosted,Linux,X64,H6060-Python-Django,Pypi,https://github.com/django/django,django,django,3.2.21,2b03c72f70a92dd87caa889e6a4ff27eac81e496,2023-09-04T10:25:06Z,felisiak.mariusz@gmail.com,True,valid
2,2024-08-14,Github-Hosted,Linux,X64,H6060-Python-Django,Pypi,https://github.com/django/django,django,django,3.2.22,7d0d1ecf958b444ac824363e5e2b149bc2498560,2023-10-04T13:56:08Z,124304+nessita@users.noreply.github.com,True,valid
2,2024-08-14,Github-Hosted,Linux,X64,H6060-Python-Django,Pypi,https://github.com/django/django,django,django,3.2.23,b1b7ef671341b757cde776a9514c6316ddfee36b,2023-11-01T05:33:39Z,felisiak.mariusz@gmail.com,True,valid
2,2024-08-14,Github-Hosted,Linux,X64,H6060-Python-Django,Pypi,https://github.com/django/django,django,django,3.2.24,bea1668ab8c7cb9f2d290d72c806ade8078a4c8b,2024-02-06T13:35:17Z,124304+nessita@users.noreply.github.com,True,valid
2,2024-08-14,Github-Hosted,Linux,X64,H6060-Python-Django,Pypi,https://github.com/django/django,django,django,3.2.25,e8310e48e143b3feb08bb6d8d383a12cbeb2399d,2024-03-04T07:49:54Z,felisiak.mariusz@gmail.com,True,valid
2,2024-08-14,Github-Hosted,Linux,X64,H6060-Python-Django,Pypi,https://github.com/django/django,django,django,3.2.3,22315ea3017a8c1b53fcc744927b66bed44770e0,2021-05-13T07:14:37Z,felisiak.mariusz@gmail.com,True,valid
2,2024-08-14,Github-Hosted,Linux,X64,H6060-Python-Django,Pypi,https://github.com/django/django,django,django,3.2.4,0300a095e994a69684552797fc19668ce7dce6e8,2021-06-02T08:48:54Z,carlton.gibson@noumenal.es,True,valid
2,2024-08-14,Github-Hosted,Linux,X64,H6060-Python-Django,Pypi,https://github.com/django/django,django,django,3.2.5,caa00caca7b4b6e825ef5557c039e83816a9b1dd,2021-07-01T06:32:32Z,felisiak.mariusz@gmail.com,True,valid
2,2024-08-14,Github-Hosted,Linux,X64,H6060-Python-Django,Pypi,https://github.com/django/django,django,django,3.2.6,95ad4b43116fe718c386194580af6b05222a0861,2021-08-02T06:26:48Z,carlton.gibson@noumenal.es,True,valid
2,2024-08-14,Github-Hosted,Linux,X64,H6060-Python-Django,Pypi,https://github.com/django/django,django,django,3.2.7,9d89712280e1ab9ff0ff87f8237f2214295a7442,2021-09-01T05:47:41Z,felisiak.mariusz@gmail.com,True,valid
2,2024-08-14,Github-Hosted,Linux,X64,H6060-Python-Django,Pypi,https://github.com/django/django,django,django,3.2.8,c76729da3ec159fdb3392bfacb0dfb96fb335dd0,2021-10-05T07:34:41Z,carlton.gibson@noumenal.es,True,valid
2,2024-08-14,Github-Hosted,Linux,X64,H6060-Python-Django,Pypi,https://github.com/django/django,django,django,3.2.9,d8e7849c52327b833b88bbe550539d5dd63028d4,2021-11-01T09:23:14Z,felisiak.mariusz@gmail.com,True,valid
2,2024-08-14,Github-Hosted,Linux,X64,H6060-Python-Django,Pypi,https://github.com/django/django,django,django,3.2a1,b94f9c6f28f62d2a5e910bac7a33a2540d3a69bb,2021-01-19T11:06:19Z,carlton.gibson@noumenal.es,True,valid
2,2024-08-14,Github-Hosted,Linux,X64,H6060-Python-Django,Pypi,https://github.com/django/django,django,django,3.2b1,f8065192e81161adbd182280498f025c676d6af0,2021-02-19T08:36:26Z,carlton.gibson@noumenal.es,False,unsigned
2,2024-08-14,Github-Hosted,Linux,X64,H6060-Python-Django,Pypi,https://github.com/django/django,django,django,3.2rc1,a3bcffb58783d2a08d653b4b1db609326b41e2c0,2021-03-18T13:55:19Z,carlton.gibson@noumenal.es,True,valid
2,2024-08-14,Github-Hosted,Linux,X64,H6060-Python-Django,Pypi,https://github.com/django/django,django,django,4.0,d845bdc56f4c165fe043302d7315dd803b4399bd,2021-12-07T09:11:39Z,felisiak.mariusz@gmail.com,True,valid
2,2024-08-14,Github-Hosted,Linux,X64,H6060-Python-Django,Pypi,https://github.com/django/django,django,django,4.0.1,340548c82be7922491d20d841463ae635aafba9b,2022-01-04T09:43:36Z,carlton.gibson@noumenal.es,True,valid
2,2024-08-14,Github-Hosted,Linux,X64,H6060-Python-Django,Pypi,https://github.com/django/django,django,django,4.0.10,3c4d57ce8513c54efb07a89e2111e18e5d911092,2023-02-14T08:09:55Z,carlton.gibson@noumenal.es,True,valid
2,2024-08-14,Github-Hosted,Linux,X64,H6060-Python-Django,Pypi,https://github.com/django/django,django,django,4.0.2,f95015823619f0a7f476e7df03527e1c852ad505,2022-02-01T07:00:36Z,felisiak.mariusz@gmail.com,True,valid
2,2024-08-14,Github-Hosted,Linux,X64,H6060-Python-Django,Pypi,https://github.com/django/django,django,django,4.0.3,c23bdc7e4c4e117e8217b326841427b88ae3f57d,2022-03-01T08:42:48Z,carlton.gibson@noumenal.es,True,valid
2,2024-08-14,Github-Hosted,Linux,X64,H6060-Python-Django,Pypi,https://github.com/django/django,django,django,4.0.4,27643e3094969a163dccab2ac8d0e8f2ec5fc2dc,2022-04-11T07:09:44Z,felisiak.mariusz@gmail.com,True,valid
2,2024-08-14,Github-Hosted,Linux,X64,H6060-Python-Django,Pypi,https://github.com/django/django,django,django,4.0.5,e96a9f9efc12926fbcef8f9e0be1d567ff72173d,2022-06-01T10:33:34Z,carlton.gibson@noumenal.es,True,valid
2,2024-08-14,Github-Hosted,Linux,X64,H6060-Python-Django,Pypi,https://github.com/django/django,django,django,4.0.6,f87c97b40928cff7fac557949a802230d3c66626,2022-07-04T06:36:04Z,felisiak.mariusz@gmail.com,True,valid
2,2024-08-14,Github-Hosted,Linux,X64,H6060-Python-Django,Pypi,https://github.com/django/django,django,django,4.0.7,a106ef4ddf527608e8649be775c00dafb22dce47,2022-08-03T06:57:52Z,carlton.gibson@noumenal.es,True,valid
2,2024-08-14,Github-Hosted,Linux,X64,H6060-Python-Django,Pypi,https://github.com/django/django,django,django,4.0.8,ee1375e9fb613faef34274e4dc3b77f0932ad255,2022-10-04T07:38:47Z,carlton.gibson@noumenal.es,True,valid
2,2024-08-14,Github-Hosted,Linux,X64,H6060-Python-Django,Pypi,https://github.com/django/django,django,django,4.0.9,a992b6f8c29bb465966d22fe718f1e0337708f2b,2023-02-01T08:56:37Z,felisiak.mariusz@gmail.com,True,valid
2,2024-08-14,Github-Hosted,Linux,X64,H6060-Python-Django,Pypi,https://github.com/django/django,django,django,4.0a1,bd3f093a4191298f59be999a6aef24573583006a,2021-09-21T18:21:17Z,felisiak.mariusz@gmail.com,True,valid
2,2024-08-14,Github-Hosted,Linux,X64,H6060-Python-Django,Pypi,https://github.com/django/django,django,django,4.0b1,4881e4c654cd7b4328427fae8f93f75786853cf6,2021-10-25T09:08:01Z,felisiak.mariusz@gmail.com,True,valid
2,2024-08-14,Github-Hosted,Linux,X64,H6060-Python-Django,Pypi,https://github.com/django/django,django,django,4.0rc1,76495756fda70ef572ef5af2c3b9d53eff4008d3,2021-11-22T06:31:03Z,felisiak.mariusz@gmail.com,True,valid
2,2024-08-14,Github-Hosted,Linux,X64,H6060-Python-Django,Pypi,https://github.com/django/django,django,django,4.1,506c989fd7619f60054a0d710d07346c713b6b4a,2022-08-03T08:35:20Z,carlton.gibson@noumenal.es,True,valid
2,2024-08-14,Github-Hosted,Linux,X64,H6060-Python-Django,Pypi,https://github.com/django/django,django,django,4.1.1,d991d3e8b7d2a2708327aa7dd09e999d8b4a010c,2022-09-29T16:22:17Z,felisiak.mariusz@gmail.com,True,valid
2,2024-08-14,Github-Hosted,Linux,X64,H6060-Python-Django,Pypi,https://github.com/django/django,django,django,4.1.10,dbcb4d4ec510223e064a6846a9d0a006a3646992,2023-07-03T06:29:26Z,felisiak.mariusz@gmail.com,True,valid
2,2024-08-14,Github-Hosted,Linux,X64,H6060-Python-Django,Pypi,https://github.com/django/django,django,django,4.1.11,7967c4b4e9cfc3057a425027c0d71a65f0bc9090,2023-09-04T10:19:41Z,felisiak.mariusz@gmail.com,True,valid
2,2024-08-14,Github-Hosted,Linux,X64,H6060-Python-Django,Pypi,https://github.com/django/django,django,django,4.1.12,d342a58029656d2bff00068addd5a6c21466b65a,2023-10-04T13:26:51Z,124304+nessita@users.noreply.github.com,True,valid
2,2024-08-14,Github-Hosted,Linux,X64,H6060-Python-Django,Pypi,https://github.com/django/django,django,django,4.1.13,d16a0df9ebfb330e247e691189f75d18ba87a671,2023-11-01T05:29:06Z,felisiak.mariusz@gmail.com,True,valid
2,2024-08-14,Github-Hosted,Linux,X64,H6060-Python-Django,Pypi,https://github.com/django/django,django,django,4.1.2,eff4dd015d81b0a5b98bae98941cd57a7dc02027,2022-10-04T07:45:20Z,carlton.gibson@noumenal.es,True,valid
2,2024-08-14,Github-Hosted,Linux,X64,H6060-Python-Django,Pypi,https://github.com/django/django,django,django,4.1.3,7a5697a5a29cddfe526c66f857619eefe612b987,2022-11-01T06:04:43Z,felisiak.mariusz@gmail.com,True,valid
2,2024-08-14,Github-Hosted,Linux,X64,H6060-Python-Django,Pypi,https://github.com/django/django,django,django,4.1.4,47b639bae81ce16b262f5a1572781cd7c30b5b7a,2022-12-06T09:14:20Z,carlton.gibson@noumenal.es,True,valid
2,2024-08-14,Github-Hosted,Linux,X64,H6060-Python-Django,Pypi,https://github.com/django/django,django,django,4.1.5,c6522ad4c226676bd4854e06f8654c3a7a14fb6a,2023-01-02T07:17:04Z,felisiak.mariusz@gmail.com,True,valid
2,2024-08-14,Github-Hosted,Linux,X64,H6060-Python-Django,Pypi,https://github.com/django/django,django,django,4.1.6,0577e5f8056861d1adfc545136af21423f900128,2023-02-01T08:52:04Z,felisiak.mariusz@gmail.com,True,valid
2,2024-08-14,Github-Hosted,Linux,X64,H6060-Python-Django,Pypi,https://github.com/django/django,django,django,4.1.7,150898d9cf24cce34bbc7dc79d75d291a1befb4b,2023-02-14T08:12:40Z,carlton.gibson@noumenal.es,True,valid
2,2024-08-14,Github-Hosted,Linux,X64,H6060-Python-Django,Pypi,https://github.com/django/django,django,django,4.1.8,8ca6f5522372c3ed610361e5998dd1e96ca19754,2023-04-05T05:53:22Z,felisiak.mariusz@gmail.com,True,valid
2,2024-08-14,Github-Hosted,Linux,X64,H6060-Python-Django,Pypi,https://github.com/django/django,django,django,4.1.9,15ddcb362b7147ba26d91b98337d5ccd4fd487f6,2023-05-03T11:56:22Z,felisiak.mariusz@gmail.com,True,valid
2,2024-08-14,Github-Hosted,Linux,X64,H6060-Python-Django,Pypi,https://github.com/django/django,django,django,4.1a1,309455ba23c6a4f4f4fb5b9b4e3a95195971784d,2022-05-18T05:54:16Z,carlton.gibson@noumenal.es,True,valid
2,2024-08-14,Github-Hosted,Linux,X64,H6060-Python-Django,Pypi,https://github.com/django/django,django,django,4.1b1,ddb4665db87245b1fa66bac202f2b49f038afd00,2022-06-21T09:18:53Z,carlton.gibson@noumenal.es,True,valid
2,2024-08-14,Github-Hosted,Linux,X64,H6060-Python-Django,Pypi,https://github.com/django/django,django,django,4.1rc1,76c2140407169fa6027d3ba9c793e89d91185e22,2022-07-19T08:59:38Z,carlton.gibson@noumenal.es,True,valid
2,2024-08-14,Github-Hosted,Linux,X64,H6060-Python-Django,Pypi,https://github.com/django/django,django,django,4.2,cc55e4bd68fe1a18f4ecce1bf1becab15bb2775b,2023-04-03T08:26:03Z,felisiak.mariusz@gmail.com,True,valid
2,2024-08-14,Github-Hosted,Linux,X64,H6060-Python-Django,Pypi,https://github.com/django/django,django,django,4.2.1,ca631f62d8260ee923237fc1bc224d4b34ae36da,2023-05-03T11:48:49Z,felisiak.mariusz@gmail.com,True,valid
2,2024-08-14,Github-Hosted,Linux,X64,H6060-Python-Django,Pypi,https://github.com/django/django,django,django,4.2.10,181182c114d0a0661e36761dbdb197dfc7e52bbd,2024-02-06T13:02:43Z,124304+nessita@users.noreply.github.com,True,valid
2,2024-08-14,Github-Hosted,Linux,X64,H6060-Python-Django,Pypi,https://github.com/django/django,django,django,4.2.11,4cc001eb7b3b59ca5d3f4421c54c2e9fab669b54,2024-03-04T07:44:27Z,felisiak.mariusz@gmail.com,True,valid
2,2024-08-14,Github-Hosted,Linux,X64,H6060-Python-Django,Pypi,https://github.com/django/django,django,django,4.2.12,ff10053dc9772d0d82d907cd9cb86610ab2296de,2024-05-06T16:10:21Z,42296566+sarahboyce@users.noreply.github.com,True,valid
2,2024-08-14,Github-Hosted,Linux,X64,H6060-Python-Django,Pypi,https://github.com/django/django,django,django,4.2.13,c2845b370402aba7d2c6c6af3fe07137ee0c6739,2024-05-07T17:14:42Z,124304+nessita@users.noreply.github.com,True,valid
2,2024-08-14,Github-Hosted,Linux,X64,H6060-Python-Django,Pypi,https://github.com/django/django,django,django,4.2.14,bfe7062dd8b196e81a6e53ab8beee7d7ac243dc6,2024-07-09T13:57:23Z,124304+nessita@users.noreply.github.com,True,valid
2,2024-08-14,Github-Hosted,Linux,X64,H6060-Python-Django,Pypi,https://github.com/django/django,django,django,4.2.15,d982d7282070784e2dc36681852a198e23fb916e,2024-08-06T13:08:32Z,42296566+sarahboyce@users.noreply.github.com,True,valid
2,2024-08-14,Github-Hosted,Linux,X64,H6060-Python-Django,Pypi,https://github.com/django/django,django,django,4.2.2,180e2da4c8e3fc7901699899623247bd0267d671,2023-06-05T13:31:23Z,124304+nessita@users.noreply.github.com,True,valid
2,2024-08-14,Github-Hosted,Linux,X64,H6060-Python-Django,Pypi,https://github.com/django/django,django,django,4.2.3,92e4a1c112212f55ff658687a310a95a5e768795,2023-07-03T06:24:11Z,felisiak.mariusz@gmail.com,True,valid
2,2024-08-14,Github-Hosted,Linux,X64,H6060-Python-Django,Pypi,https://github.com/django/django,django,django,4.2.4,6d5d08fc773e4852313fd99723aecdc731c60a38,2023-08-01T17:15:36Z,124304+nessita@users.noreply.github.com,True,valid
2,2024-08-14,Github-Hosted,Linux,X64,H6060-Python-Django,Pypi,https://github.com/django/django,django,django,4.2.5,a0c467399dfa8fc2c5f48a51083d84000ba0292c,2023-09-04T10:10:19Z,felisiak.mariusz@gmail.com,True,valid
2,2024-08-14,Github-Hosted,Linux,X64,H6060-Python-Django,Pypi,https://github.com/django/django,django,django,4.2.6,54480b6393de1ff1adc6a205f6d85fadc236cc36,2023-10-04T12:57:55Z,124304+nessita@users.noreply.github.com,True,valid
2,2024-08-14,Github-Hosted,Linux,X64,H6060-Python-Django,Pypi,https://github.com/django/django,django,django,4.2.7,fd1fb92ebd4967aa89f1325df995fb0fa07350c1,2023-11-01T05:23:16Z,felisiak.mariusz@gmail.com,True,valid
2,2024-08-14,Github-Hosted,Linux,X64,H6060-Python-Django,Pypi,https://github.com/django/django,django,django,4.2.8,bd0919281b5836002d66cc09d152810514278973,2023-12-04T08:28:36Z,felisiak.mariusz@gmail.com,True,valid
2,2024-08-14,Github-Hosted,Linux,X64,H6060-Python-Django,Pypi,https://github.com/django/django,django,django,4.2.9,d6b7d7418cae6f8140b87421965dd972911f0f45,2024-01-02T09:11:14Z,felisiak.mariusz@gmail.com,True,valid
2,2024-08-14,Github-Hosted,Linux,X64,H6060-Python-Django,Pypi,https://github.com/django/django,django,django,4.2a1,f50a6f05adb3eb1d165288ded6a2a146b46c38cd,2023-01-17T09:22:55Z,felisiak.mariusz@gmail.com,True,valid
2,2024-08-14,Github-Hosted,Linux,X64,H6060-Python-Django,Pypi,https://github.com/django/django,django,django,4.2b1,df3d9123ff1ddddf903c6c948cba3ded00b8b431,2023-02-20T08:37:10Z,felisiak.mariusz@gmail.com,True,valid
2,2024-08-14,Github-Hosted,Linux,X64,H6060-Python-Django,Pypi,https://github.com/django/django,django,django,4.2rc1,cb356233f258c2e803d0b2b6d21381c9757340c7,2023-03-20T07:20:15Z,felisiak.mariusz@gmail.com,True,valid
2,2024-08-14,Github-Hosted,Linux,X64,H6060-Python-Django,Pypi,https://github.com/django/django,django,django,5.0,0644890a73ad19c9a110d91f71f0d67d0374bdfd,2023-12-04T13:08:59Z,124304+nessita@users.noreply.github.com,True,valid
2,2024-08-14,Github-Hosted,Linux,X64,H6060-Python-Django,Pypi,https://github.com/django/django,django,django,5.0.1,862c19b62619674f78f22ab24daa9b43b0ad0742,2024-01-02T09:08:35Z,felisiak.mariusz@gmail.com,True,valid
2,2024-08-14,Github-Hosted,Linux,X64,H6060-Python-Django,Pypi,https://github.com/django/django,django,django,5.0.2,4fd543293f7ee9a5c16c89d2ceb0eaa933b0dfc8,2024-02-06T12:25:23Z,124304+nessita@users.noreply.github.com,True,valid
2,2024-08-14,Github-Hosted,Linux,X64,H6060-Python-Django,Pypi,https://github.com/django/django,django,django,5.0.3,8074942ea0afcb03033cffb7448a6939f21fdc96,2024-03-04T07:41:08Z,felisiak.mariusz@gmail.com,True,valid
2,2024-08-14,Github-Hosted,Linux,X64,H6060-Python-Django,Pypi,https://github.com/django/django,django,django,5.0.4,e9b0a2965ccc1e62f5bd33cac604333840ed9d2c,2024-04-03T14:39:57Z,124304+nessita@users.noreply.github.com,True,valid
2,2024-08-14,Github-Hosted,Linux,X64,H6060-Python-Django,Pypi,https://github.com/django/django,django,django,5.0.5,77366ba0019c66b45d215099967d69e90213e355,2024-05-06T13:03:29Z,42296566+sarahboyce@users.noreply.github.com,True,valid
2,2024-08-14,Github-Hosted,Linux,X64,H6060-Python-Django,Pypi,https://github.com/django/django,django,django,5.0.6,c990212568961233fbd11db8009f72a5cd79ff46,2024-05-07T16:45:05Z,124304+nessita@users.noreply.github.com,True,valid
2,2024-08-14,Github-Hosted,Linux,X64,H6060-Python-Django,Pypi,https://github.com/django/django,django,django,5.0.7,9bb0379cee954ec5e9bcb472e5cf451dc18e9d86,2024-07-09T13:38:14Z,124304+nessita@users.noreply.github.com,True,valid
2,2024-08-14,Github-Hosted,Linux,X64,H6060-Python-Django,Pypi,https://github.com/django/django,django,django,5.0.8,4ad4197e2be1cd848e995a536b42c495278169a5,2024-08-06T13:23:34Z,42296566+sarahboyce@users.noreply.github.com,True,valid
2,2024-08-14,Github-Hosted,Linux,X64,H6060-Python-Django,Pypi,https://github.com/django/django,django,django,5.0a1,fc00cc2c7eff562c714e56ba29303375aa96fd01,2023-09-18T22:34:43Z,124304+nessita@users.noreply.github.com,True,valid
2,2024-08-14,Github-Hosted,Linux,X64,H6060-Python-Django,Pypi,https://github.com/django/django,django,django,5.0b1,dd2b8db1ec9cac1812634bcc32ab95b5b54f8200,2023-10-23T18:46:56Z,124304+nessita@users.noreply.github.com,True,valid
2,2024-08-14,Github-Hosted,Linux,X64,H6060-Python-Django,Pypi,https://github.com/django/django,django,django,5.0rc1,0dd0ef8c8cf5169ba86ddcd6cf82f996e52e329a,2023-11-20T12:34:25Z,124304+nessita@users.noreply.github.com,True,valid
2,2024-08-14,Github-Hosted,Linux,X64,H6060-Python-Django,Pypi,https://github.com/django/django,django,django,5.1,31d039db3333b32e192a9a449c62e10ff2ef8f6e,2024-08-07T13:28:18Z,124304+nessita@users.noreply.github.com,True,valid
2,2024-08-14,Github-Hosted,Linux,X64,H6060-Python-Django,Pypi,https://github.com/django/django,django,django,5.1a1,db445a9480301b14df7bb39d7c9e6fb6fc3d1eab,2024-05-22T15:40:17Z,124304+nessita@users.noreply.github.com,True,valid
2,2024-08-14,Github-Hosted,Linux,X64,H6060-Python-Django,Pypi,https://github.com/django/django,django,django,5.1b1,bf7104daffa9996eca3d25a23627da0c73be958c,2024-06-26T15:29:51Z,124304+nessita@users.noreply.github.com,True,valid
2,2024-08-14,Github-Hosted,Linux,X64,H6060-Python-Django,Pypi,https://github.com/django/django,django,django,5.1rc1,ee029cab0a0047b0869c6f46dcc0c2989df63990,2024-07-24T14:00:43Z,124304+nessita@users.noreply.github.com,True,valid
