{
  "vulnerabilities": [
    {
      "id": "SNYK-PYTHON-CERTIFI-3164749",
      "title": "Insufficient Verification of Data Authenticity",
      "CVSSv3": "CVSS:3.1/AV:N/AC:L/PR:H/UI:N/S:C/C:N/I:H/A:N",
      "credit": [
        "Joel Reardon"
      ],
      "semver": {
        "vulnerable": [
          "[,2022.12.7)"
        ]
      },
      "exploit": "Not Defined",
      "fixedIn": [
        "2022.12.7"
      ],
      "patches": [],
      "insights": {
        "triageAdvice": null
      },
      "language": "python",
      "severity": "medium",
      "cvssScore": 6.8,
      "functions": [],
      "malicious": false,
      "isDisputed": false,
      "moduleName": "certifi",
      "references": [
        {
          "url": "https://github.com/certifi/python-certifi/commit/9e9e840925d7b8e76c76fdac1fab7e6e88c1c3b8",
          "title": "GitHub Commit"
        },
        {
          "url": "https://groups.google.com/a/mozilla.org/g/dev-security-policy/c/oxX69KFvsm4/m/yLohoVqtCgAJ",
          "title": "Google Groups Forum"
        }
      ],
      "cvssDetails": [
        {
          "assigner": "SUSE",
          "severity": "medium",
          "cvssV3Vector": "CVSS:3.1/AV:N/AC:H/PR:H/UI:N/S:U/C:H/I:H/A:H",
          "cvssV3BaseScore": 6.6,
          "modificationTime": "2024-03-11T09:49:21.721200Z"
        },
        {
          "assigner": "NVD",
          "severity": "high",
          "cvssV3Vector": "CVSS:3.1/AV:N/AC:L/PR:N/UI:N/S:U/C:N/I:H/A:N",
          "cvssV3BaseScore": 7.5,
          "modificationTime": "2024-03-11T09:52:51.237089Z"
        },
        {
          "assigner": "Red Hat",
          "severity": "high",
          "cvssV3Vector": "CVSS:3.1/AV:N/AC:L/PR:N/UI:N/S:U/C:N/I:H/A:N",
          "cvssV3BaseScore": 7.5,
          "modificationTime": "2024-03-11T09:53:47.206007Z"
        }
      ],
      "cvssSources": [
        {
          "type": "primary",
          "vector": "CVSS:3.1/AV:N/AC:L/PR:H/UI:N/S:C/C:N/I:H/A:N",
          "assigner": "Snyk",
          "severity": "medium",
          "baseScore": 6.8,
          "cvssVersion": "3.1",
          "modificationTime": "2024-03-06T14:02:42.740914Z"
        },
        {
          "type": "secondary",
          "vector": "CVSS:3.1/AV:N/AC:H/PR:H/UI:N/S:U/C:H/I:H/A:H",
          "assigner": "SUSE",
          "severity": "medium",
          "baseScore": 6.6,
          "cvssVersion": "3.1",
          "modificationTime": "2024-03-11T09:49:21.721200Z"
        },
        {
          "type": "secondary",
          "vector": "CVSS:3.1/AV:N/AC:L/PR:N/UI:N/S:U/C:N/I:H/A:N",
          "assigner": "NVD",
          "severity": "high",
          "baseScore": 7.5,
          "cvssVersion": "3.1",
          "modificationTime": "2024-03-11T09:52:51.237089Z"
        },
        {
          "type": "secondary",
          "vector": "CVSS:3.1/AV:N/AC:L/PR:N/UI:N/S:U/C:N/I:H/A:N",
          "assigner": "Red Hat",
          "severity": "high",
          "baseScore": 7.5,
          "cvssVersion": "3.1",
          "modificationTime": "2024-03-11T09:53:47.206007Z"
        }
      ],
      "description": "## Overview\n\nAffected versions of this package are vulnerable to Insufficient Verification of Data Authenticity resulting in Certifi root certificate removal from TrustCor. The root certificates are being removed pursuant to an investigation prompted by media reporting that TrustCor's ownership also operated a business that produced spyware.\n## Remediation\nUpgrade `certifi` to version 2022.12.7 or higher.\n## References\n- [GitHub Commit](https://github.com/certifi/python-certifi/commit/9e9e840925d7b8e76c76fdac1fab7e6e88c1c3b8)\n- [Google Groups Forum](https://groups.google.com/a/mozilla.org/g/dev-security-policy/c/oxX69KFvsm4/m/yLohoVqtCgAJ)\n",
      "epssDetails": {
        "percentile": "0.24161",
        "probability": "0.00057",
        "modelVersion": "v2023.03.01"
      },
      "identifiers": {
        "CVE": [
          "CVE-2022-23491"
        ],
        "CWE": [
          "CWE-345"
        ],
        "GHSA": [
          "GHSA-43fp-rhv2-5gv8"
        ]
      },
      "packageName": "certifi",
      "proprietary": false,
      "creationTime": "2022-12-08T09:22:24.241183Z",
      "functions_new": [],
      "alternativeIds": [],
      "disclosureTime": "2022-12-07T23:05:18Z",
      "exploitDetails": {
        "sources": [],
        "maturityLevels": [
          {
            "type": "secondary",
            "level": "Not Defined",
            "format": "CVSSv3"
          },
          {
            "type": "primary",
            "level": "Not Defined",
            "format": "CVSSv4"
          }
        ]
      },
      "packageManager": "pip",
      "publicationTime": "2022-12-08T09:37:59.689622Z",
      "severityBasedOn": "CVSS",
      "modificationTime": "2024-03-11T09:53:47.206007Z",
      "socialTrendAlert": false,
      "severityWithCritical": "medium",
      "from": [
        "upstream-repository@0.0.0",
        "certifi@2022.5.18.1"
      ],
      "upgradePath": [],
      "isUpgradable": false,
      "isPatchable": false,
      "name": "certifi",
      "version": "2022.5.18.1"
    },
    {
      "id": "SNYK-PYTHON-CERTIFI-5805047",
      "title": "Improper Following of a Certificate's Chain of Trust",
      "CVSSv3": "CVSS:3.1/AV:N/AC:L/PR:N/UI:N/S:U/C:H/I:H/A:H",
      "credit": [
        "Ben Wilson"
      ],
      "semver": {
        "vulnerable": [
          "[2015.04.28,2023.7.22)"
        ]
      },
      "exploit": "Not Defined",
      "fixedIn": [
        "2023.7.22"
      ],
      "patches": [],
      "insights": {
        "triageAdvice": null
      },
      "language": "python",
      "severity": "critical",
      "cvssScore": 9.8,
      "functions": [],
      "malicious": false,
      "isDisputed": false,
      "moduleName": "certifi",
      "references": [
        {
          "url": "https://github.com/certifi/python-certifi/commit/8fb96ed81f71e7097ed11bc4d9b19afd7ea5c909",
          "title": "GitHub Commit"
        },
        {
          "url": "https://groups.google.com/a/mozilla.org/g/dev-security-policy/c/C-HrP1SEq1A",
          "title": "Google Groups Forum"
        }
      ],
      "cvssDetails": [
        {
          "assigner": "Red Hat",
          "severity": "critical",
          "cvssV3Vector": "CVSS:3.1/AV:N/AC:L/PR:N/UI:N/S:U/C:H/I:H/A:N",
          "cvssV3BaseScore": 9.1,
          "modificationTime": "2024-06-19T13:45:38.974244Z"
        },
        {
          "assigner": "NVD",
          "severity": "critical",
          "cvssV3Vector": "CVSS:3.1/AV:N/AC:L/PR:N/UI:N/S:U/C:H/I:H/A:H",
          "cvssV3BaseScore": 9.8,
          "modificationTime": "2024-03-11T09:53:28.568445Z"
        }
      ],
      "cvssSources": [
        {
          "type": "primary",
          "vector": "CVSS:3.1/AV:N/AC:L/PR:N/UI:N/S:U/C:H/I:H/A:H",
          "assigner": "Snyk",
          "severity": "critical",
          "baseScore": 9.8,
          "cvssVersion": "3.1",
          "modificationTime": "2024-03-06T14:06:06.127951Z"
        },
        {
          "type": "secondary",
          "vector": "CVSS:3.1/AV:N/AC:L/PR:N/UI:N/S:U/C:H/I:H/A:N",
          "assigner": "Red Hat",
          "severity": "critical",
          "baseScore": 9.1,
          "cvssVersion": "3.1",
          "modificationTime": "2024-06-19T13:45:38.974244Z"
        },
        {
          "type": "secondary",
          "vector": "CVSS:3.1/AV:N/AC:L/PR:N/UI:N/S:U/C:H/I:H/A:H",
          "assigner": "NVD",
          "severity": "critical",
          "baseScore": 9.8,
          "cvssVersion": "3.1",
          "modificationTime": "2024-03-11T09:53:28.568445Z"
        }
      ],
      "description": "## Overview\n\nAffected versions of this package are vulnerable to Improper Following of a Certificate's Chain of Trust. E-Tugra's root certificates are being removed pursuant to an investigation prompted by reporting of security issues in their systems. Conclusions of Mozilla's investigation can be found [here](https://groups.google.com/a/mozilla.org/g/dev-security-policy/c/C-HrP1SEq1A).\r\n\r\n**Note:**\r\n\r\nThis issue is not an inherent vulnerability in the package, but a security measure against potential harmful effects of trusting the now-revoked root certificates.\n## Remediation\nUpgrade `certifi` to version 2023.7.22 or higher.\n## References\n- [GitHub Commit](https://github.com/certifi/python-certifi/commit/8fb96ed81f71e7097ed11bc4d9b19afd7ea5c909)\n- [Google Groups Forum](https://groups.google.com/a/mozilla.org/g/dev-security-policy/c/C-HrP1SEq1A)\n",
      "epssDetails": {
        "percentile": "0.47887",
        "probability": "0.00126",
        "modelVersion": "v2023.03.01"
      },
      "identifiers": {
        "CVE": [
          "CVE-2023-37920"
        ],
        "CWE": [
          "CWE-296"
        ],
        "GHSA": [
          "GHSA-xqr8-7jwr-rhp7"
        ]
      },
      "packageName": "certifi",
      "proprietary": false,
      "creationTime": "2023-07-25T15:57:02.052910Z",
      "functions_new": [],
      "alternativeIds": [],
      "disclosureTime": "2023-07-25T14:43:53Z",
      "exploitDetails": {
        "sources": [],
        "maturityLevels": [
          {
            "type": "secondary",
            "level": "Not Defined",
            "format": "CVSSv3"
          },
          {
            "type": "primary",
            "level": "Not Defined",
            "format": "CVSSv4"
          }
        ]
      },
      "packageManager": "pip",
      "publicationTime": "2023-07-25T16:06:17.410117Z",
      "severityBasedOn": "CVSS",
      "modificationTime": "2024-06-19T13:45:38.974244Z",
      "socialTrendAlert": false,
      "severityWithCritical": "critical",
      "from": [
        "upstream-repository@0.0.0",
        "certifi@2022.5.18.1"
      ],
      "upgradePath": [],
      "isUpgradable": false,
      "isPatchable": false,
      "name": "certifi",
      "version": "2022.5.18.1"
    },
    {
      "id": "SNYK-PYTHON-CERTIFI-7430173",
      "title": "Insufficient Verification of Data Authenticity",
      "CVSSv3": "CVSS:3.1/AV:N/AC:L/PR:H/UI:N/S:C/C:N/I:H/A:N",
      "credit": [
        "Unknown"
      ],
      "semver": {
        "vulnerable": [
          "[2021.5.30,2024.7.4)"
        ]
      },
      "exploit": "Not Defined",
      "fixedIn": [
        "2024.7.4"
      ],
      "patches": [],
      "insights": {
        "triageAdvice": null
      },
      "language": "python",
      "severity": "medium",
      "cvssScore": 6.1,
      "functions": [],
      "malicious": false,
      "isDisputed": false,
      "moduleName": "certifi",
      "references": [
        {
          "url": "https://github.com/certifi/python-certifi/commit/bd8153872e9c6fc98f4023df9c2deaffea2fa463",
          "title": "GitHub Commit"
        },
        {
          "url": "https://groups.google.com/a/mozilla.org/g/dev-security-policy/c/XpknYMPO8dI",
          "title": "Mozilla Root Discussion"
        }
      ],
      "cvssDetails": [
        {
          "assigner": "Red Hat",
          "severity": "low",
          "cvssV3Vector": "CVSS:3.1/AV:N/AC:H/PR:N/UI:N/S:U/C:L/I:N/A:N",
          "cvssV3BaseScore": 3.7,
          "modificationTime": "2024-07-06T13:34:59.030186Z"
        }
      ],
      "cvssSources": [
        {
          "type": "primary",
          "vector": "CVSS:4.0/AV:N/AC:L/AT:N/PR:H/UI:N/VC:N/VI:L/VA:N/SC:N/SI:H/SA:N",
          "assigner": "Snyk",
          "severity": "medium",
          "baseScore": 6.1,
          "cvssVersion": "4.0",
          "modificationTime": "2024-07-07T07:05:51.879707Z"
        },
        {
          "type": "secondary",
          "vector": "CVSS:3.1/AV:N/AC:L/PR:H/UI:N/S:C/C:N/I:H/A:N",
          "assigner": "Snyk",
          "severity": "medium",
          "baseScore": 6.8,
          "cvssVersion": "3.1",
          "modificationTime": "2024-07-07T07:05:51.879707Z"
        },
        {
          "type": "secondary",
          "vector": "CVSS:3.1/AV:N/AC:H/PR:N/UI:N/S:U/C:L/I:N/A:N",
          "assigner": "Red Hat",
          "severity": "low",
          "baseScore": 3.7,
          "cvssVersion": "3.1",
          "modificationTime": "2024-07-06T13:34:59.030186Z"
        }
      ],
      "description": "## Overview\n\nAffected versions of this package are vulnerable to Insufficient Verification of Data Authenticity due to the presence of the root certificate for GLOBALTRUST in the root store. The root certificates are being removed pursuant to an investigation into non-compliance.\n## Remediation\nUpgrade `certifi` to version 2024.7.4 or higher.\n## References\n- [GitHub Commit](https://github.com/certifi/python-certifi/commit/bd8153872e9c6fc98f4023df9c2deaffea2fa463)\n- [Mozilla Root Discussion](https://groups.google.com/a/mozilla.org/g/dev-security-policy/c/XpknYMPO8dI)\n",
      "epssDetails": {
        "percentile": "0.16292",
        "probability": "0.00045",
        "modelVersion": "v2023.03.01"
      },
      "identifiers": {
        "CVE": [
          "CVE-2024-39689"
        ],
        "CWE": [
          "CWE-345"
        ],
        "GHSA": [
          "GHSA-248v-346w-9cwc"
        ]
      },
      "packageName": "certifi",
      "proprietary": false,
      "creationTime": "2024-07-07T07:05:51.503381Z",
      "functions_new": [],
      "alternativeIds": [],
      "disclosureTime": "2024-07-05T20:06:40Z",
      "exploitDetails": {
        "sources": [],
        "maturityLevels": [
          {
            "type": "secondary",
            "level": "Not Defined",
            "format": "CVSSv3"
          },
          {
            "type": "primary",
            "level": "Not Defined",
            "format": "CVSSv4"
          }
        ]
      },
      "packageManager": "pip",
      "publicationTime": "2024-07-07T07:05:51.759398Z",
      "severityBasedOn": "CVSS",
      "modificationTime": "2024-07-07T07:05:51.879707Z",
      "socialTrendAlert": false,
      "severityWithCritical": "medium",
      "from": [
        "upstream-repository@0.0.0",
        "certifi@2022.5.18.1"
      ],
      "upgradePath": [],
      "isUpgradable": false,
      "isPatchable": false,
      "name": "certifi",
      "version": "2022.5.18.1"
    },
    {
      "id": "SNYK-PYTHON-PYOPENSSL-6149520",
      "title": "Use of a Broken or Risky Cryptographic Algorithm",
      "CVSSv3": "CVSS:3.1/AV:N/AC:H/PR:N/UI:N/S:U/C:N/I:N/A:H",
      "credit": [
        "Sverker Eriksson"
      ],
      "semver": {
        "vulnerable": [
          "[22.0.0,]"
        ]
      },
      "exploit": "Not Defined",
      "fixedIn": [],
      "patches": [],
      "insights": {
        "triageAdvice": null
      },
      "language": "python",
      "severity": "medium",
      "cvssScore": 5.9,
      "functions": [],
      "malicious": false,
      "isDisputed": false,
      "moduleName": "pyopenssl",
      "references": [
        {
          "url": "https://github.com/openssl/openssl/commit/050d26383d4e264966fb83428e72d5d48f402d35",
          "title": "GitHub Commit"
        },
        {
          "url": "https://github.com/openssl/openssl/commit/5b139f95c9a47a55a0c54100f3837b1eee942b04",
          "title": "GitHub Commit"
        },
        {
          "url": "https://github.com/openssl/openssl/commit/f3fc5808fe9ff74042d639839610d03b8fdcc015",
          "title": "GitHub Commit"
        },
        {
          "url": "https://github.com/pyca/cryptography/commit/89d0d56fb104ac4e0e6db63d78fc22b8c53d27e9",
          "title": "GitHub Commit"
        },
        {
          "url": "https://www.openssl.org/news/secadv/20240109.txt",
          "title": "OpenSSL Advisory"
        },
        {
          "url": "https://bugzilla.redhat.com/show_bug.cgi?id=2257571",
          "title": "RedHat Bugzilla Bug"
        }
      ],
      "cvssDetails": [
        {
          "assigner": "SUSE",
          "severity": "medium",
          "cvssV3Vector": "CVSS:3.1/AV:N/AC:L/PR:N/UI:N/S:U/C:N/I:L/A:L",
          "cvssV3BaseScore": 6.5,
          "modificationTime": "2024-03-11T09:49:44.514581Z"
        },
        {
          "assigner": "NVD",
          "severity": "medium",
          "cvssV3Vector": "CVSS:3.1/AV:N/AC:H/PR:N/UI:N/S:U/C:N/I:L/A:H",
          "cvssV3BaseScore": 6.5,
          "modificationTime": "2024-03-11T09:49:47.519039Z"
        },
        {
          "assigner": "Red Hat",
          "severity": "medium",
          "cvssV3Vector": "CVSS:3.1/AV:N/AC:H/PR:N/UI:N/S:U/C:N/I:L/A:H",
          "cvssV3BaseScore": 6.5,
          "modificationTime": "2024-03-11T09:49:50.449769Z"
        }
      ],
      "cvssSources": [
        {
          "type": "primary",
          "vector": "CVSS:3.1/AV:N/AC:H/PR:N/UI:N/S:U/C:N/I:N/A:H",
          "assigner": "Snyk",
          "severity": "medium",
          "baseScore": 5.9,
          "cvssVersion": "3.1",
          "modificationTime": "2024-03-06T14:09:48.596356Z"
        },
        {
          "type": "secondary",
          "vector": "CVSS:3.1/AV:N/AC:L/PR:N/UI:N/S:U/C:N/I:L/A:L",
          "assigner": "SUSE",
          "severity": "medium",
          "baseScore": 6.5,
          "cvssVersion": "3.1",
          "modificationTime": "2024-03-11T09:49:44.514581Z"
        },
        {
          "type": "secondary",
          "vector": "CVSS:3.1/AV:N/AC:H/PR:N/UI:N/S:U/C:N/I:L/A:H",
          "assigner": "NVD",
          "severity": "medium",
          "baseScore": 6.5,
          "cvssVersion": "3.1",
          "modificationTime": "2024-03-11T09:49:47.519039Z"
        },
        {
          "type": "secondary",
          "vector": "CVSS:3.1/AV:N/AC:H/PR:N/UI:N/S:U/C:N/I:L/A:H",
          "assigner": "Red Hat",
          "severity": "medium",
          "baseScore": 6.5,
          "cvssVersion": "3.1",
          "modificationTime": "2024-03-11T09:49:50.449769Z"
        }
      ],
      "description": "## Overview\n\nAffected versions of this package are vulnerable to Use of a Broken or Risky Cryptographic Algorithm due to an issue in the `POLY1305` MAC implementation on PowerPC CPUs. An attacker can corrupt the application state and cause incorrect calculations or potential denial of service by influencing the use of the `POLY1305` MAC algorithm.\r\n\r\n**Note:**\r\n\r\nThis is only exploitable if the attacker has the ability to affect the algorithm's usage and the application relies on non-volatile XMM registers.\n## Remediation\nThere is no fixed version for `pyOpenSSL`.\n\n## References\n- [GitHub Commit](https://github.com/openssl/openssl/commit/050d26383d4e264966fb83428e72d5d48f402d35)\n- [GitHub Commit](https://github.com/openssl/openssl/commit/5b139f95c9a47a55a0c54100f3837b1eee942b04)\n- [GitHub Commit](https://github.com/openssl/openssl/commit/f3fc5808fe9ff74042d639839610d03b8fdcc015)\n- [GitHub Commit](https://github.com/pyca/cryptography/commit/89d0d56fb104ac4e0e6db63d78fc22b8c53d27e9)\n- [OpenSSL Advisory](https://www.openssl.org/news/secadv/20240109.txt)\n- [RedHat Bugzilla Bug](https://bugzilla.redhat.com/show_bug.cgi?id=2257571)\n",
      "epssDetails": {
        "percentile": "0.52873",
        "probability": "0.00158",
        "modelVersion": "v2023.03.01"
      },
      "identifiers": {
        "CVE": [
          "CVE-2023-6129"
        ],
        "CWE": [
          "CWE-328"
        ]
      },
      "packageName": "pyopenssl",
      "proprietary": false,
      "creationTime": "2024-01-10T13:39:49.598360Z",
      "functions_new": [],
      "alternativeIds": [],
      "disclosureTime": "2024-01-09T00:00:00Z",
      "exploitDetails": {
        "sources": [],
        "maturityLevels": [
          {
            "type": "secondary",
            "level": "Not Defined",
            "format": "CVSSv3"
          },
          {
            "type": "primary",
            "level": "Not Defined",
            "format": "CVSSv4"
          }
        ]
      },
      "packageManager": "pip",
      "publicationTime": "2024-01-10T15:08:56.516899Z",
      "severityBasedOn": "CVSS",
      "modificationTime": "2024-03-11T09:49:50.449769Z",
      "socialTrendAlert": false,
      "severityWithCritical": "medium",
      "from": [
        "upstream-repository@0.0.0",
        "pyopenssl@24.2.1"
      ],
      "upgradePath": [],
      "isUpgradable": false,
      "isPatchable": false,
      "name": "pyopenssl",
      "version": "24.2.1"
    },
    {
      "id": "SNYK-PYTHON-PYOPENSSL-6157250",
      "title": "Resource Exhaustion",
      "CVSSv3": "CVSS:3.1/AV:N/AC:H/PR:N/UI:N/S:U/C:N/I:N/A:H",
      "credit": [
        "OSS-Fuzz"
      ],
      "semver": {
        "vulnerable": [
          "[22.0.0,]"
        ]
      },
      "exploit": "Not Defined",
      "fixedIn": [],
      "patches": [],
      "insights": {
        "triageAdvice": null
      },
      "language": "python",
      "severity": "medium",
      "cvssScore": 5.9,
      "functions": [],
      "malicious": false,
      "isDisputed": false,
      "moduleName": "pyopenssl",
      "references": [
        {
          "url": "https://github.com/openssl/openssl/commit/0b0f7abfb37350794a4b8960fafc292cd5d1b84d",
          "title": "GitHub Commit"
        },
        {
          "url": "https://github.com/openssl/openssl/commit/18c02492138d1eb8b6548cb26e7b625fb2414a2a",
          "title": "GitHub Commit"
        },
        {
          "url": "https://github.com/openssl/openssl/commit/a830f551557d3d66a84bbb18a5b889c640c36294",
          "title": "GitHub Commit"
        },
        {
          "url": "https://github.com/pyca/cryptography/commit/4b5be7b0032ade70e09a43f9d857708e36170bbc",
          "title": "GitHub Commit"
        },
        {
          "url": "https://www.openssl.org/news/secadv/20240115.txt",
          "title": "OpenSSL Advisory"
        },
        {
          "url": "https://bugzilla.redhat.com/show_bug.cgi?id=2258502",
          "title": "RedHat Bugzilla Bug"
        }
      ],
      "cvssDetails": [
        {
          "assigner": "Red Hat",
          "severity": "medium",
          "cvssV3Vector": "CVSS:3.1/AV:N/AC:H/PR:N/UI:N/S:U/C:N/I:N/A:H",
          "cvssV3BaseScore": 5.9,
          "modificationTime": "2024-03-11T09:49:24.605584Z"
        },
        {
          "assigner": "SUSE",
          "severity": "medium",
          "cvssV3Vector": "CVSS:3.1/AV:N/AC:H/PR:N/UI:N/S:U/C:N/I:N/A:H",
          "cvssV3BaseScore": 5.9,
          "modificationTime": "2024-03-11T09:49:44.652172Z"
        }
      ],
      "cvssSources": [
        {
          "type": "primary",
          "vector": "CVSS:3.1/AV:N/AC:H/PR:N/UI:N/S:U/C:N/I:N/A:H",
          "assigner": "Snyk",
          "severity": "medium",
          "baseScore": 5.9,
          "cvssVersion": "3.1",
          "modificationTime": "2024-03-13T11:51:46.976202Z"
        },
        {
          "type": "secondary",
          "vector": "CVSS:3.1/AV:N/AC:H/PR:N/UI:N/S:U/C:N/I:N/A:H",
          "assigner": "Red Hat",
          "severity": "medium",
          "baseScore": 5.9,
          "cvssVersion": "3.1",
          "modificationTime": "2024-03-11T09:49:24.605584Z"
        },
        {
          "type": "secondary",
          "vector": "CVSS:3.1/AV:N/AC:H/PR:N/UI:N/S:U/C:N/I:N/A:H",
          "assigner": "SUSE",
          "severity": "medium",
          "baseScore": 5.9,
          "cvssVersion": "3.1",
          "modificationTime": "2024-03-11T09:49:44.652172Z"
        }
      ],
      "description": "## Overview\n\nAffected versions of this package are vulnerable to Resource Exhaustion via the `EVP_PKEY_public_check` function. When the function is called in RSA public keys, a computation is done to confirm that the RSA modulus, n, is composite. For valid RSA keys, n is a product of two or more large primes and this computation completes quickly. However, if n is a large prime, this computation takes a long time. An attacker can cause a denial of service by supplying a specially crafted RSA key that triggers extensive computation.\n\n## Details\n\nDenial of Service (DoS) describes a family of attacks, all aimed at making a system inaccessible to its intended and legitimate users.\n\nUnlike other vulnerabilities, DoS attacks usually do not aim at breaching security. Rather, they are focused on making websites and services unavailable to genuine users resulting in downtime.\n\nOne popular Denial of Service vulnerability is DDoS (a Distributed Denial of Service), an attack that attempts to clog network pipes to the system by generating a large volume of traffic from many machines.\n\nWhen it comes to open source libraries, DoS vulnerabilities allow attackers to trigger such a crash or crippling of the service by using a flaw either in the application code or from the use of open source libraries.\n\nTwo common types of DoS vulnerabilities:\n\n* High CPU/Memory Consumption- An attacker sending crafted requests that could cause the system to take a disproportionate amount of time to process. For example, [commons-fileupload:commons-fileupload](SNYK-JAVA-COMMONSFILEUPLOAD-30082).\n\n* Crash - An attacker sending crafted requests that could cause the system to crash. For Example,  [npm `ws` package](https://snyk.io/vuln/npm:ws:20171108)\n\n## Remediation\nThere is no fixed version for `pyopenssl`.\n\n## References\n- [GitHub Commit](https://github.com/openssl/openssl/commit/0b0f7abfb37350794a4b8960fafc292cd5d1b84d)\n- [GitHub Commit](https://github.com/openssl/openssl/commit/18c02492138d1eb8b6548cb26e7b625fb2414a2a)\n- [GitHub Commit](https://github.com/openssl/openssl/commit/a830f551557d3d66a84bbb18a5b889c640c36294)\n- [GitHub Commit](https://github.com/pyca/cryptography/commit/4b5be7b0032ade70e09a43f9d857708e36170bbc)\n- [OpenSSL Advisory](https://www.openssl.org/news/secadv/20240115.txt)\n- [RedHat Bugzilla Bug](https://bugzilla.redhat.com/show_bug.cgi?id=2258502)\n",
      "epssDetails": {
        "percentile": "0.10750",
        "probability": "0.00044",
        "modelVersion": "v2023.03.01"
      },
      "identifiers": {
        "CVE": [
          "CVE-2023-6237"
        ],
        "CWE": [
          "CWE-400"
        ]
      },
      "packageName": "pyopenssl",
      "proprietary": false,
      "creationTime": "2024-01-16T07:48:33.039346Z",
      "functions_new": [],
      "alternativeIds": [],
      "disclosureTime": "2024-01-15T00:00:00Z",
      "exploitDetails": {
        "sources": [],
        "maturityLevels": [
          {
            "type": "secondary",
            "level": "Not Defined",
            "format": "CVSSv3"
          },
          {
            "type": "primary",
            "level": "Not Defined",
            "format": "CVSSv4"
          }
        ]
      },
      "packageManager": "pip",
      "publicationTime": "2024-01-16T10:17:36.325521Z",
      "severityBasedOn": "CVSS",
      "modificationTime": "2024-03-13T11:51:46.976202Z",
      "socialTrendAlert": false,
      "severityWithCritical": "medium",
      "from": [
        "upstream-repository@0.0.0",
        "pyopenssl@24.2.1"
      ],
      "upgradePath": [],
      "isUpgradable": false,
      "isPatchable": false,
      "name": "pyopenssl",
      "version": "24.2.1"
    },
    {
      "id": "SNYK-PYTHON-PYOPENSSL-6592766",
      "title": "Uncontrolled Resource Consumption ('Resource Exhaustion')",
      "CVSSv3": "CVSS:3.1/AV:N/AC:H/PR:N/UI:N/S:U/C:N/I:N/A:L",
      "credit": [
        "Manish Patidar"
      ],
      "semver": {
        "vulnerable": [
          "[22.0.0,]"
        ]
      },
      "exploit": "Not Defined",
      "fixedIn": [],
      "patches": [],
      "insights": {
        "triageAdvice": null
      },
      "language": "python",
      "severity": "low",
      "cvssScore": 3.7,
      "functions": [],
      "malicious": false,
      "isDisputed": false,
      "moduleName": "pyopenssl",
      "references": [
        {
          "url": "https://github.com/openssl/openssl/commit/21df7f04f6c4a560b4de56d10e1e58958c7e566d",
          "title": "GitHub Commit"
        },
        {
          "url": "https://github.com/openssl/openssl/commit/4a3e8f08306c64366318e26162ae0a0eb7b1a006",
          "title": "GitHub Commit"
        },
        {
          "url": "https://github.com/openssl/openssl/commit/7984fa683e9dfac0cad50ef2a9d5a13330222044",
          "title": "GitHub Commit"
        },
        {
          "url": "https://github.com/pyca/cryptography/commit/42192fab0a96b484089021148ed1eaa12053f7ed",
          "title": "GitHub Commit"
        },
        {
          "url": "https://bugzilla.redhat.com/show_bug.cgi?id=2274020",
          "title": "RedHat Bugzilla Bug"
        },
        {
          "url": "https://www.openssl.org/news/secadv/20240408.txt",
          "title": "Vulnerability Advisory"
        }
      ],
      "cvssDetails": [
        {
          "assigner": "Red Hat",
          "severity": "low",
          "cvssV3Vector": "CVSS:3.1/AV:N/AC:H/PR:N/UI:N/S:U/C:N/I:N/A:L",
          "cvssV3BaseScore": 3.7,
          "modificationTime": "2024-04-09T14:00:48.135216Z"
        },
        {
          "assigner": "SUSE",
          "severity": "medium",
          "cvssV3Vector": "CVSS:3.1/AV:N/AC:H/PR:N/UI:N/S:U/C:N/I:N/A:H",
          "cvssV3BaseScore": 5.9,
          "modificationTime": "2024-05-15T11:02:43.487573Z"
        }
      ],
      "cvssSources": [
        {
          "type": "primary",
          "vector": "CVSS:3.1/AV:N/AC:H/PR:N/UI:N/S:U/C:N/I:N/A:L",
          "assigner": "Snyk",
          "severity": "low",
          "baseScore": 3.7,
          "cvssVersion": "3.1",
          "modificationTime": "2024-07-21T15:23:23.841340Z"
        },
        {
          "type": "secondary",
          "vector": "CVSS:3.1/AV:N/AC:H/PR:N/UI:N/S:U/C:N/I:N/A:L",
          "assigner": "Red Hat",
          "severity": "low",
          "baseScore": 3.7,
          "cvssVersion": "3.1",
          "modificationTime": "2024-04-09T14:00:48.135216Z"
        },
        {
          "type": "secondary",
          "vector": "CVSS:3.1/AV:N/AC:H/PR:N/UI:N/S:U/C:N/I:N/A:H",
          "assigner": "SUSE",
          "severity": "medium",
          "baseScore": 5.9,
          "cvssVersion": "3.1",
          "modificationTime": "2024-05-15T11:02:43.487573Z"
        }
      ],
      "description": "## Overview\n\nAffected versions of this package are vulnerable to Uncontrolled Resource Consumption ('Resource Exhaustion') due to the session cache entering an incorrect state and failing to flush properly as it fills, leading to uncontrolled memory consumption. This condition is triggered under certain server configurations when processing TLSv1.3 sessions. Specifically, this occurs if the non-default `SSL_OP_NO_TICKET` option is enabled, but not if early_data support is configured along with the default anti-replay protection. A malicious client could deliberately create this scenario to force a service disruption. It may also occur accidentally in normal operation.\r\n\r\n**Note:**\r\n\r\nThis issue is only exploitable if the server supports TLSv1.3 and is configured with the `SSL_OP_NO_TICKET` option enabled.\n## Remediation\nThere is no fixed version for `pyOpenSSL`.\n\n## References\n- [GitHub Commit](https://github.com/openssl/openssl/commit/21df7f04f6c4a560b4de56d10e1e58958c7e566d)\n- [GitHub Commit](https://github.com/openssl/openssl/commit/4a3e8f08306c64366318e26162ae0a0eb7b1a006)\n- [GitHub Commit](https://github.com/openssl/openssl/commit/7984fa683e9dfac0cad50ef2a9d5a13330222044)\n- [GitHub Commit](https://github.com/pyca/cryptography/commit/42192fab0a96b484089021148ed1eaa12053f7ed)\n- [RedHat Bugzilla Bug](https://bugzilla.redhat.com/show_bug.cgi?id=2274020)\n- [Vulnerability Advisory](https://www.openssl.org/news/secadv/20240408.txt)\n",
      "epssDetails": {
        "percentile": "0.10713",
        "probability": "0.00044",
        "modelVersion": "v2023.03.01"
      },
      "identifiers": {
        "CVE": [
          "CVE-2024-2511"
        ],
        "CWE": [
          "CWE-400"
        ]
      },
      "packageName": "pyopenssl",
      "proprietary": false,
      "creationTime": "2024-04-09T13:16:35.442290Z",
      "functions_new": [],
      "alternativeIds": [],
      "disclosureTime": "2024-04-08T00:00:00Z",
      "exploitDetails": {
        "sources": [],
        "maturityLevels": [
          {
            "type": "secondary",
            "level": "Not Defined",
            "format": "CVSSv3"
          },
          {
            "type": "primary",
            "level": "Not Defined",
            "format": "CVSSv4"
          }
        ]
      },
      "packageManager": "pip",
      "publicationTime": "2024-04-09T13:16:35.604558Z",
      "severityBasedOn": "CVSS",
      "modificationTime": "2024-07-21T15:23:23.841340Z",
      "socialTrendAlert": false,
      "severityWithCritical": "low",
      "from": [
        "upstream-repository@0.0.0",
        "pyopenssl@24.2.1"
      ],
      "upgradePath": [],
      "isUpgradable": false,
      "isPatchable": false,
      "name": "pyopenssl",
      "version": "24.2.1"
    }
  ],
  "ok": false,
  "dependencyCount": 8,
  "org": "seansmith39",
  "policy": "# Snyk (https://snyk.io) policy file, patches or ignores known vulnerabilities.\nversion: v1.25.1\nignore: {}\npatch: {}\n",
  "isPrivate": true,
  "licensesPolicy": {
    "severities": {},
    "orgLicenseRules": {
      "AGPL-1.0": {
        "licenseType": "AGPL-1.0",
        "severity": "high",
        "instructions": ""
      },
      "AGPL-3.0": {
        "licenseType": "AGPL-3.0",
        "severity": "high",
        "instructions": ""
      },
      "Artistic-1.0": {
        "licenseType": "Artistic-1.0",
        "severity": "medium",
        "instructions": ""
      },
      "Artistic-2.0": {
        "licenseType": "Artistic-2.0",
        "severity": "medium",
        "instructions": ""
      },
      "CDDL-1.0": {
        "licenseType": "CDDL-1.0",
        "severity": "medium",
        "instructions": ""
      },
      "CPOL-1.02": {
        "licenseType": "CPOL-1.02",
        "severity": "high",
        "instructions": ""
      },
      "EPL-1.0": {
        "licenseType": "EPL-1.0",
        "severity": "medium",
        "instructions": ""
      },
      "GPL-2.0": {
        "licenseType": "GPL-2.0",
        "severity": "high",
        "instructions": ""
      },
      "GPL-3.0": {
        "licenseType": "GPL-3.0",
        "severity": "high",
        "instructions": ""
      },
      "LGPL-2.0": {
        "licenseType": "LGPL-2.0",
        "severity": "medium",
        "instructions": ""
      },
      "LGPL-2.1": {
        "licenseType": "LGPL-2.1",
        "severity": "medium",
        "instructions": ""
      },
      "LGPL-3.0": {
        "licenseType": "LGPL-3.0",
        "severity": "medium",
        "instructions": ""
      },
      "MPL-1.1": {
        "licenseType": "MPL-1.1",
        "severity": "medium",
        "instructions": ""
      },
      "MPL-2.0": {
        "licenseType": "MPL-2.0",
        "severity": "medium",
        "instructions": ""
      },
      "MS-RL": {
        "licenseType": "MS-RL",
        "severity": "medium",
        "instructions": ""
      },
      "SimPL-2.0": {
        "licenseType": "SimPL-2.0",
        "severity": "high",
        "instructions": ""
      }
    }
  },
  "packageManager": "pip",
  "projectId": "29ce5cef-1211-4b77-aea4-6f28ef66261e",
  "ignoreSettings": {
    "adminOnly": false,
    "reasonRequired": false,
    "disregardFilesystemIgnores": false
  },
  "summary": "6 vulnerable dependency paths",
  "remediation": {
    "unresolved": [
      {
        "id": "SNYK-PYTHON-CERTIFI-3164749",
        "title": "Insufficient Verification of Data Authenticity",
        "CVSSv3": "CVSS:3.1/AV:N/AC:L/PR:H/UI:N/S:C/C:N/I:H/A:N",
        "credit": [
          "Joel Reardon"
        ],
        "semver": {
          "vulnerable": [
            "[,2022.12.7)"
          ]
        },
        "exploit": "Not Defined",
        "fixedIn": [
          "2022.12.7"
        ],
        "patches": [],
        "insights": {
          "triageAdvice": null
        },
        "language": "python",
        "severity": "medium",
        "cvssScore": 6.8,
        "functions": [],
        "malicious": false,
        "isDisputed": false,
        "moduleName": "certifi",
        "references": [
          {
            "url": "https://github.com/certifi/python-certifi/commit/9e9e840925d7b8e76c76fdac1fab7e6e88c1c3b8",
            "title": "GitHub Commit"
          },
          {
            "url": "https://groups.google.com/a/mozilla.org/g/dev-security-policy/c/oxX69KFvsm4/m/yLohoVqtCgAJ",
            "title": "Google Groups Forum"
          }
        ],
        "cvssDetails": [
          {
            "assigner": "SUSE",
            "severity": "medium",
            "cvssV3Vector": "CVSS:3.1/AV:N/AC:H/PR:H/UI:N/S:U/C:H/I:H/A:H",
            "cvssV3BaseScore": 6.6,
            "modificationTime": "2024-03-11T09:49:21.721200Z"
          },
          {
            "assigner": "NVD",
            "severity": "high",
            "cvssV3Vector": "CVSS:3.1/AV:N/AC:L/PR:N/UI:N/S:U/C:N/I:H/A:N",
            "cvssV3BaseScore": 7.5,
            "modificationTime": "2024-03-11T09:52:51.237089Z"
          },
          {
            "assigner": "Red Hat",
            "severity": "high",
            "cvssV3Vector": "CVSS:3.1/AV:N/AC:L/PR:N/UI:N/S:U/C:N/I:H/A:N",
            "cvssV3BaseScore": 7.5,
            "modificationTime": "2024-03-11T09:53:47.206007Z"
          }
        ],
        "cvssSources": [
          {
            "type": "primary",
            "vector": "CVSS:3.1/AV:N/AC:L/PR:H/UI:N/S:C/C:N/I:H/A:N",
            "assigner": "Snyk",
            "severity": "medium",
            "baseScore": 6.8,
            "cvssVersion": "3.1",
            "modificationTime": "2024-03-06T14:02:42.740914Z"
          },
          {
            "type": "secondary",
            "vector": "CVSS:3.1/AV:N/AC:H/PR:H/UI:N/S:U/C:H/I:H/A:H",
            "assigner": "SUSE",
            "severity": "medium",
            "baseScore": 6.6,
            "cvssVersion": "3.1",
            "modificationTime": "2024-03-11T09:49:21.721200Z"
          },
          {
            "type": "secondary",
            "vector": "CVSS:3.1/AV:N/AC:L/PR:N/UI:N/S:U/C:N/I:H/A:N",
            "assigner": "NVD",
            "severity": "high",
            "baseScore": 7.5,
            "cvssVersion": "3.1",
            "modificationTime": "2024-03-11T09:52:51.237089Z"
          },
          {
            "type": "secondary",
            "vector": "CVSS:3.1/AV:N/AC:L/PR:N/UI:N/S:U/C:N/I:H/A:N",
            "assigner": "Red Hat",
            "severity": "high",
            "baseScore": 7.5,
            "cvssVersion": "3.1",
            "modificationTime": "2024-03-11T09:53:47.206007Z"
          }
        ],
        "description": "## Overview\n\nAffected versions of this package are vulnerable to Insufficient Verification of Data Authenticity resulting in Certifi root certificate removal from TrustCor. The root certificates are being removed pursuant to an investigation prompted by media reporting that TrustCor's ownership also operated a business that produced spyware.\n## Remediation\nUpgrade `certifi` to version 2022.12.7 or higher.\n## References\n- [GitHub Commit](https://github.com/certifi/python-certifi/commit/9e9e840925d7b8e76c76fdac1fab7e6e88c1c3b8)\n- [Google Groups Forum](https://groups.google.com/a/mozilla.org/g/dev-security-policy/c/oxX69KFvsm4/m/yLohoVqtCgAJ)\n",
        "epssDetails": {
          "percentile": "0.24161",
          "probability": "0.00057",
          "modelVersion": "v2023.03.01"
        },
        "identifiers": {
          "CVE": [
            "CVE-2022-23491"
          ],
          "CWE": [
            "CWE-345"
          ],
          "GHSA": [
            "GHSA-43fp-rhv2-5gv8"
          ]
        },
        "packageName": "certifi",
        "proprietary": false,
        "creationTime": "2022-12-08T09:22:24.241183Z",
        "functions_new": [],
        "alternativeIds": [],
        "disclosureTime": "2022-12-07T23:05:18Z",
        "exploitDetails": {
          "sources": [],
          "maturityLevels": [
            {
              "type": "secondary",
              "level": "Not Defined",
              "format": "CVSSv3"
            },
            {
              "type": "primary",
              "level": "Not Defined",
              "format": "CVSSv4"
            }
          ]
        },
        "packageManager": "pip",
        "publicationTime": "2022-12-08T09:37:59.689622Z",
        "severityBasedOn": "CVSS",
        "modificationTime": "2024-03-11T09:53:47.206007Z",
        "socialTrendAlert": false,
        "packagePopularityRank": 99,
        "from": [
          "upstream-repository@0.0.0",
          "certifi@2022.5.18.1"
        ],
        "upgradePath": [],
        "isUpgradable": false,
        "isPatchable": false,
        "isPinnable": true,
        "isRuntime": false,
        "name": "certifi",
        "version": "2022.5.18.1",
        "severityWithCritical": "medium"
      },
      {
        "id": "SNYK-PYTHON-CERTIFI-5805047",
        "title": "Improper Following of a Certificate's Chain of Trust",
        "CVSSv3": "CVSS:3.1/AV:N/AC:L/PR:N/UI:N/S:U/C:H/I:H/A:H",
        "credit": [
          "Ben Wilson"
        ],
        "semver": {
          "vulnerable": [
            "[2015.04.28,2023.7.22)"
          ]
        },
        "exploit": "Not Defined",
        "fixedIn": [
          "2023.7.22"
        ],
        "patches": [],
        "insights": {
          "triageAdvice": null
        },
        "language": "python",
        "severity": "critical",
        "cvssScore": 9.8,
        "functions": [],
        "malicious": false,
        "isDisputed": false,
        "moduleName": "certifi",
        "references": [
          {
            "url": "https://github.com/certifi/python-certifi/commit/8fb96ed81f71e7097ed11bc4d9b19afd7ea5c909",
            "title": "GitHub Commit"
          },
          {
            "url": "https://groups.google.com/a/mozilla.org/g/dev-security-policy/c/C-HrP1SEq1A",
            "title": "Google Groups Forum"
          }
        ],
        "cvssDetails": [
          {
            "assigner": "Red Hat",
            "severity": "critical",
            "cvssV3Vector": "CVSS:3.1/AV:N/AC:L/PR:N/UI:N/S:U/C:H/I:H/A:N",
            "cvssV3BaseScore": 9.1,
            "modificationTime": "2024-06-19T13:45:38.974244Z"
          },
          {
            "assigner": "NVD",
            "severity": "critical",
            "cvssV3Vector": "CVSS:3.1/AV:N/AC:L/PR:N/UI:N/S:U/C:H/I:H/A:H",
            "cvssV3BaseScore": 9.8,
            "modificationTime": "2024-03-11T09:53:28.568445Z"
          }
        ],
        "cvssSources": [
          {
            "type": "primary",
            "vector": "CVSS:3.1/AV:N/AC:L/PR:N/UI:N/S:U/C:H/I:H/A:H",
            "assigner": "Snyk",
            "severity": "critical",
            "baseScore": 9.8,
            "cvssVersion": "3.1",
            "modificationTime": "2024-03-06T14:06:06.127951Z"
          },
          {
            "type": "secondary",
            "vector": "CVSS:3.1/AV:N/AC:L/PR:N/UI:N/S:U/C:H/I:H/A:N",
            "assigner": "Red Hat",
            "severity": "critical",
            "baseScore": 9.1,
            "cvssVersion": "3.1",
            "modificationTime": "2024-06-19T13:45:38.974244Z"
          },
          {
            "type": "secondary",
            "vector": "CVSS:3.1/AV:N/AC:L/PR:N/UI:N/S:U/C:H/I:H/A:H",
            "assigner": "NVD",
            "severity": "critical",
            "baseScore": 9.8,
            "cvssVersion": "3.1",
            "modificationTime": "2024-03-11T09:53:28.568445Z"
          }
        ],
        "description": "## Overview\n\nAffected versions of this package are vulnerable to Improper Following of a Certificate's Chain of Trust. E-Tugra's root certificates are being removed pursuant to an investigation prompted by reporting of security issues in their systems. Conclusions of Mozilla's investigation can be found [here](https://groups.google.com/a/mozilla.org/g/dev-security-policy/c/C-HrP1SEq1A).\r\n\r\n**Note:**\r\n\r\nThis issue is not an inherent vulnerability in the package, but a security measure against potential harmful effects of trusting the now-revoked root certificates.\n## Remediation\nUpgrade `certifi` to version 2023.7.22 or higher.\n## References\n- [GitHub Commit](https://github.com/certifi/python-certifi/commit/8fb96ed81f71e7097ed11bc4d9b19afd7ea5c909)\n- [Google Groups Forum](https://groups.google.com/a/mozilla.org/g/dev-security-policy/c/C-HrP1SEq1A)\n",
        "epssDetails": {
          "percentile": "0.47887",
          "probability": "0.00126",
          "modelVersion": "v2023.03.01"
        },
        "identifiers": {
          "CVE": [
            "CVE-2023-37920"
          ],
          "CWE": [
            "CWE-296"
          ],
          "GHSA": [
            "GHSA-xqr8-7jwr-rhp7"
          ]
        },
        "packageName": "certifi",
        "proprietary": false,
        "creationTime": "2023-07-25T15:57:02.052910Z",
        "functions_new": [],
        "alternativeIds": [],
        "disclosureTime": "2023-07-25T14:43:53Z",
        "exploitDetails": {
          "sources": [],
          "maturityLevels": [
            {
              "type": "secondary",
              "level": "Not Defined",
              "format": "CVSSv3"
            },
            {
              "type": "primary",
              "level": "Not Defined",
              "format": "CVSSv4"
            }
          ]
        },
        "packageManager": "pip",
        "publicationTime": "2023-07-25T16:06:17.410117Z",
        "severityBasedOn": "CVSS",
        "modificationTime": "2024-06-19T13:45:38.974244Z",
        "socialTrendAlert": false,
        "packagePopularityRank": 99,
        "from": [
          "upstream-repository@0.0.0",
          "certifi@2022.5.18.1"
        ],
        "upgradePath": [],
        "isUpgradable": false,
        "isPatchable": false,
        "isPinnable": true,
        "isRuntime": false,
        "name": "certifi",
        "version": "2022.5.18.1",
        "severityWithCritical": "critical"
      },
      {
        "id": "SNYK-PYTHON-CERTIFI-7430173",
        "title": "Insufficient Verification of Data Authenticity",
        "CVSSv3": "CVSS:3.1/AV:N/AC:L/PR:H/UI:N/S:C/C:N/I:H/A:N",
        "credit": [
          "Unknown"
        ],
        "semver": {
          "vulnerable": [
            "[2021.5.30,2024.7.4)"
          ]
        },
        "exploit": "Not Defined",
        "fixedIn": [
          "2024.7.4"
        ],
        "patches": [],
        "insights": {
          "triageAdvice": null
        },
        "language": "python",
        "severity": "medium",
        "cvssScore": 6.1,
        "functions": [],
        "malicious": false,
        "isDisputed": false,
        "moduleName": "certifi",
        "references": [
          {
            "url": "https://github.com/certifi/python-certifi/commit/bd8153872e9c6fc98f4023df9c2deaffea2fa463",
            "title": "GitHub Commit"
          },
          {
            "url": "https://groups.google.com/a/mozilla.org/g/dev-security-policy/c/XpknYMPO8dI",
            "title": "Mozilla Root Discussion"
          }
        ],
        "cvssDetails": [
          {
            "assigner": "Red Hat",
            "severity": "low",
            "cvssV3Vector": "CVSS:3.1/AV:N/AC:H/PR:N/UI:N/S:U/C:L/I:N/A:N",
            "cvssV3BaseScore": 3.7,
            "modificationTime": "2024-07-06T13:34:59.030186Z"
          }
        ],
        "cvssSources": [
          {
            "type": "primary",
            "vector": "CVSS:4.0/AV:N/AC:L/AT:N/PR:H/UI:N/VC:N/VI:L/VA:N/SC:N/SI:H/SA:N",
            "assigner": "Snyk",
            "severity": "medium",
            "baseScore": 6.1,
            "cvssVersion": "4.0",
            "modificationTime": "2024-07-07T07:05:51.879707Z"
          },
          {
            "type": "secondary",
            "vector": "CVSS:3.1/AV:N/AC:L/PR:H/UI:N/S:C/C:N/I:H/A:N",
            "assigner": "Snyk",
            "severity": "medium",
            "baseScore": 6.8,
            "cvssVersion": "3.1",
            "modificationTime": "2024-07-07T07:05:51.879707Z"
          },
          {
            "type": "secondary",
            "vector": "CVSS:3.1/AV:N/AC:H/PR:N/UI:N/S:U/C:L/I:N/A:N",
            "assigner": "Red Hat",
            "severity": "low",
            "baseScore": 3.7,
            "cvssVersion": "3.1",
            "modificationTime": "2024-07-06T13:34:59.030186Z"
          }
        ],
        "description": "## Overview\n\nAffected versions of this package are vulnerable to Insufficient Verification of Data Authenticity due to the presence of the root certificate for GLOBALTRUST in the root store. The root certificates are being removed pursuant to an investigation into non-compliance.\n## Remediation\nUpgrade `certifi` to version 2024.7.4 or higher.\n## References\n- [GitHub Commit](https://github.com/certifi/python-certifi/commit/bd8153872e9c6fc98f4023df9c2deaffea2fa463)\n- [Mozilla Root Discussion](https://groups.google.com/a/mozilla.org/g/dev-security-policy/c/XpknYMPO8dI)\n",
        "epssDetails": {
          "percentile": "0.16292",
          "probability": "0.00045",
          "modelVersion": "v2023.03.01"
        },
        "identifiers": {
          "CVE": [
            "CVE-2024-39689"
          ],
          "CWE": [
            "CWE-345"
          ],
          "GHSA": [
            "GHSA-248v-346w-9cwc"
          ]
        },
        "packageName": "certifi",
        "proprietary": false,
        "creationTime": "2024-07-07T07:05:51.503381Z",
        "functions_new": [],
        "alternativeIds": [],
        "disclosureTime": "2024-07-05T20:06:40Z",
        "exploitDetails": {
          "sources": [],
          "maturityLevels": [
            {
              "type": "secondary",
              "level": "Not Defined",
              "format": "CVSSv3"
            },
            {
              "type": "primary",
              "level": "Not Defined",
              "format": "CVSSv4"
            }
          ]
        },
        "packageManager": "pip",
        "publicationTime": "2024-07-07T07:05:51.759398Z",
        "severityBasedOn": "CVSS",
        "modificationTime": "2024-07-07T07:05:51.879707Z",
        "socialTrendAlert": false,
        "packagePopularityRank": 99,
        "from": [
          "upstream-repository@0.0.0",
          "certifi@2022.5.18.1"
        ],
        "upgradePath": [],
        "isUpgradable": false,
        "isPatchable": false,
        "isPinnable": true,
        "isRuntime": false,
        "name": "certifi",
        "version": "2022.5.18.1",
        "severityWithCritical": "medium"
      },
      {
        "id": "SNYK-PYTHON-PYOPENSSL-6149520",
        "title": "Use of a Broken or Risky Cryptographic Algorithm",
        "CVSSv3": "CVSS:3.1/AV:N/AC:H/PR:N/UI:N/S:U/C:N/I:N/A:H",
        "credit": [
          "Sverker Eriksson"
        ],
        "semver": {
          "vulnerable": [
            "[22.0.0,]"
          ]
        },
        "exploit": "Not Defined",
        "fixedIn": [],
        "patches": [],
        "insights": {
          "triageAdvice": null
        },
        "language": "python",
        "severity": "medium",
        "cvssScore": 5.9,
        "functions": [],
        "malicious": false,
        "isDisputed": false,
        "moduleName": "pyopenssl",
        "references": [
          {
            "url": "https://github.com/openssl/openssl/commit/050d26383d4e264966fb83428e72d5d48f402d35",
            "title": "GitHub Commit"
          },
          {
            "url": "https://github.com/openssl/openssl/commit/5b139f95c9a47a55a0c54100f3837b1eee942b04",
            "title": "GitHub Commit"
          },
          {
            "url": "https://github.com/openssl/openssl/commit/f3fc5808fe9ff74042d639839610d03b8fdcc015",
            "title": "GitHub Commit"
          },
          {
            "url": "https://github.com/pyca/cryptography/commit/89d0d56fb104ac4e0e6db63d78fc22b8c53d27e9",
            "title": "GitHub Commit"
          },
          {
            "url": "https://www.openssl.org/news/secadv/20240109.txt",
            "title": "OpenSSL Advisory"
          },
          {
            "url": "https://bugzilla.redhat.com/show_bug.cgi?id=2257571",
            "title": "RedHat Bugzilla Bug"
          }
        ],
        "cvssDetails": [
          {
            "assigner": "SUSE",
            "severity": "medium",
            "cvssV3Vector": "CVSS:3.1/AV:N/AC:L/PR:N/UI:N/S:U/C:N/I:L/A:L",
            "cvssV3BaseScore": 6.5,
            "modificationTime": "2024-03-11T09:49:44.514581Z"
          },
          {
            "assigner": "NVD",
            "severity": "medium",
            "cvssV3Vector": "CVSS:3.1/AV:N/AC:H/PR:N/UI:N/S:U/C:N/I:L/A:H",
            "cvssV3BaseScore": 6.5,
            "modificationTime": "2024-03-11T09:49:47.519039Z"
          },
          {
            "assigner": "Red Hat",
            "severity": "medium",
            "cvssV3Vector": "CVSS:3.1/AV:N/AC:H/PR:N/UI:N/S:U/C:N/I:L/A:H",
            "cvssV3BaseScore": 6.5,
            "modificationTime": "2024-03-11T09:49:50.449769Z"
          }
        ],
        "cvssSources": [
          {
            "type": "primary",
            "vector": "CVSS:3.1/AV:N/AC:H/PR:N/UI:N/S:U/C:N/I:N/A:H",
            "assigner": "Snyk",
            "severity": "medium",
            "baseScore": 5.9,
            "cvssVersion": "3.1",
            "modificationTime": "2024-03-06T14:09:48.596356Z"
          },
          {
            "type": "secondary",
            "vector": "CVSS:3.1/AV:N/AC:L/PR:N/UI:N/S:U/C:N/I:L/A:L",
            "assigner": "SUSE",
            "severity": "medium",
            "baseScore": 6.5,
            "cvssVersion": "3.1",
            "modificationTime": "2024-03-11T09:49:44.514581Z"
          },
          {
            "type": "secondary",
            "vector": "CVSS:3.1/AV:N/AC:H/PR:N/UI:N/S:U/C:N/I:L/A:H",
            "assigner": "NVD",
            "severity": "medium",
            "baseScore": 6.5,
            "cvssVersion": "3.1",
            "modificationTime": "2024-03-11T09:49:47.519039Z"
          },
          {
            "type": "secondary",
            "vector": "CVSS:3.1/AV:N/AC:H/PR:N/UI:N/S:U/C:N/I:L/A:H",
            "assigner": "Red Hat",
            "severity": "medium",
            "baseScore": 6.5,
            "cvssVersion": "3.1",
            "modificationTime": "2024-03-11T09:49:50.449769Z"
          }
        ],
        "description": "## Overview\n\nAffected versions of this package are vulnerable to Use of a Broken or Risky Cryptographic Algorithm due to an issue in the `POLY1305` MAC implementation on PowerPC CPUs. An attacker can corrupt the application state and cause incorrect calculations or potential denial of service by influencing the use of the `POLY1305` MAC algorithm.\r\n\r\n**Note:**\r\n\r\nThis is only exploitable if the attacker has the ability to affect the algorithm's usage and the application relies on non-volatile XMM registers.\n## Remediation\nThere is no fixed version for `pyOpenSSL`.\n\n## References\n- [GitHub Commit](https://github.com/openssl/openssl/commit/050d26383d4e264966fb83428e72d5d48f402d35)\n- [GitHub Commit](https://github.com/openssl/openssl/commit/5b139f95c9a47a55a0c54100f3837b1eee942b04)\n- [GitHub Commit](https://github.com/openssl/openssl/commit/f3fc5808fe9ff74042d639839610d03b8fdcc015)\n- [GitHub Commit](https://github.com/pyca/cryptography/commit/89d0d56fb104ac4e0e6db63d78fc22b8c53d27e9)\n- [OpenSSL Advisory](https://www.openssl.org/news/secadv/20240109.txt)\n- [RedHat Bugzilla Bug](https://bugzilla.redhat.com/show_bug.cgi?id=2257571)\n",
        "epssDetails": {
          "percentile": "0.52873",
          "probability": "0.00158",
          "modelVersion": "v2023.03.01"
        },
        "identifiers": {
          "CVE": [
            "CVE-2023-6129"
          ],
          "CWE": [
            "CWE-328"
          ]
        },
        "packageName": "pyopenssl",
        "proprietary": false,
        "creationTime": "2024-01-10T13:39:49.598360Z",
        "functions_new": [],
        "alternativeIds": [],
        "disclosureTime": "2024-01-09T00:00:00Z",
        "exploitDetails": {
          "sources": [],
          "maturityLevels": [
            {
              "type": "secondary",
              "level": "Not Defined",
              "format": "CVSSv3"
            },
            {
              "type": "primary",
              "level": "Not Defined",
              "format": "CVSSv4"
            }
          ]
        },
        "packageManager": "pip",
        "publicationTime": "2024-01-10T15:08:56.516899Z",
        "severityBasedOn": "CVSS",
        "modificationTime": "2024-03-11T09:49:50.449769Z",
        "socialTrendAlert": false,
        "packagePopularityRank": 95,
        "from": [
          "upstream-repository@0.0.0",
          "pyopenssl@24.2.1"
        ],
        "upgradePath": [],
        "isUpgradable": false,
        "isPatchable": false,
        "isPinnable": false,
        "isRuntime": false,
        "name": "pyopenssl",
        "version": "24.2.1",
        "severityWithCritical": "medium"
      },
      {
        "id": "SNYK-PYTHON-PYOPENSSL-6157250",
        "title": "Resource Exhaustion",
        "CVSSv3": "CVSS:3.1/AV:N/AC:H/PR:N/UI:N/S:U/C:N/I:N/A:H",
        "credit": [
          "OSS-Fuzz"
        ],
        "semver": {
          "vulnerable": [
            "[22.0.0,]"
          ]
        },
        "exploit": "Not Defined",
        "fixedIn": [],
        "patches": [],
        "insights": {
          "triageAdvice": null
        },
        "language": "python",
        "severity": "medium",
        "cvssScore": 5.9,
        "functions": [],
        "malicious": false,
        "isDisputed": false,
        "moduleName": "pyopenssl",
        "references": [
          {
            "url": "https://github.com/openssl/openssl/commit/0b0f7abfb37350794a4b8960fafc292cd5d1b84d",
            "title": "GitHub Commit"
          },
          {
            "url": "https://github.com/openssl/openssl/commit/18c02492138d1eb8b6548cb26e7b625fb2414a2a",
            "title": "GitHub Commit"
          },
          {
            "url": "https://github.com/openssl/openssl/commit/a830f551557d3d66a84bbb18a5b889c640c36294",
            "title": "GitHub Commit"
          },
          {
            "url": "https://github.com/pyca/cryptography/commit/4b5be7b0032ade70e09a43f9d857708e36170bbc",
            "title": "GitHub Commit"
          },
          {
            "url": "https://www.openssl.org/news/secadv/20240115.txt",
            "title": "OpenSSL Advisory"
          },
          {
            "url": "https://bugzilla.redhat.com/show_bug.cgi?id=2258502",
            "title": "RedHat Bugzilla Bug"
          }
        ],
        "cvssDetails": [
          {
            "assigner": "Red Hat",
            "severity": "medium",
            "cvssV3Vector": "CVSS:3.1/AV:N/AC:H/PR:N/UI:N/S:U/C:N/I:N/A:H",
            "cvssV3BaseScore": 5.9,
            "modificationTime": "2024-03-11T09:49:24.605584Z"
          },
          {
            "assigner": "SUSE",
            "severity": "medium",
            "cvssV3Vector": "CVSS:3.1/AV:N/AC:H/PR:N/UI:N/S:U/C:N/I:N/A:H",
            "cvssV3BaseScore": 5.9,
            "modificationTime": "2024-03-11T09:49:44.652172Z"
          }
        ],
        "cvssSources": [
          {
            "type": "primary",
            "vector": "CVSS:3.1/AV:N/AC:H/PR:N/UI:N/S:U/C:N/I:N/A:H",
            "assigner": "Snyk",
            "severity": "medium",
            "baseScore": 5.9,
            "cvssVersion": "3.1",
            "modificationTime": "2024-03-13T11:51:46.976202Z"
          },
          {
            "type": "secondary",
            "vector": "CVSS:3.1/AV:N/AC:H/PR:N/UI:N/S:U/C:N/I:N/A:H",
            "assigner": "Red Hat",
            "severity": "medium",
            "baseScore": 5.9,
            "cvssVersion": "3.1",
            "modificationTime": "2024-03-11T09:49:24.605584Z"
          },
          {
            "type": "secondary",
            "vector": "CVSS:3.1/AV:N/AC:H/PR:N/UI:N/S:U/C:N/I:N/A:H",
            "assigner": "SUSE",
            "severity": "medium",
            "baseScore": 5.9,
            "cvssVersion": "3.1",
            "modificationTime": "2024-03-11T09:49:44.652172Z"
          }
        ],
        "description": "## Overview\n\nAffected versions of this package are vulnerable to Resource Exhaustion via the `EVP_PKEY_public_check` function. When the function is called in RSA public keys, a computation is done to confirm that the RSA modulus, n, is composite. For valid RSA keys, n is a product of two or more large primes and this computation completes quickly. However, if n is a large prime, this computation takes a long time. An attacker can cause a denial of service by supplying a specially crafted RSA key that triggers extensive computation.\n\n## Details\n\nDenial of Service (DoS) describes a family of attacks, all aimed at making a system inaccessible to its intended and legitimate users.\n\nUnlike other vulnerabilities, DoS attacks usually do not aim at breaching security. Rather, they are focused on making websites and services unavailable to genuine users resulting in downtime.\n\nOne popular Denial of Service vulnerability is DDoS (a Distributed Denial of Service), an attack that attempts to clog network pipes to the system by generating a large volume of traffic from many machines.\n\nWhen it comes to open source libraries, DoS vulnerabilities allow attackers to trigger such a crash or crippling of the service by using a flaw either in the application code or from the use of open source libraries.\n\nTwo common types of DoS vulnerabilities:\n\n* High CPU/Memory Consumption- An attacker sending crafted requests that could cause the system to take a disproportionate amount of time to process. For example, [commons-fileupload:commons-fileupload](SNYK-JAVA-COMMONSFILEUPLOAD-30082).\n\n* Crash - An attacker sending crafted requests that could cause the system to crash. For Example,  [npm `ws` package](https://snyk.io/vuln/npm:ws:20171108)\n\n## Remediation\nThere is no fixed version for `pyopenssl`.\n\n## References\n- [GitHub Commit](https://github.com/openssl/openssl/commit/0b0f7abfb37350794a4b8960fafc292cd5d1b84d)\n- [GitHub Commit](https://github.com/openssl/openssl/commit/18c02492138d1eb8b6548cb26e7b625fb2414a2a)\n- [GitHub Commit](https://github.com/openssl/openssl/commit/a830f551557d3d66a84bbb18a5b889c640c36294)\n- [GitHub Commit](https://github.com/pyca/cryptography/commit/4b5be7b0032ade70e09a43f9d857708e36170bbc)\n- [OpenSSL Advisory](https://www.openssl.org/news/secadv/20240115.txt)\n- [RedHat Bugzilla Bug](https://bugzilla.redhat.com/show_bug.cgi?id=2258502)\n",
        "epssDetails": {
          "percentile": "0.10750",
          "probability": "0.00044",
          "modelVersion": "v2023.03.01"
        },
        "identifiers": {
          "CVE": [
            "CVE-2023-6237"
          ],
          "CWE": [
            "CWE-400"
          ]
        },
        "packageName": "pyopenssl",
        "proprietary": false,
        "creationTime": "2024-01-16T07:48:33.039346Z",
        "functions_new": [],
        "alternativeIds": [],
        "disclosureTime": "2024-01-15T00:00:00Z",
        "exploitDetails": {
          "sources": [],
          "maturityLevels": [
            {
              "type": "secondary",
              "level": "Not Defined",
              "format": "CVSSv3"
            },
            {
              "type": "primary",
              "level": "Not Defined",
              "format": "CVSSv4"
            }
          ]
        },
        "packageManager": "pip",
        "publicationTime": "2024-01-16T10:17:36.325521Z",
        "severityBasedOn": "CVSS",
        "modificationTime": "2024-03-13T11:51:46.976202Z",
        "socialTrendAlert": false,
        "packagePopularityRank": 99,
        "from": [
          "upstream-repository@0.0.0",
          "pyopenssl@24.2.1"
        ],
        "upgradePath": [],
        "isUpgradable": false,
        "isPatchable": false,
        "isPinnable": false,
        "isRuntime": false,
        "name": "pyopenssl",
        "version": "24.2.1",
        "severityWithCritical": "medium"
      },
      {
        "id": "SNYK-PYTHON-PYOPENSSL-6592766",
        "title": "Uncontrolled Resource Consumption ('Resource Exhaustion')",
        "CVSSv3": "CVSS:3.1/AV:N/AC:H/PR:N/UI:N/S:U/C:N/I:N/A:L",
        "credit": [
          "Manish Patidar"
        ],
        "semver": {
          "vulnerable": [
            "[22.0.0,]"
          ]
        },
        "exploit": "Not Defined",
        "fixedIn": [],
        "patches": [],
        "insights": {
          "triageAdvice": null
        },
        "language": "python",
        "severity": "low",
        "cvssScore": 3.7,
        "functions": [],
        "malicious": false,
        "isDisputed": false,
        "moduleName": "pyopenssl",
        "references": [
          {
            "url": "https://github.com/openssl/openssl/commit/21df7f04f6c4a560b4de56d10e1e58958c7e566d",
            "title": "GitHub Commit"
          },
          {
            "url": "https://github.com/openssl/openssl/commit/4a3e8f08306c64366318e26162ae0a0eb7b1a006",
            "title": "GitHub Commit"
          },
          {
            "url": "https://github.com/openssl/openssl/commit/7984fa683e9dfac0cad50ef2a9d5a13330222044",
            "title": "GitHub Commit"
          },
          {
            "url": "https://github.com/pyca/cryptography/commit/42192fab0a96b484089021148ed1eaa12053f7ed",
            "title": "GitHub Commit"
          },
          {
            "url": "https://bugzilla.redhat.com/show_bug.cgi?id=2274020",
            "title": "RedHat Bugzilla Bug"
          },
          {
            "url": "https://www.openssl.org/news/secadv/20240408.txt",
            "title": "Vulnerability Advisory"
          }
        ],
        "cvssDetails": [
          {
            "assigner": "Red Hat",
            "severity": "low",
            "cvssV3Vector": "CVSS:3.1/AV:N/AC:H/PR:N/UI:N/S:U/C:N/I:N/A:L",
            "cvssV3BaseScore": 3.7,
            "modificationTime": "2024-04-09T14:00:48.135216Z"
          },
          {
            "assigner": "SUSE",
            "severity": "medium",
            "cvssV3Vector": "CVSS:3.1/AV:N/AC:H/PR:N/UI:N/S:U/C:N/I:N/A:H",
            "cvssV3BaseScore": 5.9,
            "modificationTime": "2024-05-15T11:02:43.487573Z"
          }
        ],
        "cvssSources": [
          {
            "type": "primary",
            "vector": "CVSS:3.1/AV:N/AC:H/PR:N/UI:N/S:U/C:N/I:N/A:L",
            "assigner": "Snyk",
            "severity": "low",
            "baseScore": 3.7,
            "cvssVersion": "3.1",
            "modificationTime": "2024-07-21T15:23:23.841340Z"
          },
          {
            "type": "secondary",
            "vector": "CVSS:3.1/AV:N/AC:H/PR:N/UI:N/S:U/C:N/I:N/A:L",
            "assigner": "Red Hat",
            "severity": "low",
            "baseScore": 3.7,
            "cvssVersion": "3.1",
            "modificationTime": "2024-04-09T14:00:48.135216Z"
          },
          {
            "type": "secondary",
            "vector": "CVSS:3.1/AV:N/AC:H/PR:N/UI:N/S:U/C:N/I:N/A:H",
            "assigner": "SUSE",
            "severity": "medium",
            "baseScore": 5.9,
            "cvssVersion": "3.1",
            "modificationTime": "2024-05-15T11:02:43.487573Z"
          }
        ],
        "description": "## Overview\n\nAffected versions of this package are vulnerable to Uncontrolled Resource Consumption ('Resource Exhaustion') due to the session cache entering an incorrect state and failing to flush properly as it fills, leading to uncontrolled memory consumption. This condition is triggered under certain server configurations when processing TLSv1.3 sessions. Specifically, this occurs if the non-default `SSL_OP_NO_TICKET` option is enabled, but not if early_data support is configured along with the default anti-replay protection. A malicious client could deliberately create this scenario to force a service disruption. It may also occur accidentally in normal operation.\r\n\r\n**Note:**\r\n\r\nThis issue is only exploitable if the server supports TLSv1.3 and is configured with the `SSL_OP_NO_TICKET` option enabled.\n## Remediation\nThere is no fixed version for `pyOpenSSL`.\n\n## References\n- [GitHub Commit](https://github.com/openssl/openssl/commit/21df7f04f6c4a560b4de56d10e1e58958c7e566d)\n- [GitHub Commit](https://github.com/openssl/openssl/commit/4a3e8f08306c64366318e26162ae0a0eb7b1a006)\n- [GitHub Commit](https://github.com/openssl/openssl/commit/7984fa683e9dfac0cad50ef2a9d5a13330222044)\n- [GitHub Commit](https://github.com/pyca/cryptography/commit/42192fab0a96b484089021148ed1eaa12053f7ed)\n- [RedHat Bugzilla Bug](https://bugzilla.redhat.com/show_bug.cgi?id=2274020)\n- [Vulnerability Advisory](https://www.openssl.org/news/secadv/20240408.txt)\n",
        "epssDetails": {
          "percentile": "0.10713",
          "probability": "0.00044",
          "modelVersion": "v2023.03.01"
        },
        "identifiers": {
          "CVE": [
            "CVE-2024-2511"
          ],
          "CWE": [
            "CWE-400"
          ]
        },
        "packageName": "pyopenssl",
        "proprietary": false,
        "creationTime": "2024-04-09T13:16:35.442290Z",
        "functions_new": [],
        "alternativeIds": [],
        "disclosureTime": "2024-04-08T00:00:00Z",
        "exploitDetails": {
          "sources": [],
          "maturityLevels": [
            {
              "type": "secondary",
              "level": "Not Defined",
              "format": "CVSSv3"
            },
            {
              "type": "primary",
              "level": "Not Defined",
              "format": "CVSSv4"
            }
          ]
        },
        "packageManager": "pip",
        "publicationTime": "2024-04-09T13:16:35.604558Z",
        "severityBasedOn": "CVSS",
        "modificationTime": "2024-07-21T15:23:23.841340Z",
        "socialTrendAlert": false,
        "packagePopularityRank": 95,
        "from": [
          "upstream-repository@0.0.0",
          "pyopenssl@24.2.1"
        ],
        "upgradePath": [],
        "isUpgradable": false,
        "isPatchable": false,
        "isPinnable": false,
        "isRuntime": false,
        "name": "pyopenssl",
        "version": "24.2.1",
        "severityWithCritical": "low"
      }
    ],
    "upgrade": {},
    "patch": {},
    "ignore": {},
    "pin": {
      "certifi@2022.5.18.1": {
        "upgradeTo": "certifi@2024.7.4",
        "vulns": [
          "SNYK-PYTHON-CERTIFI-3164749",
          "SNYK-PYTHON-CERTIFI-5805047",
          "SNYK-PYTHON-CERTIFI-7430173"
        ],
        "isTransitive": false
      }
    }
  },
  "filesystemPolicy": false,
  "filtered": {
    "ignore": [],
    "patch": []
  },
  "uniqueCount": 6,
  "projectName": "upstream-repository",
  "foundProjectCount": 1,
  "displayTargetFile": "requirements.txt",
  "hasUnknownVersions": false,
  "path": "D:\\a\\H6060-Python-UrlLib3\\H6060-Python-UrlLib3\\upstream-repository"
}
