Experiment ID,Experiment Date,Experiment Runner Environment,Experiment Runner Operating System,Experiment Runner Architecture,Experiment Project Name,Experiment Package Manager,GitHub Repository URL,GitHub Organisation,GitHub Repository Name,GitHub Repository Tag Name,GitHub Repository Tag Commit,GitHub Repository Tag Date,GitHub Repository Tag Author,GitHub Repository Tag Verified,GitHub Repository Tag Reason
1,2024-08-11,Github-Hosted,Windows,X64,H6060-Java-Webdrivermanager,Maven,https://github.com/bonigarcia/webdrivermanager,Not found,webdrivermanager,webdrivermanager-1.0.0,7fee29acc38dc9856ff3fe1c10b140a6be34a5f2,2015-03-21T10:23:01Z,bgarcia@gsyc.es,False,unsigned
1,2024-08-11,Github-Hosted,Windows,X64,H6060-Java-Webdrivermanager,Maven,https://github.com/bonigarcia/webdrivermanager,Not found,webdrivermanager,webdrivermanager-1.0.1,381a9617084f367676496fca3038237a466dd13a,2015-06-08T22:06:24Z,bgarcia@gsyc.es,False,unsigned
1,2024-08-11,Github-Hosted,Windows,X64,H6060-Java-Webdrivermanager,Maven,https://github.com/bonigarcia/webdrivermanager,Not found,webdrivermanager,webdrivermanager-1.1.0,cc50787e7f75812d988c06c4c9c445953aff354e,2015-06-22T22:49:34Z,bgarcia@gsyc.es,False,unsigned
1,2024-08-11,Github-Hosted,Windows,X64,H6060-Java-Webdrivermanager,Maven,https://github.com/bonigarcia/webdrivermanager,Not found,webdrivermanager,webdrivermanager-1.1.1,0a9c8d8de43d7f9f22c701fbfa09a10885e79c67,2015-06-23T09:44:50Z,bgarcia@gsyc.es,False,unsigned
1,2024-08-11,Github-Hosted,Windows,X64,H6060-Java-Webdrivermanager,Maven,https://github.com/bonigarcia/webdrivermanager,Not found,webdrivermanager,webdrivermanager-1.1.2,668f8b1ed79a9078939f921a60751238443db2e7,2015-07-06T12:50:22Z,bgarcia@gsyc.es,False,unsigned
1,2024-08-11,Github-Hosted,Windows,X64,H6060-Java-Webdrivermanager,Maven,https://github.com/bonigarcia/webdrivermanager,Not found,webdrivermanager,webdrivermanager-1.2.0,e7cf8fe9ab7de1a29a3080ab0a30603bf7d313d0,2015-07-07T11:22:03Z,bgarcia@gsyc.es,False,unsigned
1,2024-08-11,Github-Hosted,Windows,X64,H6060-Java-Webdrivermanager,Maven,https://github.com/bonigarcia/webdrivermanager,Not found,webdrivermanager,webdrivermanager-1.2.1,d82937f4fa45bdeffa6b7a90280e37fea730120c,2015-08-14T00:02:04Z,bgarcia@gsyc.es,False,unsigned
1,2024-08-11,Github-Hosted,Windows,X64,H6060-Java-Webdrivermanager,Maven,https://github.com/bonigarcia/webdrivermanager,Not found,webdrivermanager,webdrivermanager-1.2.2,b2e27be9e27e5b62967903b39820253ab25e9623,2015-08-19T21:57:27Z,bgarcia@gsyc.es,False,unsigned
1,2024-08-11,Github-Hosted,Windows,X64,H6060-Java-Webdrivermanager,Maven,https://github.com/bonigarcia/webdrivermanager,Not found,webdrivermanager,webdrivermanager-1.2.3,04d00cdc6e9917e0d31e392da3513873488180bc,2015-09-01T09:05:01Z,bgarcia@gsyc.es,False,unsigned
1,2024-08-11,Github-Hosted,Windows,X64,H6060-Java-Webdrivermanager,Maven,https://github.com/bonigarcia/webdrivermanager,Not found,webdrivermanager,webdrivermanager-1.2.4,5b366ad61087dd817fc3d08116d9b2420e719cfe,2015-10-20T13:09:02Z,bgarcia@gsyc.es,False,unsigned
1,2024-08-11,Github-Hosted,Windows,X64,H6060-Java-Webdrivermanager,Maven,https://github.com/bonigarcia/webdrivermanager,Not found,webdrivermanager,webdrivermanager-1.3.0,fd99fded1e5c90a40a0d3fbe3bdb6148290706cb,2015-11-01T09:05:42Z,bgarcia@gsyc.es,False,unsigned
1,2024-08-11,Github-Hosted,Windows,X64,H6060-Java-Webdrivermanager,Maven,https://github.com/bonigarcia/webdrivermanager,Not found,webdrivermanager,webdrivermanager-1.3.1,20d739c1141370aa15f886ad2dcf0c96e2172420,2016-01-08T20:03:34Z,bgarcia@gsyc.es,False,unsigned
1,2024-08-11,Github-Hosted,Windows,X64,H6060-Java-Webdrivermanager,Maven,https://github.com/bonigarcia/webdrivermanager,Not found,webdrivermanager,webdrivermanager-1.4.0,5cb91c14bad1126c3da39cc8de964daa26e8af91,2016-03-07T19:34:06Z,bgarcia@gsyc.es,False,unsigned
1,2024-08-11,Github-Hosted,Windows,X64,H6060-Java-Webdrivermanager,Maven,https://github.com/bonigarcia/webdrivermanager,Not found,webdrivermanager,webdrivermanager-1.4.1,5db797b1e0837dd8a18b92c6d99d26a5918e00b0,2016-03-12T16:08:55Z,bgarcia@gsyc.es,False,unsigned
1,2024-08-11,Github-Hosted,Windows,X64,H6060-Java-Webdrivermanager,Maven,https://github.com/bonigarcia/webdrivermanager,Not found,webdrivermanager,webdrivermanager-1.4.10,12d0b483b5ee8b0ee74b5ffba743b49e864b005c,2016-10-15T15:35:40Z,bgarcia@gsyc.es,False,unsigned
1,2024-08-11,Github-Hosted,Windows,X64,H6060-Java-Webdrivermanager,Maven,https://github.com/bonigarcia/webdrivermanager,Not found,webdrivermanager,webdrivermanager-1.4.2,35b72c4794f3a5827c5f4d5ce79fabff1a0b6e80,2016-04-06T09:36:59Z,bgarcia@gsyc.es,False,unsigned
1,2024-08-11,Github-Hosted,Windows,X64,H6060-Java-Webdrivermanager,Maven,https://github.com/bonigarcia/webdrivermanager,Not found,webdrivermanager,webdrivermanager-1.4.3,c65f515fb2064f11940a8676e3e1a87aceaed0b2,2016-05-10T08:31:10Z,bgarcia@gsyc.es,False,unsigned
1,2024-08-11,Github-Hosted,Windows,X64,H6060-Java-Webdrivermanager,Maven,https://github.com/bonigarcia/webdrivermanager,Not found,webdrivermanager,webdrivermanager-1.4.4,88bca41f91f40cae8d7093a45bad0b91abfc04eb,2016-06-08T13:14:53Z,bgarcia@gsyc.es,False,unsigned
1,2024-08-11,Github-Hosted,Windows,X64,H6060-Java-Webdrivermanager,Maven,https://github.com/bonigarcia/webdrivermanager,Not found,webdrivermanager,webdrivermanager-1.4.5,cd331eb7e3aa48bbed4adce514a3fb5c127bb394,2016-06-12T04:55:00Z,bgarcia@gsyc.es,False,unsigned
1,2024-08-11,Github-Hosted,Windows,X64,H6060-Java-Webdrivermanager,Maven,https://github.com/bonigarcia/webdrivermanager,Not found,webdrivermanager,webdrivermanager-1.4.6,962fac394a97ac8c9d60080a8c48660be65ad6fb,2016-07-01T17:32:23Z,bgarcia@gsyc.es,False,unsigned
1,2024-08-11,Github-Hosted,Windows,X64,H6060-Java-Webdrivermanager,Maven,https://github.com/bonigarcia/webdrivermanager,Not found,webdrivermanager,webdrivermanager-1.4.7,bdc2ec8c74cecdb85a752671eb28e33ec813dbfd,2016-08-01T13:57:34Z,bgarcia@gsyc.es,False,unsigned
1,2024-08-11,Github-Hosted,Windows,X64,H6060-Java-Webdrivermanager,Maven,https://github.com/bonigarcia/webdrivermanager,Not found,webdrivermanager,webdrivermanager-1.4.8,752a077362ba01954d3d074d99c19c011d2c8e09,2016-08-15T17:13:46Z,bgarcia@gsyc.es,False,unsigned
1,2024-08-11,Github-Hosted,Windows,X64,H6060-Java-Webdrivermanager,Maven,https://github.com/bonigarcia/webdrivermanager,Not found,webdrivermanager,webdrivermanager-1.4.9,cb05d70fd04154e011c9cbef4bd4b07cd9eee47e,2016-09-11T17:27:15Z,bgarcia@gsyc.es,False,unsigned
1,2024-08-11,Github-Hosted,Windows,X64,H6060-Java-Webdrivermanager,Maven,https://github.com/bonigarcia/webdrivermanager,Not found,webdrivermanager,webdrivermanager-1.5.0,2a3b8777c70e59ad46d5dfa0dd21f5edea04aeeb,2016-11-15T09:16:46Z,bgarcia@gsyc.es,False,unsigned
1,2024-08-11,Github-Hosted,Windows,X64,H6060-Java-Webdrivermanager,Maven,https://github.com/bonigarcia/webdrivermanager,Not found,webdrivermanager,webdrivermanager-1.5.1,9913605e84b51342a55f0595cc756fc6403f70a8,2017-01-19T10:32:37Z,bgarcia@gsyc.es,False,unsigned
1,2024-08-11,Github-Hosted,Windows,X64,H6060-Java-Webdrivermanager,Maven,https://github.com/bonigarcia/webdrivermanager,Not found,webdrivermanager,webdrivermanager-1.6.0,fb6b6b56352c54cccc78930daae8867063ed2440,2017-02-07T17:41:34Z,bgarcia@gsyc.es,False,unsigned
1,2024-08-11,Github-Hosted,Windows,X64,H6060-Java-Webdrivermanager,Maven,https://github.com/bonigarcia/webdrivermanager,Not found,webdrivermanager,webdrivermanager-1.6.1,e6248d99a4df623a647a68d62ba843108fc8e905,2017-03-08T16:19:37Z,bgarcia@gsyc.es,False,unsigned
1,2024-08-11,Github-Hosted,Windows,X64,H6060-Java-Webdrivermanager,Maven,https://github.com/bonigarcia/webdrivermanager,Not found,webdrivermanager,webdrivermanager-1.6.2,cc45ceddc3c952806a1ab30de1a05453e4708753,2017-04-02T10:19:41Z,bgarcia@gsyc.es,False,unsigned
1,2024-08-11,Github-Hosted,Windows,X64,H6060-Java-Webdrivermanager,Maven,https://github.com/bonigarcia/webdrivermanager,Not found,webdrivermanager,webdrivermanager-1.7.0,fdd9bf72046bffe766ebb8b11fe8d54e4fa8ade1,2017-06-18T18:37:43Z,bgarcia@gsyc.es,False,unsigned
1,2024-08-11,Github-Hosted,Windows,X64,H6060-Java-Webdrivermanager,Maven,https://github.com/bonigarcia/webdrivermanager,Not found,webdrivermanager,webdrivermanager-1.7.1,630dea4fe71f9a7ffb6f3536790c8450cbbecdac,2017-07-10T16:10:54Z,bgarcia@gsyc.es,False,unsigned
1,2024-08-11,Github-Hosted,Windows,X64,H6060-Java-Webdrivermanager,Maven,https://github.com/bonigarcia/webdrivermanager,Not found,webdrivermanager,webdrivermanager-1.7.2,f632859a6a7aa8c911f10593d4d2d29d31d39fc8,2017-09-17T11:35:47Z,bgarcia@gsyc.es,False,unsigned
1,2024-08-11,Github-Hosted,Windows,X64,H6060-Java-Webdrivermanager,Maven,https://github.com/bonigarcia/webdrivermanager,Not found,webdrivermanager,webdrivermanager-2.0.0,bad216c7a007cbe3b0e6e9a6064b34a1e6cbea9b,2017-11-27T04:22:07Z,bgarcia@gsyc.es,False,unsigned
1,2024-08-11,Github-Hosted,Windows,X64,H6060-Java-Webdrivermanager,Maven,https://github.com/bonigarcia/webdrivermanager,Not found,webdrivermanager,webdrivermanager-2.0.1,b5fc572f6fa2cd9eda006731f0d5dfeec09e7604,2017-12-10T18:46:22Z,bgarcia@gsyc.es,False,unsigned
1,2024-08-11,Github-Hosted,Windows,X64,H6060-Java-Webdrivermanager,Maven,https://github.com/bonigarcia/webdrivermanager,Not found,webdrivermanager,webdrivermanager-2.1.0,708fbc6ad1140ce4820c181caf90a126ae597896,2018-01-04T10:54:34Z,bgarcia@gsyc.es,False,unsigned
1,2024-08-11,Github-Hosted,Windows,X64,H6060-Java-Webdrivermanager,Maven,https://github.com/bonigarcia/webdrivermanager,Not found,webdrivermanager,webdrivermanager-2.2.0,549c2372f5041769dfa71c35efee63cfaab63048,2018-03-23T08:51:32Z,bgarcia@gsyc.es,False,unsigned
1,2024-08-11,Github-Hosted,Windows,X64,H6060-Java-Webdrivermanager,Maven,https://github.com/bonigarcia/webdrivermanager,Not found,webdrivermanager,webdrivermanager-2.2.1,9783746b56a800648504be8f8449d1f346db6791,2018-04-09T10:27:59Z,bgarcia@gsyc.es,False,unsigned
1,2024-08-11,Github-Hosted,Windows,X64,H6060-Java-Webdrivermanager,Maven,https://github.com/bonigarcia/webdrivermanager,Not found,webdrivermanager,webdrivermanager-2.2.2,bf98145766de8399b6c128ddf3aaa392e1012f86,2018-06-06T07:35:27Z,bgarcia@gsyc.es,False,unsigned
1,2024-08-11,Github-Hosted,Windows,X64,H6060-Java-Webdrivermanager,Maven,https://github.com/bonigarcia/webdrivermanager,Not found,webdrivermanager,webdrivermanager-2.2.3,74760caeb41a99c75208bc7668f4bbe5a819adb1,2018-06-21T07:57:17Z,bgarcia@gsyc.es,False,unsigned
1,2024-08-11,Github-Hosted,Windows,X64,H6060-Java-Webdrivermanager,Maven,https://github.com/bonigarcia/webdrivermanager,Not found,webdrivermanager,webdrivermanager-2.2.4,20384d3785c33fa01f5623b1ed96cbf6d7d6219c,2018-07-03T22:21:01Z,bgarcia@gsyc.es,False,unsigned
1,2024-08-11,Github-Hosted,Windows,X64,H6060-Java-Webdrivermanager,Maven,https://github.com/bonigarcia/webdrivermanager,Not found,webdrivermanager,webdrivermanager-2.2.5,4270e296c4662c5b6af94803ff30a70e8ac62e6f,2018-08-16T18:57:55Z,bgarcia@gsyc.es,False,unsigned
1,2024-08-11,Github-Hosted,Windows,X64,H6060-Java-Webdrivermanager,Maven,https://github.com/bonigarcia/webdrivermanager,Not found,webdrivermanager,webdrivermanager-3.0.0,13479cb25a92fd3ac9b20299ef2d941a654fcb0c,2018-09-04T10:20:55Z,bgarcia@gsyc.es,False,unsigned
1,2024-08-11,Github-Hosted,Windows,X64,H6060-Java-Webdrivermanager,Maven,https://github.com/bonigarcia/webdrivermanager,Not found,webdrivermanager,webdrivermanager-3.1.0,46b2c920af961c8da667c741fe3521faa46f9915,2018-12-09T03:34:49Z,bgarcia@gsyc.es,False,unsigned
1,2024-08-11,Github-Hosted,Windows,X64,H6060-Java-Webdrivermanager,Maven,https://github.com/bonigarcia/webdrivermanager,Not found,webdrivermanager,webdrivermanager-3.1.1,d02799480debf048fc10f95b8e81a3f9727b1ef1,2018-12-10T00:51:26Z,bgarcia@gsyc.es,False,unsigned
1,2024-08-11,Github-Hosted,Windows,X64,H6060-Java-Webdrivermanager,Maven,https://github.com/bonigarcia/webdrivermanager,Not found,webdrivermanager,webdrivermanager-3.2.0,4344d5b23781c28c3b03bb31bb17a023bce6e6fd,2019-01-07T12:25:53Z,bgarcia@gsyc.es,False,unsigned
1,2024-08-11,Github-Hosted,Windows,X64,H6060-Java-Webdrivermanager,Maven,https://github.com/bonigarcia/webdrivermanager,Not found,webdrivermanager,webdrivermanager-3.3.0,8d2f10d293d3b9be5b98b7ce3c3fb9e332c262aa,2019-02-06T12:23:52Z,bgarcia@gsyc.es,False,unsigned
1,2024-08-11,Github-Hosted,Windows,X64,H6060-Java-Webdrivermanager,Maven,https://github.com/bonigarcia/webdrivermanager,Not found,webdrivermanager,webdrivermanager-3.4.0,f2a89107c35212b0233f856026697c0b513b1a97,2019-03-27T11:38:15Z,bgarcia@gsyc.es,False,unsigned
1,2024-08-11,Github-Hosted,Windows,X64,H6060-Java-Webdrivermanager,Maven,https://github.com/bonigarcia/webdrivermanager,Not found,webdrivermanager,webdrivermanager-3.5.0,c62bd0ebfaa7ed0cf372127b752d215677e5e0f5,2019-05-09T15:07:21Z,bgarcia@gsyc.es,False,unsigned
1,2024-08-11,Github-Hosted,Windows,X64,H6060-Java-Webdrivermanager,Maven,https://github.com/bonigarcia/webdrivermanager,Not found,webdrivermanager,webdrivermanager-3.6.0,4b66a66cc1cb0baa0c7f43f8fbfdb17df57de70b,2019-05-17T11:19:46Z,bgarcia@gsyc.es,False,unsigned
1,2024-08-11,Github-Hosted,Windows,X64,H6060-Java-Webdrivermanager,Maven,https://github.com/bonigarcia/webdrivermanager,Not found,webdrivermanager,webdrivermanager-3.6.1,8a97d84ce4ea3108b57e43eb876e2f8aebfb539a,2019-06-07T09:27:28Z,bgarcia@gsyc.es,False,unsigned
1,2024-08-11,Github-Hosted,Windows,X64,H6060-Java-Webdrivermanager,Maven,https://github.com/bonigarcia/webdrivermanager,Not found,webdrivermanager,webdrivermanager-3.6.2,cf8c3ac3cb4e9c4691e3d086a71f285509334200,2019-07-18T08:57:36Z,bgarcia@gsyc.es,False,unsigned
1,2024-08-11,Github-Hosted,Windows,X64,H6060-Java-Webdrivermanager,Maven,https://github.com/bonigarcia/webdrivermanager,Not found,webdrivermanager,webdrivermanager-3.7.0,2cfdc5ba8776bc31addcbb1578c7803bcb72cd65,2019-09-10T12:51:26Z,bgarcia@gsyc.es,False,unsigned
1,2024-08-11,Github-Hosted,Windows,X64,H6060-Java-Webdrivermanager,Maven,https://github.com/bonigarcia/webdrivermanager,Not found,webdrivermanager,webdrivermanager-3.7.1,b41d54e47c4fff5be0caa47ed31ca1f2e3be22f3,2019-09-17T09:06:22Z,bgarcia@gsyc.es,False,unsigned
1,2024-08-11,Github-Hosted,Windows,X64,H6060-Java-Webdrivermanager,Maven,https://github.com/bonigarcia/webdrivermanager,Not found,webdrivermanager,webdrivermanager-3.8.0,81fd9c373335963aa11a76a619eca0d09ea06c9b,2020-01-11T13:16:36Z,bgarcia@gsyc.es,False,unsigned
1,2024-08-11,Github-Hosted,Windows,X64,H6060-Java-Webdrivermanager,Maven,https://github.com/bonigarcia/webdrivermanager,Not found,webdrivermanager,webdrivermanager-3.8.1,ba63997363ecad74fe9c3d5c17d824d8f609b753,2020-01-18T23:37:00Z,bgarcia@gsyc.es,False,unsigned
1,2024-08-11,Github-Hosted,Windows,X64,H6060-Java-Webdrivermanager,Maven,https://github.com/bonigarcia/webdrivermanager,Not found,webdrivermanager,webdrivermanager-4.0.0,5b0021a870242f4a9503bad17b73fb0fa9bfec9c,2020-05-12T11:03:56Z,boni.garcia@uc3m.es,False,unsigned
1,2024-08-11,Github-Hosted,Windows,X64,H6060-Java-Webdrivermanager,Maven,https://github.com/bonigarcia/webdrivermanager,Not found,webdrivermanager,webdrivermanager-4.1.0,d9b66d1accfd11cd7d5e2275a830ccbb9eb95fb7,2020-07-14T11:29:05Z,boni.garcia@uc3m.es,False,unsigned
1,2024-08-11,Github-Hosted,Windows,X64,H6060-Java-Webdrivermanager,Maven,https://github.com/bonigarcia/webdrivermanager,Not found,webdrivermanager,webdrivermanager-4.2.0,e486230837b7cd4b7cb33c93ece0a1e900856ea8,2020-08-21T15:44:25Z,boni.garcia@uc3m.es,False,unsigned
1,2024-08-11,Github-Hosted,Windows,X64,H6060-Java-Webdrivermanager,Maven,https://github.com/bonigarcia/webdrivermanager,Not found,webdrivermanager,webdrivermanager-4.2.1,b826cf5c582523c48c49f9ec0b632a76f8449f96,2020-09-21T16:59:11Z,boni.garcia@uc3m.es,False,unsigned
1,2024-08-11,Github-Hosted,Windows,X64,H6060-Java-Webdrivermanager,Maven,https://github.com/bonigarcia/webdrivermanager,Not found,webdrivermanager,webdrivermanager-4.2.2,3f25d9675ace3072ad5e8504ed0e93a769638de3,2020-09-21T17:59:01Z,boni.garcia@uc3m.es,False,unsigned
1,2024-08-11,Github-Hosted,Windows,X64,H6060-Java-Webdrivermanager,Maven,https://github.com/bonigarcia/webdrivermanager,Not found,webdrivermanager,webdrivermanager-4.3.0,6c72eb3f6558fb0d9f2ccd67413a6884b9af8085,2021-01-14T15:47:26Z,boni.garcia@uc3m.es,False,unsigned
1,2024-08-11,Github-Hosted,Windows,X64,H6060-Java-Webdrivermanager,Maven,https://github.com/bonigarcia/webdrivermanager,Not found,webdrivermanager,webdrivermanager-4.3.1,c63a9da1b69e968d415e310141183989dff4e683,2021-01-17T23:00:28Z,boni.garcia@uc3m.es,False,unsigned
1,2024-08-11,Github-Hosted,Windows,X64,H6060-Java-Webdrivermanager,Maven,https://github.com/bonigarcia/webdrivermanager,Not found,webdrivermanager,webdrivermanager-4.4.0,fab3eef89823b69d5a4eba641129e34da5902f7c,2021-04-06T08:57:30Z,boni.garcia@uc3m.es,False,unsigned
1,2024-08-11,Github-Hosted,Windows,X64,H6060-Java-Webdrivermanager,Maven,https://github.com/bonigarcia/webdrivermanager,Not found,webdrivermanager,webdrivermanager-4.4.1,172feadadff9d9c5c6aade913ec8aac86e529836,2021-04-22T09:51:54Z,boni.garcia@uc3m.es,False,unsigned
1,2024-08-11,Github-Hosted,Windows,X64,H6060-Java-Webdrivermanager,Maven,https://github.com/bonigarcia/webdrivermanager,Not found,webdrivermanager,webdrivermanager-4.4.3,789fac904e1cf62345db46221018c863cfdfb616,2021-05-09T14:38:00Z,boni.garcia@uc3m.es,False,unsigned
1,2024-08-11,Github-Hosted,Windows,X64,H6060-Java-Webdrivermanager,Maven,https://github.com/bonigarcia/webdrivermanager,Not found,webdrivermanager,webdrivermanager-5.0.0,88d19d7e85705b03eb8a3392f532f6b0c5d60160,2021-08-30T21:56:58Z,boni.garcia@uc3m.es,False,unsigned
1,2024-08-11,Github-Hosted,Windows,X64,H6060-Java-Webdrivermanager,Maven,https://github.com/bonigarcia/webdrivermanager,Not found,webdrivermanager,webdrivermanager-5.0.1,69d8483783c5383ec943776839b53d85a37f71e1,2021-08-31T14:18:31Z,boni.garcia@uc3m.es,False,unsigned
1,2024-08-11,Github-Hosted,Windows,X64,H6060-Java-Webdrivermanager,Maven,https://github.com/bonigarcia/webdrivermanager,Not found,webdrivermanager,webdrivermanager-5.0.2,15ee796806325b61030bb97700b131c7c8547077,2021-09-13T09:31:34Z,boni.garcia@uc3m.es,False,unsigned
1,2024-08-11,Github-Hosted,Windows,X64,H6060-Java-Webdrivermanager,Maven,https://github.com/bonigarcia/webdrivermanager,Not found,webdrivermanager,webdrivermanager-5.0.3,44a7675ee912ac4cdc99b3ba0e8fc22f5412ac60,2021-09-17T17:13:46Z,boni.garcia@uc3m.es,False,unsigned
1,2024-08-11,Github-Hosted,Windows,X64,H6060-Java-Webdrivermanager,Maven,https://github.com/bonigarcia/webdrivermanager,Not found,webdrivermanager,webdrivermanager-5.1.0,a87fee6b536e584771190234ac4e2fe3165a3049,2022-02-17T11:11:51Z,boni.garcia@uc3m.es,False,unsigned
1,2024-08-11,Github-Hosted,Windows,X64,H6060-Java-Webdrivermanager,Maven,https://github.com/bonigarcia/webdrivermanager,Not found,webdrivermanager,webdrivermanager-5.1.1,9eebd46056302d93295f484928e9a0f3875937ba,2022-04-08T15:14:40Z,boni.garcia@uc3m.es,False,unsigned
1,2024-08-11,Github-Hosted,Windows,X64,H6060-Java-Webdrivermanager,Maven,https://github.com/bonigarcia/webdrivermanager,Not found,webdrivermanager,webdrivermanager-5.2.0,cdd69e27d6e8c51ba8e4d522c3e201d19f0335cf,2022-05-25T14:03:40Z,boni.garcia@uc3m.es,False,unsigned
1,2024-08-11,Github-Hosted,Windows,X64,H6060-Java-Webdrivermanager,Maven,https://github.com/bonigarcia/webdrivermanager,Not found,webdrivermanager,webdrivermanager-5.2.1,3a258f10e2557cb0dec8bceeaa7bd8a9c3c7c792,2022-06-26T15:42:42Z,boni.garcia@uc3m.es,False,unsigned
1,2024-08-11,Github-Hosted,Windows,X64,H6060-Java-Webdrivermanager,Maven,https://github.com/bonigarcia/webdrivermanager,Not found,webdrivermanager,webdrivermanager-5.2.2,9517078527e81dfabdaeeb7db5ee4ad199b28be4,2022-07-28T23:59:59Z,boni.garcia@uc3m.es,False,unsigned
1,2024-08-11,Github-Hosted,Windows,X64,H6060-Java-Webdrivermanager,Maven,https://github.com/bonigarcia/webdrivermanager,Not found,webdrivermanager,webdrivermanager-5.2.3,8ec4dd56a504c0ac6820d0a923b366a1f61d74d3,2022-08-03T16:27:11Z,boni.garcia@uc3m.es,False,unsigned
1,2024-08-11,Github-Hosted,Windows,X64,H6060-Java-Webdrivermanager,Maven,https://github.com/bonigarcia/webdrivermanager,Not found,webdrivermanager,webdrivermanager-5.3.0,f2cd5cd42588723afa01926934b096757d6b970a,2022-08-21T17:04:31Z,boni.garcia@uc3m.es,False,unsigned
1,2024-08-11,Github-Hosted,Windows,X64,H6060-Java-Webdrivermanager,Maven,https://github.com/bonigarcia/webdrivermanager,Not found,webdrivermanager,webdrivermanager-5.3.1,f4f20f6e096cfe1a0563fc603aa1485aa515b877,2022-11-04T10:46:11Z,boni.garcia@uc3m.es,False,unsigned
1,2024-08-11,Github-Hosted,Windows,X64,H6060-Java-Webdrivermanager,Maven,https://github.com/bonigarcia/webdrivermanager,Not found,webdrivermanager,webdrivermanager-5.3.2,7637001a29ecb3e7f23d3f19b67353ef7a9ba942,2023-01-19T17:41:35Z,boni.garcia@uc3m.es,False,unsigned
1,2024-08-11,Github-Hosted,Windows,X64,H6060-Java-Webdrivermanager,Maven,https://github.com/bonigarcia/webdrivermanager,Not found,webdrivermanager,webdrivermanager-5.3.3,7316a6a8e16ffe1cbb6e34569a630513a29ec748,2023-05-11T16:08:00Z,boni.garcia@uc3m.es,False,unsigned
1,2024-08-11,Github-Hosted,Windows,X64,H6060-Java-Webdrivermanager,Maven,https://github.com/bonigarcia/webdrivermanager,Not found,webdrivermanager,webdrivermanager-5.4.0,1de5c7ff4027adb86e9a44a6aa97988b54d4a8a6,2023-06-21T09:20:01Z,boni.garcia@uc3m.es,False,unsigned
1,2024-08-11,Github-Hosted,Windows,X64,H6060-Java-Webdrivermanager,Maven,https://github.com/bonigarcia/webdrivermanager,Not found,webdrivermanager,webdrivermanager-5.4.1,419f5494ff5ccee72d67f61380824d5652709d4b,2023-07-19T14:46:10Z,boni.garcia@uc3m.es,False,unsigned
1,2024-08-11,Github-Hosted,Windows,X64,H6060-Java-Webdrivermanager,Maven,https://github.com/bonigarcia/webdrivermanager,Not found,webdrivermanager,webdrivermanager-5.5.0,0816f94a81ab8cc25dc1cbc8146435f0ddf5b57b,2023-08-22T14:19:43Z,boni.garcia@uc3m.es,False,unsigned
1,2024-08-11,Github-Hosted,Windows,X64,H6060-Java-Webdrivermanager,Maven,https://github.com/bonigarcia/webdrivermanager,Not found,webdrivermanager,webdrivermanager-5.5.1,48661aefb4b7cf89c8936a3cd5baddf46fb77353,2023-08-25T11:32:10Z,boni.garcia@uc3m.es,False,unsigned
1,2024-08-11,Github-Hosted,Windows,X64,H6060-Java-Webdrivermanager,Maven,https://github.com/bonigarcia/webdrivermanager,Not found,webdrivermanager,webdrivermanager-5.5.2,eea2affe6127856d3c89d2fc0b6d2eb0a378eccf,2023-08-25T12:29:56Z,boni.garcia@uc3m.es,False,unsigned
1,2024-08-11,Github-Hosted,Windows,X64,H6060-Java-Webdrivermanager,Maven,https://github.com/bonigarcia/webdrivermanager,Not found,webdrivermanager,webdrivermanager-5.5.3,42fa2452c6b5c937e26ed4f38a331d7813075fbd,2023-09-01T14:07:46Z,boni.garcia@uc3m.es,False,unsigned
1,2024-08-11,Github-Hosted,Windows,X64,H6060-Java-Webdrivermanager,Maven,https://github.com/bonigarcia/webdrivermanager,Not found,webdrivermanager,webdrivermanager-5.6.0,d80ed386a9411ef19c2bd2184705c1b52a09eaf9,2023-10-27T10:15:15Z,boni.garcia@uc3m.es,False,unsigned
1,2024-08-11,Github-Hosted,Windows,X64,H6060-Java-Webdrivermanager,Maven,https://github.com/bonigarcia/webdrivermanager,Not found,webdrivermanager,webdrivermanager-5.6.1,543aadb9334fdefe2df09d7f4ab5261062a68271,2023-11-03T08:52:43Z,boni.garcia@uc3m.es,False,unsigned
1,2024-08-11,Github-Hosted,Windows,X64,H6060-Java-Webdrivermanager,Maven,https://github.com/bonigarcia/webdrivermanager,Not found,webdrivermanager,webdrivermanager-5.6.2,ce6a5491e41651b5e4c019f5a629d526e4e40930,2023-11-07T09:10:20Z,boni.garcia@uc3m.es,False,unsigned
1,2024-08-11,Github-Hosted,Windows,X64,H6060-Java-Webdrivermanager,Maven,https://github.com/bonigarcia/webdrivermanager,Not found,webdrivermanager,webdrivermanager-5.6.3,e850720cc5dd484ffee07dd486fd43f2773da732,2023-12-29T17:17:19Z,boni.garcia@uc3m.es,False,unsigned
1,2024-08-11,Github-Hosted,Windows,X64,H6060-Java-Webdrivermanager,Maven,https://github.com/bonigarcia/webdrivermanager,Not found,webdrivermanager,webdrivermanager-5.6.4,f6ece8e66cbf886fbe9404b4b371c446a1093d65,2024-02-19T14:42:38Z,boni.garcia@uc3m.es,False,unsigned
1,2024-08-11,Github-Hosted,Windows,X64,H6060-Java-Webdrivermanager,Maven,https://github.com/bonigarcia/webdrivermanager,Not found,webdrivermanager,webdrivermanager-5.7.0,e7fd7edc2716ac090fde7effa603b63f1594d341,2024-02-21T15:43:01Z,boni.garcia@uc3m.es,False,unsigned
1,2024-08-11,Github-Hosted,Windows,X64,H6060-Java-Webdrivermanager,Maven,https://github.com/bonigarcia/webdrivermanager,Not found,webdrivermanager,webdrivermanager-5.8.0,bdc9c2c589c24b70b7c8684e6821ff10bd023c00,2024-04-04T14:29:51Z,boni.garcia@uc3m.es,False,unsigned
1,2024-08-11,Github-Hosted,Windows,X64,H6060-Java-Webdrivermanager,Maven,https://github.com/bonigarcia/webdrivermanager,Not found,webdrivermanager,webdrivermanager-5.9.0,aea50f0fc71cc8c3bae5fdc102a93baf02d7b081,2024-06-24T10:26:44Z,boni.garcia@uc3m.es,False,unsigned
1,2024-08-11,Github-Hosted,Windows,X64,H6060-Java-Webdrivermanager,Maven,https://github.com/bonigarcia/webdrivermanager,Not found,webdrivermanager,webdrivermanager-5.9.1,e6e761b9cabf23b8c203a7605f4be0f1cbef344d,2024-06-24T14:58:57Z,boni.garcia@uc3m.es,False,unsigned
1,2024-08-11,Github-Hosted,Windows,X64,H6060-Java-Webdrivermanager,Maven,https://github.com/bonigarcia/webdrivermanager,Not found,webdrivermanager,webdrivermanager-5.9.2,37a47f75bca6f3a4ee16919454d82c06f457bfb6,2024-07-25T15:25:32Z,boni.garcia@uc3m.es,False,unsigned
