{
 "matches": [
  {
   "vulnerability": {
    "id": "CVE-2023-37920",
    "dataSource": "https://nvd.nist.gov/vuln/detail/CVE-2023-37920",
    "namespace": "nvd:cpe",
    "severity": "Critical",
    "urls": [
     "https://github.com/certifi/python-certifi/commit/8fb96ed81f71e7097ed11bc4d9b19afd7ea5c909",
     "https://github.com/certifi/python-certifi/security/advisories/GHSA-xqr8-7jwr-rhp7",
     "https://groups.google.com/a/mozilla.org/g/dev-security-policy/c/C-HrP1SEq1A",
     "https://lists.fedoraproject.org/archives/list/package-announce@lists.fedoraproject.org/message/5EX6NG7WUFNUKGFHLM35KHHU3GAKXRTG/"
    ],
    "description": "Certifi is a curated collection of Root Certificates for validating the trustworthiness of SSL certificates while verifying the identity of TLS hosts. Certifi prior to version 2023.07.22 recognizes \"e-Tugra\" root certificates. e-Tugra's root certificates were subject to an investigation prompted by reporting of security issues in their systems. Certifi 2023.07.22 removes root certificates from \"e-Tugra\" from the root store.",
    "cvss": [
     {
      "source": "nvd@nist.gov",
      "type": "Primary",
      "version": "3.1",
      "vector": "CVSS:3.1/AV:N/AC:L/PR:N/UI:N/S:U/C:H/I:H/A:H",
      "metrics": {
       "baseScore": 9.8,
       "exploitabilityScore": 3.9,
       "impactScore": 5.9
      },
      "vendorMetadata": {}
     },
     {
      "source": "security-advisories@github.com",
      "type": "Secondary",
      "version": "3.1",
      "vector": "CVSS:3.1/AV:N/AC:L/PR:N/UI:N/S:U/C:N/I:H/A:N",
      "metrics": {
       "baseScore": 7.5,
       "exploitabilityScore": 3.9,
       "impactScore": 3.6
      },
      "vendorMetadata": {}
     }
    ],
    "fix": {
     "versions": [
      "2023.7.22"
     ],
     "state": "fixed"
    },
    "advisories": []
   },
   "relatedVulnerabilities": [
    {
     "id": "GHSA-xqr8-7jwr-rhp7",
     "dataSource": "https://github.com/advisories/GHSA-xqr8-7jwr-rhp7",
     "namespace": "github:language:python",
     "severity": "High",
     "urls": [
      "https://github.com/advisories/GHSA-xqr8-7jwr-rhp7"
     ],
     "description": "Removal of e-Tugra root certificate",
     "cvss": [
      {
       "version": "3.1",
       "vector": "CVSS:3.1/AV:N/AC:L/PR:N/UI:N/S:U/C:N/I:H/A:N",
       "metrics": {
        "baseScore": 7.5,
        "exploitabilityScore": 3.9,
        "impactScore": 3.6
       },
       "vendorMetadata": {
        "base_severity": "High",
        "status": "N/A"
       }
      }
     ]
    }
   ],
   "matchDetails": [
    {
     "type": "exact-direct-match",
     "matcher": "python-matcher",
     "searchedBy": {
      "language": "python",
      "namespace": "github:language:python",
      "package": {
       "name": "certifi",
       "version": "2022.5.18.1"
      }
     },
     "found": {
      "versionConstraint": ">=2015.4.28,<2023.7.22 (python)",
      "vulnerabilityID": "GHSA-xqr8-7jwr-rhp7"
     }
    }
   ],
   "artifact": {
    "id": "9fd56cb0713008e4",
    "name": "certifi",
    "version": "2022.5.18.1",
    "type": "python",
    "locations": [
     {
      "path": "/requirements.txt"
     }
    ],
    "language": "python",
    "licenses": [],
    "cpes": [
     "cpe:2.3:a:python-certifi:python-certifi:2022.5.18.1:*:*:*:*:*:*:*",
     "cpe:2.3:a:python-certifi:python_certifi:2022.5.18.1:*:*:*:*:*:*:*",
     "cpe:2.3:a:python_certifi:python-certifi:2022.5.18.1:*:*:*:*:*:*:*",
     "cpe:2.3:a:python_certifi:python_certifi:2022.5.18.1:*:*:*:*:*:*:*",
     "cpe:2.3:a:certifi:python-certifi:2022.5.18.1:*:*:*:*:*:*:*",
     "cpe:2.3:a:certifi:python_certifi:2022.5.18.1:*:*:*:*:*:*:*",
     "cpe:2.3:a:python-certifi:certifi:2022.5.18.1:*:*:*:*:*:*:*",
     "cpe:2.3:a:python_certifi:certifi:2022.5.18.1:*:*:*:*:*:*:*",
     "cpe:2.3:a:python:python-certifi:2022.5.18.1:*:*:*:*:*:*:*",
     "cpe:2.3:a:python:python_certifi:2022.5.18.1:*:*:*:*:*:*:*",
     "cpe:2.3:a:certifi:certifi:2022.5.18.1:*:*:*:*:*:*:*",
     "cpe:2.3:a:python:certifi:2022.5.18.1:*:*:*:*:*:*:*"
    ],
    "purl": "pkg:pypi/certifi@2022.5.18.1",
    "upstreams": []
   }
  },
  {
   "vulnerability": {
    "id": "CVE-2024-39689",
    "dataSource": "https://nvd.nist.gov/vuln/detail/CVE-2024-39689",
    "namespace": "nvd:cpe",
    "severity": "High",
    "urls": [
     "https://github.com/certifi/python-certifi/commit/bd8153872e9c6fc98f4023df9c2deaffea2fa463",
     "https://github.com/certifi/python-certifi/security/advisories/GHSA-248v-346w-9cwc",
     "https://groups.google.com/a/mozilla.org/g/dev-security-policy/c/XpknYMPO8dI"
    ],
    "description": "Certifi is a curated collection of Root Certificates for validating the trustworthiness of SSL certificates while verifying the identity of TLS hosts. Certifi starting in 2021.05.30 and prior to 2024.07.4 recognized root certificates from `GLOBALTRUST`. Certifi 2024.07.04 removes root certificates from `GLOBALTRUST` from the root store. These are in the process of being removed from Mozilla's trust store. `GLOBALTRUST`'s root certificates are being removed pursuant to an investigation which identified \"long-running and unresolved compliance issues.\"",
    "cvss": [
     {
      "source": "security-advisories@github.com",
      "type": "Secondary",
      "version": "3.1",
      "vector": "CVSS:3.1/AV:N/AC:L/PR:N/UI:N/S:U/C:N/I:H/A:N",
      "metrics": {
       "baseScore": 7.5,
       "exploitabilityScore": 3.9,
       "impactScore": 3.6
      },
      "vendorMetadata": {}
     }
    ],
    "fix": {
     "versions": [
      "2024.07.04"
     ],
     "state": "fixed"
    },
    "advisories": []
   },
   "relatedVulnerabilities": [
    {
     "id": "GHSA-248v-346w-9cwc",
     "dataSource": "https://github.com/advisories/GHSA-248v-346w-9cwc",
     "namespace": "github:language:python",
     "severity": "Low",
     "urls": [
      "https://github.com/advisories/GHSA-248v-346w-9cwc"
     ],
     "description": "Certifi removes GLOBALTRUST root certificate",
     "cvss": []
    }
   ],
   "matchDetails": [
    {
     "type": "exact-direct-match",
     "matcher": "python-matcher",
     "searchedBy": {
      "language": "python",
      "namespace": "github:language:python",
      "package": {
       "name": "certifi",
       "version": "2022.5.18.1"
      }
     },
     "found": {
      "versionConstraint": ">=2021.05.30,<2024.07.04 (python)",
      "vulnerabilityID": "GHSA-248v-346w-9cwc"
     }
    }
   ],
   "artifact": {
    "id": "9fd56cb0713008e4",
    "name": "certifi",
    "version": "2022.5.18.1",
    "type": "python",
    "locations": [
     {
      "path": "/requirements.txt"
     }
    ],
    "language": "python",
    "licenses": [],
    "cpes": [
     "cpe:2.3:a:python-certifi:python-certifi:2022.5.18.1:*:*:*:*:*:*:*",
     "cpe:2.3:a:python-certifi:python_certifi:2022.5.18.1:*:*:*:*:*:*:*",
     "cpe:2.3:a:python_certifi:python-certifi:2022.5.18.1:*:*:*:*:*:*:*",
     "cpe:2.3:a:python_certifi:python_certifi:2022.5.18.1:*:*:*:*:*:*:*",
     "cpe:2.3:a:certifi:python-certifi:2022.5.18.1:*:*:*:*:*:*:*",
     "cpe:2.3:a:certifi:python_certifi:2022.5.18.1:*:*:*:*:*:*:*",
     "cpe:2.3:a:python-certifi:certifi:2022.5.18.1:*:*:*:*:*:*:*",
     "cpe:2.3:a:python_certifi:certifi:2022.5.18.1:*:*:*:*:*:*:*",
     "cpe:2.3:a:python:python-certifi:2022.5.18.1:*:*:*:*:*:*:*",
     "cpe:2.3:a:python:python_certifi:2022.5.18.1:*:*:*:*:*:*:*",
     "cpe:2.3:a:certifi:certifi:2022.5.18.1:*:*:*:*:*:*:*",
     "cpe:2.3:a:python:certifi:2022.5.18.1:*:*:*:*:*:*:*"
    ],
    "purl": "pkg:pypi/certifi@2022.5.18.1",
    "upstreams": []
   }
  },
  {
   "vulnerability": {
    "id": "CVE-2022-23491",
    "dataSource": "https://nvd.nist.gov/vuln/detail/CVE-2022-23491",
    "namespace": "nvd:cpe",
    "severity": "High",
    "urls": [
     "https://github.com/certifi/python-certifi/security/advisories/GHSA-43fp-rhv2-5gv8",
     "https://groups.google.com/a/mozilla.org/g/dev-security-policy/c/oxX69KFvsm4/m/yLohoVqtCgAJ"
    ],
    "description": "Certifi is a curated collection of Root Certificates for validating the trustworthiness of SSL certificates while verifying the identity of TLS hosts. Certifi 2022.12.07 removes root certificates from \"TrustCor\" from the root store. These are in the process of being removed from Mozilla's trust store. TrustCor's root certificates are being removed pursuant to an investigation prompted by media reporting that TrustCor's ownership also operated a business that produced spyware. Conclusions of Mozilla's investigation can be found in the linked google group discussion.",
    "cvss": [
     {
      "source": "nvd@nist.gov",
      "type": "Primary",
      "version": "3.1",
      "vector": "CVSS:3.1/AV:N/AC:L/PR:N/UI:N/S:U/C:N/I:H/A:N",
      "metrics": {
       "baseScore": 7.5,
       "exploitabilityScore": 3.9,
       "impactScore": 3.6
      },
      "vendorMetadata": {}
     },
     {
      "source": "security-advisories@github.com",
      "type": "Secondary",
      "version": "3.1",
      "vector": "CVSS:3.1/AV:N/AC:L/PR:H/UI:N/S:C/C:N/I:H/A:N",
      "metrics": {
       "baseScore": 6.8,
       "exploitabilityScore": 2.3,
       "impactScore": 4
      },
      "vendorMetadata": {}
     }
    ],
    "fix": {
     "versions": [
      "2022.12.07"
     ],
     "state": "fixed"
    },
    "advisories": []
   },
   "relatedVulnerabilities": [
    {
     "id": "GHSA-43fp-rhv2-5gv8",
     "dataSource": "https://github.com/advisories/GHSA-43fp-rhv2-5gv8",
     "namespace": "github:language:python",
     "severity": "Medium",
     "urls": [
      "https://github.com/advisories/GHSA-43fp-rhv2-5gv8"
     ],
     "description": "Certifi removing TrustCor root certificate",
     "cvss": [
      {
       "version": "3.1",
       "vector": "CVSS:3.1/AV:N/AC:L/PR:H/UI:N/S:C/C:N/I:H/A:N",
       "metrics": {
        "baseScore": 6.8,
        "exploitabilityScore": 2.3,
        "impactScore": 4
       },
       "vendorMetadata": {
        "base_severity": "Medium",
        "status": "N/A"
       }
      }
     ]
    }
   ],
   "matchDetails": [
    {
     "type": "exact-direct-match",
     "matcher": "python-matcher",
     "searchedBy": {
      "language": "python",
      "namespace": "github:language:python",
      "package": {
       "name": "certifi",
       "version": "2022.5.18.1"
      }
     },
     "found": {
      "versionConstraint": ">=2017.11.05,<2022.12.07 (python)",
      "vulnerabilityID": "GHSA-43fp-rhv2-5gv8"
     }
    }
   ],
   "artifact": {
    "id": "9fd56cb0713008e4",
    "name": "certifi",
    "version": "2022.5.18.1",
    "type": "python",
    "locations": [
     {
      "path": "/requirements.txt"
     }
    ],
    "language": "python",
    "licenses": [],
    "cpes": [
     "cpe:2.3:a:python-certifi:python-certifi:2022.5.18.1:*:*:*:*:*:*:*",
     "cpe:2.3:a:python-certifi:python_certifi:2022.5.18.1:*:*:*:*:*:*:*",
     "cpe:2.3:a:python_certifi:python-certifi:2022.5.18.1:*:*:*:*:*:*:*",
     "cpe:2.3:a:python_certifi:python_certifi:2022.5.18.1:*:*:*:*:*:*:*",
     "cpe:2.3:a:certifi:python-certifi:2022.5.18.1:*:*:*:*:*:*:*",
     "cpe:2.3:a:certifi:python_certifi:2022.5.18.1:*:*:*:*:*:*:*",
     "cpe:2.3:a:python-certifi:certifi:2022.5.18.1:*:*:*:*:*:*:*",
     "cpe:2.3:a:python_certifi:certifi:2022.5.18.1:*:*:*:*:*:*:*",
     "cpe:2.3:a:python:python-certifi:2022.5.18.1:*:*:*:*:*:*:*",
     "cpe:2.3:a:python:python_certifi:2022.5.18.1:*:*:*:*:*:*:*",
     "cpe:2.3:a:certifi:certifi:2022.5.18.1:*:*:*:*:*:*:*",
     "cpe:2.3:a:python:certifi:2022.5.18.1:*:*:*:*:*:*:*"
    ],
    "purl": "pkg:pypi/certifi@2022.5.18.1",
    "upstreams": []
   }
  }
 ],
 "source": {
  "type": "directory",
  "target": "upstream-repository"
 },
 "distro": {
  "name": "",
  "version": "",
  "idLike": null
 },
 "descriptor": {
  "name": "grype",
  "version": "0.74.4",
  "configuration": {
   "output": [
    "json"
   ],
   "file": "",
   "distro": "",
   "add-cpes-if-none": true,
   "output-template-file": "",
   "check-for-app-update": false,
   "only-fixed": false,
   "only-notfixed": false,
   "ignore-wontfix": "",
   "platform": "",
   "search": {
    "scope": "squashed",
    "unindexed-archives": false,
    "indexed-archives": true
   },
   "ignore": null,
   "exclude": [],
   "db": {
    "cache-dir": "/home/runner/.cache/grype/db",
    "update-url": "https://toolbox-data.anchore.io/grype/databases/listing.json",
    "ca-cert": "",
    "auto-update": true,
    "validate-by-hash-on-start": false,
    "validate-age": true,
    "max-allowed-built-age": 432000000000000
   },
   "externalSources": {
    "enable": false,
    "maven": {
     "searchUpstreamBySha1": true,
     "baseUrl": "https://search.maven.org/solrsearch/select"
    }
   },
   "match": {
    "java": {
     "using-cpes": false
    },
    "dotnet": {
     "using-cpes": false
    },
    "golang": {
     "using-cpes": false,
     "always-use-cpe-for-stdlib": true
    },
    "javascript": {
     "using-cpes": false
    },
    "python": {
     "using-cpes": false
    },
    "ruby": {
     "using-cpes": false
    },
    "rust": {
     "using-cpes": false
    },
    "stock": {
     "using-cpes": true
    }
   },
   "fail-on-severity": "critical",
   "registry": {
    "insecure-skip-tls-verify": false,
    "insecure-use-http": false,
    "auth": null,
    "ca-cert": ""
   },
   "show-suppressed": false,
   "by-cve": true,
   "name": "",
   "default-image-pull-source": "",
   "vex-documents": [],
   "vex-add": []
  },
  "db": {
   "built": "2024-08-13T01:31:28Z",
   "schemaVersion": 5,
   "location": "/home/runner/.cache/grype/db/5",
   "checksum": "sha256:9365a11ea68d94b343dcca5e2157b428852c44b68b2f42a72120385d9d984def",
   "error": null
  },
  "timestamp": "2024-08-14T14:01:30.596348668Z"
 }
}
