Experiment ID,Experiment Date,Experiment Runner Environment,Experiment Runner Operating System,Experiment Runner Architecture,Experiment Project Name,Experiment Package Manager,GitHub Repository URL,GitHub Organisation,GitHub Repository Name,GitHub Repository Tag Name,GitHub Repository Tag Commit,GitHub Repository Tag Date,GitHub Repository Tag Author,GitHub Repository Tag Verified,GitHub Repository Tag Reason
3,2024-08-15,Github-Hosted,Windows,X64,H6060-Javascript-Moment,Npm,https://github.com/moment/moment,moment,moment,0.3.0,11897595cc0856dc9fd23ea991d16c11112ce822,2011-03-25T15:43:45Z,washwithcare@gmail.com,False,unsigned
3,2024-08-15,Github-Hosted,Windows,X64,H6060-Javascript-Moment,Npm,https://github.com/moment/moment,moment,moment,0.3.1,a04609cc3c9b07fb796a44303a40079b1caf5261,2011-03-25T16:04:30Z,washwithcare@gmail.com,False,unsigned
3,2024-08-15,Github-Hosted,Windows,X64,H6060-Javascript-Moment,Npm,https://github.com/moment/moment,moment,moment,0.4.0,6f34de5bf653e5a2808b6296de6770007a608de8,2011-05-09T15:43:19Z,washwithcare@gmail.com,False,unsigned
3,2024-08-15,Github-Hosted,Windows,X64,H6060-Javascript-Moment,Npm,https://github.com/moment/moment,moment,moment,0.4.1,84c4cf3d2fd4a771d93d54e4894a493a30d07135,2011-05-09T15:43:56Z,washwithcare@gmail.com,False,unsigned
3,2024-08-15,Github-Hosted,Windows,X64,H6060-Javascript-Moment,Npm,https://github.com/moment/moment,moment,moment,0.6.0,51757011f2ebd072bad02b48b2a3f2a06ce17b24,2011-09-21T16:52:23Z,washwithcare@gmail.com,False,unsigned
3,2024-08-15,Github-Hosted,Windows,X64,H6060-Javascript-Moment,Npm,https://github.com/moment/moment,moment,moment,1.1.0,1599d822a324293533c308202ca155328c639fbf,2011-10-27T23:15:59Z,washwithcare@gmail.com,False,unsigned
3,2024-08-15,Github-Hosted,Windows,X64,H6060-Javascript-Moment,Npm,https://github.com/moment/moment,moment,moment,1.1.1,c489bc5177eccb5c3d11885ac9ea70859c9403b6,2011-11-12T17:11:23Z,washwithcare@gmail.com,False,unsigned
3,2024-08-15,Github-Hosted,Windows,X64,H6060-Javascript-Moment,Npm,https://github.com/moment/moment,moment,moment,1.1.2,0813f7f8d0ca9c33d834124892d19794f40a44f8,2011-11-18T01:47:08Z,washwithcare@gmail.com,False,unsigned
3,2024-08-15,Github-Hosted,Windows,X64,H6060-Javascript-Moment,Npm,https://github.com/moment/moment,moment,moment,1.3.0,c1b5af2db2e3ee51fb5062bcb62ca3e91c7dc941,2012-01-05T17:49:50Z,washwithcare@gmail.com,False,unsigned
3,2024-08-15,Github-Hosted,Windows,X64,H6060-Javascript-Moment,Npm,https://github.com/moment/moment,moment,moment,1.4.0,d54e355132390b1b0b290b5092f725a4177dd0fa,2012-02-03T19:15:36Z,washwithcare@gmail.com,False,unsigned
3,2024-08-15,Github-Hosted,Windows,X64,H6060-Javascript-Moment,Npm,https://github.com/moment/moment,moment,moment,1.5.0,44a8137b5421087da21c6dfa322ad9d7fa399ffa,2012-03-19T19:45:06Z,washwithcare@gmail.com,False,unsigned
3,2024-08-15,Github-Hosted,Windows,X64,H6060-Javascript-Moment,Npm,https://github.com/moment/moment,moment,moment,1.5.1,17507c8664ca902832fe400e0af50046d0a1409e,2012-04-06T02:01:19Z,washwithcare@gmail.com,False,unsigned
3,2024-08-15,Github-Hosted,Windows,X64,H6060-Javascript-Moment,Npm,https://github.com/moment/moment,moment,moment,1.6.0,8109bd4b7b781306d4fa55ad81df0f82f549ee25,2012-04-26T16:36:29Z,washwithcare@gmail.com,False,unsigned
3,2024-08-15,Github-Hosted,Windows,X64,H6060-Javascript-Moment,Npm,https://github.com/moment/moment,moment,moment,1.6.1,e660646f0ea2af53b55e91ff8d47fb9fe9c6fe1f,2012-04-26T22:35:38Z,washwithcare@gmail.com,False,unsigned
3,2024-08-15,Github-Hosted,Windows,X64,H6060-Javascript-Moment,Npm,https://github.com/moment/moment,moment,moment,1.6.2,64f4c1133a37c5a8697ac11ba82e9347c4d752a5,2012-05-04T17:14:04Z,washwithcare@gmail.com,False,unsigned
3,2024-08-15,Github-Hosted,Windows,X64,H6060-Javascript-Moment,Npm,https://github.com/moment/moment,moment,moment,1.7.0,b53ee8f6896b14abc289b627622636aeb1a321bf,2012-07-25T19:09:21Z,washwithcare@gmail.com,False,unsigned
3,2024-08-15,Github-Hosted,Windows,X64,H6060-Javascript-Moment,Npm,https://github.com/moment/moment,moment,moment,1.7.1,7b04afd655ebbb204cf17cec4d9171f6d95ca865,2012-10-01T17:39:48Z,washwithcare@gmail.com,False,unsigned
3,2024-08-15,Github-Hosted,Windows,X64,H6060-Javascript-Moment,Npm,https://github.com/moment/moment,moment,moment,1.7.2,49f847313158b0578da8f48a4a2e7b1a84a4654c,2012-10-02T17:17:45Z,washwithcare@gmail.com,False,unsigned
3,2024-08-15,Github-Hosted,Windows,X64,H6060-Javascript-Moment,Npm,https://github.com/moment/moment,moment,moment,2.0.0,2ed824d471d31a4f7d7a4cfc3810d9fce2f589a4,2013-02-08T19:16:04Z,washwithcare@gmail.com,False,unsigned
3,2024-08-15,Github-Hosted,Windows,X64,H6060-Javascript-Moment,Npm,https://github.com/moment/moment,moment,moment,2.10.2,b54fa78b74d55a1680293b5260a42bd2751c333c,2015-04-09T06:37:30Z,iskren.chernev@gmail.com,False,unsigned
3,2024-08-15,Github-Hosted,Windows,X64,H6060-Javascript-Moment,Npm,https://github.com/moment/moment,moment,moment,2.10.3,6fa444238494318e3c488c81d8520ad2eba8bae7,2015-05-13T07:52:15Z,iskren.chernev@gmail.com,False,unsigned
3,2024-08-15,Github-Hosted,Windows,X64,H6060-Javascript-Moment,Npm,https://github.com/moment/moment,moment,moment,2.10.5,bbffaa2bd64fe1f4b4910d9383f818281bffea5f,2015-07-26T09:29:01Z,iskren.chernev@gmail.com,False,unsigned
3,2024-08-15,Github-Hosted,Windows,X64,H6060-Javascript-Moment,Npm,https://github.com/moment/moment,moment,moment,2.10.6,446ce77eb08c5c862d7b0b11ef1d2e884d12e3d7,2015-07-28T04:44:06Z,iskren.chernev@gmail.com,False,unsigned
3,2024-08-15,Github-Hosted,Windows,X64,H6060-Javascript-Moment,Npm,https://github.com/moment/moment,moment,moment,2.11.0,5c41392f1e49c12d6709d32fa1a18d1d43651554,2016-01-02T23:37:02Z,iskren.chernev@gmail.com,False,unsigned
3,2024-08-15,Github-Hosted,Windows,X64,H6060-Javascript-Moment,Npm,https://github.com/moment/moment,moment,moment,2.11.1,92aa818d27db9ef891f383fa494d0be824af921d,2016-01-09T13:16:16Z,iskren.chernev@gmail.com,False,unsigned
3,2024-08-15,Github-Hosted,Windows,X64,H6060-Javascript-Moment,Npm,https://github.com/moment/moment,moment,moment,2.11.2,c9afcbd8c4e0177d03b220a89ab19f62c6cc7bcf,2016-02-03T22:47:15Z,iskren.chernev@gmail.com,False,unsigned
3,2024-08-15,Github-Hosted,Windows,X64,H6060-Javascript-Moment,Npm,https://github.com/moment/moment,moment,moment,2.12.0,d3d7488b4d60632854181cb0a9af325d57fb3d51,2016-03-07T09:21:11Z,iskren.chernev@gmail.com,False,unsigned
3,2024-08-15,Github-Hosted,Windows,X64,H6060-Javascript-Moment,Npm,https://github.com/moment/moment,moment,moment,2.13.0,f90b5150a46651fabd7724d06438d7df2db59401,2016-04-18T07:39:22Z,iskren.chernev@gmail.com,False,unsigned
3,2024-08-15,Github-Hosted,Windows,X64,H6060-Javascript-Moment,Npm,https://github.com/moment/moment,moment,moment,2.14.0,a00abf138961f7ff82eae724c13b6be9422aff18,2016-07-04T05:10:12Z,iskren.chernev@gmail.com,False,unsigned
3,2024-08-15,Github-Hosted,Windows,X64,H6060-Javascript-Moment,Npm,https://github.com/moment/moment,moment,moment,2.14.1,1d82a5ff964ac2cd657948afba5b68db4dd9e7ae,2016-07-04T06:42:22Z,iskren.chernev@gmail.com,False,unsigned
3,2024-08-15,Github-Hosted,Windows,X64,H6060-Javascript-Moment,Npm,https://github.com/moment/moment,moment,moment,2.14.2,1fe469f0b78050d3b405b90d2e39a874034a3f01,2016-07-05T17:53:39Z,iskren.chernev@gmail.com,False,unsigned
3,2024-08-15,Github-Hosted,Windows,X64,H6060-Javascript-Moment,Npm,https://github.com/moment/moment,moment,moment,2.15.0,0d01bda39d30c904977d385d2e5352c6a02600dc,2016-09-12T09:26:03Z,iskren.chernev@gmail.com,False,unsigned
3,2024-08-15,Github-Hosted,Windows,X64,H6060-Javascript-Moment,Npm,https://github.com/moment/moment,moment,moment,2.15.1,d3f9a749f0e27ea7ec6e8de3719247d132b357a7,2016-09-21T03:39:06Z,iskren.chernev@gmail.com,False,unsigned
3,2024-08-15,Github-Hosted,Windows,X64,H6060-Javascript-Moment,Npm,https://github.com/moment/moment,moment,moment,2.15.2,857b134cce96c8e83e72e61138c3e9589e39a0bb,2016-10-24T06:47:09Z,iskren.chernev@gmail.com,False,unsigned
3,2024-08-15,Github-Hosted,Windows,X64,H6060-Javascript-Moment,Npm,https://github.com/moment/moment,moment,moment,2.16.0,56f18c4cfe7a119c6d4c5a828127b8f9dd02df20,2016-11-10T06:53:43Z,iskren.chernev@gmail.com,False,unsigned
3,2024-08-15,Github-Hosted,Windows,X64,H6060-Javascript-Moment,Npm,https://github.com/moment/moment,moment,moment,2.17.0,c78bd0450fc4689da28cbc54328245b613cd3bcc,2016-11-22T13:47:16Z,iskren.chernev@gmail.com,False,unsigned
3,2024-08-15,Github-Hosted,Windows,X64,H6060-Javascript-Moment,Npm,https://github.com/moment/moment,moment,moment,2.17.1,c83c4058b4c88d0a2ab10aac28ac787e31993c39,2016-12-04T05:47:52Z,iskren.chernev@gmail.com,False,unsigned
3,2024-08-15,Github-Hosted,Windows,X64,H6060-Javascript-Moment,Npm,https://github.com/moment/moment,moment,moment,2.18.0,54e27723cbcbac3f80125fc42bff1dee91761273,2017-03-18T21:14:11Z,iskren.chernev@gmail.com,False,unsigned
3,2024-08-15,Github-Hosted,Windows,X64,H6060-Javascript-Moment,Npm,https://github.com/moment/moment,moment,moment,2.18.1,0af7d4f5f25f911c2eaab2a7ccb534c17e65c536,2017-03-21T22:58:04Z,iskren.chernev@gmail.com,False,unsigned
3,2024-08-15,Github-Hosted,Windows,X64,H6060-Javascript-Moment,Npm,https://github.com/moment/moment,moment,moment,2.19.0,08da1f02360c3476d8917cf87757c064b02d3d08,2017-10-10T09:38:06Z,iskren.chernev@gmail.com,False,unsigned
3,2024-08-15,Github-Hosted,Windows,X64,H6060-Javascript-Moment,Npm,https://github.com/moment/moment,moment,moment,2.19.1,c1d1ee30e921fa9fc0cc69cd17b534bb4637b8af,2017-10-11T20:58:27Z,iskren.chernev@gmail.com,False,unsigned
3,2024-08-15,Github-Hosted,Windows,X64,H6060-Javascript-Moment,Npm,https://github.com/moment/moment,moment,moment,2.19.2,fb8ea620c3e383742430b632c9d9a8d804fdc2cd,2017-11-11T20:31:22Z,iskren.chernev@gmail.com,False,unsigned
3,2024-08-15,Github-Hosted,Windows,X64,H6060-Javascript-Moment,Npm,https://github.com/moment/moment,moment,moment,2.19.3,607c3d047dbede1f802931aeff323d8c43ba9d59,2017-11-29T16:27:27Z,marwahaha@berkeley.edu,False,unsigned
3,2024-08-15,Github-Hosted,Windows,X64,H6060-Javascript-Moment,Npm,https://github.com/moment/moment,moment,moment,2.19.4,8dfe335e2c7881a08bf1d22ffa112e938dc349bc,2017-12-11T01:10:01Z,marwahaha@berkeley.edu,False,unsigned
3,2024-08-15,Github-Hosted,Windows,X64,H6060-Javascript-Moment,Npm,https://github.com/moment/moment,moment,moment,2.2.0,6be61b8b614fe92fc982560f48980291a2cafee7,2013-09-11T09:43:09Z,iskren.chernev@gmail.com,False,unsigned
3,2024-08-15,Github-Hosted,Windows,X64,H6060-Javascript-Moment,Npm,https://github.com/moment/moment,moment,moment,2.2.1,90d361b364bdbf2265c517423c8e1fbd421f7239,2013-09-12T08:38:34Z,iskren.chernev@gmail.com,False,unsigned
3,2024-08-15,Github-Hosted,Windows,X64,H6060-Javascript-Moment,Npm,https://github.com/moment/moment,moment,moment,2.20.0,f50f31c276e0b57b69f51bc464b081118669efa0,2017-12-17T01:14:40Z,marwahaha@berkeley.edu,False,unsigned
3,2024-08-15,Github-Hosted,Windows,X64,H6060-Javascript-Moment,Npm,https://github.com/moment/moment,moment,moment,2.20.1,1bef83c699e577b29d5c775647cef3f43309a8f9,2017-12-19T04:42:58Z,marwahaha@berkeley.edu,False,unsigned
3,2024-08-15,Github-Hosted,Windows,X64,H6060-Javascript-Moment,Npm,https://github.com/moment/moment,moment,moment,2.21.0,6bb1b485ee5b5db333929eecbe9567df6950f5c2,2018-03-02T20:39:50Z,marwahaha@berkeley.edu,False,unsigned
3,2024-08-15,Github-Hosted,Windows,X64,H6060-Javascript-Moment,Npm,https://github.com/moment/moment,moment,moment,2.22.0,abc9e01a359bd42cd71d6b24fb22460c4485a907,2018-03-30T22:05:27Z,marwahaha@berkeley.edu,False,unsigned
3,2024-08-15,Github-Hosted,Windows,X64,H6060-Javascript-Moment,Npm,https://github.com/moment/moment,moment,moment,2.22.1,592d61755e71433e3bf29d65dfdb58f11c15bef9,2018-04-15T05:56:14Z,marwahaha@berkeley.edu,False,unsigned
3,2024-08-15,Github-Hosted,Windows,X64,H6060-Javascript-Moment,Npm,https://github.com/moment/moment,moment,moment,2.22.2,a6e564b3813cc19aac6c3a3822df2780d6eef753,2018-06-01T06:50:15Z,marwahaha@berkeley.edu,False,unsigned
3,2024-08-15,Github-Hosted,Windows,X64,H6060-Javascript-Moment,Npm,https://github.com/moment/moment,moment,moment,2.23.0,293ae33ee1358d53e0cfdd6c02e3d5e4cd3e19b4,2018-12-13T06:42:19Z,marwahaha@berkeley.edu,False,unsigned
3,2024-08-15,Github-Hosted,Windows,X64,H6060-Javascript-Moment,Npm,https://github.com/moment/moment,moment,moment,2.24.0,8a6b2e11207a3856bd858d4d65d4b0822571e6c3,2019-01-21T21:07:51Z,marwahaha@berkeley.edu,False,unsigned
3,2024-08-15,Github-Hosted,Windows,X64,H6060-Javascript-Moment,Npm,https://github.com/moment/moment,moment,moment,2.25.0,827143f88ba00471e5d21146b47a5209dd6344dd,2020-05-01T01:17:53Z,iskren.chernev@gmail.com,False,unsigned
3,2024-08-15,Github-Hosted,Windows,X64,H6060-Javascript-Moment,Npm,https://github.com/moment/moment,moment,moment,2.25.1,4d5d5e1cc10e9a7010ff28956ba82f90ba695ba9,2020-05-01T18:50:55Z,iskren.chernev@gmail.com,False,unsigned
3,2024-08-15,Github-Hosted,Windows,X64,H6060-Javascript-Moment,Npm,https://github.com/moment/moment,moment,moment,2.25.2,1ee6ad3c5e83c106e94b517193ac5cb3071b5a58,2020-05-04T12:28:30Z,iskren.chernev@gmail.com,False,unsigned
3,2024-08-15,Github-Hosted,Windows,X64,H6060-Javascript-Moment,Npm,https://github.com/moment/moment,moment,moment,2.25.3,e507ec5b1b515a550c13c07efe432b88be039cb6,2020-05-12T23:30:38Z,marwahaha@berkeley.edu,False,unsigned
3,2024-08-15,Github-Hosted,Windows,X64,H6060-Javascript-Moment,Npm,https://github.com/moment/moment,moment,moment,2.26.0,2e31fb11f55e898a39758eaae43d5183ff7b7ef4,2020-05-20T06:43:46Z,marwahaha@berkeley.edu,False,unsigned
3,2024-08-15,Github-Hosted,Windows,X64,H6060-Javascript-Moment,Npm,https://github.com/moment/moment,moment,moment,2.27.0,151b19cede8bbf34eab3b827cf75e5624a9c4e7f,2020-06-18T21:59:57Z,marwahaha@berkeley.edu,False,unsigned
3,2024-08-15,Github-Hosted,Windows,X64,H6060-Javascript-Moment,Npm,https://github.com/moment/moment,moment,moment,2.28.0,2ec29f2c7d696f330a9ac7c53f16776f1d2ad7cc,2020-09-13T11:25:06Z,marwahaha@berkeley.edu,False,unsigned
3,2024-08-15,Github-Hosted,Windows,X64,H6060-Javascript-Moment,Npm,https://github.com/moment/moment,moment,moment,2.29.0,8feded15bc58a5860a726b46d78d0a9d7daa7c6e,2020-09-22T08:27:35Z,marwahaha@berkeley.edu,False,unsigned
3,2024-08-15,Github-Hosted,Windows,X64,H6060-Javascript-Moment,Npm,https://github.com/moment/moment,moment,moment,2.29.1,e1aafc04540e9eeba54d7d1e666e92f48fa15817,2020-10-06T11:14:41Z,marwahaha@berkeley.edu,False,unsigned
3,2024-08-15,Github-Hosted,Windows,X64,H6060-Javascript-Moment,Npm,https://github.com/moment/moment,moment,moment,2.29.2,71a115c9caaad04c83012b9e36f7699951ecfd8e,2022-04-03T13:17:32Z,me@iskren.info,False,unsigned
3,2024-08-15,Github-Hosted,Windows,X64,H6060-Javascript-Moment,Npm,https://github.com/moment/moment,moment,moment,2.29.3,01984214c6470cd75624e33f4466b94b9a58cdfd,2022-04-17T18:26:16Z,me@iskren.info,False,unsigned
3,2024-08-15,Github-Hosted,Windows,X64,H6060-Javascript-Moment,Npm,https://github.com/moment/moment,moment,moment,2.29.4,7278f421be38466bb6ca323d652b4a5759146ba1,2022-07-06T16:00:44Z,me@iskren.info,False,unsigned
3,2024-08-15,Github-Hosted,Windows,X64,H6060-Javascript-Moment,Npm,https://github.com/moment/moment,moment,moment,2.3.0,e8a659bb51669c4908d63f17205e2d35601bdf84,2013-10-07T08:29:20Z,iskren.chernev@gmail.com,False,unsigned
3,2024-08-15,Github-Hosted,Windows,X64,H6060-Javascript-Moment,Npm,https://github.com/moment/moment,moment,moment,2.3.1,d0081adaf1f30fe70b92652a9453a1778e57b27a,2013-10-09T02:37:54Z,iskren.chernev@gmail.com,False,unsigned
3,2024-08-15,Github-Hosted,Windows,X64,H6060-Javascript-Moment,Npm,https://github.com/moment/moment,moment,moment,2.30.0,40184482e95eb83f88dc40ce820a314fcb5d0000,2023-12-27T10:37:53Z,me@iskren.info,False,unsigned
3,2024-08-15,Github-Hosted,Windows,X64,H6060-Javascript-Moment,Npm,https://github.com/moment/moment,moment,moment,2.30.1,80d585abd841a347ea073d92e69bfe26bd659e45,2023-12-27T10:37:06Z,me@iskren.info,False,unsigned
3,2024-08-15,Github-Hosted,Windows,X64,H6060-Javascript-Moment,Npm,https://github.com/moment/moment,moment,moment,2.4.0,cef538eb6a78e08a91011d328387b3ec30ee120c,2013-10-27T02:25:44Z,iskren.chernev@gmail.com,False,unsigned
3,2024-08-15,Github-Hosted,Windows,X64,H6060-Javascript-Moment,Npm,https://github.com/moment/moment,moment,moment,2.5.0,e296023b318063130734c4aa8e9409a35dc0c80e,2013-12-23T21:07:28Z,iskren.chernev@gmail.com,False,unsigned
3,2024-08-15,Github-Hosted,Windows,X64,H6060-Javascript-Moment,Npm,https://github.com/moment/moment,moment,moment,2.5.1,5da8066ec789fe5b139ba087650c53e33f39da50,2014-01-22T09:28:19Z,iskren.chernev@gmail.com,False,unsigned
3,2024-08-15,Github-Hosted,Windows,X64,H6060-Javascript-Moment,Npm,https://github.com/moment/moment,moment,moment,2.6.0,249223c7ffe5b48caeee6cabb5d27f78cc47bbad,2014-04-12T16:38:21Z,iskren.chernev@gmail.com,False,unsigned
3,2024-08-15,Github-Hosted,Windows,X64,H6060-Javascript-Moment,Npm,https://github.com/moment/moment,moment,moment,2.7.0,2fa5ad722f94bab4fd77987db3b2f05707edbd81,2014-06-12T07:04:59Z,iskren.chernev@gmail.com,False,unsigned
3,2024-08-15,Github-Hosted,Windows,X64,H6060-Javascript-Moment,Npm,https://github.com/moment/moment,moment,moment,2.8.0,f6af378d78be18f4670973efcceb851db6f0e44e,2014-07-31T06:14:33Z,iskren.chernev@gmail.com,False,unsigned
3,2024-08-15,Github-Hosted,Windows,X64,H6060-Javascript-Moment,Npm,https://github.com/moment/moment,moment,moment,2.8.1,bdd5351ec579b9433a524fee06f624d366a9d0c4,2014-08-01T17:20:42Z,iskren.chernev@gmail.com,False,unsigned
3,2024-08-15,Github-Hosted,Windows,X64,H6060-Javascript-Moment,Npm,https://github.com/moment/moment,moment,moment,2.8.3,ea9c75e58231e8c118d2219592f5699294b790ef,2014-09-05T07:59:19Z,iskren.chernev@gmail.com,False,unsigned
3,2024-08-15,Github-Hosted,Windows,X64,H6060-Javascript-Moment,Npm,https://github.com/moment/moment,moment,moment,2.8.4,7ae59de2fc3a1298ae829f6369fe3589b2cd87f8,2014-11-19T04:43:46Z,iskren.chernev@gmail.com,False,unsigned
3,2024-08-15,Github-Hosted,Windows,X64,H6060-Javascript-Moment,Npm,https://github.com/moment/moment,moment,moment,2.9.0,8b35bc74c0e88c1a8c58ccb90117a9edc9f6a479,2015-01-08T14:47:51Z,iskren.chernev@gmail.com,False,unsigned
3,2024-08-15,Github-Hosted,Windows,X64,H6060-Javascript-Moment,Npm,https://github.com/moment/moment,moment,moment,v1.0.1,91f1d982fdcc66dfdd245658e50fb8af215159cd,2011-10-18T16:51:51Z,washwithcare@gmail.com,False,unsigned
