{
 "matches": [
  {
   "vulnerability": {
    "id": "GHSA-f85w-wvc7-crwc",
    "dataSource": "https://github.com/advisories/GHSA-f85w-wvc7-crwc",
    "namespace": "github:language:rust",
    "severity": "Medium",
    "urls": [
     "https://github.com/advisories/GHSA-f85w-wvc7-crwc"
    ],
    "description": "bumpalo has use-after-free due to a lifetime error in `Vec::into_iter()`",
    "cvss": [],
    "fix": {
     "versions": [
      "3.11.1"
     ],
     "state": "fixed"
    },
    "advisories": []
   },
   "relatedVulnerabilities": [],
   "matchDetails": [
    {
     "type": "exact-direct-match",
     "matcher": "rust-matcher",
     "searchedBy": {
      "language": "rust",
      "namespace": "github:language:rust",
      "package": {
       "name": "bumpalo",
       "version": "3.10.0"
      }
     },
     "found": {
      "versionConstraint": ">=1.1.0,<3.11.1 (unknown)",
      "vulnerabilityID": "GHSA-f85w-wvc7-crwc"
     }
    }
   ],
   "artifact": {
    "id": "b3c7734132316ee2",
    "name": "bumpalo",
    "version": "3.10.0",
    "type": "rust-crate",
    "locations": [
     {
      "path": "/src/rust/Cargo.lock"
     }
    ],
    "language": "rust",
    "licenses": [],
    "cpes": [
     "cpe:2.3:a:bumpalo:bumpalo:3.10.0:*:*:*:*:*:*:*"
    ],
    "purl": "pkg:cargo/bumpalo@3.10.0",
    "upstreams": []
   }
  },
  {
   "vulnerability": {
    "id": "GHSA-87mf-9wg6-ppf8",
    "dataSource": "https://github.com/advisories/GHSA-87mf-9wg6-ppf8",
    "namespace": "github:language:rust",
    "severity": "Medium",
    "urls": [
     "https://github.com/advisories/GHSA-87mf-9wg6-ppf8"
    ],
    "description": "Ouroboros is Unsound",
    "cvss": [],
    "fix": {
     "versions": [
      "0.16.0"
     ],
     "state": "fixed"
    },
    "advisories": []
   },
   "relatedVulnerabilities": [],
   "matchDetails": [
    {
     "type": "exact-direct-match",
     "matcher": "rust-matcher",
     "searchedBy": {
      "language": "rust",
      "namespace": "github:language:rust",
      "package": {
       "name": "ouroboros",
       "version": "0.15.5"
      }
     },
     "found": {
      "versionConstraint": "<0.16.0 (unknown)",
      "vulnerabilityID": "GHSA-87mf-9wg6-ppf8"
     }
    }
   ],
   "artifact": {
    "id": "2b4532ded39f4236",
    "name": "ouroboros",
    "version": "0.15.5",
    "type": "rust-crate",
    "locations": [
     {
      "path": "/src/rust/Cargo.lock"
     }
    ],
    "language": "rust",
    "licenses": [],
    "cpes": [
     "cpe:2.3:a:ouroboros:ouroboros:0.15.5:*:*:*:*:*:*:*"
    ],
    "purl": "pkg:cargo/ouroboros@0.15.5",
    "upstreams": []
   }
  }
 ],
 "source": {
  "type": "directory",
  "target": "upstream-repository"
 },
 "distro": {
  "name": "",
  "version": "",
  "idLike": null
 },
 "descriptor": {
  "name": "grype",
  "version": "0.74.4",
  "configuration": {
   "output": [
    "json"
   ],
   "file": "",
   "distro": "",
   "add-cpes-if-none": true,
   "output-template-file": "",
   "check-for-app-update": false,
   "only-fixed": false,
   "only-notfixed": false,
   "ignore-wontfix": "",
   "platform": "",
   "search": {
    "scope": "squashed",
    "unindexed-archives": false,
    "indexed-archives": true
   },
   "ignore": null,
   "exclude": [],
   "db": {
    "cache-dir": "/Users/runner/Library/Caches/grype/db",
    "update-url": "https://toolbox-data.anchore.io/grype/databases/listing.json",
    "ca-cert": "",
    "auto-update": true,
    "validate-by-hash-on-start": false,
    "validate-age": true,
    "max-allowed-built-age": 432000000000000
   },
   "externalSources": {
    "enable": false,
    "maven": {
     "searchUpstreamBySha1": true,
     "baseUrl": "https://search.maven.org/solrsearch/select"
    }
   },
   "match": {
    "java": {
     "using-cpes": false
    },
    "dotnet": {
     "using-cpes": false
    },
    "golang": {
     "using-cpes": false,
     "always-use-cpe-for-stdlib": true
    },
    "javascript": {
     "using-cpes": false
    },
    "python": {
     "using-cpes": false
    },
    "ruby": {
     "using-cpes": false
    },
    "rust": {
     "using-cpes": false
    },
    "stock": {
     "using-cpes": true
    }
   },
   "fail-on-severity": "critical",
   "registry": {
    "insecure-skip-tls-verify": false,
    "insecure-use-http": false,
    "auth": null,
    "ca-cert": ""
   },
   "show-suppressed": false,
   "by-cve": true,
   "name": "",
   "default-image-pull-source": "",
   "vex-documents": [],
   "vex-add": []
  },
  "db": {
   "built": "2024-08-15T01:31:38Z",
   "schemaVersion": 5,
   "location": "/Users/runner/Library/Caches/grype/db/5",
   "checksum": "sha256:6635658cbfd77c0433de8c55f3cf284c909a89461c0ed488b9cd642c8fe7fc2c",
   "error": null
  },
  "timestamp": "2024-08-15T10:34:55.645704Z"
 }
}
