[
    {
        "key": "brotlipy",
        "package_name": "brotlipy",
        "installed_version": "0.7.0",
        "required_version": "0.7.0",
        "dependencies": [
            {
                "key": "cffi",
                "package_name": "cffi",
                "installed_version": "1.17.0",
                "required_version": ">=1.0.0",
                "dependencies": [
                    {
                        "key": "pycparser",
                        "package_name": "pycparser",
                        "installed_version": "2.22",
                        "required_version": "Any",
                        "dependencies": []
                    }
                ]
            }
        ]
    },
    {
        "key": "certifi",
        "package_name": "certifi",
        "installed_version": "2022.5.18.1",
        "required_version": "2022.5.18.1",
        "dependencies": []
    },
    {
        "key": "idna",
        "package_name": "idna",
        "installed_version": "3.7",
        "required_version": "3.7",
        "dependencies": []
    },
    {
        "key": "pipdeptree",
        "package_name": "pipdeptree",
        "installed_version": "2.23.1",
        "required_version": "2.23.1",
        "dependencies": [
            {
                "key": "packaging",
                "package_name": "packaging",
                "installed_version": "24.1",
                "required_version": ">=23.1",
                "dependencies": []
            },
            {
                "key": "pip",
                "package_name": "pip",
                "installed_version": "24.2",
                "required_version": ">=23.1.2",
                "dependencies": []
            }
        ]
    },
    {
        "key": "pyopenssl",
        "package_name": "pyOpenSSL",
        "installed_version": "24.2.1",
        "required_version": "24.2.1",
        "dependencies": [
            {
                "key": "cryptography",
                "package_name": "cryptography",
                "installed_version": "43.0.0",
                "required_version": ">=41.0.5,<44",
                "dependencies": [
                    {
                        "key": "cffi",
                        "package_name": "cffi",
                        "installed_version": "1.17.0",
                        "required_version": ">=1.12",
                        "dependencies": [
                            {
                                "key": "pycparser",
                                "package_name": "pycparser",
                                "installed_version": "2.22",
                                "required_version": "Any",
                                "dependencies": []
                            }
                        ]
                    }
                ]
            }
        ]
    },
    {
        "key": "pysocks",
        "package_name": "PySocks",
        "installed_version": "1.7.1",
        "required_version": "1.7.1",
        "dependencies": []
    },
    {
        "key": "setuptools",
        "package_name": "setuptools",
        "installed_version": "56.0.0",
        "required_version": "56.0.0",
        "dependencies": []
    }
]
