"Project","ScanDate","DependencyName","DependencyPath","Description","License","Md5","Sha1","Identifiers","CPE","CVE","CWE","Vulnerability","Source","CVSSv2_Severity","CVSSv2_Score","CVSSv2","CVSSv3_BaseSeverity","CVSSv3_BaseScore","CVSSv3","CPE Confidence","Evidence Count","VendorProject","Product","Name","DateAdded","ShortDescription","RequiredAction","DueDate","Notes"
H6060-JavaScript-ExcelJS,"Thu, 15 Aug 2024 21:10:22 GMT",async:0.2.10,D:\a\H6060-JavaScript-ExcelJS\H6060-JavaScript-ExcelJS\upstream-repository\package-lock.json?\async:0.2.10,Higher-order functions and common patterns for asynchronous code,"","","",pkg:npm/async@0.2.10,cpe:2.3:a:async_project:async:0.2.10:*:*:*:*:*:*:*,CVE-2021-43138,CWE-1321 Improperly Controlled Modification of Object Prototype Attributes ('Prototype Pollution'),"In Async before 2.6.4 and 3.x before 3.2.2, a malicious user can obtain privileges via the mapValues() method, aka lib/internal/iterator.js createObjectIterator prototype pollution.",NVD,MEDIUM,6.8,/AV:N/AC:M/Au:N/C:P/I:P/A:P,HIGH,7.8,CVSS:3.1/AV:L/AC:L/PR:N/UI:R/S:U/C:H/I:H/A:H/E:1.8/RC:R/MAV:A,HIGHEST,7,"","","","","","","",""
H6060-JavaScript-ExcelJS,"Thu, 15 Aug 2024 21:10:22 GMT",async:2.6.4,D:\a\H6060-JavaScript-ExcelJS\H6060-JavaScript-ExcelJS\upstream-repository\package-lock.json?\async:2.6.4,Higher-order functions and common patterns for asynchronous code,MIT,"","",pkg:npm/async@2.6.4,cpe:2.3:a:async_project:async:2.6.4:*:*:*:*:*:*:*,CVE-2024-39249,CWE-1333 Inefficient Regular Expression Complexity,Async <= 2.6.4 and <= 3.2.5 are vulnerable to ReDoS (Regular Expression Denial of Service) while parsing function in autoinject function. NOTE: this is disputed by the supplier because there is no realistic threat model: regular expressions are not used with untrusted input.  Sonatype's research suggests that this CVE's details differ from those defined at NVD. See https://ossindex.sonatype.org/vulnerability/CVE-2024-39249 for details,OSSINDEX,MEDIUM,6.300000190734863,CVSS:4.0/AV:N/AC:L/AT:P/PR:N/UI:N/VC:N/VI:N/VA:L/SC:N/SI:N/SA:N,"","","",HIGHEST,8,"","","","","","","",""
H6060-JavaScript-ExcelJS,"Thu, 15 Aug 2024 21:10:22 GMT",async:3.2.5,D:\a\H6060-JavaScript-ExcelJS\H6060-JavaScript-ExcelJS\upstream-repository\package-lock.json?grunt-legacy-util:2.0.1\async:~3.2.0,Higher-order functions and common patterns for asynchronous code,MIT,"","",pkg:npm/async@3.2.5,cpe:2.3:a:async_project:async:3.2.5:*:*:*:*:*:*:*,CVE-2024-39249,CWE-1333 Inefficient Regular Expression Complexity,Async <= 2.6.4 and <= 3.2.5 are vulnerable to ReDoS (Regular Expression Denial of Service) while parsing function in autoinject function. NOTE: this is disputed by the supplier because there is no realistic threat model: regular expressions are not used with untrusted input.  Sonatype's research suggests that this CVE's details differ from those defined at NVD. See https://ossindex.sonatype.org/vulnerability/CVE-2024-39249 for details,OSSINDEX,MEDIUM,6.300000190734863,CVSS:4.0/AV:N/AC:L/AT:P/PR:N/UI:N/VC:N/VI:N/VA:L/SC:N/SI:N/SA:N,"","","",HIGHEST,8,"","","","","","","",""
H6060-JavaScript-ExcelJS,"Thu, 15 Aug 2024 21:10:22 GMT",faye-websocket:0.10.0,D:\a\H6060-JavaScript-ExcelJS\H6060-JavaScript-ExcelJS\upstream-repository\package-lock.json?tiny-lr:1.1.1\faye-websocket:~0.10.0,Standards-compliant WebSocket server and client,MIT,"","",pkg:npm/faye-websocket@0.10.0,cpe:2.3:a:faye-websocket_project:faye-websocket:0.10.0:*:*:*:*:*:*:*,CVE-2020-15133,CWE-295 Improper Certificate Validation,"In faye-websocket before version 0.11.0, there is a lack of certification validation in TLS handshakes. The `Faye::WebSocket::Client` class uses the `EM::Connection#start_tls` method in EventMachine to implement the TLS handshake whenever a `wss:` URL is used for the connection. This method does not implement certificate verification by default, meaning that it does not check that the server presents a valid and trusted TLS certificate for the expected hostname. That means that any `wss:` connection made using this library is vulnerable to a man-in-the-middle attack, since it does not confirm the identity of the server it is connected to. For further background information on this issue, please see the referenced GitHub Advisory. Upgrading `faye-websocket` to v0.11.0 is recommended.",NVD,MEDIUM,5.8,/AV:N/AC:M/Au:N/C:P/I:P/A:N,HIGH,8.7,CVSS:3.1/AV:N/AC:H/PR:N/UI:N/S:C/C:H/I:H/A:N/E:2.2/RC:R/MAV:A,HIGHEST,8,"","","","","","","",""
H6060-JavaScript-ExcelJS,"Thu, 15 Aug 2024 21:10:22 GMT",flat:4.1.1,D:\a\H6060-JavaScript-ExcelJS\H6060-JavaScript-ExcelJS\upstream-repository\package-lock.json?yargs-unparser:1.6.0\flat:^4.1.0,"Take a nested Javascript object and flatten it, or unflatten an object with delimited keys",BSD-3-Clause,"","",pkg:npm/flat@4.1.1,cpe:2.3:a:flat_project:flat:4.1.1:*:*:*:*:*:*:*,CVE-2020-36632,CWE-1321 Improperly Controlled Modification of Object Prototype Attributes ('Prototype Pollution'),"A vulnerability, which was classified as critical, was found in hughsk flat up to 5.0.0. This affects the function unflatten of the file index.js. The manipulation leads to improperly controlled modification of object prototype attributes ('prototype pollution'). It is possible to initiate the attack remotely. Upgrading to version 5.0.1 is able to address this issue. The name of the patch is 20ef0ef55dfa028caddaedbcb33efbdb04d18e13. It is recommended to upgrade the affected component. The identifier VDB-216777 was assigned to this vulnerability.",NVD,"","","",CRITICAL,9.8,CVSS:3.1/AV:N/AC:L/PR:N/UI:N/S:U/C:H/I:H/A:H/E:3.9/RC:R/MAV:A,HIGHEST,8,"","","","","","","",""
H6060-JavaScript-ExcelJS,"Thu, 15 Aug 2024 21:10:22 GMT",glob-parent:3.1.0,D:\a\H6060-JavaScript-ExcelJS\H6060-JavaScript-ExcelJS\upstream-repository\package-lock.json?\glob-parent:3.1.0,Strips glob magic from a string to provide the parent directory path,ISC,"","",pkg:npm/glob-parent@3.1.0,"",CVE-2020-28469,CWE-400 Uncontrolled Resource Consumption,This affects the package glob-parent before 5.1.2. The enclosure regex used to check for strings ending in enclosure containing path separator.,OSSINDEX,"","","",HIGH,7.5,CVSS:3.1/AV:N/AC:L/PR:N/UI:N/S:U/C:N/I:N/A:H,HIGHEST,8,"","","","","","","",""
H6060-JavaScript-ExcelJS,"Thu, 15 Aug 2024 21:10:22 GMT",got:9.6.0,D:\a\H6060-JavaScript-ExcelJS\H6060-JavaScript-ExcelJS\upstream-repository\package-lock.json?\got:9.6.0,Simplified HTTP requests,MIT,"","",pkg:npm/got@9.6.0,cpe:2.3:a:got_project:got:9.6.0:*:*:*:*:*:*:*,CVE-2022-33987,NVD-CWE-noinfo,The got package before 12.1.0 (also fixed in 11.8.5) for Node.js allows a redirect to a UNIX socket.,NVD,MEDIUM,5.0,/AV:N/AC:L/Au:N/C:N/I:P/A:N,MEDIUM,5.3,CVSS:3.1/AV:N/AC:L/PR:N/UI:N/S:U/C:N/I:L/A:N/E:3.9/RC:R/MAV:A,HIGHEST,5,"","","","","","","",""
H6060-JavaScript-ExcelJS,"Thu, 15 Aug 2024 21:10:22 GMT",grunt-cli:1.4.3,D:\a\H6060-JavaScript-ExcelJS\H6060-JavaScript-ExcelJS\upstream-repository\package-lock.json?\grunt-cli:1.4.3,The grunt command line interface,MIT,"","",pkg:npm/grunt-cli@1.4.3,cpe:2.3:a:gruntcli_project:gruntcli:1.4.3:*:*:*:*:*:*:*,CVE-2017-16058,"CWE-506 Embedded Malicious Code, CWE-200 Exposure of Sensitive Information to an Unauthorized Actor",gruntcli was a malicious module published with the intent to hijack environment variables. It has been unpublished by npm.,NVD,MEDIUM,5.0,/AV:N/AC:L/Au:N/C:P/I:N/A:N,HIGH,7.5,CVSS:3.0/AV:N/AC:L/PR:N/UI:N/S:U/C:H/I:N/A:N/E:3.9/RC:R/MAV:A,HIGHEST,6,"","","","","","","",""
H6060-JavaScript-ExcelJS,"Thu, 15 Aug 2024 21:10:22 GMT",helper.js,D:\a\H6060-JavaScript-ExcelJS\H6060-JavaScript-ExcelJS\upstream-repository\node_modules\gaze\lib\helper.js,"","",27a27d1fb58ea39522fa9a544d6cf19c,287f8835f51b6392917f423f48e2e38a58e64804,pkg:javascript/lodash@1.0.1,"",CVE-2019-10744,CWE-1321 Improperly Controlled Modification of Object Prototype Attributes ('Prototype Pollution'),Versions of lodash lower than 4.17.12 are vulnerable to Prototype Pollution. The function defaultsDeep could be tricked into adding or modifying properties of Object.prototype using a constructor payload.,NVD,MEDIUM,6.4,/AV:N/AC:L/Au:N/C:N/I:P/A:P,CRITICAL,9.1,CVSS:3.1/AV:N/AC:L/PR:N/UI:N/S:U/C:N/I:H/A:H/E:3.9/RC:R/MAV:A,HIGHEST,3,"","","","","","","",""
H6060-JavaScript-ExcelJS,"Thu, 15 Aug 2024 21:10:22 GMT",helper.js,D:\a\H6060-JavaScript-ExcelJS\H6060-JavaScript-ExcelJS\upstream-repository\node_modules\gaze\lib\helper.js,"","",27a27d1fb58ea39522fa9a544d6cf19c,287f8835f51b6392917f423f48e2e38a58e64804,pkg:javascript/lodash@1.0.1,"",CVE-2021-23337,CWE-94 Improper Control of Generation of Code ('Code Injection'),Lodash versions prior to 4.17.21 are vulnerable to Command Injection via the template function.,NVD,MEDIUM,6.5,/AV:N/AC:L/Au:S/C:P/I:P/A:P,HIGH,7.2,CVSS:3.1/AV:N/AC:L/PR:H/UI:N/S:U/C:H/I:H/A:H/E:1.2/RC:R/MAV:A,HIGHEST,3,"","","","","","","",""
H6060-JavaScript-ExcelJS,"Thu, 15 Aug 2024 21:10:22 GMT",helper.js,D:\a\H6060-JavaScript-ExcelJS\H6060-JavaScript-ExcelJS\upstream-repository\node_modules\gaze\lib\helper.js,"","",27a27d1fb58ea39522fa9a544d6cf19c,287f8835f51b6392917f423f48e2e38a58e64804,pkg:javascript/lodash@1.0.1,"",CVE-2018-3721,"CWE-1321 Improperly Controlled Modification of Object Prototype Attributes ('Prototype Pollution'), CWE-471 Modification of Assumed-Immutable Data (MAID)","lodash node module before 4.17.5 suffers from a Modification of Assumed-Immutable Data (MAID) vulnerability via defaultsDeep, merge, and mergeWith functions, which allows a malicious user to modify the prototype of ""Object"" via __proto__, causing the addition or modification of an existing property that will exist on all objects.",NVD,MEDIUM,4.0,/AV:N/AC:L/Au:S/C:N/I:P/A:N,MEDIUM,6.5,CVSS:3.1/AV:N/AC:L/PR:L/UI:N/S:U/C:N/I:H/A:N/E:2.8/RC:R/MAV:A,HIGHEST,3,"","","","","","","",""
H6060-JavaScript-ExcelJS,"Thu, 15 Aug 2024 21:10:22 GMT",helper.js,D:\a\H6060-JavaScript-ExcelJS\H6060-JavaScript-ExcelJS\upstream-repository\node_modules\gaze\lib\helper.js,"","",27a27d1fb58ea39522fa9a544d6cf19c,287f8835f51b6392917f423f48e2e38a58e64804,pkg:javascript/lodash@1.0.1,"",CVE-2019-1010266,"CWE-400 Uncontrolled Resource Consumption, CWE-770 Allocation of Resources Without Limits or Throttling","lodash prior to 4.17.11 is affected by: CWE-400: Uncontrolled Resource Consumption. The impact is: Denial of service. The component is: Date handler. The attack vector is: Attacker provides very long strings, which the library attempts to match using a regular expression. The fixed version is: 4.17.11.",NVD,MEDIUM,4.0,/AV:N/AC:L/Au:S/C:N/I:N/A:P,MEDIUM,6.5,CVSS:3.1/AV:N/AC:L/PR:L/UI:N/S:U/C:N/I:N/A:H/E:2.8/RC:R/MAV:A,HIGHEST,3,"","","","","","","",""
H6060-JavaScript-ExcelJS,"Thu, 15 Aug 2024 21:10:22 GMT",helper.js,D:\a\H6060-JavaScript-ExcelJS\H6060-JavaScript-ExcelJS\upstream-repository\node_modules\gaze\lib\helper.js,"","",27a27d1fb58ea39522fa9a544d6cf19c,287f8835f51b6392917f423f48e2e38a58e64804,pkg:javascript/lodash@1.0.1,"",CVE-2018-16487,"CWE-400 Uncontrolled Resource Consumption, NVD-CWE-noinfo","A prototype pollution vulnerability was found in lodash <4.17.11 where the functions merge, mergeWith, and defaultsDeep can be tricked into adding or modifying properties of Object.prototype.",NVD,MEDIUM,6.8,/AV:N/AC:M/Au:N/C:P/I:P/A:P,MEDIUM,5.6,CVSS:3.1/AV:N/AC:H/PR:N/UI:N/S:U/C:L/I:L/A:L/E:2.2/RC:R/MAV:A,HIGHEST,3,"","","","","","","",""
H6060-JavaScript-ExcelJS,"Thu, 15 Aug 2024 21:10:22 GMT",helper.js,D:\a\H6060-JavaScript-ExcelJS\H6060-JavaScript-ExcelJS\upstream-repository\node_modules\gaze\lib\helper.js,"","",27a27d1fb58ea39522fa9a544d6cf19c,287f8835f51b6392917f423f48e2e38a58e64804,pkg:javascript/lodash@1.0.1,"",CVE-2020-28500,NVD-CWE-Other,"Lodash versions prior to 4.17.21 are vulnerable to Regular Expression Denial of Service (ReDoS) via the toNumber, trim and trimEnd functions.",NVD,MEDIUM,5.0,/AV:N/AC:L/Au:N/C:N/I:N/A:P,MEDIUM,5.3,CVSS:3.1/AV:N/AC:L/PR:N/UI:N/S:U/C:N/I:N/A:L/E:3.9/RC:R/MAV:A,HIGHEST,3,"","","","","","","",""
H6060-JavaScript-ExcelJS,"Thu, 15 Aug 2024 21:10:22 GMT",http-cache-semantics:3.8.1,D:\a\H6060-JavaScript-ExcelJS\H6060-JavaScript-ExcelJS\upstream-repository\package-lock.json?\http-cache-semantics:3.8.1,Parses Cache-Control and other headers. Helps building correct HTTP caches and proxies,BSD-2-Clause,"","",pkg:npm/http-cache-semantics@3.8.1,cpe:2.3:a:http-cache-semantics_project:http-cache-semantics:3.8.1:*:*:*:*:*:*:*,CVE-2022-25881,CWE-1333 Inefficient Regular Expression Complexity,"This affects versions of the package http-cache-semantics before 4.1.1. The issue can be exploited via malicious request header values sent to a server, when that server reads the cache policy from the request using this library.",NVD,"","","",HIGH,7.5,CVSS:3.1/AV:N/AC:L/PR:N/UI:N/S:U/C:N/I:N/A:H/E:3.9/RC:R/MAV:A,HIGHEST,6,"","","","","","","",""
H6060-JavaScript-ExcelJS,"Thu, 15 Aug 2024 21:10:22 GMT",ip:1.1.5,D:\a\H6060-JavaScript-ExcelJS\H6060-JavaScript-ExcelJS\upstream-repository\package-lock.json?socks:2.3.3\ip:1.1.5,"",MIT,"","",pkg:npm/ip@1.1.5,cpe:2.3:a:fedorindutny:ip:1.1.5:*:*:*:*:*:*:*,CVE-2023-42282,CWE-918 Server-Side Request Forgery (SSRF),The ip package before 1.1.9 for Node.js might allow SSRF because some IP addresses (such as 0x7f.1) are improperly categorized as globally routable via isPublic.,NVD,"","","",CRITICAL,9.8,CVSS:3.1/AV:N/AC:L/PR:N/UI:N/S:U/C:H/I:H/A:H/E:3.9/RC:R/MAV:A,HIGHEST,6,"","","","","","","",""
H6060-JavaScript-ExcelJS,"Thu, 15 Aug 2024 21:10:22 GMT",micromatch:4.0.7,D:\a\H6060-JavaScript-ExcelJS\H6060-JavaScript-ExcelJS\upstream-repository\package-lock.json?\micromatch:4.0.7,Glob matching for javascript/node.js. A replacement and faster alternative to minimatch and multimatch.,MIT,"","",pkg:npm/micromatch@4.0.7,"",CVE-2024-4067,CWE-1333 Inefficient Regular Expression Complexity,"The NPM package `micromatch` is vulnerable to Regular Expression Denial of Service (ReDoS). The vulnerability occurs in `micromatch.braces()` in `index.js` because the pattern `.*` will greedily match anything. By passing a malicious payload, the pattern matching will keep backtracking to the input while it doesn't find the closing bracket. As the input size increases, the consumption time will also increase until it causes the application to hang or slow down. There was a merged fix but further testing shows the issue persists. This issue should be mitigated by using a safe pattern that won't start backtracking the regular expression due to greedy matching.",OSSINDEX,"","","",MEDIUM,5.300000190734863,CVSS:3.1/AV:N/AC:L/PR:N/UI:N/S:U/C:N/I:N/A:L,HIGHEST,8,"","","","","","","",""
H6060-JavaScript-ExcelJS,"Thu, 15 Aug 2024 21:10:22 GMT",minimist:0.0.5,D:\a\H6060-JavaScript-ExcelJS\H6060-JavaScript-ExcelJS\upstream-repository\package-lock.json?\minimist:0.0.5,parse argument options,MIT,"","",pkg:npm/minimist@0.0.5,cpe:2.3:a:substack:minimist:0.0.5:*:*:*:*:*:*:*,CVE-2021-44906,CWE-1321 Improperly Controlled Modification of Object Prototype Attributes ('Prototype Pollution'),"Minimist <=1.2.5 is vulnerable to Prototype Pollution via file index.js, function setKey() (lines 69-95).",NVD,HIGH,7.5,/AV:N/AC:L/Au:N/C:P/I:P/A:P,CRITICAL,9.8,CVSS:3.1/AV:N/AC:L/PR:N/UI:N/S:U/C:H/I:H/A:H/E:3.9/RC:R/MAV:A,HIGHEST,9,"","","","","","","",""
H6060-JavaScript-ExcelJS,"Thu, 15 Aug 2024 21:10:22 GMT",minimist:0.0.5,D:\a\H6060-JavaScript-ExcelJS\H6060-JavaScript-ExcelJS\upstream-repository\package-lock.json?\minimist:0.0.5,parse argument options,MIT,"","",pkg:npm/minimist@0.0.5,cpe:2.3:a:substack:minimist:0.0.5:*:*:*:*:*:*:*,CVE-2020-7598,CWE-1321 Improperly Controlled Modification of Object Prototype Attributes ('Prototype Pollution'),"minimist before 1.2.2 could be tricked into adding or modifying properties of Object.prototype using a ""constructor"" or ""__proto__"" payload.",NVD,MEDIUM,6.8,/AV:N/AC:M/Au:N/C:P/I:P/A:P,MEDIUM,5.6,CVSS:3.1/AV:N/AC:H/PR:N/UI:N/S:U/C:L/I:L/A:L/E:2.2/RC:R/MAV:A,HIGHEST,9,"","","","","","","",""
H6060-JavaScript-ExcelJS,"Thu, 15 Aug 2024 21:10:22 GMT",semver:5.5.0,D:\a\H6060-JavaScript-ExcelJS\H6060-JavaScript-ExcelJS\upstream-repository\package-lock.json?\semver:5.5.0,The semantic version parser used by npm.,ISC,"","",pkg:npm/semver@5.5.0,"",CVE-2022-25883,CWE-1333 Inefficient Regular Expression Complexity,"Versions of the package semver before 7.5.2 are vulnerable to Regular Expression Denial of Service (ReDoS) via the function new Range, when untrusted user data is provided as a range.  Sonatype's research suggests that this CVE's details differ from those defined at NVD. See https://ossindex.sonatype.org/vulnerability/CVE-2022-25883 for details",OSSINDEX,"","","",HIGH,7.5,CVSS:3.1/AV:N/AC:L/PR:N/UI:N/S:U/C:N/I:N/A:H,HIGHEST,5,"","","","","","","",""
H6060-JavaScript-ExcelJS,"Thu, 15 Aug 2024 21:10:22 GMT",tar:4.4.19,D:\a\H6060-JavaScript-ExcelJS\H6060-JavaScript-ExcelJS\upstream-repository\package-lock.json?\tar:4.4.19,tar for node,ISC,"","",pkg:npm/tar@4.4.19,cpe:2.3:a:tar_project:tar:4.4.19:*:*:*:*:*:*:*,CVE-2024-28863,CWE-400 Uncontrolled Resource Consumption,node-tar is a Tar for Node.js. node-tar prior to version 6.2.1 has no limit on the number of sub-folders created in the folder creation process. An attacker who generates a large number of sub-folders can consume memory on the system running node-tar and even crash the Node.js client within few seconds of running it using a path with too many sub-folders inside. Version 6.2.1 fixes this issue by preventing extraction in excessively deep sub-folders.,OSSINDEX,"","","",MEDIUM,6.5,CVSS:3.1/AV:N/AC:L/PR:N/UI:R/S:U/C:N/I:N/A:H,HIGHEST,6,"","","","","","","",""
H6060-JavaScript-ExcelJS,"Thu, 15 Aug 2024 21:10:22 GMT",xml2js:0.4.23,D:\a\H6060-JavaScript-ExcelJS\H6060-JavaScript-ExcelJS\upstream-repository\package-lock.json?\xml2js:0.4.23,Simple XML to JavaScript object converter.,MIT,"","",pkg:npm/xml2js@0.4.23,cpe:2.3:a:xml2js_project:xml2js:0.4.23:*:*:*:*:*:*:*,CVE-2023-0842,CWE-1321 Improperly Controlled Modification of Object Prototype Attributes ('Prototype Pollution'),"xml2js version 0.4.23 allows an external attacker to edit or add new properties to an object. This is possible because the application does not properly validate incoming JSON keys, thus allowing the __proto__ property to be edited.",NVD,"","","",MEDIUM,5.3,CVSS:3.1/AV:N/AC:L/PR:N/UI:N/S:U/C:N/I:L/A:N/E:3.9/RC:R/MAV:A,HIGHEST,7,"","","","","","","",""
