Experiment ID,Experiment Date,Experiment Runner Environment,Experiment Runner Operating System,Experiment Runner Architecture,Experiment Project Name,Experiment Package Manager,GitHub Repository URL,GitHub Organisation,GitHub Repository Name,GitHub Repository Tag Name,GitHub Repository Tag Commit,GitHub Repository Tag Date,GitHub Repository Tag Author,GitHub Repository Tag Verified,GitHub Repository Tag Reason
2,2024-08-15,Github-Hosted,Windows,X64,H6060-Python-Cryptography,Pypi,https://github.com/pyca/cryptography,pyca,cryptography,0.1,f83c866b86555cdc50b3ba811fde644e5d4b44fc,2014-01-08T23:15:49Z,dreid@dreid.org,True,valid
2,2024-08-15,Github-Hosted,Windows,X64,H6060-Python-Cryptography,Pypi,https://github.com/pyca/cryptography,pyca,cryptography,0.2,3126293ae3a4a0bfd2a355ba4b7fc89a71835ea7,2014-02-20T19:46:18Z,alex.gaynor@gmail.com,True,valid
2,2024-08-15,Github-Hosted,Windows,X64,H6060-Python-Cryptography,Pypi,https://github.com/pyca/cryptography,pyca,cryptography,0.2.1,61ae77f9d7135edb3060d31e929dc24dc721803a,2014-02-22T21:35:44Z,paul.l.kehrer@gmail.com,True,valid
2,2024-08-15,Github-Hosted,Windows,X64,H6060-Python-Cryptography,Pypi,https://github.com/pyca/cryptography,pyca,cryptography,0.2.2,5805196c1366e77940ae7243dde699b0ea90b7d7,2014-03-04T01:53:58Z,paul.l.kehrer@gmail.com,True,valid
2,2024-08-15,Github-Hosted,Windows,X64,H6060-Python-Cryptography,Pypi,https://github.com/pyca/cryptography,pyca,cryptography,0.3,a1276e779f39bd48650e431a5cf9fa1fb7b2ac5d,2014-03-27T21:01:33Z,paul.l.kehrer@gmail.com,True,valid
2,2024-08-15,Github-Hosted,Windows,X64,H6060-Python-Cryptography,Pypi,https://github.com/pyca/cryptography,pyca,cryptography,0.4,00708e0f2bcb7b1ce94f4c9f37e541ef332311cd,2014-05-03T14:33:59Z,paul.l.kehrer@gmail.com,True,valid
2,2024-08-15,Github-Hosted,Windows,X64,H6060-Python-Cryptography,Pypi,https://github.com/pyca/cryptography,pyca,cryptography,0.5,edc598dc6fade591443002c72b2fb657e43ef930,2014-07-07T18:03:34Z,paul.l.kehrer@gmail.com,True,valid
2,2024-08-15,Github-Hosted,Windows,X64,H6060-Python-Cryptography,Pypi,https://github.com/pyca/cryptography,pyca,cryptography,0.5.1,fd86778e023615298bae8ca324fe60b45e60e567,2014-07-08T03:01:25Z,paul.l.kehrer@gmail.com,True,valid
2,2024-08-15,Github-Hosted,Windows,X64,H6060-Python-Cryptography,Pypi,https://github.com/pyca/cryptography,pyca,cryptography,0.5.2,1b4bc18b3be8725d36c22b9f59982051bcbbef7a,2014-07-10T01:24:36Z,paul.l.kehrer@gmail.com,True,valid
2,2024-08-15,Github-Hosted,Windows,X64,H6060-Python-Cryptography,Pypi,https://github.com/pyca/cryptography,pyca,cryptography,0.5.3,64c4ee0c88943ea31221b3c032620dfc26a45469,2014-08-07T15:25:32Z,paul.l.kehrer@gmail.com,True,valid
2,2024-08-15,Github-Hosted,Windows,X64,H6060-Python-Cryptography,Pypi,https://github.com/pyca/cryptography,pyca,cryptography,0.5.4,052e811db899aebd449c4ed93d86db0bea6f84c4,2014-08-21T06:02:10Z,paul.l.kehrer@gmail.com,True,valid
2,2024-08-15,Github-Hosted,Windows,X64,H6060-Python-Cryptography,Pypi,https://github.com/pyca/cryptography,pyca,cryptography,0.6,0085f1db66dd822594a8ce05e4e9e8ac3aaf9a69,2014-09-30T02:27:05Z,paul.l.kehrer@gmail.com,True,valid
2,2024-08-15,Github-Hosted,Windows,X64,H6060-Python-Cryptography,Pypi,https://github.com/pyca/cryptography,pyca,cryptography,0.6.1,659bb53d4ba41d9acb952ea84da796177ac6e256,2014-10-16T04:10:17Z,paul.l.kehrer@gmail.com,True,valid
2,2024-08-15,Github-Hosted,Windows,X64,H6060-Python-Cryptography,Pypi,https://github.com/pyca/cryptography,pyca,cryptography,0.7,1d12df10ce8a7cb68f89f277f2be329332e167ec,2014-12-18T03:26:41Z,paul.l.kehrer@gmail.com,True,valid
2,2024-08-15,Github-Hosted,Windows,X64,H6060-Python-Cryptography,Pypi,https://github.com/pyca/cryptography,pyca,cryptography,0.7.1,b62de26ff8957ac8e8d6f0ef6554a8ab8ff00577,2014-12-29T01:47:43Z,paul.l.kehrer@gmail.com,True,valid
2,2024-08-15,Github-Hosted,Windows,X64,H6060-Python-Cryptography,Pypi,https://github.com/pyca/cryptography,pyca,cryptography,0.7.2,d8250fd37d4301a239a4d1e1eb48851f7ab2aab5,2015-01-16T14:15:57Z,paul.l.kehrer@gmail.com,True,valid
2,2024-08-15,Github-Hosted,Windows,X64,H6060-Python-Cryptography,Pypi,https://github.com/pyca/cryptography,pyca,cryptography,0.8,18bc3de187217565117a33c08eb61c09e4a90182,2015-03-09T04:49:31Z,paul.l.kehrer@gmail.com,True,valid
2,2024-08-15,Github-Hosted,Windows,X64,H6060-Python-Cryptography,Pypi,https://github.com/pyca/cryptography,pyca,cryptography,0.8.1,a829f50078b32059b34774eedc4ad461a5fac612,2015-03-20T15:22:46Z,paul.l.kehrer@gmail.com,True,valid
2,2024-08-15,Github-Hosted,Windows,X64,H6060-Python-Cryptography,Pypi,https://github.com/pyca/cryptography,pyca,cryptography,0.8.2,d8fbd576c3222c79688a8b8f3b57c48d2cb261cd,2015-04-11T01:52:50Z,paul.l.kehrer@gmail.com,True,valid
2,2024-08-15,Github-Hosted,Windows,X64,H6060-Python-Cryptography,Pypi,https://github.com/pyca/cryptography,pyca,cryptography,0.9,a54de2b0642758d05b1c0fa4104e14e1ea75dded,2015-05-14T01:39:47Z,paul.l.kehrer@gmail.com,True,valid
2,2024-08-15,Github-Hosted,Windows,X64,H6060-Python-Cryptography,Pypi,https://github.com/pyca/cryptography,pyca,cryptography,0.9.1,8c495fef18eee9b95970b47ba505d156b565b1ef,2015-06-06T21:23:18Z,paul.l.kehrer@gmail.com,True,valid
2,2024-08-15,Github-Hosted,Windows,X64,H6060-Python-Cryptography,Pypi,https://github.com/pyca/cryptography,pyca,cryptography,0.9.2,7491f0176d27d3f935252cd6ea3eafa2583525dc,2015-07-03T22:57:29Z,paul.l.kehrer@gmail.com,True,valid
2,2024-08-15,Github-Hosted,Windows,X64,H6060-Python-Cryptography,Pypi,https://github.com/pyca/cryptography,pyca,cryptography,0.9.3,da075fa02e9abadaa9d46d483a93467060d98fc3,2015-07-09T14:41:31Z,paul.l.kehrer@gmail.com,True,valid
2,2024-08-15,Github-Hosted,Windows,X64,H6060-Python-Cryptography,Pypi,https://github.com/pyca/cryptography,pyca,cryptography,1.0,69af6aaa3e37487ca173008424b1e3323b543f47,2015-08-12T13:38:22Z,paul.l.kehrer@gmail.com,True,valid
2,2024-08-15,Github-Hosted,Windows,X64,H6060-Python-Cryptography,Pypi,https://github.com/pyca/cryptography,pyca,cryptography,1.0.1,ca4118792a7826402f994ff950d29d0fe565f7ed,2015-09-06T01:54:02Z,paul.l.kehrer@gmail.com,True,valid
2,2024-08-15,Github-Hosted,Windows,X64,H6060-Python-Cryptography,Pypi,https://github.com/pyca/cryptography,pyca,cryptography,1.0.2,1c71f59a11cd1125a3878b481bf0a3ea53c05fc9,2015-09-27T13:52:09Z,paul.l.kehrer@gmail.com,True,valid
2,2024-08-15,Github-Hosted,Windows,X64,H6060-Python-Cryptography,Pypi,https://github.com/pyca/cryptography,pyca,cryptography,1.1,9eaed623592ee6079b4b227d5b77780c96a22c0c,2015-10-28T22:26:34Z,paul.l.kehrer@gmail.com,True,valid
2,2024-08-15,Github-Hosted,Windows,X64,H6060-Python-Cryptography,Pypi,https://github.com/pyca/cryptography,pyca,cryptography,1.1.1,8e80b994e3567cfb834409a5d1f796c3e29535e3,2015-11-19T04:01:52Z,paul.l.kehrer@gmail.com,True,valid
2,2024-08-15,Github-Hosted,Windows,X64,H6060-Python-Cryptography,Pypi,https://github.com/pyca/cryptography,pyca,cryptography,1.1.2,d5e10a5a0fcc15ebb84d5d3a3ccf6146f17b3f59,2015-12-10T19:54:44Z,paul.l.kehrer@gmail.com,True,valid
2,2024-08-15,Github-Hosted,Windows,X64,H6060-Python-Cryptography,Pypi,https://github.com/pyca/cryptography,pyca,cryptography,1.2,a05761a579955498ff27edac13c0d0bf00ddf862,2016-01-08T15:38:44Z,paul.l.kehrer@gmail.com,True,valid
2,2024-08-15,Github-Hosted,Windows,X64,H6060-Python-Cryptography,Pypi,https://github.com/pyca/cryptography,pyca,cryptography,1.2.1,fd6f26c45131476a860668b9b86eea69cbb4e81b,2016-01-08T21:28:50Z,paul.l.kehrer@gmail.com,True,valid
2,2024-08-15,Github-Hosted,Windows,X64,H6060-Python-Cryptography,Pypi,https://github.com/pyca/cryptography,pyca,cryptography,1.2.2,95f183c545c44a0e4c823af9d4fcdc96800f7f1b,2016-01-29T19:27:02Z,paul.l.kehrer@gmail.com,True,valid
2,2024-08-15,Github-Hosted,Windows,X64,H6060-Python-Cryptography,Pypi,https://github.com/pyca/cryptography,pyca,cryptography,1.2.3,0e6c2fd54f3bfeb4fb8236ffd7a72488eee7950f,2016-03-02T02:10:58Z,paul.l.kehrer@gmail.com,True,valid
2,2024-08-15,Github-Hosted,Windows,X64,H6060-Python-Cryptography,Pypi,https://github.com/pyca/cryptography,pyca,cryptography,1.3,72753ce12284b325f29448a1beac6c892a112367,2016-03-18T13:10:53Z,paul.l.kehrer@gmail.com,True,valid
2,2024-08-15,Github-Hosted,Windows,X64,H6060-Python-Cryptography,Pypi,https://github.com/pyca/cryptography,pyca,cryptography,1.3.1,2bf86f282efc7f65bae5b4c0dd0865facbf71eb1,2016-03-21T21:45:42Z,paul.l.kehrer@gmail.com,True,valid
2,2024-08-15,Github-Hosted,Windows,X64,H6060-Python-Cryptography,Pypi,https://github.com/pyca/cryptography,pyca,cryptography,1.3.2,ff66b1536f8f317660d01df00bab9c4621d9311a,2016-05-04T16:09:45Z,paul.l.kehrer@gmail.com,True,valid
2,2024-08-15,Github-Hosted,Windows,X64,H6060-Python-Cryptography,Pypi,https://github.com/pyca/cryptography,pyca,cryptography,1.3.3,2f0067d81a933c0f3bacad087b266f1619cc1969,2016-06-02T21:43:44Z,paul.l.kehrer@gmail.com,True,valid
2,2024-08-15,Github-Hosted,Windows,X64,H6060-Python-Cryptography,Pypi,https://github.com/pyca/cryptography,pyca,cryptography,1.3.4,a6cc3e758c6ed199209a6504fd4686e1e5d50189,2016-06-03T03:09:11Z,paul.l.kehrer@gmail.com,True,valid
2,2024-08-15,Github-Hosted,Windows,X64,H6060-Python-Cryptography,Pypi,https://github.com/pyca/cryptography,pyca,cryptography,1.4,9cdb949efd66e58c691e254e6c5e2262cabca4f9,2016-06-04T17:07:02Z,paul.l.kehrer@gmail.com,True,valid
2,2024-08-15,Github-Hosted,Windows,X64,H6060-Python-Cryptography,Pypi,https://github.com/pyca/cryptography,pyca,cryptography,1.5,fd3b1cf3bf110e7ea7a2a887189e1b616d5ed7e3,2016-08-26T15:13:13Z,paul.l.kehrer@gmail.com,True,valid
2,2024-08-15,Github-Hosted,Windows,X64,H6060-Python-Cryptography,Pypi,https://github.com/pyca/cryptography,pyca,cryptography,1.5.1,d991a4cb7b4e41108b37ee70077cd2b5175020d9,2016-09-22T20:08:34Z,paul.l.kehrer@gmail.com,True,valid
2,2024-08-15,Github-Hosted,Windows,X64,H6060-Python-Cryptography,Pypi,https://github.com/pyca/cryptography,pyca,cryptography,1.5.2,2a51d75d806608d28f24685757b066b99f694b0a,2016-09-26T20:22:54Z,paul.l.kehrer@gmail.com,True,valid
2,2024-08-15,Github-Hosted,Windows,X64,H6060-Python-Cryptography,Pypi,https://github.com/pyca/cryptography,pyca,cryptography,1.5.3,8dcd1fae0ee5f0fc7f2e2ff7008b364712e3ea5a,2016-11-06T04:08:15Z,paul.l.kehrer@gmail.com,True,valid
2,2024-08-15,Github-Hosted,Windows,X64,H6060-Python-Cryptography,Pypi,https://github.com/pyca/cryptography,pyca,cryptography,1.6,5327d7dd197b924e6607179a51d5f2ffb7915bf8,2016-11-22T03:11:32Z,paul.l.kehrer@gmail.com,True,valid
2,2024-08-15,Github-Hosted,Windows,X64,H6060-Python-Cryptography,Pypi,https://github.com/pyca/cryptography,pyca,cryptography,1.7,9950666cd0e3b15567da1f3e06f8249869ca5c79,2016-12-12T18:18:24Z,paul.l.kehrer@gmail.com,True,valid
2,2024-08-15,Github-Hosted,Windows,X64,H6060-Python-Cryptography,Pypi,https://github.com/pyca/cryptography,pyca,cryptography,1.7.1,172fffaa853a4ceffcb87f0c975d3be08e933dd0,2016-12-13T22:53:44Z,paul.l.kehrer@gmail.com,True,valid
2,2024-08-15,Github-Hosted,Windows,X64,H6060-Python-Cryptography,Pypi,https://github.com/pyca/cryptography,pyca,cryptography,1.7.2,b18a51a206c595585fb1e976f8eee0bff15a129f,2017-01-27T15:13:56Z,paul.l.kehrer@gmail.com,True,valid
2,2024-08-15,Github-Hosted,Windows,X64,H6060-Python-Cryptography,Pypi,https://github.com/pyca/cryptography,pyca,cryptography,1.8,388896a30715961b40145c7e3c4373bab87e49f3,2017-03-10T02:57:55Z,paul.l.kehrer@gmail.com,True,valid
2,2024-08-15,Github-Hosted,Windows,X64,H6060-Python-Cryptography,Pypi,https://github.com/pyca/cryptography,pyca,cryptography,1.8.1,4c19f6efade6ec41921a8af67353076d42ad39c2,2017-03-10T03:59:27Z,paul.l.kehrer@gmail.com,True,valid
2,2024-08-15,Github-Hosted,Windows,X64,H6060-Python-Cryptography,Pypi,https://github.com/pyca/cryptography,pyca,cryptography,1.8.2,76bc01827ec260aae94746cb2540ab8adcf13e7b,2017-05-26T06:36:22Z,paul.l.kehrer@gmail.com,True,valid
2,2024-08-15,Github-Hosted,Windows,X64,H6060-Python-Cryptography,Pypi,https://github.com/pyca/cryptography,pyca,cryptography,1.9,5ad74164dce39690fedaa48cc89c11e94c8a8760,2017-05-30T02:20:21Z,paul.l.kehrer@gmail.com,True,valid
2,2024-08-15,Github-Hosted,Windows,X64,H6060-Python-Cryptography,Pypi,https://github.com/pyca/cryptography,pyca,cryptography,2.0,422a90e8b39c9b8017284117369617a32883a8f8,2017-07-17T15:24:46Z,paul.l.kehrer@gmail.com,True,valid
2,2024-08-15,Github-Hosted,Windows,X64,H6060-Python-Cryptography,Pypi,https://github.com/pyca/cryptography,pyca,cryptography,2.0.1,e1d51ea58549e9aab8f0161d88cabc3314c5e3a6,2017-07-26T20:16:14Z,paul.l.kehrer@gmail.com,True,valid
2,2024-08-15,Github-Hosted,Windows,X64,H6060-Python-Cryptography,Pypi,https://github.com/pyca/cryptography,pyca,cryptography,2.0.2,baadbadb38237b62247a3338fc6298fc7c32ee8e,2017-07-27T03:25:52Z,paul.l.kehrer@gmail.com,True,valid
2,2024-08-15,Github-Hosted,Windows,X64,H6060-Python-Cryptography,Pypi,https://github.com/pyca/cryptography,pyca,cryptography,2.0.3,f7dd053281608815dc9fbcb2c4c8ff90f7cfc132,2017-08-03T21:51:48Z,paul.l.kehrer@gmail.com,True,valid
2,2024-08-15,Github-Hosted,Windows,X64,H6060-Python-Cryptography,Pypi,https://github.com/pyca/cryptography,pyca,cryptography,2.1,0fe51a03a371651ac6e15c7c41ea4a97d3e7e6fe,2017-10-11T12:48:20Z,paul.l.kehrer@gmail.com,True,valid
2,2024-08-15,Github-Hosted,Windows,X64,H6060-Python-Cryptography,Pypi,https://github.com/pyca/cryptography,pyca,cryptography,2.1.1,950965d121c13ecd0623dfc29cb0ad5156e449ef,2017-10-12T05:14:32Z,paul.l.kehrer@gmail.com,True,valid
2,2024-08-15,Github-Hosted,Windows,X64,H6060-Python-Cryptography,Pypi,https://github.com/pyca/cryptography,pyca,cryptography,2.1.2,74d93d8ecf119eb8b0e19a718cb586d9bcd931b8,2017-10-24T15:47:33Z,paul.l.kehrer@gmail.com,True,valid
2,2024-08-15,Github-Hosted,Windows,X64,H6060-Python-Cryptography,Pypi,https://github.com/pyca/cryptography,pyca,cryptography,2.1.3,49f1f6763baa76a37b527b8a43c3a9a650e1df40,2017-11-02T19:01:15Z,paul.l.kehrer@gmail.com,True,valid
2,2024-08-15,Github-Hosted,Windows,X64,H6060-Python-Cryptography,Pypi,https://github.com/pyca/cryptography,pyca,cryptography,2.1.4,9b0005ce5e38a369e9e2b4a2bc51f4fb52d08ebd,2017-11-30T01:55:02Z,paul.l.kehrer@gmail.com,True,valid
2,2024-08-15,Github-Hosted,Windows,X64,H6060-Python-Cryptography,Pypi,https://github.com/pyca/cryptography,pyca,cryptography,2.2,d597470aaa7b5a707ae87dda983c2acf085b3577,2018-03-19T02:57:11Z,paul.l.kehrer@gmail.com,True,valid
2,2024-08-15,Github-Hosted,Windows,X64,H6060-Python-Cryptography,Pypi,https://github.com/pyca/cryptography,pyca,cryptography,2.2.1,0210ff8c6c06956fc5a8b87c91a480881bf0c875,2018-03-20T23:56:23Z,paul.l.kehrer@gmail.com,True,valid
2,2024-08-15,Github-Hosted,Windows,X64,H6060-Python-Cryptography,Pypi,https://github.com/pyca/cryptography,pyca,cryptography,2.2.2,b74dd7b20dbf3dd9386ebf8bfa065cbde21297a6,2018-03-27T16:43:12Z,paul.l.kehrer@gmail.com,True,valid
2,2024-08-15,Github-Hosted,Windows,X64,H6060-Python-Cryptography,Pypi,https://github.com/pyca/cryptography,pyca,cryptography,2.3,3fa0e17437e73d3a0f5f503a952b3a6fa636cbdb,2018-07-18T11:57:58Z,paul.l.kehrer@gmail.com,True,valid
2,2024-08-15,Github-Hosted,Windows,X64,H6060-Python-Cryptography,Pypi,https://github.com/pyca/cryptography,pyca,cryptography,2.3.1,47fad0966055b34870854decdecaff431fd46cc3,2018-08-14T17:37:25Z,paul.l.kehrer@gmail.com,True,valid
2,2024-08-15,Github-Hosted,Windows,X64,H6060-Python-Cryptography,Pypi,https://github.com/pyca/cryptography,pyca,cryptography,2.4,1f427469d09030902a39194290aac772df1c0adc,2018-11-12T00:12:27Z,paul.l.kehrer@gmail.com,True,valid
2,2024-08-15,Github-Hosted,Windows,X64,H6060-Python-Cryptography,Pypi,https://github.com/pyca/cryptography,pyca,cryptography,2.4.1,84fa0aa000c8d4b1e30257e22bd5384d59abce81,2018-11-12T01:02:03Z,paul.l.kehrer@gmail.com,True,valid
2,2024-08-15,Github-Hosted,Windows,X64,H6060-Python-Cryptography,Pypi,https://github.com/pyca/cryptography,pyca,cryptography,2.4.2,2b2ba77378cf12cea0ac2c14710682600127e7a5,2018-11-21T03:08:45Z,paul.l.kehrer@gmail.com,True,valid
2,2024-08-15,Github-Hosted,Windows,X64,H6060-Python-Cryptography,Pypi,https://github.com/pyca/cryptography,pyca,cryptography,2.5,f478b25ceb65b9492cc97e7ae856c21f7a02cf8b,2019-01-22T16:44:26Z,paul.l.kehrer@gmail.com,True,valid
2,2024-08-15,Github-Hosted,Windows,X64,H6060-Python-Cryptography,Pypi,https://github.com/pyca/cryptography,pyca,cryptography,2.6,1bd17365002e74ba520b22003306b5697eda502f,2019-02-27T14:00:25Z,alex.gaynor@gmail.com,True,valid
2,2024-08-15,Github-Hosted,Windows,X64,H6060-Python-Cryptography,Pypi,https://github.com/pyca/cryptography,pyca,cryptography,2.6.1,a8ac5e5278e548f9a3a0c4e0fe6ec53305487df6,2019-02-27T23:28:21Z,paul.l.kehrer@gmail.com,True,valid
2,2024-08-15,Github-Hosted,Windows,X64,H6060-Python-Cryptography,Pypi,https://github.com/pyca/cryptography,pyca,cryptography,2.7,86822f4f5995fc6d772de990d6ebd0c3320df39f,2019-05-30T23:36:14Z,paul.l.kehrer@gmail.com,True,valid
2,2024-08-15,Github-Hosted,Windows,X64,H6060-Python-Cryptography,Pypi,https://github.com/pyca/cryptography,pyca,cryptography,2.8,293679cd52f46aa702621c532347e1ecc1508d5a,2019-10-17T13:00:55Z,paul.l.kehrer@gmail.com,True,valid
2,2024-08-15,Github-Hosted,Windows,X64,H6060-Python-Cryptography,Pypi,https://github.com/pyca/cryptography,pyca,cryptography,2.9,685e60b944af3c009bd3ff4726c411960b94f2e1,2020-04-02T19:44:26Z,paul.l.kehrer@gmail.com,True,valid
2,2024-08-15,Github-Hosted,Windows,X64,H6060-Python-Cryptography,Pypi,https://github.com/pyca/cryptography,pyca,cryptography,2.9.1,f1b9adf7d6bc76f1768c4ce31940a7008b7883ab,2020-04-21T15:22:55Z,paul.l.kehrer@gmail.com,True,valid
2,2024-08-15,Github-Hosted,Windows,X64,H6060-Python-Cryptography,Pypi,https://github.com/pyca/cryptography,pyca,cryptography,2.9.2,4951643f740ac59ce3068af5017790242cfd5eac,2020-04-22T22:28:15Z,paul.l.kehrer@gmail.com,True,valid
2,2024-08-15,Github-Hosted,Windows,X64,H6060-Python-Cryptography,Pypi,https://github.com/pyca/cryptography,pyca,cryptography,3.0,93ad3e7d1e94048838f8b2c518a78e820a48fbe4,2020-07-20T21:41:23Z,paul.l.kehrer@gmail.com,True,valid
2,2024-08-15,Github-Hosted,Windows,X64,H6060-Python-Cryptography,Pypi,https://github.com/pyca/cryptography,pyca,cryptography,3.1,d2633f960496ab0acd19de3b0b047c43b5756f97,2020-08-27T04:34:43Z,paul.l.kehrer@gmail.com,True,valid
2,2024-08-15,Github-Hosted,Windows,X64,H6060-Python-Cryptography,Pypi,https://github.com/pyca/cryptography,pyca,cryptography,3.1.1,59e4dd3bcb2ee0b19aa25367043fb8a11fe89bde,2020-09-22T16:54:53Z,paul.l.kehrer@gmail.com,True,valid
2,2024-08-15,Github-Hosted,Windows,X64,H6060-Python-Cryptography,Pypi,https://github.com/pyca/cryptography,pyca,cryptography,3.2,1a08b856957d29cbd1f0fa1ee20073eb8a937cb7,2020-10-26T02:11:09Z,paul.l.kehrer@gmail.com,True,valid
2,2024-08-15,Github-Hosted,Windows,X64,H6060-Python-Cryptography,Pypi,https://github.com/pyca/cryptography,pyca,cryptography,3.2.1,712737f5dbec70856377f26334ab2a6fe7345b9b,2020-10-28T03:17:49Z,paul.l.kehrer@gmail.com,True,valid
2,2024-08-15,Github-Hosted,Windows,X64,H6060-Python-Cryptography,Pypi,https://github.com/pyca/cryptography,pyca,cryptography,3.3,8592966bdf5d13eacbb0ee175cf7fa53b91987c6,2020-12-09T00:29:24Z,paul.l.kehrer@gmail.com,True,valid
2,2024-08-15,Github-Hosted,Windows,X64,H6060-Python-Cryptography,Pypi,https://github.com/pyca/cryptography,pyca,cryptography,3.3.1,72429c8fb649963da7c247a43e8eeaf10b94ef2e,2020-12-10T02:17:18Z,paul.l.kehrer@gmail.com,True,valid
2,2024-08-15,Github-Hosted,Windows,X64,H6060-Python-Cryptography,Pypi,https://github.com/pyca/cryptography,pyca,cryptography,3.3.2,7560a25161b06f086b69e0555a755101e5a8aabd,2021-02-07T16:39:48Z,paul.l.kehrer@gmail.com,True,valid
2,2024-08-15,Github-Hosted,Windows,X64,H6060-Python-Cryptography,Pypi,https://github.com/pyca/cryptography,pyca,cryptography,3.4,11e41bba042f97895c5ffb7aa33327e35fe400c6,2021-02-07T18:29:36Z,paul.l.kehrer@gmail.com,True,valid
2,2024-08-15,Github-Hosted,Windows,X64,H6060-Python-Cryptography,Pypi,https://github.com/pyca/cryptography,pyca,cryptography,3.4.1,f8bb624dccfba8bc2213202065d15d9a416bd33e,2021-02-07T21:54:54Z,paul.l.kehrer@gmail.com,True,valid
2,2024-08-15,Github-Hosted,Windows,X64,H6060-Python-Cryptography,Pypi,https://github.com/pyca/cryptography,pyca,cryptography,3.4.2,5ec8dcb43c5346886dde69f9c6413c15b2f5e0fd,2021-02-08T16:27:23Z,paul.l.kehrer@gmail.com,True,valid
2,2024-08-15,Github-Hosted,Windows,X64,H6060-Python-Cryptography,Pypi,https://github.com/pyca/cryptography,pyca,cryptography,3.4.3,946f68baf6cf60e43a3772d4ddc9c6c66de4c9a0,2021-02-09T04:28:32Z,paul.l.kehrer@gmail.com,True,valid
2,2024-08-15,Github-Hosted,Windows,X64,H6060-Python-Cryptography,Pypi,https://github.com/pyca/cryptography,pyca,cryptography,3.4.4,4179b33d03df92fd89e923eced5c2e9cc3a4f1d0,2021-02-09T19:28:03Z,paul.l.kehrer@gmail.com,True,valid
2,2024-08-15,Github-Hosted,Windows,X64,H6060-Python-Cryptography,Pypi,https://github.com/pyca/cryptography,pyca,cryptography,3.4.5,28b2802421b6e2f6035bc171d48831d931828e25,2021-02-13T22:35:05Z,paul.l.kehrer@gmail.com,True,valid
2,2024-08-15,Github-Hosted,Windows,X64,H6060-Python-Cryptography,Pypi,https://github.com/pyca/cryptography,pyca,cryptography,3.4.6,b9c1d91d2411072cdc3e3d3965707f3c736ebe6b,2021-02-16T20:27:54Z,paul.l.kehrer@gmail.com,True,valid
2,2024-08-15,Github-Hosted,Windows,X64,H6060-Python-Cryptography,Pypi,https://github.com/pyca/cryptography,pyca,cryptography,3.4.7,b2536af8896285fc23b8980864b55f5cb41aa2ee,2021-03-25T17:20:38Z,paul.l.kehrer@gmail.com,True,valid
2,2024-08-15,Github-Hosted,Windows,X64,H6060-Python-Cryptography,Pypi,https://github.com/pyca/cryptography,pyca,cryptography,3.4.8,43b81e12106804e19a505fccd76396a46d74e4ee,2021-08-24T17:18:00Z,paul.l.kehrer@gmail.com,True,valid
2,2024-08-15,Github-Hosted,Windows,X64,H6060-Python-Cryptography,Pypi,https://github.com/pyca/cryptography,pyca,cryptography,35.0.0,544cabe92bab3c3fc3bf2f384343a5c2799d82b0,2021-09-30T01:20:47Z,paul.l.kehrer@gmail.com,True,valid
2,2024-08-15,Github-Hosted,Windows,X64,H6060-Python-Cryptography,Pypi,https://github.com/pyca/cryptography,pyca,cryptography,36.0.0,99412dba50d37ab3017e2518a122b0359bf1cba3,2021-11-21T21:29:14Z,paul.l.kehrer@gmail.com,True,valid
2,2024-08-15,Github-Hosted,Windows,X64,H6060-Python-Cryptography,Pypi,https://github.com/pyca/cryptography,pyca,cryptography,36.0.1,95c10548d68532c30497568ac40526d2e97ecabb,2021-12-14T22:01:48Z,paul.l.kehrer@gmail.com,True,valid
2,2024-08-15,Github-Hosted,Windows,X64,H6060-Python-Cryptography,Pypi,https://github.com/pyca/cryptography,pyca,cryptography,36.0.2,e7287ce93be68aa2ed0423093dd7cd23d60b190c,2022-03-15T22:10:42Z,paul.l.kehrer@gmail.com,True,valid
2,2024-08-15,Github-Hosted,Windows,X64,H6060-Python-Cryptography,Pypi,https://github.com/pyca/cryptography,pyca,cryptography,37.0.0,50233620f69f9e1f6d2c8d3ba9fa2c527ab59dd9,2022-04-26T14:05:57Z,paul.l.kehrer@gmail.com,True,valid
2,2024-08-15,Github-Hosted,Windows,X64,H6060-Python-Cryptography,Pypi,https://github.com/pyca/cryptography,pyca,cryptography,37.0.1,46209ef7f6f4ea81473c6a3febdb9bb137fe6cd3,2022-04-27T22:26:21Z,paul.l.kehrer@gmail.com,True,valid
2,2024-08-15,Github-Hosted,Windows,X64,H6060-Python-Cryptography,Pypi,https://github.com/pyca/cryptography,pyca,cryptography,37.0.2,e20fd30e658661de2085825c54df894d9156e9c6,2022-05-04T00:34:56Z,paul.l.kehrer@gmail.com,True,valid
2,2024-08-15,Github-Hosted,Windows,X64,H6060-Python-Cryptography,Pypi,https://github.com/pyca/cryptography,pyca,cryptography,37.0.3,13c60c5e5cea802231d300c7a9d043742bce1449,2022-06-21T18:55:28Z,alex.gaynor@gmail.com,False,unsigned
2,2024-08-15,Github-Hosted,Windows,X64,H6060-Python-Cryptography,Pypi,https://github.com/pyca/cryptography,pyca,cryptography,37.0.4,315ddd1b0154ae7687e5f9f3d732de2c92920467,2022-07-05T13:23:49Z,alex.gaynor@gmail.com,False,bad_cert
2,2024-08-15,Github-Hosted,Windows,X64,H6060-Python-Cryptography,Pypi,https://github.com/pyca/cryptography,pyca,cryptography,38.0.0,2961e7edd0958cafe6e069fa7394773d919380d5,2022-09-06T23:50:39Z,paul.l.kehrer@gmail.com,True,valid
2,2024-08-15,Github-Hosted,Windows,X64,H6060-Python-Cryptography,Pypi,https://github.com/pyca/cryptography,pyca,cryptography,38.0.1,b02162b882e8cc6a38a8002d707d13c24f660905,2022-09-07T12:24:19Z,paul.l.kehrer@gmail.com,True,valid
2,2024-08-15,Github-Hosted,Windows,X64,H6060-Python-Cryptography,Pypi,https://github.com/pyca/cryptography,pyca,cryptography,38.0.2,250b81afedf4b579c442c97f200108b000cbe8b4,2022-10-11T18:06:19Z,paul.l.kehrer@gmail.com,True,valid
2,2024-08-15,Github-Hosted,Windows,X64,H6060-Python-Cryptography,Pypi,https://github.com/pyca/cryptography,pyca,cryptography,38.0.3,478d32061cdcac8b1834f7e8678c1efa1e34692a,2022-11-01T21:21:32Z,paul.l.kehrer@gmail.com,True,valid
2,2024-08-15,Github-Hosted,Windows,X64,H6060-Python-Cryptography,Pypi,https://github.com/pyca/cryptography,pyca,cryptography,38.0.4,44c7b4b7a9141ec21581cb63e39e72b8add9b159,2022-11-27T18:53:48Z,paul.l.kehrer@gmail.com,True,valid
2,2024-08-15,Github-Hosted,Windows,X64,H6060-Python-Cryptography,Pypi,https://github.com/pyca/cryptography,pyca,cryptography,39.0.0,c3c2f765c4a5e7a94db68658284cd4ec5e2842aa,2023-01-02T03:08:05Z,paul.l.kehrer@gmail.com,True,valid
2,2024-08-15,Github-Hosted,Windows,X64,H6060-Python-Cryptography,Pypi,https://github.com/pyca/cryptography,pyca,cryptography,39.0.1,fa6fe726dd7aa423eb8df23dabd9629427ba859c,2023-02-07T19:21:00Z,paul.l.kehrer@gmail.com,True,valid
2,2024-08-15,Github-Hosted,Windows,X64,H6060-Python-Cryptography,Pypi,https://github.com/pyca/cryptography,pyca,cryptography,39.0.2,6aafb72cb65b908984e8d625f99b91404ec9db01,2023-03-02T20:51:49Z,paul.l.kehrer@gmail.com,True,valid
2,2024-08-15,Github-Hosted,Windows,X64,H6060-Python-Cryptography,Pypi,https://github.com/pyca/cryptography,pyca,cryptography,40.0.0,f952d8fb2513f272de886f52cc96f1245d8473f7,2023-03-24T04:23:41Z,paul.l.kehrer@gmail.com,True,valid
2,2024-08-15,Github-Hosted,Windows,X64,H6060-Python-Cryptography,Pypi,https://github.com/pyca/cryptography,pyca,cryptography,40.0.1,6c942895395e88c3b2029b2f9f69dd9664c21f1c,2023-03-25T01:12:42Z,paul.l.kehrer@gmail.com,True,valid
2,2024-08-15,Github-Hosted,Windows,X64,H6060-Python-Cryptography,Pypi,https://github.com/pyca/cryptography,pyca,cryptography,40.0.2,b5dc5bf231565ef67542c428e90e2da471774b04,2023-04-14T12:23:51Z,paul.l.kehrer@gmail.com,True,valid
2,2024-08-15,Github-Hosted,Windows,X64,H6060-Python-Cryptography,Pypi,https://github.com/pyca/cryptography,pyca,cryptography,41.0.0,8a5de85338fd16b4186ed476f7a3801cdbd53f88,2023-05-30T21:37:07Z,paul.l.kehrer@gmail.com,True,valid
2,2024-08-15,Github-Hosted,Windows,X64,H6060-Python-Cryptography,Pypi,https://github.com/pyca/cryptography,pyca,cryptography,41.0.1,e1b5f7fa92b1b5489ed9d2680fc7f494461fd199,2023-06-01T12:20:02Z,paul.l.kehrer@gmail.com,True,valid
2,2024-08-15,Github-Hosted,Windows,X64,H6060-Python-Cryptography,Pypi,https://github.com/pyca/cryptography,pyca,cryptography,41.0.2,acea284f640cd42caea99c42e91872e0a287d6b9,2023-07-11T03:13:51Z,paul.l.kehrer@gmail.com,True,valid
2,2024-08-15,Github-Hosted,Windows,X64,H6060-Python-Cryptography,Pypi,https://github.com/pyca/cryptography,pyca,cryptography,41.0.3,f71a8f8d99f25cefd60deea4c2c8b418a361e12d,2023-08-01T20:02:21Z,paul.l.kehrer@gmail.com,True,valid
2,2024-08-15,Github-Hosted,Windows,X64,H6060-Python-Cryptography,Pypi,https://github.com/pyca/cryptography,pyca,cryptography,41.0.4,559a5913d69daaf089d09227bee2d08ff2ab7c48,2023-09-19T16:20:30Z,paul.l.kehrer@gmail.com,True,valid
2,2024-08-15,Github-Hosted,Windows,X64,H6060-Python-Cryptography,Pypi,https://github.com/pyca/cryptography,pyca,cryptography,41.0.5,231b3a2df22ab82cd0afe74b768507e49b5f57d1,2023-10-24T16:02:19Z,paul.l.kehrer@gmail.com,True,valid
2,2024-08-15,Github-Hosted,Windows,X64,H6060-Python-Cryptography,Pypi,https://github.com/pyca/cryptography,pyca,cryptography,41.0.6,245f230ae6c22e6e72d26b8378bcb10d83e6278e,2023-11-27T19:38:42Z,alex.gaynor@gmail.com,False,bad_cert
2,2024-08-15,Github-Hosted,Windows,X64,H6060-Python-Cryptography,Pypi,https://github.com/pyca/cryptography,pyca,cryptography,41.0.7,23b2d4a402fcdc89e639b4da8d91dadd818c3650,2023-11-28T00:35:07Z,alex.gaynor@gmail.com,False,bad_cert
2,2024-08-15,Github-Hosted,Windows,X64,H6060-Python-Cryptography,Pypi,https://github.com/pyca/cryptography,pyca,cryptography,42.0.0,a600fcdac1ceab39b086a7dee22f47572b910872,2024-01-23T01:07:16Z,paul.l.kehrer@gmail.com,True,valid
2,2024-08-15,Github-Hosted,Windows,X64,H6060-Python-Cryptography,Pypi,https://github.com/pyca/cryptography,pyca,cryptography,42.0.1,7cdd24a4e2bf0edb8316a40c9341bab1d6d823fc,2024-01-25T02:32:06Z,paul.l.kehrer@gmail.com,True,valid
2,2024-08-15,Github-Hosted,Windows,X64,H6060-Python-Cryptography,Pypi,https://github.com/pyca/cryptography,pyca,cryptography,42.0.2,673d11a395c0dc75344d1a42f1120a5bbe3c3d16,2024-01-30T17:24:55Z,paul.l.kehrer@gmail.com,True,valid
2,2024-08-15,Github-Hosted,Windows,X64,H6060-Python-Cryptography,Pypi,https://github.com/pyca/cryptography,pyca,cryptography,42.0.3,9a0c9665487c11da861239de20de8d4187d28862,2024-02-16T03:42:36Z,paul.l.kehrer@gmail.com,True,valid
2,2024-08-15,Github-Hosted,Windows,X64,H6060-Python-Cryptography,Pypi,https://github.com/pyca/cryptography,pyca,cryptography,42.0.4,01ce0da6f6a8e1afcc81a98ebe053f84796b0b04,2024-02-21T02:55:17Z,alex.gaynor@gmail.com,False,bad_cert
2,2024-08-15,Github-Hosted,Windows,X64,H6060-Python-Cryptography,Pypi,https://github.com/pyca/cryptography,pyca,cryptography,42.0.5,5c8eda7f26dff61861766f392bdf6668a6ac41ae,2024-02-24T01:04:41Z,alex.gaynor@gmail.com,False,bad_cert
2,2024-08-15,Github-Hosted,Windows,X64,H6060-Python-Cryptography,Pypi,https://github.com/pyca/cryptography,pyca,cryptography,42.0.6,d353b979333e58116b1458f0b5eadb2615d8ed3e,2024-05-04T15:22:38Z,alex.gaynor@gmail.com,False,bad_cert
2,2024-08-15,Github-Hosted,Windows,X64,H6060-Python-Cryptography,Pypi,https://github.com/pyca/cryptography,pyca,cryptography,42.0.7,8d14a849e81286ae9307c9458190cb8167db6bf6,2024-05-06T16:45:43Z,paul.l.kehrer@gmail.com,True,valid
2,2024-08-15,Github-Hosted,Windows,X64,H6060-Python-Cryptography,Pypi,https://github.com/pyca/cryptography,pyca,cryptography,42.0.8,e3625feefc9a40ce06691bc3b6fd039dc7a6399e,2024-06-04T19:45:10Z,paul.l.kehrer@gmail.com,True,valid
2,2024-08-15,Github-Hosted,Windows,X64,H6060-Python-Cryptography,Pypi,https://github.com/pyca/cryptography,pyca,cryptography,43.0.0,2243aaaa12e0e4dc5648d66b9b56e3562b38f64f,2024-07-20T16:31:19Z,paul.l.kehrer@gmail.com,True,valid
