{
	"vulasReport": {
		"generatedAt": "10.08.2024 20:35 +0000",
		"generatedFor": {
			"space": "BAB77AC201B415E4F2D8F32CE2286B15",
			"groupId": "ch.qos.logback",
			"artifactId": "logback-parent",
			"version": "1.4.13"
		},
		"isAggregated": false,
	
		"aggregatedModules": [],
	
		"configuration": [
			{ "name": "exceptionThreshold",
			  "value": "noException" },
			{ "name": "exemptScopes",
			  "value": "TEST, PROVIDED" },
			{ "name": "exemptBugs",
			  "value": "" }
		],
	
		"vulnerabilities": [
		
		]
	}
}
