<?xml version="1.0" encoding="UTF-8"?><analysis xmlns="https://jeremylong.github.io/DependencyCheck/dependency-check.4.0.xsd">
  <scanInfo>
    <engineVersion>10.0.3</engineVersion>
    <dataSource>
      <name>NVD API Last Checked</name>
      <timestamp>2024-08-14T14:12:27Z</timestamp>
    </dataSource>
    <dataSource>
      <name>NVD API Last Modified</name>
      <timestamp>2024-08-14T14:08:46Z</timestamp>
    </dataSource>
  </scanInfo>
  <projectInfo>
    <name>H6060-Python-UrlLib3</name>
    <reportDate>2024-08-14T14:12:39.767Z</reportDate>
    <credits>This product uses the NVD API but is not endorsed or certified by the NVD. This report contains data retrieved from the National Vulnerability Database: https://nvd.nist.gov, Github Advisory Database (via NPM Audit API): https://github.com/advisories/, and the RetireJS community.</credits>
  </projectInfo>
  <dependencies>
    <dependency isVirtual="true">
      <fileName>PySocks!=1.5.7,&lt;2.0,:1.5.6</fileName>
      <filePath>D:\a\H6060-Python-UrlLib3\H6060-Python-UrlLib3\upstream-repository\requirements.txt:PySocks!=1.5.7,&lt;2.0,/1.5.6</filePath>
      <md5/>
      <sha1/>
      <sha256/>
      <evidenceCollected>
        <evidence type="vendor" confidence="HIGHEST">
          <source>requirements.txt</source>
          <name>vendor</name>
          <value>PySocks!=1.5.7,&lt;2.0,</value>
        </evidence>
        <evidence type="product" confidence="HIGHEST">
          <source>requirements.txt</source>
          <name>product</name>
          <value>PySocks!=1.5.7,&lt;2.0,</value>
        </evidence>
        <evidence type="version" confidence="HIGHEST">
          <source>requirements.txt</source>
          <name>version</name>
          <value>1.5.6</value>
        </evidence>
      </evidenceCollected>
      <identifiers>
        <package confidence="HIGHEST">
          <id>pkg:pypi/pysocks%21%3D1.5.7%2C%3C2.0%2C@1.5.6</id>
          <url>https://ossindex.sonatype.org/component/pkg:pypi/pysocks%21%3D1.5.7%2C%3C2.0%2C@1.5.6?utm_source=dependency-check&amp;utm_medium=integration&amp;utm_content=10.0.3</url>
        </package>
      </identifiers>
    </dependency>
    <dependency isVirtual="false">
      <fileName>__init__.py</fileName>
      <filePath>D:\a\H6060-Python-UrlLib3\H6060-Python-UrlLib3\upstream-repository\dummyserver\__init__.py</filePath>
      <md5>d41d8cd98f00b204e9800998ecf8427e</md5>
      <sha1>da39a3ee5e6b4b0d3255bfef95601890afd80709</sha1>
      <sha256>e3b0c44298fc1c149afbf4c8996fb92427ae41e4649b934ca495991b7852b855</sha256>
      <relatedDependencies>
        <relatedDependency>
          <fileName>__init__.py</fileName>
          <filePath>D:\a\H6060-Python-UrlLib3\H6060-Python-UrlLib3\upstream-repository\src\urllib3\contrib\__init__.py</filePath>
          <sha256>e3b0c44298fc1c149afbf4c8996fb92427ae41e4649b934ca495991b7852b855</sha256>
          <sha1>da39a3ee5e6b4b0d3255bfef95601890afd80709</sha1>
          <md5>d41d8cd98f00b204e9800998ecf8427e</md5>
        </relatedDependency>
        <relatedDependency>
          <fileName>__init__.py</fileName>
          <filePath>D:\a\H6060-Python-UrlLib3\H6060-Python-UrlLib3\upstream-repository\src\urllib3\contrib\_securetransport\__init__.py</filePath>
          <sha256>e3b0c44298fc1c149afbf4c8996fb92427ae41e4649b934ca495991b7852b855</sha256>
          <sha1>da39a3ee5e6b4b0d3255bfef95601890afd80709</sha1>
          <md5>d41d8cd98f00b204e9800998ecf8427e</md5>
        </relatedDependency>
        <relatedDependency>
          <fileName>__init__.py</fileName>
          <filePath>D:\a\H6060-Python-UrlLib3\H6060-Python-UrlLib3\upstream-repository\src\urllib3\packages\backports\__init__.py</filePath>
          <sha256>e3b0c44298fc1c149afbf4c8996fb92427ae41e4649b934ca495991b7852b855</sha256>
          <sha1>da39a3ee5e6b4b0d3255bfef95601890afd80709</sha1>
          <md5>d41d8cd98f00b204e9800998ecf8427e</md5>
        </relatedDependency>
        <relatedDependency>
          <fileName>__init__.py</fileName>
          <filePath>D:\a\H6060-Python-UrlLib3\H6060-Python-UrlLib3\upstream-repository\test\appengine\__init__.py</filePath>
          <sha256>e3b0c44298fc1c149afbf4c8996fb92427ae41e4649b934ca495991b7852b855</sha256>
          <sha1>da39a3ee5e6b4b0d3255bfef95601890afd80709</sha1>
          <md5>d41d8cd98f00b204e9800998ecf8427e</md5>
        </relatedDependency>
        <relatedDependency>
          <fileName>__init__.py</fileName>
          <filePath>D:\a\H6060-Python-UrlLib3\H6060-Python-UrlLib3\upstream-repository\test\contrib\__init__.py</filePath>
          <sha256>e3b0c44298fc1c149afbf4c8996fb92427ae41e4649b934ca495991b7852b855</sha256>
          <sha1>da39a3ee5e6b4b0d3255bfef95601890afd80709</sha1>
          <md5>d41d8cd98f00b204e9800998ecf8427e</md5>
        </relatedDependency>
        <relatedDependency>
          <fileName>__init__.py</fileName>
          <filePath>D:\a\H6060-Python-UrlLib3\H6060-Python-UrlLib3\upstream-repository\test\with_dummyserver\__init__.py</filePath>
          <sha256>e3b0c44298fc1c149afbf4c8996fb92427ae41e4649b934ca495991b7852b855</sha256>
          <sha1>da39a3ee5e6b4b0d3255bfef95601890afd80709</sha1>
          <md5>d41d8cd98f00b204e9800998ecf8427e</md5>
        </relatedDependency>
        <relatedDependency>
          <fileName>urllib3-1.26.5.tar.gz: urllib3-1.26.5.tar: __init__.py</fileName>
          <filePath>D:\a\H6060-Python-UrlLib3\H6060-Python-UrlLib3\upstream-repository\dist\urllib3-1.26.5.tar.gz\urllib3-1.26.5.tar\urllib3-1.26.5\dummyserver\__init__.py</filePath>
          <sha256>e3b0c44298fc1c149afbf4c8996fb92427ae41e4649b934ca495991b7852b855</sha256>
          <sha1>da39a3ee5e6b4b0d3255bfef95601890afd80709</sha1>
          <md5>d41d8cd98f00b204e9800998ecf8427e</md5>
          <identifiers>
            <package>
              <id>pkg:pypi/dummyserver</id>
            </package>
          </identifiers>
        </relatedDependency>
        <relatedDependency>
          <fileName>urllib3-1.26.5.tar.gz: urllib3-1.26.5.tar: __init__.py</fileName>
          <filePath>D:\a\H6060-Python-UrlLib3\H6060-Python-UrlLib3\upstream-repository\dist\urllib3-1.26.5.tar.gz\urllib3-1.26.5.tar\urllib3-1.26.5\src\urllib3\contrib\__init__.py</filePath>
          <sha256>e3b0c44298fc1c149afbf4c8996fb92427ae41e4649b934ca495991b7852b855</sha256>
          <sha1>da39a3ee5e6b4b0d3255bfef95601890afd80709</sha1>
          <md5>d41d8cd98f00b204e9800998ecf8427e</md5>
          <identifiers>
            <package>
              <id>pkg:pypi/contrib</id>
            </package>
          </identifiers>
        </relatedDependency>
        <relatedDependency>
          <fileName>urllib3-1.26.5.tar.gz: urllib3-1.26.5.tar: __init__.py</fileName>
          <filePath>D:\a\H6060-Python-UrlLib3\H6060-Python-UrlLib3\upstream-repository\dist\urllib3-1.26.5.tar.gz\urllib3-1.26.5.tar\urllib3-1.26.5\src\urllib3\contrib\_securetransport\__init__.py</filePath>
          <sha256>e3b0c44298fc1c149afbf4c8996fb92427ae41e4649b934ca495991b7852b855</sha256>
          <sha1>da39a3ee5e6b4b0d3255bfef95601890afd80709</sha1>
          <md5>d41d8cd98f00b204e9800998ecf8427e</md5>
          <identifiers>
            <package>
              <id>pkg:pypi/-securetransport</id>
            </package>
          </identifiers>
        </relatedDependency>
        <relatedDependency>
          <fileName>urllib3-1.26.5.tar.gz: urllib3-1.26.5.tar: __init__.py</fileName>
          <filePath>D:\a\H6060-Python-UrlLib3\H6060-Python-UrlLib3\upstream-repository\dist\urllib3-1.26.5.tar.gz\urllib3-1.26.5.tar\urllib3-1.26.5\src\urllib3\packages\backports\__init__.py</filePath>
          <sha256>e3b0c44298fc1c149afbf4c8996fb92427ae41e4649b934ca495991b7852b855</sha256>
          <sha1>da39a3ee5e6b4b0d3255bfef95601890afd80709</sha1>
          <md5>d41d8cd98f00b204e9800998ecf8427e</md5>
          <identifiers>
            <package>
              <id>pkg:pypi/backports</id>
            </package>
          </identifiers>
        </relatedDependency>
        <relatedDependency>
          <fileName>urllib3-1.26.5.tar.gz: urllib3-1.26.5.tar: __init__.py</fileName>
          <filePath>D:\a\H6060-Python-UrlLib3\H6060-Python-UrlLib3\upstream-repository\dist\urllib3-1.26.5.tar.gz\urllib3-1.26.5.tar\urllib3-1.26.5\test\appengine\__init__.py</filePath>
          <sha256>e3b0c44298fc1c149afbf4c8996fb92427ae41e4649b934ca495991b7852b855</sha256>
          <sha1>da39a3ee5e6b4b0d3255bfef95601890afd80709</sha1>
          <md5>d41d8cd98f00b204e9800998ecf8427e</md5>
          <identifiers>
            <package>
              <id>pkg:pypi/appengine</id>
            </package>
          </identifiers>
        </relatedDependency>
        <relatedDependency>
          <fileName>urllib3-1.26.5.tar.gz: urllib3-1.26.5.tar: __init__.py</fileName>
          <filePath>D:\a\H6060-Python-UrlLib3\H6060-Python-UrlLib3\upstream-repository\dist\urllib3-1.26.5.tar.gz\urllib3-1.26.5.tar\urllib3-1.26.5\test\contrib\__init__.py</filePath>
          <sha256>e3b0c44298fc1c149afbf4c8996fb92427ae41e4649b934ca495991b7852b855</sha256>
          <sha1>da39a3ee5e6b4b0d3255bfef95601890afd80709</sha1>
          <md5>d41d8cd98f00b204e9800998ecf8427e</md5>
          <identifiers>
            <package>
              <id>pkg:pypi/contrib</id>
            </package>
          </identifiers>
        </relatedDependency>
        <relatedDependency>
          <fileName>urllib3-1.26.5.tar.gz: urllib3-1.26.5.tar: __init__.py</fileName>
          <filePath>D:\a\H6060-Python-UrlLib3\H6060-Python-UrlLib3\upstream-repository\dist\urllib3-1.26.5.tar.gz\urllib3-1.26.5.tar\urllib3-1.26.5\test\with_dummyserver\__init__.py</filePath>
          <sha256>e3b0c44298fc1c149afbf4c8996fb92427ae41e4649b934ca495991b7852b855</sha256>
          <sha1>da39a3ee5e6b4b0d3255bfef95601890afd80709</sha1>
          <md5>d41d8cd98f00b204e9800998ecf8427e</md5>
          <identifiers>
            <package>
              <id>pkg:pypi/with-dummyserver</id>
            </package>
          </identifiers>
        </relatedDependency>
      </relatedDependencies>
      <evidenceCollected>
        <evidence type="product" confidence="HIGHEST">
          <source>__init__.py</source>
          <name>PackageName</name>
          <value>dummyserver</value>
        </evidence>
      </evidenceCollected>
      <identifiers>
        <package confidence="HIGHEST">
          <id>pkg:pypi/dummyserver</id>
        </package>
      </identifiers>
    </dependency>
    <dependency isVirtual="false">
      <fileName>__init__.py</fileName>
      <filePath>D:\a\H6060-Python-UrlLib3\H6060-Python-UrlLib3\upstream-repository\src\urllib3\util\__init__.py</filePath>
      <md5>2d32f6059fec76a25de7f4ea034d5ac8</md5>
      <sha1>1535ba9063b498d4cdf67e7219a35462d9bb60bf</sha1>
      <sha256>515fc9ee9f5bdbd7095d743ac13bc1669a490cb51e290ea672fd2fd69b65d777</sha256>
      <relatedDependencies>
        <relatedDependency>
          <fileName>urllib3-1.26.5.tar.gz: urllib3-1.26.5.tar: __init__.py</fileName>
          <filePath>D:\a\H6060-Python-UrlLib3\H6060-Python-UrlLib3\upstream-repository\dist\urllib3-1.26.5.tar.gz\urllib3-1.26.5.tar\urllib3-1.26.5\src\urllib3\util\__init__.py</filePath>
          <sha256>515fc9ee9f5bdbd7095d743ac13bc1669a490cb51e290ea672fd2fd69b65d777</sha256>
          <sha1>1535ba9063b498d4cdf67e7219a35462d9bb60bf</sha1>
          <md5>2d32f6059fec76a25de7f4ea034d5ac8</md5>
          <identifiers>
            <package>
              <id>pkg:pypi/util</id>
            </package>
          </identifiers>
        </relatedDependency>
      </relatedDependencies>
      <evidenceCollected>
        <evidence type="product" confidence="HIGHEST">
          <source>__init__.py</source>
          <name>PackageName</name>
          <value>util</value>
        </evidence>
      </evidenceCollected>
      <identifiers>
        <package confidence="HIGHEST">
          <id>pkg:pypi/util</id>
        </package>
      </identifiers>
    </dependency>
    <dependency isVirtual="false">
      <fileName>__init__.py</fileName>
      <filePath>D:\a\H6060-Python-UrlLib3\H6060-Python-UrlLib3\upstream-repository\test\__init__.py</filePath>
      <md5>11c81cccc16037f560a8134968654198</md5>
      <sha1>630904934f5549a04ceff84fe71f235d2c5923d1</sha1>
      <sha256>48a04a16fd32d95fb2b11e497c67ce5074e1ff731a07635f00ce8b3692150ce8</sha256>
      <relatedDependencies>
        <relatedDependency>
          <fileName>urllib3-1.26.5.tar.gz: urllib3-1.26.5.tar: __init__.py</fileName>
          <filePath>D:\a\H6060-Python-UrlLib3\H6060-Python-UrlLib3\upstream-repository\dist\urllib3-1.26.5.tar.gz\urllib3-1.26.5.tar\urllib3-1.26.5\test\__init__.py</filePath>
          <sha256>48a04a16fd32d95fb2b11e497c67ce5074e1ff731a07635f00ce8b3692150ce8</sha256>
          <sha1>630904934f5549a04ceff84fe71f235d2c5923d1</sha1>
          <md5>11c81cccc16037f560a8134968654198</md5>
          <identifiers>
            <package>
              <id>pkg:pypi/test</id>
            </package>
          </identifiers>
        </relatedDependency>
      </relatedDependencies>
      <evidenceCollected>
        <evidence type="vendor" confidence="MEDIUM">
          <source>test_proxymanager.py</source>
          <name>URL</name>
          <value>http://pypi.org/project/urllib3/</value>
        </evidence>
        <evidence type="vendor" confidence="MEDIUM">
          <source>test_response.py</source>
          <name>URL</name>
          <value>http://example.com</value>
        </evidence>
        <evidence type="product" confidence="HIGHEST">
          <source>__init__.py</source>
          <name>PackageName</name>
          <value>test</value>
        </evidence>
      </evidenceCollected>
      <identifiers>
        <package confidence="HIGHEST">
          <id>pkg:pypi/test</id>
        </package>
      </identifiers>
    </dependency>
    <dependency isVirtual="true">
      <fileName>brotlipy:0.6.0</fileName>
      <filePath>D:\a\H6060-Python-UrlLib3\H6060-Python-UrlLib3\upstream-repository\requirements.txt:brotlipy/0.6.0</filePath>
      <md5/>
      <sha1/>
      <sha256/>
      <evidenceCollected>
        <evidence type="vendor" confidence="HIGHEST">
          <source>requirements.txt</source>
          <name>vendor</name>
          <value>brotlipy</value>
        </evidence>
        <evidence type="product" confidence="HIGHEST">
          <source>requirements.txt</source>
          <name>product</name>
          <value>brotlipy</value>
        </evidence>
        <evidence type="version" confidence="HIGHEST">
          <source>requirements.txt</source>
          <name>version</name>
          <value>0.6.0</value>
        </evidence>
      </evidenceCollected>
      <identifiers>
        <package confidence="HIGHEST">
          <id>pkg:pypi/brotlipy@0.6.0</id>
          <url>https://ossindex.sonatype.org/component/pkg:pypi/brotlipy@0.6.0?utm_source=dependency-check&amp;utm_medium=integration&amp;utm_content=10.0.3</url>
        </package>
      </identifiers>
    </dependency>
    <dependency isVirtual="true">
      <fileName>certifi:2022.5.18.1</fileName>
      <filePath>D:\a\H6060-Python-UrlLib3\H6060-Python-UrlLib3\upstream-repository\requirements.txt:certifi/2022.5.18.1</filePath>
      <md5/>
      <sha1/>
      <sha256/>
      <evidenceCollected>
        <evidence type="vendor" confidence="HIGHEST">
          <source>requirements.txt</source>
          <name>vendor</name>
          <value>certifi</value>
        </evidence>
        <evidence type="product" confidence="HIGHEST">
          <source>requirements.txt</source>
          <name>product</name>
          <value>certifi</value>
        </evidence>
        <evidence type="version" confidence="HIGHEST">
          <source>requirements.txt</source>
          <name>version</name>
          <value>2022.5.18.1</value>
        </evidence>
      </evidenceCollected>
      <identifiers>
        <package confidence="HIGHEST">
          <id>pkg:pypi/certifi@2022.5.18.1</id>
          <url>https://ossindex.sonatype.org/component/pkg:pypi/certifi@2022.5.18.1?utm_source=dependency-check&amp;utm_medium=integration&amp;utm_content=10.0.3</url>
        </package>
        <vulnerabilityIds confidence="HIGHEST">
          <id>cpe:2.3:a:certifi_project:certifi:2022.5.18.1:*:*:*:*:*:*:*</id>
          <url>https://nvd.nist.gov/vuln/search/results?form_type=Advanced&amp;results_type=overview&amp;search_type=all&amp;cpe_vendor=cpe%3A%2F%3Acertifi_project&amp;cpe_product=cpe%3A%2F%3Acertifi_project%3Acertifi&amp;cpe_version=cpe%3A%2F%3Acertifi_project%3Acertifi%3A2022.5.18.1</url>
        </vulnerabilityIds>
      </identifiers>
      <vulnerabilities>
        <vulnerability source="OSSINDEX">
          <name>CVE-2023-37920</name>
          <severity>CRITICAL</severity>
          <cvssV3>
            <baseScore>9.800000190734863</baseScore>
            <attackVector>NETWORK</attackVector>
            <attackComplexity>LOW</attackComplexity>
            <privilegesRequired>NONE</privilegesRequired>
            <userInteraction>NONE</userInteraction>
            <scope>UNCHANGED</scope>
            <confidentialityImpact>HIGH</confidentialityImpact>
            <integrityImpact>HIGH</integrityImpact>
            <availabilityImpact>HIGH</availabilityImpact>
            <baseSeverity>CRITICAL</baseSeverity>
            <version>3.1</version>
          </cvssV3>
          <cwes>
            <cwe>CWE-345</cwe>
          </cwes>
          <description>Certifi is a curated collection of Root Certificates for validating the trustworthiness of SSL certificates while verifying the identity of TLS hosts. Certifi prior to version 2023.07.22 recognizes "e-Tugra" root certificates. e-Tugra's root certificates were subject to an investigation prompted by reporting of security issues in their systems. Certifi 2023.07.22 removes root certificates from "e-Tugra" from the root store.

Sonatype's research suggests that this CVE's details differ from those defined at NVD. See https://ossindex.sonatype.org/vulnerability/CVE-2023-37920 for details</description>
          <references>
            <reference>
              <source>OSSIndex</source>
              <url>https://github.com/certifi/python-certifi/security/advisories/GHSA-xqr8-7jwr-rhp7</url>
              <name>https://github.com/certifi/python-certifi/security/advisories/GHSA-xqr8-7jwr-rhp7</name>
            </reference>
            <reference>
              <source>OSSINDEX</source>
              <url>https://ossindex.sonatype.org/vulnerability/CVE-2023-37920?component-type=pypi&amp;component-name=certifi&amp;utm_source=dependency-check&amp;utm_medium=integration&amp;utm_content=10.0.3</url>
              <name>[CVE-2023-37920] CWE-345: Insufficient Verification of Data Authenticity</name>
            </reference>
            <reference>
              <source>OSSIndex</source>
              <url>http://web.nvd.nist.gov/view/vuln/detail?vulnId=CVE-2023-37920</url>
              <name>http://web.nvd.nist.gov/view/vuln/detail?vulnId=CVE-2023-37920</name>
            </reference>
          </references>
          <vulnerableSoftware>
            <software vulnerabilityIdMatched="true">cpe:2.3:a:*:certifi:2022.5.18.1:*:*:*:*:*:*:*</software>
          </vulnerableSoftware>
        </vulnerability>
        <vulnerability source="NVD">
          <name>CVE-2022-23491</name>
          <severity>HIGH</severity>
          <cvssV3>
            <baseScore>7.5</baseScore>
            <attackVector>NETWORK</attackVector>
            <attackComplexity>LOW</attackComplexity>
            <privilegesRequired>NONE</privilegesRequired>
            <userInteraction>NONE</userInteraction>
            <scope>UNCHANGED</scope>
            <confidentialityImpact>NONE</confidentialityImpact>
            <integrityImpact>HIGH</integrityImpact>
            <availabilityImpact>NONE</availabilityImpact>
            <baseSeverity>HIGH</baseSeverity>
            <exploitabilityScore>3.9</exploitabilityScore>
            <impactScore>3.6</impactScore>
            <version>3.1</version>
          </cvssV3>
          <cwes>
            <cwe>CWE-345</cwe>
          </cwes>
          <description>Certifi is a curated collection of Root Certificates for validating the trustworthiness of SSL certificates while verifying the identity of TLS hosts. Certifi 2022.12.07 removes root certificates from "TrustCor" from the root store. These are in the process of being removed from Mozilla's trust store. TrustCor's root certificates are being removed pursuant to an investigation prompted by media reporting that TrustCor's ownership also operated a business that produced spyware. Conclusions of Mozilla's investigation can be found in the linked google group discussion.</description>
          <references>
            <reference>
              <source>OSSIndex</source>
              <url>https://groups.google.com/a/mozilla.org/g/dev-security-policy/c/oxX69KFvsm4/m/yLohoVqtCgAJ?pli=1</url>
              <name>https://groups.google.com/a/mozilla.org/g/dev-security-policy/c/oxX69KFvsm4/m/yLohoVqtCgAJ?pli=1</name>
            </reference>
            <reference>
              <source>security-advisories@github.com</source>
              <url>https://groups.google.com/a/mozilla.org/g/dev-security-policy/c/oxX69KFvsm4/m/yLohoVqtCgAJ</url>
              <name>MAILING_LIST,THIRD_PARTY_ADVISORY</name>
            </reference>
            <reference>
              <source>OSSIndex</source>
              <url>http://web.nvd.nist.gov/view/vuln/detail?vulnId=CVE-2022-23491</url>
              <name>http://web.nvd.nist.gov/view/vuln/detail?vulnId=CVE-2022-23491</name>
            </reference>
            <reference>
              <source>security-advisories@github.com</source>
              <url>https://github.com/certifi/python-certifi/security/advisories/GHSA-43fp-rhv2-5gv8</url>
              <name>THIRD_PARTY_ADVISORY</name>
            </reference>
            <reference>
              <source>OSSIndex</source>
              <url>https://github.com/certifi/python-certifi/security/advisories/GHSA-43fp-rhv2-5gv8</url>
              <name>https://github.com/certifi/python-certifi/security/advisories/GHSA-43fp-rhv2-5gv8</name>
            </reference>
            <reference>
              <source>OSSINDEX</source>
              <url>https://ossindex.sonatype.org/vulnerability/CVE-2022-23491?component-type=pypi&amp;component-name=certifi&amp;utm_source=dependency-check&amp;utm_medium=integration&amp;utm_content=10.0.3</url>
              <name>[CVE-2022-23491] CWE-345: Insufficient Verification of Data Authenticity</name>
            </reference>
          </references>
          <vulnerableSoftware>
            <software vulnerabilityIdMatched="true" versionStartIncluding="2017.11.5" versionEndExcluding="2022.12.7">cpe:2.3:a:certifi_project:certifi:*:*:*:*:*:*:*:*</software>
          </vulnerableSoftware>
        </vulnerability>
        <vulnerability source="OSSINDEX">
          <name>CVE-2024-39689</name>
          <severity>HIGH</severity>
          <cvssV3>
            <baseScore>7.5</baseScore>
            <attackVector>NETWORK</attackVector>
            <attackComplexity>LOW</attackComplexity>
            <privilegesRequired>NONE</privilegesRequired>
            <userInteraction>NONE</userInteraction>
            <scope>UNCHANGED</scope>
            <confidentialityImpact>NONE</confidentialityImpact>
            <integrityImpact>HIGH</integrityImpact>
            <availabilityImpact>NONE</availabilityImpact>
            <baseSeverity>HIGH</baseSeverity>
            <version>3.1</version>
          </cvssV3>
          <cwes>
            <cwe>CWE-345</cwe>
          </cwes>
          <description>Certifi is a curated collection of Root Certificates for validating the trustworthiness of SSL certificates while verifying the identity of TLS hosts. Certifi starting in 2021.05.30 and prior to 2024.07.4 recognized root certificates from `GLOBALTRUST`. Certifi 2024.07.04 removes root certificates from `GLOBALTRUST` from the root store. These are in the process of being removed from Mozilla's trust store. `GLOBALTRUST`'s root certificates are being removed pursuant to an investigation which identified "long-running and unresolved compliance issues."</description>
          <references>
            <reference>
              <source>OSSINDEX</source>
              <url>https://ossindex.sonatype.org/vulnerability/CVE-2024-39689?component-type=pypi&amp;component-name=certifi&amp;utm_source=dependency-check&amp;utm_medium=integration&amp;utm_content=10.0.3</url>
              <name>[CVE-2024-39689] CWE-345: Insufficient Verification of Data Authenticity</name>
            </reference>
            <reference>
              <source>OSSIndex</source>
              <url>https://github.com/certifi/python-certifi/security/advisories/GHSA-248v-346w-9cwc</url>
              <name>https://github.com/certifi/python-certifi/security/advisories/GHSA-248v-346w-9cwc</name>
            </reference>
            <reference>
              <source>OSSIndex</source>
              <url>http://web.nvd.nist.gov/view/vuln/detail?vulnId=CVE-2024-39689</url>
              <name>http://web.nvd.nist.gov/view/vuln/detail?vulnId=CVE-2024-39689</name>
            </reference>
            <reference>
              <source>OSSIndex</source>
              <url>https://groups.google.com/a/mozilla.org/g/dev-security-policy/c/XpknYMPO8dI</url>
              <name>https://groups.google.com/a/mozilla.org/g/dev-security-policy/c/XpknYMPO8dI</name>
            </reference>
          </references>
          <vulnerableSoftware>
            <software vulnerabilityIdMatched="true">cpe:2.3:a:*:certifi:2022.5.18.1:*:*:*:*:*:*:*</software>
          </vulnerableSoftware>
        </vulnerability>
      </vulnerabilities>
    </dependency>
    <dependency isVirtual="true">
      <fileName>cryptography:1.3.4</fileName>
      <filePath>D:\a\H6060-Python-UrlLib3\H6060-Python-UrlLib3\upstream-repository\requirements.txt:cryptography/1.3.4</filePath>
      <md5/>
      <sha1/>
      <sha256/>
      <evidenceCollected>
        <evidence type="vendor" confidence="HIGHEST">
          <source>requirements.txt</source>
          <name>vendor</name>
          <value>cryptography</value>
        </evidence>
        <evidence type="product" confidence="HIGHEST">
          <source>requirements.txt</source>
          <name>product</name>
          <value>cryptography</value>
        </evidence>
        <evidence type="version" confidence="HIGHEST">
          <source>requirements.txt</source>
          <name>version</name>
          <value>1.3.4</value>
        </evidence>
      </evidenceCollected>
      <identifiers>
        <package confidence="HIGHEST">
          <id>pkg:pypi/cryptography@1.3.4</id>
          <url>https://ossindex.sonatype.org/component/pkg:pypi/cryptography@1.3.4?utm_source=dependency-check&amp;utm_medium=integration&amp;utm_content=10.0.3</url>
        </package>
        <vulnerabilityIds confidence="HIGHEST">
          <id>cpe:2.3:a:cryptography_project:cryptography:1.3.4:*:*:*:*:*:*:*</id>
          <url>https://nvd.nist.gov/vuln/search/results?form_type=Advanced&amp;results_type=overview&amp;search_type=all&amp;cpe_vendor=cpe%3A%2F%3Acryptography_project&amp;cpe_product=cpe%3A%2F%3Acryptography_project%3Acryptography&amp;cpe_version=cpe%3A%2F%3Acryptography_project%3Acryptography%3A1.3.4</url>
        </vulnerabilityIds>
      </identifiers>
      <vulnerabilities>
        <vulnerability source="NVD">
          <name>CVE-2020-36242</name>
          <severity>CRITICAL</severity>
          <cvssV2>
            <score>6.4</score>
            <accessVector>NETWORK</accessVector>
            <accessComplexity>LOW</accessComplexity>
            <authenticationr>NONE</authenticationr>
            <confidentialityImpact>PARTIAL</confidentialityImpact>
            <integrityImpact>NONE</integrityImpact>
            <availabilityImpact>PARTIAL</availabilityImpact>
            <severity>MEDIUM</severity>
            <version>2.0</version>
            <exploitabilityScore>10.0</exploitabilityScore>
            <impactScore>4.9</impactScore>
          </cvssV2>
          <cvssV3>
            <baseScore>9.1</baseScore>
            <attackVector>NETWORK</attackVector>
            <attackComplexity>LOW</attackComplexity>
            <privilegesRequired>NONE</privilegesRequired>
            <userInteraction>NONE</userInteraction>
            <scope>UNCHANGED</scope>
            <confidentialityImpact>HIGH</confidentialityImpact>
            <integrityImpact>NONE</integrityImpact>
            <availabilityImpact>HIGH</availabilityImpact>
            <baseSeverity>CRITICAL</baseSeverity>
            <exploitabilityScore>3.9</exploitabilityScore>
            <impactScore>5.2</impactScore>
            <version>3.1</version>
          </cvssV3>
          <cwes>
            <cwe>CWE-787</cwe>
            <cwe>CWE-190</cwe>
          </cwes>
          <description>In the cryptography package before 3.3.2 for Python, certain sequences of update calls to symmetrically encrypt multi-GB values could result in an integer overflow and buffer overflow, as demonstrated by the Fernet class.</description>
          <references>
            <reference>
              <source>cve@mitre.org</source>
              <url>https://github.com/pyca/cryptography/issues/5615</url>
              <name>EXPLOIT,PATCH,THIRD_PARTY_ADVISORY</name>
            </reference>
            <reference>
              <source>cve@mitre.org</source>
              <url>https://github.com/pyca/cryptography/compare/3.3.1...3.3.2</url>
              <name>PATCH,THIRD_PARTY_ADVISORY</name>
            </reference>
            <reference>
              <source>cve@mitre.org</source>
              <url>https://lists.fedoraproject.org/archives/list/package-announce%40lists.fedoraproject.org/message/L7RGQLK4J5ZQFRLKCHVVG6BKZTUQMG7E/</url>
            </reference>
            <reference>
              <source>cve@mitre.org</source>
              <url>https://github.com/pyca/cryptography/blob/master/CHANGELOG.rst</url>
              <name>RELEASE_NOTES,THIRD_PARTY_ADVISORY</name>
            </reference>
            <reference>
              <source>cve@mitre.org</source>
              <url>https://www.oracle.com/security-alerts/cpuapr2022.html</url>
              <name>PATCH,THIRD_PARTY_ADVISORY</name>
            </reference>
            <reference>
              <source>cve@mitre.org</source>
              <url>https://www.oracle.com/security-alerts/cpujul2022.html</url>
              <name>PATCH,THIRD_PARTY_ADVISORY</name>
            </reference>
          </references>
          <vulnerableSoftware>
            <software vulnerabilityIdMatched="true" versionEndExcluding="3.3.2">cpe:2.3:a:cryptography_project:cryptography:*:*:*:*:*:python:*:*</software>
            <software>cpe:2.3:a:oracle:communications_cloud_native_core_network_function_cloud_native_environment:1.10.0:*:*:*:*:*:*:*</software>
          </vulnerableSoftware>
        </vulnerability>
        <vulnerability source="OSSINDEX">
          <name>CVE-2016-9243</name>
          <severity>HIGH</severity>
          <cvssV3>
            <baseScore>7.5</baseScore>
            <attackVector>NETWORK</attackVector>
            <attackComplexity>LOW</attackComplexity>
            <privilegesRequired>NONE</privilegesRequired>
            <userInteraction>NONE</userInteraction>
            <scope>UNCHANGED</scope>
            <confidentialityImpact>NONE</confidentialityImpact>
            <integrityImpact>HIGH</integrityImpact>
            <availabilityImpact>NONE</availabilityImpact>
            <baseSeverity>HIGH</baseSeverity>
            <version>3.0</version>
          </cvssV3>
          <cwes>
            <cwe>CWE-20</cwe>
          </cwes>
          <description>HKDF in cryptography before 1.5.2 returns an empty byte-string if used with a length less than algorithm.digest_size.

Sonatype's research suggests that this CVE's details differ from those defined at NVD. See https://ossindex.sonatype.org/vulnerability/CVE-2016-9243 for details</description>
          <references>
            <reference>
              <source>OSSIndex</source>
              <url>https://github.com/pyca/cryptography/issues/3211</url>
              <name>https://github.com/pyca/cryptography/issues/3211</name>
            </reference>
            <reference>
              <source>OSSIndex</source>
              <url>https://cryptography.io/en/latest/changelog/#v1-5-3</url>
              <name>https://cryptography.io/en/latest/changelog/#v1-5-3</name>
            </reference>
            <reference>
              <source>OSSINDEX</source>
              <url>https://ossindex.sonatype.org/vulnerability/CVE-2016-9243?component-type=pypi&amp;component-name=cryptography&amp;utm_source=dependency-check&amp;utm_medium=integration&amp;utm_content=10.0.3</url>
              <name>[CVE-2016-9243] CWE-20: Improper Input Validation</name>
            </reference>
            <reference>
              <source>OSSIndex</source>
              <url>http://web.nvd.nist.gov/view/vuln/detail?vulnId=CVE-2016-9243</url>
              <name>http://web.nvd.nist.gov/view/vuln/detail?vulnId=CVE-2016-9243</name>
            </reference>
          </references>
          <vulnerableSoftware>
            <software vulnerabilityIdMatched="true">cpe:2.3:a:*:cryptography:1.3.4:*:*:*:*:*:*:*</software>
          </vulnerableSoftware>
        </vulnerability>
        <vulnerability source="OSSINDEX">
          <name>CVE-2020-25659</name>
          <severity>MEDIUM</severity>
          <cvssV3>
            <baseScore>5.900000095367432</baseScore>
            <attackVector>NETWORK</attackVector>
            <attackComplexity>HIGH</attackComplexity>
            <privilegesRequired>NONE</privilegesRequired>
            <userInteraction>NONE</userInteraction>
            <scope>UNCHANGED</scope>
            <confidentialityImpact>HIGH</confidentialityImpact>
            <integrityImpact>NONE</integrityImpact>
            <availabilityImpact>NONE</availabilityImpact>
            <baseSeverity>MEDIUM</baseSeverity>
            <version>3.1</version>
          </cvssV3>
          <cwes>
            <cwe>CWE-Other</cwe>
          </cwes>
          <description>python-cryptography 3.2 is vulnerable to Bleichenbacher timing attacks in the RSA decryption API, via timed processing of valid PKCS#1 v1.5 ciphertext.

Sonatype's research suggests that this CVE's details differ from those defined at NVD. See https://ossindex.sonatype.org/vulnerability/CVE-2020-25659 for details</description>
          <references>
            <reference>
              <source>OSSIndex</source>
              <url>https://github.com/pyca/cryptography/security/advisories/GHSA-hggm-jpg3-v476</url>
              <name>https://github.com/pyca/cryptography/security/advisories/GHSA-hggm-jpg3-v476</name>
            </reference>
            <reference>
              <source>OSSINDEX</source>
              <url>https://ossindex.sonatype.org/vulnerability/CVE-2020-25659?component-type=pypi&amp;component-name=cryptography&amp;utm_source=dependency-check&amp;utm_medium=integration&amp;utm_content=10.0.3</url>
              <name>[CVE-2020-25659] CWE-Other</name>
            </reference>
            <reference>
              <source>OSSIndex</source>
              <url>https://bugzilla.redhat.com/show_bug.cgi?id=1889988</url>
              <name>https://bugzilla.redhat.com/show_bug.cgi?id=1889988</name>
            </reference>
            <reference>
              <source>OSSIndex</source>
              <url>http://web.nvd.nist.gov/view/vuln/detail?vulnId=CVE-2020-25659</url>
              <name>http://web.nvd.nist.gov/view/vuln/detail?vulnId=CVE-2020-25659</name>
            </reference>
          </references>
          <vulnerableSoftware>
            <software vulnerabilityIdMatched="true">cpe:2.3:a:*:cryptography:1.3.4:*:*:*:*:*:*:*</software>
          </vulnerableSoftware>
        </vulnerability>
      </vulnerabilities>
    </dependency>
    <dependency isVirtual="true">
      <fileName>furo</fileName>
      <filePath>D:\a\H6060-Python-UrlLib3\H6060-Python-UrlLib3\upstream-repository\dist\urllib3-1.26.5.tar.gz\urllib3-1.26.5.tar\urllib3-1.26.5\docs\requirements.txt:furo/null</filePath>
      <md5/>
      <sha1/>
      <sha256/>
      <evidenceCollected>
        <evidence type="vendor" confidence="HIGHEST">
          <source>requirements.txt</source>
          <name>vendor</name>
          <value>furo</value>
        </evidence>
        <evidence type="product" confidence="HIGHEST">
          <source>requirements.txt</source>
          <name>product</name>
          <value>furo</value>
        </evidence>
        <evidence type="version" confidence="HIGHEST">
          <source>requirements.txt</source>
          <name>version</name>
          <value>$enc.xml($evidence.getValue().trim())</value>
        </evidence>
      </evidenceCollected>
      <identifiers>
        <package confidence="HIGHEST">
          <id>pkg:pypi/furo</id>
        </package>
      </identifiers>
    </dependency>
    <dependency isVirtual="true">
      <fileName>furo</fileName>
      <filePath>D:\a\H6060-Python-UrlLib3\H6060-Python-UrlLib3\upstream-repository\docs\requirements.txt:furo/null</filePath>
      <md5/>
      <sha1/>
      <sha256/>
      <evidenceCollected>
        <evidence type="vendor" confidence="HIGHEST">
          <source>requirements.txt</source>
          <name>vendor</name>
          <value>furo</value>
        </evidence>
        <evidence type="product" confidence="HIGHEST">
          <source>requirements.txt</source>
          <name>product</name>
          <value>furo</value>
        </evidence>
        <evidence type="version" confidence="HIGHEST">
          <source>requirements.txt</source>
          <name>version</name>
          <value>$enc.xml($evidence.getValue().trim())</value>
        </evidence>
      </evidenceCollected>
      <identifiers>
        <package confidence="HIGHEST">
          <id>pkg:pypi/furo</id>
        </package>
      </identifiers>
    </dependency>
    <dependency isVirtual="true">
      <fileName>idna:2.0.0</fileName>
      <filePath>D:\a\H6060-Python-UrlLib3\H6060-Python-UrlLib3\upstream-repository\requirements.txt:idna/2.0.0</filePath>
      <md5/>
      <sha1/>
      <sha256/>
      <evidenceCollected>
        <evidence type="vendor" confidence="HIGHEST">
          <source>requirements.txt</source>
          <name>vendor</name>
          <value>idna</value>
        </evidence>
        <evidence type="product" confidence="HIGHEST">
          <source>requirements.txt</source>
          <name>product</name>
          <value>idna</value>
        </evidence>
        <evidence type="version" confidence="HIGHEST">
          <source>requirements.txt</source>
          <name>version</name>
          <value>2.0.0</value>
        </evidence>
      </evidenceCollected>
      <identifiers>
        <package confidence="HIGHEST">
          <id>pkg:pypi/idna@2.0.0</id>
          <url>https://ossindex.sonatype.org/component/pkg:pypi/idna@2.0.0?utm_source=dependency-check&amp;utm_medium=integration&amp;utm_content=10.0.3</url>
        </package>
      </identifiers>
    </dependency>
    <dependency isVirtual="false">
      <fileName>packages:1.16.0</fileName>
      <filePath>D:\a\H6060-Python-UrlLib3\H6060-Python-UrlLib3\upstream-repository\src\urllib3\packages\__init__.py</filePath>
      <md5>01cc5ef2495fc85c9cde2a69a785dd70</md5>
      <sha1>2d39a937cb106f4d168cb185ed97f8f883ce7e70</sha1>
      <sha256>16c388547a81141953dd7c599da0f9cb6caad26bed570998e24baddc611f7012</sha256>
      <relatedDependencies>
        <relatedDependency>
          <fileName>packages:1.16.0</fileName>
          <filePath>D:\a\H6060-Python-UrlLib3\H6060-Python-UrlLib3\upstream-repository\dist\urllib3-1.26.5.tar.gz\urllib3-1.26.5.tar\urllib3-1.26.5\src\urllib3\packages\__init__.py</filePath>
          <sha256>16c388547a81141953dd7c599da0f9cb6caad26bed570998e24baddc611f7012</sha256>
          <sha1>2d39a937cb106f4d168cb185ed97f8f883ce7e70</sha1>
          <md5>01cc5ef2495fc85c9cde2a69a785dd70</md5>
          <identifiers>
            <package>
              <id>pkg:pypi/packages@1.16.0</id>
              <url>https://ossindex.sonatype.org/component/pkg:pypi/packages@1.16.0?utm_source=dependency-check&amp;utm_medium=integration&amp;utm_content=10.0.3</url>
            </package>
          </identifiers>
        </relatedDependency>
      </relatedDependencies>
      <evidenceCollected>
        <evidence type="vendor" confidence="MEDIUM">
          <source>six.py</source>
          <name>SourceAuthor</name>
          <value>Benjamin Peterson &lt;benjamin@python.org&gt;</value>
        </evidence>
        <evidence type="product" confidence="HIGHEST">
          <source>__init__.py</source>
          <name>PackageName</name>
          <value>packages</value>
        </evidence>
        <evidence type="version" confidence="MEDIUM">
          <source>six.py</source>
          <name>SourceVersion</name>
          <value>1.16.0</value>
        </evidence>
      </evidenceCollected>
      <identifiers>
        <package confidence="HIGHEST">
          <id>pkg:pypi/packages@1.16.0</id>
          <url>https://ossindex.sonatype.org/component/pkg:pypi/packages@1.16.0?utm_source=dependency-check&amp;utm_medium=integration&amp;utm_content=10.0.3</url>
        </package>
      </identifiers>
    </dependency>
    <dependency isVirtual="true">
      <fileName>pyOpenSSL:0.14</fileName>
      <filePath>D:\a\H6060-Python-UrlLib3\H6060-Python-UrlLib3\upstream-repository\requirements.txt:pyOpenSSL/0.14</filePath>
      <md5/>
      <sha1/>
      <sha256/>
      <evidenceCollected>
        <evidence type="vendor" confidence="HIGHEST">
          <source>requirements.txt</source>
          <name>vendor</name>
          <value>pyOpenSSL</value>
        </evidence>
        <evidence type="product" confidence="HIGHEST">
          <source>requirements.txt</source>
          <name>product</name>
          <value>pyOpenSSL</value>
        </evidence>
        <evidence type="version" confidence="HIGHEST">
          <source>requirements.txt</source>
          <name>version</name>
          <value>0.14</value>
        </evidence>
      </evidenceCollected>
      <identifiers>
        <package confidence="HIGHEST">
          <id>pkg:pypi/pyopenssl@0.14</id>
          <url>https://ossindex.sonatype.org/component/pkg:pypi/pyopenssl@0.14?utm_source=dependency-check&amp;utm_medium=integration&amp;utm_content=10.0.3</url>
        </package>
        <vulnerabilityIds confidence="LOW">
          <id>cpe:2.3:a:pyopenssl:pyopenssl:0.14:*:*:*:*:*:*:*</id>
        </vulnerabilityIds>
        <vulnerabilityIds confidence="LOW">
          <id>cpe:2.3:a:pyopenssl_project:pyopenssl:0.14:*:*:*:*:*:*:*</id>
        </vulnerabilityIds>
      </identifiers>
      <vulnerabilities>
        <vulnerability source="NVD">
          <name>CVE-2018-1000807</name>
          <severity>HIGH</severity>
          <cvssV2>
            <score>6.8</score>
            <accessVector>NETWORK</accessVector>
            <accessComplexity>MEDIUM</accessComplexity>
            <authenticationr>NONE</authenticationr>
            <confidentialityImpact>PARTIAL</confidentialityImpact>
            <integrityImpact>PARTIAL</integrityImpact>
            <availabilityImpact>PARTIAL</availabilityImpact>
            <severity>MEDIUM</severity>
            <version>2.0</version>
            <exploitabilityScore>8.6</exploitabilityScore>
            <impactScore>6.4</impactScore>
          </cvssV2>
          <cvssV3>
            <baseScore>8.1</baseScore>
            <attackVector>NETWORK</attackVector>
            <attackComplexity>HIGH</attackComplexity>
            <privilegesRequired>NONE</privilegesRequired>
            <userInteraction>NONE</userInteraction>
            <scope>UNCHANGED</scope>
            <confidentialityImpact>HIGH</confidentialityImpact>
            <integrityImpact>HIGH</integrityImpact>
            <availabilityImpact>HIGH</availabilityImpact>
            <baseSeverity>HIGH</baseSeverity>
            <exploitabilityScore>2.2</exploitabilityScore>
            <impactScore>5.9</impactScore>
            <version>3.1</version>
          </cvssV3>
          <cwes>
            <cwe>CWE-416</cwe>
          </cwes>
          <description>Python Cryptographic Authority pyopenssl version prior to version 17.5.0 contains a CWE-416: Use After Free vulnerability in X509 object handling that can result in Use after free can lead to possible denial of service or remote code execution.. This attack appear to be exploitable via Depends on the calling application and if it retains a reference to the memory.. This vulnerability appears to have been fixed in 17.5.0.</description>
          <references>
            <reference>
              <source>cve@mitre.org</source>
              <url>http://lists.opensuse.org/opensuse-security-announce/2019-04/msg00014.html</url>
              <name>MAILING_LIST,THIRD_PARTY_ADVISORY</name>
            </reference>
            <reference>
              <source>cve@mitre.org</source>
              <url>https://access.redhat.com/errata/RHSA-2019:0085</url>
              <name>THIRD_PARTY_ADVISORY</name>
            </reference>
            <reference>
              <source>cve@mitre.org</source>
              <url>https://github.com/pyca/pyopenssl/commit/e73818600065821d588af475b024f4eb518c3509</url>
            </reference>
            <reference>
              <source>cve@mitre.org</source>
              <url>https://github.com/pyca/pyopenssl/pull/723</url>
              <name>PATCH,THIRD_PARTY_ADVISORY</name>
            </reference>
            <reference>
              <source>cve@mitre.org</source>
              <url>https://usn.ubuntu.com/3813-1/</url>
              <name>THIRD_PARTY_ADVISORY</name>
            </reference>
          </references>
          <vulnerableSoftware>
            <software vulnerabilityIdMatched="true" versionEndExcluding="17.5.0">cpe:2.3:a:pyopenssl:pyopenssl:*:*:*:*:*:*:*:*</software>
            <software>cpe:2.3:a:redhat:openstack:13:*:*:*:*:*:*:*</software>
          </vulnerableSoftware>
        </vulnerability>
        <vulnerability source="NVD">
          <name>CVE-2018-1000808</name>
          <severity>MEDIUM</severity>
          <cvssV2>
            <score>4.3</score>
            <accessVector>NETWORK</accessVector>
            <accessComplexity>MEDIUM</accessComplexity>
            <authenticationr>NONE</authenticationr>
            <confidentialityImpact>NONE</confidentialityImpact>
            <integrityImpact>NONE</integrityImpact>
            <availabilityImpact>PARTIAL</availabilityImpact>
            <severity>MEDIUM</severity>
            <version>2.0</version>
            <exploitabilityScore>8.6</exploitabilityScore>
            <impactScore>2.9</impactScore>
          </cvssV2>
          <cvssV3>
            <baseScore>5.9</baseScore>
            <attackVector>NETWORK</attackVector>
            <attackComplexity>HIGH</attackComplexity>
            <privilegesRequired>NONE</privilegesRequired>
            <userInteraction>NONE</userInteraction>
            <scope>UNCHANGED</scope>
            <confidentialityImpact>NONE</confidentialityImpact>
            <integrityImpact>NONE</integrityImpact>
            <availabilityImpact>HIGH</availabilityImpact>
            <baseSeverity>MEDIUM</baseSeverity>
            <exploitabilityScore>2.2</exploitabilityScore>
            <impactScore>3.6</impactScore>
            <version>3.0</version>
          </cvssV3>
          <cwes>
            <cwe>CWE-404</cwe>
          </cwes>
          <description>Python Cryptographic Authority pyopenssl version Before 17.5.0 contains a CWE - 401 : Failure to Release Memory Before Removing Last Reference vulnerability in PKCS #12 Store that can result in Denial of service if memory runs low or is exhausted. This attack appear to be exploitable via Depends upon calling application, however it could be as simple as initiating a TLS connection. Anything that would cause the calling application to reload certificates from a PKCS #12 store.. This vulnerability appears to have been fixed in 17.5.0.</description>
          <references>
            <reference>
              <source>cve@mitre.org</source>
              <url>https://access.redhat.com/errata/RHSA-2019:0085</url>
              <name>THIRD_PARTY_ADVISORY</name>
            </reference>
            <reference>
              <source>cve@mitre.org</source>
              <url>http://lists.opensuse.org/opensuse-security-announce/2019-04/msg00014.html</url>
            </reference>
            <reference>
              <source>cve@mitre.org</source>
              <url>https://github.com/pyca/pyopenssl/pull/723</url>
              <name>PATCH,THIRD_PARTY_ADVISORY</name>
            </reference>
            <reference>
              <source>OSSINDEX</source>
              <url>https://ossindex.sonatype.org/vulnerability/CVE-2018-1000808?component-type=pypi&amp;component-name=pyopenssl&amp;utm_source=dependency-check&amp;utm_medium=integration&amp;utm_content=10.0.3</url>
              <name>[CVE-2018-1000808] CWE-404: Improper Resource Shutdown or Release</name>
            </reference>
            <reference>
              <source>OSSIndex</source>
              <url>http://web.nvd.nist.gov/view/vuln/detail?vulnId=CVE-2018-1000808</url>
              <name>http://web.nvd.nist.gov/view/vuln/detail?vulnId=CVE-2018-1000808</name>
            </reference>
            <reference>
              <source>cve@mitre.org</source>
              <url>https://usn.ubuntu.com/3813-1/</url>
              <name>THIRD_PARTY_ADVISORY</name>
            </reference>
            <reference>
              <source>OSSIndex</source>
              <url>https://github.com/pyca/pyopenssl/pull/723</url>
              <name>https://github.com/pyca/pyopenssl/pull/723</name>
            </reference>
          </references>
          <vulnerableSoftware>
            <software vulnerabilityIdMatched="true" versionEndExcluding="17.5.0">cpe:2.3:a:pyopenssl_project:pyopenssl:*:*:*:*:*:*:*:*</software>
            <software>cpe:2.3:a:redhat:gluster_storage:3.0:*:*:*:*:*:*:*</software>
            <software>cpe:2.3:a:redhat:openstack:13:*:*:*:*:*:*:*</software>
          </vulnerableSoftware>
        </vulnerability>
      </vulnerabilities>
    </dependency>
    <dependency isVirtual="true">
      <fileName>requests&gt;=2,&lt;2.16</fileName>
      <filePath>D:\a\H6060-Python-UrlLib3\H6060-Python-UrlLib3\upstream-repository\dist\urllib3-1.26.5.tar.gz\urllib3-1.26.5.tar\urllib3-1.26.5\docs\requirements.txt:requests&gt;=2,&lt;2.16/null</filePath>
      <md5/>
      <sha1/>
      <sha256/>
      <evidenceCollected>
        <evidence type="vendor" confidence="HIGHEST">
          <source>requirements.txt</source>
          <name>vendor</name>
          <value>requests&gt;=2,&lt;2.16</value>
        </evidence>
        <evidence type="product" confidence="HIGHEST">
          <source>requirements.txt</source>
          <name>product</name>
          <value>requests&gt;=2,&lt;2.16</value>
        </evidence>
        <evidence type="version" confidence="HIGHEST">
          <source>requirements.txt</source>
          <name>version</name>
          <value>$enc.xml($evidence.getValue().trim())</value>
        </evidence>
      </evidenceCollected>
      <identifiers>
        <package confidence="HIGHEST">
          <id>pkg:pypi/requests%3E%3D2%2C%3C2.16</id>
        </package>
      </identifiers>
    </dependency>
    <dependency isVirtual="true">
      <fileName>requests&gt;=2,&lt;2.16</fileName>
      <filePath>D:\a\H6060-Python-UrlLib3\H6060-Python-UrlLib3\upstream-repository\docs\requirements.txt:requests&gt;=2,&lt;2.16/null</filePath>
      <md5/>
      <sha1/>
      <sha256/>
      <evidenceCollected>
        <evidence type="vendor" confidence="HIGHEST">
          <source>requirements.txt</source>
          <name>vendor</name>
          <value>requests&gt;=2,&lt;2.16</value>
        </evidence>
        <evidence type="product" confidence="HIGHEST">
          <source>requirements.txt</source>
          <name>product</name>
          <value>requests&gt;=2,&lt;2.16</value>
        </evidence>
        <evidence type="version" confidence="HIGHEST">
          <source>requirements.txt</source>
          <name>version</name>
          <value>$enc.xml($evidence.getValue().trim())</value>
        </evidence>
      </evidenceCollected>
      <identifiers>
        <package confidence="HIGHEST">
          <id>pkg:pypi/requests%3E%3D2%2C%3C2.16</id>
        </package>
      </identifiers>
    </dependency>
    <dependency isVirtual="true">
      <fileName>sphinx&gt;3.0.0</fileName>
      <filePath>D:\a\H6060-Python-UrlLib3\H6060-Python-UrlLib3\upstream-repository\dist\urllib3-1.26.5.tar.gz\urllib3-1.26.5.tar\urllib3-1.26.5\docs\requirements.txt:sphinx&gt;3.0.0/null</filePath>
      <md5/>
      <sha1/>
      <sha256/>
      <evidenceCollected>
        <evidence type="vendor" confidence="HIGHEST">
          <source>requirements.txt</source>
          <name>vendor</name>
          <value>sphinx&gt;3.0.0</value>
        </evidence>
        <evidence type="product" confidence="HIGHEST">
          <source>requirements.txt</source>
          <name>product</name>
          <value>sphinx&gt;3.0.0</value>
        </evidence>
        <evidence type="version" confidence="HIGHEST">
          <source>requirements.txt</source>
          <name>version</name>
          <value>$enc.xml($evidence.getValue().trim())</value>
        </evidence>
      </evidenceCollected>
      <identifiers>
        <package confidence="HIGHEST">
          <id>pkg:pypi/sphinx%3E3.0.0</id>
        </package>
      </identifiers>
    </dependency>
    <dependency isVirtual="true">
      <fileName>sphinx&gt;3.0.0</fileName>
      <filePath>D:\a\H6060-Python-UrlLib3\H6060-Python-UrlLib3\upstream-repository\docs\requirements.txt:sphinx&gt;3.0.0/null</filePath>
      <md5/>
      <sha1/>
      <sha256/>
      <evidenceCollected>
        <evidence type="vendor" confidence="HIGHEST">
          <source>requirements.txt</source>
          <name>vendor</name>
          <value>sphinx&gt;3.0.0</value>
        </evidence>
        <evidence type="product" confidence="HIGHEST">
          <source>requirements.txt</source>
          <name>product</name>
          <value>sphinx&gt;3.0.0</value>
        </evidence>
        <evidence type="version" confidence="HIGHEST">
          <source>requirements.txt</source>
          <name>version</name>
          <value>$enc.xml($evidence.getValue().trim())</value>
        </evidence>
      </evidenceCollected>
      <identifiers>
        <package confidence="HIGHEST">
          <id>pkg:pypi/sphinx%3E3.0.0</id>
        </package>
      </identifiers>
    </dependency>
    <dependency isVirtual="false">
      <fileName>ssl_match_hostname:3.5.0.1</fileName>
      <filePath>D:\a\H6060-Python-UrlLib3\H6060-Python-UrlLib3\upstream-repository\src\urllib3\packages\ssl_match_hostname\__init__.py</filePath>
      <md5>9abbb59d89be133f0946b96f1173782c</md5>
      <sha1>7d304c7aa0f66872c81b99dde8dbe6a56333d9b3</sha1>
      <sha256>77e4f2c37eea6ef55d72371517858b62233b01768ea48837f3a0b63f6b81e4ab</sha256>
      <relatedDependencies>
        <relatedDependency>
          <fileName>ssl_match_hostname:3.5.0.1</fileName>
          <filePath>D:\a\H6060-Python-UrlLib3\H6060-Python-UrlLib3\upstream-repository\dist\urllib3-1.26.5.tar.gz\urllib3-1.26.5.tar\urllib3-1.26.5\src\urllib3\packages\ssl_match_hostname\__init__.py</filePath>
          <sha256>77e4f2c37eea6ef55d72371517858b62233b01768ea48837f3a0b63f6b81e4ab</sha256>
          <sha1>7d304c7aa0f66872c81b99dde8dbe6a56333d9b3</sha1>
          <md5>9abbb59d89be133f0946b96f1173782c</md5>
          <identifiers>
            <package>
              <id>pkg:pypi/ssl-match-hostname@3.5.0.1</id>
              <url>https://ossindex.sonatype.org/component/pkg:pypi/ssl-match-hostname@3.5.0.1?utm_source=dependency-check&amp;utm_medium=integration&amp;utm_content=10.0.3</url>
            </package>
          </identifiers>
        </relatedDependency>
      </relatedDependencies>
      <evidenceCollected>
        <evidence type="product" confidence="HIGHEST">
          <source>__init__.py</source>
          <name>PackageName</name>
          <value>ssl_match_hostname</value>
        </evidence>
        <evidence type="version" confidence="MEDIUM">
          <source>_implementation.py</source>
          <name>SourceVersion</name>
          <value>3.5.0.1</value>
        </evidence>
      </evidenceCollected>
      <identifiers>
        <package confidence="HIGHEST">
          <id>pkg:pypi/ssl-match-hostname@3.5.0.1</id>
          <url>https://ossindex.sonatype.org/component/pkg:pypi/ssl-match-hostname@3.5.0.1?utm_source=dependency-check&amp;utm_medium=integration&amp;utm_content=10.0.3</url>
        </package>
      </identifiers>
    </dependency>
    <dependency isVirtual="false">
      <fileName>urllib3-1.26.5.tar.gz: urllib3-1.26.5.tar: PKG-INFO</fileName>
      <filePath>D:\a\H6060-Python-UrlLib3\H6060-Python-UrlLib3\upstream-repository\dist\urllib3-1.26.5.tar.gz\urllib3-1.26.5.tar\urllib3-1.26.5\PKG-INFO</filePath>
      <md5>d88bb62cbca6e3ed71378469044883ac</md5>
      <sha1>8ab97f1f52a3bd6540dba64c6d0a06d7f5a6b90e</sha1>
      <sha256>06595eb9dc40e303ea81c17367fe4daea67b0591ce2016a15b3b2af715a2f025</sha256>
      <relatedDependencies>
        <relatedDependency>
          <fileName>urllib3:1.26.5</fileName>
          <filePath>D:\a\H6060-Python-UrlLib3\H6060-Python-UrlLib3\upstream-repository\dist\urllib3-1.26.5.tar.gz\urllib3-1.26.5.tar\urllib3-1.26.5\src\urllib3.egg-info\PKG-INFO</filePath>
          <sha256>06595eb9dc40e303ea81c17367fe4daea67b0591ce2016a15b3b2af715a2f025</sha256>
          <sha1>8ab97f1f52a3bd6540dba64c6d0a06d7f5a6b90e</sha1>
          <md5>d88bb62cbca6e3ed71378469044883ac</md5>
          <identifiers>
            <package>
              <id>pkg:pypi/urllib3@1.26.5</id>
              <url>https://ossindex.sonatype.org/component/pkg:pypi/urllib3@1.26.5?utm_source=dependency-check&amp;utm_medium=integration&amp;utm_content=10.0.3</url>
            </package>
          </identifiers>
        </relatedDependency>
      </relatedDependencies>
      <evidenceCollected/>
    </dependency>
    <dependency isVirtual="false">
      <fileName>urllib3-1.26.5.tar.gz: urllib3-1.26.5.tar: requirements.txt</fileName>
      <filePath>D:\a\H6060-Python-UrlLib3\H6060-Python-UrlLib3\upstream-repository\dist\urllib3-1.26.5.tar.gz\urllib3-1.26.5.tar\urllib3-1.26.5\docs\requirements.txt</filePath>
      <md5>9763d8130cc9ce22a942bc7846ddf94a</md5>
      <sha1>47bf098f66f64e37a575f10f4e309fa7ce908e4b</sha1>
      <sha256>a8dad6a86d59e8ce9f8583a59fd0f37cbdb1ba01bd73dab04759f98f5ac88590</sha256>
      <evidenceCollected>
        <evidence type="vendor" confidence="HIGH">
          <source>file</source>
          <name>name</name>
          <value>requirements</value>
        </evidence>
        <evidence type="product" confidence="HIGH">
          <source>file</source>
          <name>name</name>
          <value>requirements</value>
        </evidence>
      </evidenceCollected>
    </dependency>
    <dependency isVirtual="false">
      <fileName>urllib3:1.26.5</fileName>
      <filePath>D:\a\H6060-Python-UrlLib3\H6060-Python-UrlLib3\upstream-repository\dist\urllib3-1.26.5-py2.py3-none-any.whl</filePath>
      <md5>3db29d48325250dde58d1b635c8d28ac</md5>
      <sha1>b09d9f475acf3219f8721ed63cae52034f5c9e33</sha1>
      <sha256>b9a40d9eb4529a05ca16bf9b8994599150c62b4f118617f1f2cd39001e130018</sha256>
      <description>HTTP library with thread-safe connection pooling, file post, and more.</description>
      <evidenceCollected>
        <evidence type="vendor" confidence="HIGH">
          <source>file</source>
          <name>name</name>
          <value>urllib3</value>
        </evidence>
        <evidence type="vendor" confidence="LOW">
          <source>METADATA</source>
          <name>Author</name>
          <value>Andrey Petrov</value>
        </evidence>
        <evidence type="vendor" confidence="HIGHEST">
          <source>METADATA</source>
          <name>Name</name>
          <value>urllib3</value>
        </evidence>
        <evidence type="vendor" confidence="MEDIUM">
          <source>METADATA</source>
          <name>vendor</name>
          <value>https://urllib3.readthedocs.io/</value>
        </evidence>
        <evidence type="product" confidence="HIGH">
          <source>file</source>
          <name>name</name>
          <value>urllib3</value>
        </evidence>
        <evidence type="product" confidence="HIGHEST">
          <source>METADATA</source>
          <name>Name</name>
          <value>urllib3</value>
        </evidence>
        <evidence type="version" confidence="HIGH">
          <source>file</source>
          <name>version</name>
          <value>1.26.5</value>
        </evidence>
        <evidence type="version" confidence="HIGHEST">
          <source>METADATA</source>
          <name>Version</name>
          <value>1.26.5</value>
        </evidence>
      </evidenceCollected>
      <identifiers>
        <package confidence="HIGHEST">
          <id>pkg:pypi/urllib3@1.26.5</id>
          <url>https://ossindex.sonatype.org/component/pkg:pypi/urllib3@1.26.5?utm_source=dependency-check&amp;utm_medium=integration&amp;utm_content=10.0.3</url>
        </package>
      </identifiers>
      <vulnerabilities>
        <vulnerability source="OSSINDEX">
          <name>CVE-2023-43804</name>
          <severity>HIGH</severity>
          <cvssV3>
            <baseScore>8.100000381469727</baseScore>
            <attackVector>NETWORK</attackVector>
            <attackComplexity>LOW</attackComplexity>
            <privilegesRequired>LOW</privilegesRequired>
            <userInteraction>NONE</userInteraction>
            <scope>UNCHANGED</scope>
            <confidentialityImpact>HIGH</confidentialityImpact>
            <integrityImpact>HIGH</integrityImpact>
            <availabilityImpact>NONE</availabilityImpact>
            <baseSeverity>HIGH</baseSeverity>
            <version>3.1</version>
          </cvssV3>
          <cwes>
            <cwe>CWE-200</cwe>
          </cwes>
          <description>urllib3 is a user-friendly HTTP client library for Python. urllib3 doesn't treat the `Cookie` HTTP header special or provide any helpers for managing cookies over HTTP, that is the responsibility of the user. However, it is possible for a user to specify a `Cookie` header and unknowingly leak information via HTTP redirects to a different origin if that user doesn't disable redirects explicitly. This issue has been patched in urllib3 version 1.26.17 or 2.0.5.</description>
          <references>
            <reference>
              <source>OSSIndex</source>
              <url>http://web.nvd.nist.gov/view/vuln/detail?vulnId=CVE-2023-43804</url>
              <name>http://web.nvd.nist.gov/view/vuln/detail?vulnId=CVE-2023-43804</name>
            </reference>
            <reference>
              <source>OSSINDEX</source>
              <url>https://ossindex.sonatype.org/vulnerability/CVE-2023-43804?component-type=pypi&amp;component-name=urllib3&amp;utm_source=dependency-check&amp;utm_medium=integration&amp;utm_content=10.0.3</url>
              <name>[CVE-2023-43804] CWE-200: Information Exposure</name>
            </reference>
            <reference>
              <source>OSSIndex</source>
              <url>https://github.com/advisories/GHSA-v845-jxx5-vc9f</url>
              <name>https://github.com/advisories/GHSA-v845-jxx5-vc9f</name>
            </reference>
          </references>
          <vulnerableSoftware>
            <software vulnerabilityIdMatched="true">cpe:2.3:a:*:urllib3:1.26.5:*:*:*:*:*:*:*</software>
          </vulnerableSoftware>
        </vulnerability>
        <vulnerability source="OSSINDEX">
          <name>CVE-2023-45803</name>
          <severity>MEDIUM</severity>
          <cvssV3>
            <baseScore>4.199999809265137</baseScore>
            <attackVector>ADJACENT_NETWORK</attackVector>
            <attackComplexity>HIGH</attackComplexity>
            <privilegesRequired>HIGH</privilegesRequired>
            <userInteraction>NONE</userInteraction>
            <scope>UNCHANGED</scope>
            <confidentialityImpact>HIGH</confidentialityImpact>
            <integrityImpact>NONE</integrityImpact>
            <availabilityImpact>NONE</availabilityImpact>
            <baseSeverity>MEDIUM</baseSeverity>
            <version>3.1</version>
          </cvssV3>
          <cwes>
            <cwe>CWE-200</cwe>
          </cwes>
          <description>urllib3 is a user-friendly HTTP client library for Python. urllib3 previously wouldn't remove the HTTP request body when an HTTP redirect response using status 301, 302, or 303 after the request had its method changed from one that could accept a request body (like `POST`) to `GET` as is required by HTTP RFCs. Although this behavior is not specified in the section for redirects, it can be inferred by piecing together information from different sections and we have observed the behavior in other major HTTP client implementations like curl and web browsers. Because the vulnerability requires a previously trusted service to become compromised in order to have an impact on confidentiality we believe the exploitability of this vulnerability is low. Additionally, many users aren't putting sensitive data in HTTP request bodies, if this is the case then this vulnerability isn't exploitable. Both of the following conditions must be true to be affected by this vulnerability: 1. Using urllib3 and submitting sensitive information in the HTTP request body (such as form data or JSON) and 2. The origin service is compromised and starts redirecting using 301, 302, or 303 to a malicious peer or the redirected-to service becomes compromised. This issue has been addressed in versions 1.26.18 and 2.0.7 and users are advised to update to resolve this issue. Users unable to update should disable redirects for services that aren't expecting to respond with redirects with `redirects=False` and disable automatic redirects with `redirects=False` and handle 301, 302, and 303 redirects manually by stripping the HTTP request body.


Sonatype's research suggests that this CVE's details differ from those defined at NVD. See https://ossindex.sonatype.org/vulnerability/CVE-2023-45803 for details</description>
          <references>
            <reference>
              <source>OSSIndex</source>
              <url>https://github.com/advisories/GHSA-g4mx-q9vg-27p4</url>
              <name>https://github.com/advisories/GHSA-g4mx-q9vg-27p4</name>
            </reference>
            <reference>
              <source>OSSINDEX</source>
              <url>https://ossindex.sonatype.org/vulnerability/CVE-2023-45803?component-type=pypi&amp;component-name=urllib3&amp;utm_source=dependency-check&amp;utm_medium=integration&amp;utm_content=10.0.3</url>
              <name>[CVE-2023-45803] CWE-200: Information Exposure</name>
            </reference>
            <reference>
              <source>OSSIndex</source>
              <url>http://web.nvd.nist.gov/view/vuln/detail?vulnId=CVE-2023-45803</url>
              <name>http://web.nvd.nist.gov/view/vuln/detail?vulnId=CVE-2023-45803</name>
            </reference>
          </references>
          <vulnerableSoftware>
            <software vulnerabilityIdMatched="true">cpe:2.3:a:*:urllib3:1.26.5:*:*:*:*:*:*:*</software>
          </vulnerableSoftware>
        </vulnerability>
      </vulnerabilities>
    </dependency>
    <dependency isVirtual="false">
      <fileName>urllib3:1.26.5</fileName>
      <filePath>D:\a\H6060-Python-UrlLib3\H6060-Python-UrlLib3\upstream-repository\src\urllib3\__init__.py</filePath>
      <md5>60736af58dc765e30982184d5875b0e7</md5>
      <sha1>d128795f59be545f86ebe00c3512d359316b3bc4</sha1>
      <sha256>1732eac9c74a842cd2c6360e3d35f9d03dea7f495309ee9481f65dc13f8b8bba</sha256>
      <description>
Python HTTP library with thread-safe connection pooling, file post support, user friendly, and more
</description>
      <relatedDependencies>
        <relatedDependency>
          <fileName>urllib3:1.26.5</fileName>
          <filePath>D:\a\H6060-Python-UrlLib3\H6060-Python-UrlLib3\upstream-repository\dist\urllib3-1.26.5.tar.gz\urllib3-1.26.5.tar\urllib3-1.26.5\src\urllib3\__init__.py</filePath>
          <sha256>1732eac9c74a842cd2c6360e3d35f9d03dea7f495309ee9481f65dc13f8b8bba</sha256>
          <sha1>d128795f59be545f86ebe00c3512d359316b3bc4</sha1>
          <md5>60736af58dc765e30982184d5875b0e7</md5>
          <identifiers>
            <package>
              <id>pkg:pypi/urllib3</id>
            </package>
            <package>
              <id>pkg:pypi/urllib3@1.26.5</id>
              <url>https://ossindex.sonatype.org/component/pkg:pypi/urllib3@1.26.5?utm_source=dependency-check&amp;utm_medium=integration&amp;utm_content=10.0.3</url>
            </package>
          </identifiers>
        </relatedDependency>
      </relatedDependencies>
      <evidenceCollected>
        <evidence type="vendor" confidence="MEDIUM">
          <source>__init__.py</source>
          <name>SourceAuthor</name>
          <value>Andrey Petrov (andrey.petrov@shazow.net)</value>
        </evidence>
        <evidence type="product" confidence="HIGHEST">
          <source>__init__.py</source>
          <name>PackageName</name>
          <value>urllib3</value>
        </evidence>
        <evidence type="version" confidence="MEDIUM">
          <source>_version.py</source>
          <name>SourceVersion</name>
          <value>1.26.5</value>
        </evidence>
      </evidenceCollected>
      <identifiers>
        <package confidence="HIGHEST">
          <id>pkg:pypi/urllib3</id>
        </package>
        <package confidence="HIGHEST">
          <id>pkg:pypi/urllib3@1.26.5</id>
          <url>https://ossindex.sonatype.org/component/pkg:pypi/urllib3@1.26.5?utm_source=dependency-check&amp;utm_medium=integration&amp;utm_content=10.0.3</url>
        </package>
      </identifiers>
      <vulnerabilities>
        <vulnerability source="OSSINDEX">
          <name>CVE-2023-43804</name>
          <severity>HIGH</severity>
          <cvssV3>
            <baseScore>8.100000381469727</baseScore>
            <attackVector>NETWORK</attackVector>
            <attackComplexity>LOW</attackComplexity>
            <privilegesRequired>LOW</privilegesRequired>
            <userInteraction>NONE</userInteraction>
            <scope>UNCHANGED</scope>
            <confidentialityImpact>HIGH</confidentialityImpact>
            <integrityImpact>HIGH</integrityImpact>
            <availabilityImpact>NONE</availabilityImpact>
            <baseSeverity>HIGH</baseSeverity>
            <version>3.1</version>
          </cvssV3>
          <cwes>
            <cwe>CWE-200</cwe>
          </cwes>
          <description>urllib3 is a user-friendly HTTP client library for Python. urllib3 doesn't treat the `Cookie` HTTP header special or provide any helpers for managing cookies over HTTP, that is the responsibility of the user. However, it is possible for a user to specify a `Cookie` header and unknowingly leak information via HTTP redirects to a different origin if that user doesn't disable redirects explicitly. This issue has been patched in urllib3 version 1.26.17 or 2.0.5.</description>
          <references>
            <reference>
              <source>OSSIndex</source>
              <url>http://web.nvd.nist.gov/view/vuln/detail?vulnId=CVE-2023-43804</url>
              <name>http://web.nvd.nist.gov/view/vuln/detail?vulnId=CVE-2023-43804</name>
            </reference>
            <reference>
              <source>OSSINDEX</source>
              <url>https://ossindex.sonatype.org/vulnerability/CVE-2023-43804?component-type=pypi&amp;component-name=urllib3&amp;utm_source=dependency-check&amp;utm_medium=integration&amp;utm_content=10.0.3</url>
              <name>[CVE-2023-43804] CWE-200: Information Exposure</name>
            </reference>
            <reference>
              <source>OSSIndex</source>
              <url>https://github.com/advisories/GHSA-v845-jxx5-vc9f</url>
              <name>https://github.com/advisories/GHSA-v845-jxx5-vc9f</name>
            </reference>
          </references>
          <vulnerableSoftware>
            <software vulnerabilityIdMatched="true">cpe:2.3:a:*:urllib3:1.26.5:*:*:*:*:*:*:*</software>
          </vulnerableSoftware>
        </vulnerability>
        <vulnerability source="OSSINDEX">
          <name>CVE-2023-45803</name>
          <severity>MEDIUM</severity>
          <cvssV3>
            <baseScore>4.199999809265137</baseScore>
            <attackVector>ADJACENT_NETWORK</attackVector>
            <attackComplexity>HIGH</attackComplexity>
            <privilegesRequired>HIGH</privilegesRequired>
            <userInteraction>NONE</userInteraction>
            <scope>UNCHANGED</scope>
            <confidentialityImpact>HIGH</confidentialityImpact>
            <integrityImpact>NONE</integrityImpact>
            <availabilityImpact>NONE</availabilityImpact>
            <baseSeverity>MEDIUM</baseSeverity>
            <version>3.1</version>
          </cvssV3>
          <cwes>
            <cwe>CWE-200</cwe>
          </cwes>
          <description>urllib3 is a user-friendly HTTP client library for Python. urllib3 previously wouldn't remove the HTTP request body when an HTTP redirect response using status 301, 302, or 303 after the request had its method changed from one that could accept a request body (like `POST`) to `GET` as is required by HTTP RFCs. Although this behavior is not specified in the section for redirects, it can be inferred by piecing together information from different sections and we have observed the behavior in other major HTTP client implementations like curl and web browsers. Because the vulnerability requires a previously trusted service to become compromised in order to have an impact on confidentiality we believe the exploitability of this vulnerability is low. Additionally, many users aren't putting sensitive data in HTTP request bodies, if this is the case then this vulnerability isn't exploitable. Both of the following conditions must be true to be affected by this vulnerability: 1. Using urllib3 and submitting sensitive information in the HTTP request body (such as form data or JSON) and 2. The origin service is compromised and starts redirecting using 301, 302, or 303 to a malicious peer or the redirected-to service becomes compromised. This issue has been addressed in versions 1.26.18 and 2.0.7 and users are advised to update to resolve this issue. Users unable to update should disable redirects for services that aren't expecting to respond with redirects with `redirects=False` and disable automatic redirects with `redirects=False` and handle 301, 302, and 303 redirects manually by stripping the HTTP request body.


Sonatype's research suggests that this CVE's details differ from those defined at NVD. See https://ossindex.sonatype.org/vulnerability/CVE-2023-45803 for details</description>
          <references>
            <reference>
              <source>OSSIndex</source>
              <url>https://github.com/advisories/GHSA-g4mx-q9vg-27p4</url>
              <name>https://github.com/advisories/GHSA-g4mx-q9vg-27p4</name>
            </reference>
            <reference>
              <source>OSSINDEX</source>
              <url>https://ossindex.sonatype.org/vulnerability/CVE-2023-45803?component-type=pypi&amp;component-name=urllib3&amp;utm_source=dependency-check&amp;utm_medium=integration&amp;utm_content=10.0.3</url>
              <name>[CVE-2023-45803] CWE-200: Information Exposure</name>
            </reference>
            <reference>
              <source>OSSIndex</source>
              <url>http://web.nvd.nist.gov/view/vuln/detail?vulnId=CVE-2023-45803</url>
              <name>http://web.nvd.nist.gov/view/vuln/detail?vulnId=CVE-2023-45803</name>
            </reference>
          </references>
          <vulnerableSoftware>
            <software vulnerabilityIdMatched="true">cpe:2.3:a:*:urllib3:1.26.5:*:*:*:*:*:*:*</software>
          </vulnerableSoftware>
        </vulnerability>
      </vulnerabilities>
    </dependency>
  </dependencies>
</analysis>
