{
  "reportSchema" : "1.1",
  "scanInfo" : {
    "engineVersion" : "10.0.3",
    "dataSource" : [ {
      "name" : "NVD API Last Checked",
      "timestamp" : "2024-08-14T14:12:27Z"
    }, {
      "name" : "NVD API Last Modified",
      "timestamp" : "2024-08-14T14:08:46Z"
    } ]
  },
  "projectInfo" : {
    "name" : "H6060-Python-UrlLib3",
    "reportDate" : "2024-08-14T14:12:39.767Z",
    "credits" : {
      "NVD" : "This product uses the NVD API but is not endorsed or certified by the NVD. This report contains data retrieved from the National Vulnerability Database: https://nvd.nist.gov",
      "CISA" : "This report may contain data retrieved from the CISA Known Exploited Vulnerability Catalog: https://www.cisa.gov/known-exploited-vulnerabilities-catalog",
      "NPM" : "This report may contain data retrieved from the Github Advisory Database (via NPM Audit API): https://github.com/advisories/",
      "RETIREJS" : "This report may contain data retrieved from the RetireJS community: https://retirejs.github.io/retire.js/",
      "OSSINDEX" : "This report may contain data retrieved from the Sonatype OSS Index: https://ossindex.sonatype.org"
    }
  },
  "dependencies" : [ {
    "isVirtual" : true,
    "fileName" : "PySocks!=1.5.7,<2.0,:1.5.6",
    "filePath" : "D:\\a\\H6060-Python-UrlLib3\\H6060-Python-UrlLib3\\upstream-repository\\requirements.txt:PySocks!=1.5.7,<2.0,/1.5.6",
    "evidenceCollected" : {
      "vendorEvidence" : [ {
        "type" : "vendor",
        "confidence" : "HIGHEST",
        "source" : "requirements.txt",
        "name" : "vendor",
        "value" : "PySocks!=1.5.7,<2.0,"
      } ],
      "productEvidence" : [ {
        "type" : "product",
        "confidence" : "HIGHEST",
        "source" : "requirements.txt",
        "name" : "product",
        "value" : "PySocks!=1.5.7,<2.0,"
      } ],
      "versionEvidence" : [ {
        "type" : "version",
        "confidence" : "HIGHEST",
        "source" : "requirements.txt",
        "name" : "version",
        "value" : "1.5.6"
      } ]
    },
    "packages" : [ {
      "id" : "pkg:pypi/pysocks%21%3D1.5.7%2C%3C2.0%2C@1.5.6",
      "confidence" : "HIGHEST",
      "url" : "https://ossindex.sonatype.org/component/pkg:pypi/pysocks%21%3D1.5.7%2C%3C2.0%2C@1.5.6?utm_source=dependency-check&utm_medium=integration&utm_content=10.0.3"
    } ]
  }, {
    "isVirtual" : false,
    "fileName" : "__init__.py",
    "filePath" : "D:\\a\\H6060-Python-UrlLib3\\H6060-Python-UrlLib3\\upstream-repository\\dummyserver\\__init__.py",
    "md5" : "d41d8cd98f00b204e9800998ecf8427e",
    "sha1" : "da39a3ee5e6b4b0d3255bfef95601890afd80709",
    "sha256" : "e3b0c44298fc1c149afbf4c8996fb92427ae41e4649b934ca495991b7852b855",
    "relatedDependencies" : [ {
      "isVirtual" : false,
      "fileName" : "__init__.py",
      "filePath" : "D:\\a\\H6060-Python-UrlLib3\\H6060-Python-UrlLib3\\upstream-repository\\src\\urllib3\\contrib\\__init__.py",
      "sha256" : "e3b0c44298fc1c149afbf4c8996fb92427ae41e4649b934ca495991b7852b855",
      "sha1" : "da39a3ee5e6b4b0d3255bfef95601890afd80709",
      "md5" : "d41d8cd98f00b204e9800998ecf8427e"
    }, {
      "isVirtual" : false,
      "fileName" : "__init__.py",
      "filePath" : "D:\\a\\H6060-Python-UrlLib3\\H6060-Python-UrlLib3\\upstream-repository\\src\\urllib3\\contrib\\_securetransport\\__init__.py",
      "sha256" : "e3b0c44298fc1c149afbf4c8996fb92427ae41e4649b934ca495991b7852b855",
      "sha1" : "da39a3ee5e6b4b0d3255bfef95601890afd80709",
      "md5" : "d41d8cd98f00b204e9800998ecf8427e"
    }, {
      "isVirtual" : false,
      "fileName" : "__init__.py",
      "filePath" : "D:\\a\\H6060-Python-UrlLib3\\H6060-Python-UrlLib3\\upstream-repository\\src\\urllib3\\packages\\backports\\__init__.py",
      "sha256" : "e3b0c44298fc1c149afbf4c8996fb92427ae41e4649b934ca495991b7852b855",
      "sha1" : "da39a3ee5e6b4b0d3255bfef95601890afd80709",
      "md5" : "d41d8cd98f00b204e9800998ecf8427e"
    }, {
      "isVirtual" : false,
      "fileName" : "__init__.py",
      "filePath" : "D:\\a\\H6060-Python-UrlLib3\\H6060-Python-UrlLib3\\upstream-repository\\test\\appengine\\__init__.py",
      "sha256" : "e3b0c44298fc1c149afbf4c8996fb92427ae41e4649b934ca495991b7852b855",
      "sha1" : "da39a3ee5e6b4b0d3255bfef95601890afd80709",
      "md5" : "d41d8cd98f00b204e9800998ecf8427e"
    }, {
      "isVirtual" : false,
      "fileName" : "__init__.py",
      "filePath" : "D:\\a\\H6060-Python-UrlLib3\\H6060-Python-UrlLib3\\upstream-repository\\test\\contrib\\__init__.py",
      "sha256" : "e3b0c44298fc1c149afbf4c8996fb92427ae41e4649b934ca495991b7852b855",
      "sha1" : "da39a3ee5e6b4b0d3255bfef95601890afd80709",
      "md5" : "d41d8cd98f00b204e9800998ecf8427e"
    }, {
      "isVirtual" : false,
      "fileName" : "__init__.py",
      "filePath" : "D:\\a\\H6060-Python-UrlLib3\\H6060-Python-UrlLib3\\upstream-repository\\test\\with_dummyserver\\__init__.py",
      "sha256" : "e3b0c44298fc1c149afbf4c8996fb92427ae41e4649b934ca495991b7852b855",
      "sha1" : "da39a3ee5e6b4b0d3255bfef95601890afd80709",
      "md5" : "d41d8cd98f00b204e9800998ecf8427e"
    }, {
      "isVirtual" : false,
      "fileName" : "urllib3-1.26.5.tar.gz: urllib3-1.26.5.tar: __init__.py",
      "filePath" : "D:\\a\\H6060-Python-UrlLib3\\H6060-Python-UrlLib3\\upstream-repository\\dist\\urllib3-1.26.5.tar.gz\\urllib3-1.26.5.tar\\urllib3-1.26.5\\dummyserver\\__init__.py",
      "sha256" : "e3b0c44298fc1c149afbf4c8996fb92427ae41e4649b934ca495991b7852b855",
      "sha1" : "da39a3ee5e6b4b0d3255bfef95601890afd80709",
      "md5" : "d41d8cd98f00b204e9800998ecf8427e",
      "packageIds" : [ {
        "id" : "pkg:pypi/dummyserver"
      } ]
    }, {
      "isVirtual" : false,
      "fileName" : "urllib3-1.26.5.tar.gz: urllib3-1.26.5.tar: __init__.py",
      "filePath" : "D:\\a\\H6060-Python-UrlLib3\\H6060-Python-UrlLib3\\upstream-repository\\dist\\urllib3-1.26.5.tar.gz\\urllib3-1.26.5.tar\\urllib3-1.26.5\\src\\urllib3\\contrib\\__init__.py",
      "sha256" : "e3b0c44298fc1c149afbf4c8996fb92427ae41e4649b934ca495991b7852b855",
      "sha1" : "da39a3ee5e6b4b0d3255bfef95601890afd80709",
      "md5" : "d41d8cd98f00b204e9800998ecf8427e",
      "packageIds" : [ {
        "id" : "pkg:pypi/contrib"
      } ]
    }, {
      "isVirtual" : false,
      "fileName" : "urllib3-1.26.5.tar.gz: urllib3-1.26.5.tar: __init__.py",
      "filePath" : "D:\\a\\H6060-Python-UrlLib3\\H6060-Python-UrlLib3\\upstream-repository\\dist\\urllib3-1.26.5.tar.gz\\urllib3-1.26.5.tar\\urllib3-1.26.5\\src\\urllib3\\contrib\\_securetransport\\__init__.py",
      "sha256" : "e3b0c44298fc1c149afbf4c8996fb92427ae41e4649b934ca495991b7852b855",
      "sha1" : "da39a3ee5e6b4b0d3255bfef95601890afd80709",
      "md5" : "d41d8cd98f00b204e9800998ecf8427e",
      "packageIds" : [ {
        "id" : "pkg:pypi/-securetransport"
      } ]
    }, {
      "isVirtual" : false,
      "fileName" : "urllib3-1.26.5.tar.gz: urllib3-1.26.5.tar: __init__.py",
      "filePath" : "D:\\a\\H6060-Python-UrlLib3\\H6060-Python-UrlLib3\\upstream-repository\\dist\\urllib3-1.26.5.tar.gz\\urllib3-1.26.5.tar\\urllib3-1.26.5\\src\\urllib3\\packages\\backports\\__init__.py",
      "sha256" : "e3b0c44298fc1c149afbf4c8996fb92427ae41e4649b934ca495991b7852b855",
      "sha1" : "da39a3ee5e6b4b0d3255bfef95601890afd80709",
      "md5" : "d41d8cd98f00b204e9800998ecf8427e",
      "packageIds" : [ {
        "id" : "pkg:pypi/backports"
      } ]
    }, {
      "isVirtual" : false,
      "fileName" : "urllib3-1.26.5.tar.gz: urllib3-1.26.5.tar: __init__.py",
      "filePath" : "D:\\a\\H6060-Python-UrlLib3\\H6060-Python-UrlLib3\\upstream-repository\\dist\\urllib3-1.26.5.tar.gz\\urllib3-1.26.5.tar\\urllib3-1.26.5\\test\\appengine\\__init__.py",
      "sha256" : "e3b0c44298fc1c149afbf4c8996fb92427ae41e4649b934ca495991b7852b855",
      "sha1" : "da39a3ee5e6b4b0d3255bfef95601890afd80709",
      "md5" : "d41d8cd98f00b204e9800998ecf8427e",
      "packageIds" : [ {
        "id" : "pkg:pypi/appengine"
      } ]
    }, {
      "isVirtual" : false,
      "fileName" : "urllib3-1.26.5.tar.gz: urllib3-1.26.5.tar: __init__.py",
      "filePath" : "D:\\a\\H6060-Python-UrlLib3\\H6060-Python-UrlLib3\\upstream-repository\\dist\\urllib3-1.26.5.tar.gz\\urllib3-1.26.5.tar\\urllib3-1.26.5\\test\\contrib\\__init__.py",
      "sha256" : "e3b0c44298fc1c149afbf4c8996fb92427ae41e4649b934ca495991b7852b855",
      "sha1" : "da39a3ee5e6b4b0d3255bfef95601890afd80709",
      "md5" : "d41d8cd98f00b204e9800998ecf8427e",
      "packageIds" : [ {
        "id" : "pkg:pypi/contrib"
      } ]
    }, {
      "isVirtual" : false,
      "fileName" : "urllib3-1.26.5.tar.gz: urllib3-1.26.5.tar: __init__.py",
      "filePath" : "D:\\a\\H6060-Python-UrlLib3\\H6060-Python-UrlLib3\\upstream-repository\\dist\\urllib3-1.26.5.tar.gz\\urllib3-1.26.5.tar\\urllib3-1.26.5\\test\\with_dummyserver\\__init__.py",
      "sha256" : "e3b0c44298fc1c149afbf4c8996fb92427ae41e4649b934ca495991b7852b855",
      "sha1" : "da39a3ee5e6b4b0d3255bfef95601890afd80709",
      "md5" : "d41d8cd98f00b204e9800998ecf8427e",
      "packageIds" : [ {
        "id" : "pkg:pypi/with-dummyserver"
      } ]
    } ],
    "evidenceCollected" : {
      "vendorEvidence" : [ ],
      "productEvidence" : [ {
        "type" : "product",
        "confidence" : "HIGHEST",
        "source" : "__init__.py",
        "name" : "PackageName",
        "value" : "dummyserver"
      } ],
      "versionEvidence" : [ ]
    },
    "packages" : [ {
      "id" : "pkg:pypi/dummyserver",
      "confidence" : "HIGHEST"
    } ]
  }, {
    "isVirtual" : false,
    "fileName" : "__init__.py",
    "filePath" : "D:\\a\\H6060-Python-UrlLib3\\H6060-Python-UrlLib3\\upstream-repository\\src\\urllib3\\util\\__init__.py",
    "md5" : "2d32f6059fec76a25de7f4ea034d5ac8",
    "sha1" : "1535ba9063b498d4cdf67e7219a35462d9bb60bf",
    "sha256" : "515fc9ee9f5bdbd7095d743ac13bc1669a490cb51e290ea672fd2fd69b65d777",
    "relatedDependencies" : [ {
      "isVirtual" : false,
      "fileName" : "urllib3-1.26.5.tar.gz: urllib3-1.26.5.tar: __init__.py",
      "filePath" : "D:\\a\\H6060-Python-UrlLib3\\H6060-Python-UrlLib3\\upstream-repository\\dist\\urllib3-1.26.5.tar.gz\\urllib3-1.26.5.tar\\urllib3-1.26.5\\src\\urllib3\\util\\__init__.py",
      "sha256" : "515fc9ee9f5bdbd7095d743ac13bc1669a490cb51e290ea672fd2fd69b65d777",
      "sha1" : "1535ba9063b498d4cdf67e7219a35462d9bb60bf",
      "md5" : "2d32f6059fec76a25de7f4ea034d5ac8",
      "packageIds" : [ {
        "id" : "pkg:pypi/util"
      } ]
    } ],
    "evidenceCollected" : {
      "vendorEvidence" : [ ],
      "productEvidence" : [ {
        "type" : "product",
        "confidence" : "HIGHEST",
        "source" : "__init__.py",
        "name" : "PackageName",
        "value" : "util"
      } ],
      "versionEvidence" : [ ]
    },
    "packages" : [ {
      "id" : "pkg:pypi/util",
      "confidence" : "HIGHEST"
    } ]
  }, {
    "isVirtual" : false,
    "fileName" : "__init__.py",
    "filePath" : "D:\\a\\H6060-Python-UrlLib3\\H6060-Python-UrlLib3\\upstream-repository\\test\\__init__.py",
    "md5" : "11c81cccc16037f560a8134968654198",
    "sha1" : "630904934f5549a04ceff84fe71f235d2c5923d1",
    "sha256" : "48a04a16fd32d95fb2b11e497c67ce5074e1ff731a07635f00ce8b3692150ce8",
    "relatedDependencies" : [ {
      "isVirtual" : false,
      "fileName" : "urllib3-1.26.5.tar.gz: urllib3-1.26.5.tar: __init__.py",
      "filePath" : "D:\\a\\H6060-Python-UrlLib3\\H6060-Python-UrlLib3\\upstream-repository\\dist\\urllib3-1.26.5.tar.gz\\urllib3-1.26.5.tar\\urllib3-1.26.5\\test\\__init__.py",
      "sha256" : "48a04a16fd32d95fb2b11e497c67ce5074e1ff731a07635f00ce8b3692150ce8",
      "sha1" : "630904934f5549a04ceff84fe71f235d2c5923d1",
      "md5" : "11c81cccc16037f560a8134968654198",
      "packageIds" : [ {
        "id" : "pkg:pypi/test"
      } ]
    } ],
    "evidenceCollected" : {
      "vendorEvidence" : [ {
        "type" : "vendor",
        "confidence" : "MEDIUM",
        "source" : "test_proxymanager.py",
        "name" : "URL",
        "value" : "http://pypi.org/project/urllib3/"
      }, {
        "type" : "vendor",
        "confidence" : "MEDIUM",
        "source" : "test_response.py",
        "name" : "URL",
        "value" : "http://example.com"
      } ],
      "productEvidence" : [ {
        "type" : "product",
        "confidence" : "HIGHEST",
        "source" : "__init__.py",
        "name" : "PackageName",
        "value" : "test"
      } ],
      "versionEvidence" : [ ]
    },
    "packages" : [ {
      "id" : "pkg:pypi/test",
      "confidence" : "HIGHEST"
    } ]
  }, {
    "isVirtual" : true,
    "fileName" : "brotlipy:0.6.0",
    "filePath" : "D:\\a\\H6060-Python-UrlLib3\\H6060-Python-UrlLib3\\upstream-repository\\requirements.txt:brotlipy/0.6.0",
    "evidenceCollected" : {
      "vendorEvidence" : [ {
        "type" : "vendor",
        "confidence" : "HIGHEST",
        "source" : "requirements.txt",
        "name" : "vendor",
        "value" : "brotlipy"
      } ],
      "productEvidence" : [ {
        "type" : "product",
        "confidence" : "HIGHEST",
        "source" : "requirements.txt",
        "name" : "product",
        "value" : "brotlipy"
      } ],
      "versionEvidence" : [ {
        "type" : "version",
        "confidence" : "HIGHEST",
        "source" : "requirements.txt",
        "name" : "version",
        "value" : "0.6.0"
      } ]
    },
    "packages" : [ {
      "id" : "pkg:pypi/brotlipy@0.6.0",
      "confidence" : "HIGHEST",
      "url" : "https://ossindex.sonatype.org/component/pkg:pypi/brotlipy@0.6.0?utm_source=dependency-check&utm_medium=integration&utm_content=10.0.3"
    } ]
  }, {
    "isVirtual" : true,
    "fileName" : "certifi:2022.5.18.1",
    "filePath" : "D:\\a\\H6060-Python-UrlLib3\\H6060-Python-UrlLib3\\upstream-repository\\requirements.txt:certifi/2022.5.18.1",
    "evidenceCollected" : {
      "vendorEvidence" : [ {
        "type" : "vendor",
        "confidence" : "HIGHEST",
        "source" : "requirements.txt",
        "name" : "vendor",
        "value" : "certifi"
      } ],
      "productEvidence" : [ {
        "type" : "product",
        "confidence" : "HIGHEST",
        "source" : "requirements.txt",
        "name" : "product",
        "value" : "certifi"
      } ],
      "versionEvidence" : [ {
        "type" : "version",
        "confidence" : "HIGHEST",
        "source" : "requirements.txt",
        "name" : "version",
        "value" : "2022.5.18.1"
      } ]
    },
    "packages" : [ {
      "id" : "pkg:pypi/certifi@2022.5.18.1",
      "confidence" : "HIGHEST",
      "url" : "https://ossindex.sonatype.org/component/pkg:pypi/certifi@2022.5.18.1?utm_source=dependency-check&utm_medium=integration&utm_content=10.0.3"
    } ],
    "vulnerabilityIds" : [ {
      "id" : "cpe:2.3:a:certifi_project:certifi:2022.5.18.1:*:*:*:*:*:*:*",
      "confidence" : "HIGHEST",
      "url" : "https://nvd.nist.gov/vuln/search/results?form_type=Advanced&results_type=overview&search_type=all&cpe_vendor=cpe%3A%2F%3Acertifi_project&cpe_product=cpe%3A%2F%3Acertifi_project%3Acertifi&cpe_version=cpe%3A%2F%3Acertifi_project%3Acertifi%3A2022.5.18.1"
    } ],
    "vulnerabilities" : [ {
      "source" : "OSSINDEX",
      "name" : "CVE-2023-37920",
      "severity" : "CRITICAL",
      "cvssv3" : {
        "baseScore" : 9.800000190734863,
        "attackVector" : "NETWORK",
        "attackComplexity" : "LOW",
        "privilegesRequired" : "NONE",
        "userInteraction" : "NONE",
        "scope" : "UNCHANGED",
        "confidentialityImpact" : "HIGH",
        "integrityImpact" : "HIGH",
        "availabilityImpact" : "HIGH",
        "baseSeverity" : "CRITICAL",
        "version" : "3.1"
      },
      "cwes" : [ "CWE-345" ],
      "description" : "Certifi is a curated collection of Root Certificates for validating the trustworthiness of SSL certificates while verifying the identity of TLS hosts. Certifi prior to version 2023.07.22 recognizes \"e-Tugra\" root certificates. e-Tugra's root certificates were subject to an investigation prompted by reporting of security issues in their systems. Certifi 2023.07.22 removes root certificates from \"e-Tugra\" from the root store.\n\nSonatype's research suggests that this CVE's details differ from those defined at NVD. See https://ossindex.sonatype.org/vulnerability/CVE-2023-37920 for details",
      "notes" : "",
      "references" : [ {
        "source" : "OSSIndex",
        "url" : "https://github.com/certifi/python-certifi/security/advisories/GHSA-xqr8-7jwr-rhp7",
        "name" : "https://github.com/certifi/python-certifi/security/advisories/GHSA-xqr8-7jwr-rhp7"
      }, {
        "source" : "OSSINDEX",
        "url" : "https://ossindex.sonatype.org/vulnerability/CVE-2023-37920?component-type=pypi&component-name=certifi&utm_source=dependency-check&utm_medium=integration&utm_content=10.0.3",
        "name" : "[CVE-2023-37920] CWE-345: Insufficient Verification of Data Authenticity"
      }, {
        "source" : "OSSIndex",
        "url" : "http://web.nvd.nist.gov/view/vuln/detail?vulnId=CVE-2023-37920",
        "name" : "http://web.nvd.nist.gov/view/vuln/detail?vulnId=CVE-2023-37920"
      } ],
      "vulnerableSoftware" : [ {
        "software" : {
          "id" : "cpe:2.3:a:*:certifi:2022.5.18.1:*:*:*:*:*:*:*",
          "vulnerabilityIdMatched" : "true"
        }
      } ]
    }, {
      "source" : "NVD",
      "name" : "CVE-2022-23491",
      "severity" : "HIGH",
      "cvssv3" : {
        "baseScore" : 7.5,
        "attackVector" : "NETWORK",
        "attackComplexity" : "LOW",
        "privilegesRequired" : "NONE",
        "userInteraction" : "NONE",
        "scope" : "UNCHANGED",
        "confidentialityImpact" : "NONE",
        "integrityImpact" : "HIGH",
        "availabilityImpact" : "NONE",
        "baseSeverity" : "HIGH",
        "exploitabilityScore" : "3.9",
        "impactScore" : "3.6",
        "version" : "3.1"
      },
      "cwes" : [ "CWE-345" ],
      "description" : "Certifi is a curated collection of Root Certificates for validating the trustworthiness of SSL certificates while verifying the identity of TLS hosts. Certifi 2022.12.07 removes root certificates from \"TrustCor\" from the root store. These are in the process of being removed from Mozilla's trust store. TrustCor's root certificates are being removed pursuant to an investigation prompted by media reporting that TrustCor's ownership also operated a business that produced spyware. Conclusions of Mozilla's investigation can be found in the linked google group discussion.",
      "notes" : "",
      "references" : [ {
        "source" : "OSSIndex",
        "url" : "https://groups.google.com/a/mozilla.org/g/dev-security-policy/c/oxX69KFvsm4/m/yLohoVqtCgAJ?pli=1",
        "name" : "https://groups.google.com/a/mozilla.org/g/dev-security-policy/c/oxX69KFvsm4/m/yLohoVqtCgAJ?pli=1"
      }, {
        "source" : "security-advisories@github.com",
        "url" : "https://groups.google.com/a/mozilla.org/g/dev-security-policy/c/oxX69KFvsm4/m/yLohoVqtCgAJ",
        "name" : "MAILING_LIST,THIRD_PARTY_ADVISORY"
      }, {
        "source" : "OSSIndex",
        "url" : "http://web.nvd.nist.gov/view/vuln/detail?vulnId=CVE-2022-23491",
        "name" : "http://web.nvd.nist.gov/view/vuln/detail?vulnId=CVE-2022-23491"
      }, {
        "source" : "security-advisories@github.com",
        "url" : "https://github.com/certifi/python-certifi/security/advisories/GHSA-43fp-rhv2-5gv8",
        "name" : "THIRD_PARTY_ADVISORY"
      }, {
        "source" : "OSSIndex",
        "url" : "https://github.com/certifi/python-certifi/security/advisories/GHSA-43fp-rhv2-5gv8",
        "name" : "https://github.com/certifi/python-certifi/security/advisories/GHSA-43fp-rhv2-5gv8"
      }, {
        "source" : "OSSINDEX",
        "url" : "https://ossindex.sonatype.org/vulnerability/CVE-2022-23491?component-type=pypi&component-name=certifi&utm_source=dependency-check&utm_medium=integration&utm_content=10.0.3",
        "name" : "[CVE-2022-23491] CWE-345: Insufficient Verification of Data Authenticity"
      } ],
      "vulnerableSoftware" : [ {
        "software" : {
          "id" : "cpe:2.3:a:certifi_project:certifi:*:*:*:*:*:*:*:*",
          "vulnerabilityIdMatched" : "true",
          "versionStartIncluding" : "2017.11.5",
          "versionEndExcluding" : "2022.12.7"
        }
      } ]
    }, {
      "source" : "OSSINDEX",
      "name" : "CVE-2024-39689",
      "severity" : "HIGH",
      "cvssv3" : {
        "baseScore" : 7.5,
        "attackVector" : "NETWORK",
        "attackComplexity" : "LOW",
        "privilegesRequired" : "NONE",
        "userInteraction" : "NONE",
        "scope" : "UNCHANGED",
        "confidentialityImpact" : "NONE",
        "integrityImpact" : "HIGH",
        "availabilityImpact" : "NONE",
        "baseSeverity" : "HIGH",
        "version" : "3.1"
      },
      "cwes" : [ "CWE-345" ],
      "description" : "Certifi is a curated collection of Root Certificates for validating the trustworthiness of SSL certificates while verifying the identity of TLS hosts. Certifi starting in 2021.05.30 and prior to 2024.07.4 recognized root certificates from `GLOBALTRUST`. Certifi 2024.07.04 removes root certificates from `GLOBALTRUST` from the root store. These are in the process of being removed from Mozilla's trust store. `GLOBALTRUST`'s root certificates are being removed pursuant to an investigation which identified \"long-running and unresolved compliance issues.\"",
      "notes" : "",
      "references" : [ {
        "source" : "OSSINDEX",
        "url" : "https://ossindex.sonatype.org/vulnerability/CVE-2024-39689?component-type=pypi&component-name=certifi&utm_source=dependency-check&utm_medium=integration&utm_content=10.0.3",
        "name" : "[CVE-2024-39689] CWE-345: Insufficient Verification of Data Authenticity"
      }, {
        "source" : "OSSIndex",
        "url" : "https://github.com/certifi/python-certifi/security/advisories/GHSA-248v-346w-9cwc",
        "name" : "https://github.com/certifi/python-certifi/security/advisories/GHSA-248v-346w-9cwc"
      }, {
        "source" : "OSSIndex",
        "url" : "http://web.nvd.nist.gov/view/vuln/detail?vulnId=CVE-2024-39689",
        "name" : "http://web.nvd.nist.gov/view/vuln/detail?vulnId=CVE-2024-39689"
      }, {
        "source" : "OSSIndex",
        "url" : "https://groups.google.com/a/mozilla.org/g/dev-security-policy/c/XpknYMPO8dI",
        "name" : "https://groups.google.com/a/mozilla.org/g/dev-security-policy/c/XpknYMPO8dI"
      } ],
      "vulnerableSoftware" : [ {
        "software" : {
          "id" : "cpe:2.3:a:*:certifi:2022.5.18.1:*:*:*:*:*:*:*",
          "vulnerabilityIdMatched" : "true"
        }
      } ]
    } ]
  }, {
    "isVirtual" : true,
    "fileName" : "cryptography:1.3.4",
    "filePath" : "D:\\a\\H6060-Python-UrlLib3\\H6060-Python-UrlLib3\\upstream-repository\\requirements.txt:cryptography/1.3.4",
    "evidenceCollected" : {
      "vendorEvidence" : [ {
        "type" : "vendor",
        "confidence" : "HIGHEST",
        "source" : "requirements.txt",
        "name" : "vendor",
        "value" : "cryptography"
      } ],
      "productEvidence" : [ {
        "type" : "product",
        "confidence" : "HIGHEST",
        "source" : "requirements.txt",
        "name" : "product",
        "value" : "cryptography"
      } ],
      "versionEvidence" : [ {
        "type" : "version",
        "confidence" : "HIGHEST",
        "source" : "requirements.txt",
        "name" : "version",
        "value" : "1.3.4"
      } ]
    },
    "packages" : [ {
      "id" : "pkg:pypi/cryptography@1.3.4",
      "confidence" : "HIGHEST",
      "url" : "https://ossindex.sonatype.org/component/pkg:pypi/cryptography@1.3.4?utm_source=dependency-check&utm_medium=integration&utm_content=10.0.3"
    } ],
    "vulnerabilityIds" : [ {
      "id" : "cpe:2.3:a:cryptography_project:cryptography:1.3.4:*:*:*:*:*:*:*",
      "confidence" : "HIGHEST",
      "url" : "https://nvd.nist.gov/vuln/search/results?form_type=Advanced&results_type=overview&search_type=all&cpe_vendor=cpe%3A%2F%3Acryptography_project&cpe_product=cpe%3A%2F%3Acryptography_project%3Acryptography&cpe_version=cpe%3A%2F%3Acryptography_project%3Acryptography%3A1.3.4"
    } ],
    "vulnerabilities" : [ {
      "source" : "NVD",
      "name" : "CVE-2020-36242",
      "severity" : "CRITICAL",
      "cvssv2" : {
        "score" : 6.4,
        "accessVector" : "NETWORK",
        "accessComplexity" : "LOW",
        "authenticationr" : "NONE",
        "confidentialityImpact" : "PARTIAL",
        "integrityImpact" : "NONE",
        "availabilityImpact" : "PARTIAL",
        "severity" : "MEDIUM",
        "version" : "2.0",
        "exploitabilityScore" : "10.0",
        "impactScore" : "4.9"
      },
      "cvssv3" : {
        "baseScore" : 9.1,
        "attackVector" : "NETWORK",
        "attackComplexity" : "LOW",
        "privilegesRequired" : "NONE",
        "userInteraction" : "NONE",
        "scope" : "UNCHANGED",
        "confidentialityImpact" : "HIGH",
        "integrityImpact" : "NONE",
        "availabilityImpact" : "HIGH",
        "baseSeverity" : "CRITICAL",
        "exploitabilityScore" : "3.9",
        "impactScore" : "5.2",
        "version" : "3.1"
      },
      "cwes" : [ "CWE-787", "CWE-190" ],
      "description" : "In the cryptography package before 3.3.2 for Python, certain sequences of update calls to symmetrically encrypt multi-GB values could result in an integer overflow and buffer overflow, as demonstrated by the Fernet class.",
      "notes" : "",
      "references" : [ {
        "source" : "cve@mitre.org",
        "url" : "https://github.com/pyca/cryptography/issues/5615",
        "name" : "EXPLOIT,PATCH,THIRD_PARTY_ADVISORY"
      }, {
        "source" : "cve@mitre.org",
        "url" : "https://github.com/pyca/cryptography/compare/3.3.1...3.3.2",
        "name" : "PATCH,THIRD_PARTY_ADVISORY"
      }, {
        "source" : "cve@mitre.org",
        "url" : "https://lists.fedoraproject.org/archives/list/package-announce%40lists.fedoraproject.org/message/L7RGQLK4J5ZQFRLKCHVVG6BKZTUQMG7E/"
      }, {
        "source" : "cve@mitre.org",
        "url" : "https://github.com/pyca/cryptography/blob/master/CHANGELOG.rst",
        "name" : "RELEASE_NOTES,THIRD_PARTY_ADVISORY"
      }, {
        "source" : "cve@mitre.org",
        "url" : "https://www.oracle.com/security-alerts/cpuapr2022.html",
        "name" : "PATCH,THIRD_PARTY_ADVISORY"
      }, {
        "source" : "cve@mitre.org",
        "url" : "https://www.oracle.com/security-alerts/cpujul2022.html",
        "name" : "PATCH,THIRD_PARTY_ADVISORY"
      } ],
      "vulnerableSoftware" : [ {
        "software" : {
          "id" : "cpe:2.3:a:cryptography_project:cryptography:*:*:*:*:*:python:*:*",
          "vulnerabilityIdMatched" : "true",
          "versionEndExcluding" : "3.3.2"
        }
      }, {
        "software" : {
          "id" : "cpe:2.3:a:oracle:communications_cloud_native_core_network_function_cloud_native_environment:1.10.0:*:*:*:*:*:*:*"
        }
      } ]
    }, {
      "source" : "OSSINDEX",
      "name" : "CVE-2016-9243",
      "severity" : "HIGH",
      "cvssv3" : {
        "baseScore" : 7.5,
        "attackVector" : "NETWORK",
        "attackComplexity" : "LOW",
        "privilegesRequired" : "NONE",
        "userInteraction" : "NONE",
        "scope" : "UNCHANGED",
        "confidentialityImpact" : "NONE",
        "integrityImpact" : "HIGH",
        "availabilityImpact" : "NONE",
        "baseSeverity" : "HIGH",
        "version" : "3.0"
      },
      "cwes" : [ "CWE-20" ],
      "description" : "HKDF in cryptography before 1.5.2 returns an empty byte-string if used with a length less than algorithm.digest_size.\n\nSonatype's research suggests that this CVE's details differ from those defined at NVD. See https://ossindex.sonatype.org/vulnerability/CVE-2016-9243 for details",
      "notes" : "",
      "references" : [ {
        "source" : "OSSIndex",
        "url" : "https://github.com/pyca/cryptography/issues/3211",
        "name" : "https://github.com/pyca/cryptography/issues/3211"
      }, {
        "source" : "OSSIndex",
        "url" : "https://cryptography.io/en/latest/changelog/#v1-5-3",
        "name" : "https://cryptography.io/en/latest/changelog/#v1-5-3"
      }, {
        "source" : "OSSINDEX",
        "url" : "https://ossindex.sonatype.org/vulnerability/CVE-2016-9243?component-type=pypi&component-name=cryptography&utm_source=dependency-check&utm_medium=integration&utm_content=10.0.3",
        "name" : "[CVE-2016-9243] CWE-20: Improper Input Validation"
      }, {
        "source" : "OSSIndex",
        "url" : "http://web.nvd.nist.gov/view/vuln/detail?vulnId=CVE-2016-9243",
        "name" : "http://web.nvd.nist.gov/view/vuln/detail?vulnId=CVE-2016-9243"
      } ],
      "vulnerableSoftware" : [ {
        "software" : {
          "id" : "cpe:2.3:a:*:cryptography:1.3.4:*:*:*:*:*:*:*",
          "vulnerabilityIdMatched" : "true"
        }
      } ]
    }, {
      "source" : "OSSINDEX",
      "name" : "CVE-2020-25659",
      "severity" : "MEDIUM",
      "cvssv3" : {
        "baseScore" : 5.900000095367432,
        "attackVector" : "NETWORK",
        "attackComplexity" : "HIGH",
        "privilegesRequired" : "NONE",
        "userInteraction" : "NONE",
        "scope" : "UNCHANGED",
        "confidentialityImpact" : "HIGH",
        "integrityImpact" : "NONE",
        "availabilityImpact" : "NONE",
        "baseSeverity" : "MEDIUM",
        "version" : "3.1"
      },
      "cwes" : [ "CWE-Other" ],
      "description" : "python-cryptography 3.2 is vulnerable to Bleichenbacher timing attacks in the RSA decryption API, via timed processing of valid PKCS#1 v1.5 ciphertext.\n\nSonatype's research suggests that this CVE's details differ from those defined at NVD. See https://ossindex.sonatype.org/vulnerability/CVE-2020-25659 for details",
      "notes" : "",
      "references" : [ {
        "source" : "OSSIndex",
        "url" : "https://github.com/pyca/cryptography/security/advisories/GHSA-hggm-jpg3-v476",
        "name" : "https://github.com/pyca/cryptography/security/advisories/GHSA-hggm-jpg3-v476"
      }, {
        "source" : "OSSINDEX",
        "url" : "https://ossindex.sonatype.org/vulnerability/CVE-2020-25659?component-type=pypi&component-name=cryptography&utm_source=dependency-check&utm_medium=integration&utm_content=10.0.3",
        "name" : "[CVE-2020-25659] CWE-Other"
      }, {
        "source" : "OSSIndex",
        "url" : "https://bugzilla.redhat.com/show_bug.cgi?id=1889988",
        "name" : "https://bugzilla.redhat.com/show_bug.cgi?id=1889988"
      }, {
        "source" : "OSSIndex",
        "url" : "http://web.nvd.nist.gov/view/vuln/detail?vulnId=CVE-2020-25659",
        "name" : "http://web.nvd.nist.gov/view/vuln/detail?vulnId=CVE-2020-25659"
      } ],
      "vulnerableSoftware" : [ {
        "software" : {
          "id" : "cpe:2.3:a:*:cryptography:1.3.4:*:*:*:*:*:*:*",
          "vulnerabilityIdMatched" : "true"
        }
      } ]
    } ]
  }, {
    "isVirtual" : true,
    "fileName" : "furo",
    "filePath" : "D:\\a\\H6060-Python-UrlLib3\\H6060-Python-UrlLib3\\upstream-repository\\dist\\urllib3-1.26.5.tar.gz\\urllib3-1.26.5.tar\\urllib3-1.26.5\\docs\\requirements.txt:furo/null",
    "evidenceCollected" : {
      "vendorEvidence" : [ {
        "type" : "vendor",
        "confidence" : "HIGHEST",
        "source" : "requirements.txt",
        "name" : "vendor",
        "value" : "furo"
      } ],
      "productEvidence" : [ {
        "type" : "product",
        "confidence" : "HIGHEST",
        "source" : "requirements.txt",
        "name" : "product",
        "value" : "furo"
      } ],
      "versionEvidence" : [ {
        "type" : "version",
        "confidence" : "HIGHEST",
        "source" : "requirements.txt",
        "name" : "version",
        "value" : "$enc.json($evidence.getValue().trim())"
      } ]
    },
    "packages" : [ {
      "id" : "pkg:pypi/furo",
      "confidence" : "HIGHEST"
    } ]
  }, {
    "isVirtual" : true,
    "fileName" : "furo",
    "filePath" : "D:\\a\\H6060-Python-UrlLib3\\H6060-Python-UrlLib3\\upstream-repository\\docs\\requirements.txt:furo/null",
    "evidenceCollected" : {
      "vendorEvidence" : [ {
        "type" : "vendor",
        "confidence" : "HIGHEST",
        "source" : "requirements.txt",
        "name" : "vendor",
        "value" : "furo"
      } ],
      "productEvidence" : [ {
        "type" : "product",
        "confidence" : "HIGHEST",
        "source" : "requirements.txt",
        "name" : "product",
        "value" : "furo"
      } ],
      "versionEvidence" : [ {
        "type" : "version",
        "confidence" : "HIGHEST",
        "source" : "requirements.txt",
        "name" : "version",
        "value" : "$enc.json($evidence.getValue().trim())"
      } ]
    },
    "packages" : [ {
      "id" : "pkg:pypi/furo",
      "confidence" : "HIGHEST"
    } ]
  }, {
    "isVirtual" : true,
    "fileName" : "idna:2.0.0",
    "filePath" : "D:\\a\\H6060-Python-UrlLib3\\H6060-Python-UrlLib3\\upstream-repository\\requirements.txt:idna/2.0.0",
    "evidenceCollected" : {
      "vendorEvidence" : [ {
        "type" : "vendor",
        "confidence" : "HIGHEST",
        "source" : "requirements.txt",
        "name" : "vendor",
        "value" : "idna"
      } ],
      "productEvidence" : [ {
        "type" : "product",
        "confidence" : "HIGHEST",
        "source" : "requirements.txt",
        "name" : "product",
        "value" : "idna"
      } ],
      "versionEvidence" : [ {
        "type" : "version",
        "confidence" : "HIGHEST",
        "source" : "requirements.txt",
        "name" : "version",
        "value" : "2.0.0"
      } ]
    },
    "packages" : [ {
      "id" : "pkg:pypi/idna@2.0.0",
      "confidence" : "HIGHEST",
      "url" : "https://ossindex.sonatype.org/component/pkg:pypi/idna@2.0.0?utm_source=dependency-check&utm_medium=integration&utm_content=10.0.3"
    } ]
  }, {
    "isVirtual" : false,
    "fileName" : "packages:1.16.0",
    "filePath" : "D:\\a\\H6060-Python-UrlLib3\\H6060-Python-UrlLib3\\upstream-repository\\src\\urllib3\\packages\\__init__.py",
    "md5" : "01cc5ef2495fc85c9cde2a69a785dd70",
    "sha1" : "2d39a937cb106f4d168cb185ed97f8f883ce7e70",
    "sha256" : "16c388547a81141953dd7c599da0f9cb6caad26bed570998e24baddc611f7012",
    "relatedDependencies" : [ {
      "isVirtual" : false,
      "fileName" : "packages:1.16.0",
      "filePath" : "D:\\a\\H6060-Python-UrlLib3\\H6060-Python-UrlLib3\\upstream-repository\\dist\\urllib3-1.26.5.tar.gz\\urllib3-1.26.5.tar\\urllib3-1.26.5\\src\\urllib3\\packages\\__init__.py",
      "sha256" : "16c388547a81141953dd7c599da0f9cb6caad26bed570998e24baddc611f7012",
      "sha1" : "2d39a937cb106f4d168cb185ed97f8f883ce7e70",
      "md5" : "01cc5ef2495fc85c9cde2a69a785dd70",
      "packageIds" : [ {
        "id" : "pkg:pypi/packages@1.16.0",
        "url" : "https://ossindex.sonatype.org/component/pkg:pypi/packages@1.16.0?utm_source=dependency-check&utm_medium=integration&utm_content=10.0.3"
      } ]
    } ],
    "evidenceCollected" : {
      "vendorEvidence" : [ {
        "type" : "vendor",
        "confidence" : "MEDIUM",
        "source" : "six.py",
        "name" : "SourceAuthor",
        "value" : "Benjamin Peterson <benjamin@python.org>"
      } ],
      "productEvidence" : [ {
        "type" : "product",
        "confidence" : "HIGHEST",
        "source" : "__init__.py",
        "name" : "PackageName",
        "value" : "packages"
      } ],
      "versionEvidence" : [ {
        "type" : "version",
        "confidence" : "MEDIUM",
        "source" : "six.py",
        "name" : "SourceVersion",
        "value" : "1.16.0"
      } ]
    },
    "packages" : [ {
      "id" : "pkg:pypi/packages@1.16.0",
      "confidence" : "HIGHEST",
      "url" : "https://ossindex.sonatype.org/component/pkg:pypi/packages@1.16.0?utm_source=dependency-check&utm_medium=integration&utm_content=10.0.3"
    } ]
  }, {
    "isVirtual" : true,
    "fileName" : "pyOpenSSL:0.14",
    "filePath" : "D:\\a\\H6060-Python-UrlLib3\\H6060-Python-UrlLib3\\upstream-repository\\requirements.txt:pyOpenSSL/0.14",
    "evidenceCollected" : {
      "vendorEvidence" : [ {
        "type" : "vendor",
        "confidence" : "HIGHEST",
        "source" : "requirements.txt",
        "name" : "vendor",
        "value" : "pyOpenSSL"
      } ],
      "productEvidence" : [ {
        "type" : "product",
        "confidence" : "HIGHEST",
        "source" : "requirements.txt",
        "name" : "product",
        "value" : "pyOpenSSL"
      } ],
      "versionEvidence" : [ {
        "type" : "version",
        "confidence" : "HIGHEST",
        "source" : "requirements.txt",
        "name" : "version",
        "value" : "0.14"
      } ]
    },
    "packages" : [ {
      "id" : "pkg:pypi/pyopenssl@0.14",
      "confidence" : "HIGHEST",
      "url" : "https://ossindex.sonatype.org/component/pkg:pypi/pyopenssl@0.14?utm_source=dependency-check&utm_medium=integration&utm_content=10.0.3"
    } ],
    "vulnerabilityIds" : [ {
      "id" : "cpe:2.3:a:pyopenssl:pyopenssl:0.14:*:*:*:*:*:*:*",
      "confidence" : "LOW"
    }, {
      "id" : "cpe:2.3:a:pyopenssl_project:pyopenssl:0.14:*:*:*:*:*:*:*",
      "confidence" : "LOW"
    } ],
    "vulnerabilities" : [ {
      "source" : "NVD",
      "name" : "CVE-2018-1000807",
      "severity" : "HIGH",
      "cvssv2" : {
        "score" : 6.8,
        "accessVector" : "NETWORK",
        "accessComplexity" : "MEDIUM",
        "authenticationr" : "NONE",
        "confidentialityImpact" : "PARTIAL",
        "integrityImpact" : "PARTIAL",
        "availabilityImpact" : "PARTIAL",
        "severity" : "MEDIUM",
        "version" : "2.0",
        "exploitabilityScore" : "8.6",
        "impactScore" : "6.4"
      },
      "cvssv3" : {
        "baseScore" : 8.1,
        "attackVector" : "NETWORK",
        "attackComplexity" : "HIGH",
        "privilegesRequired" : "NONE",
        "userInteraction" : "NONE",
        "scope" : "UNCHANGED",
        "confidentialityImpact" : "HIGH",
        "integrityImpact" : "HIGH",
        "availabilityImpact" : "HIGH",
        "baseSeverity" : "HIGH",
        "exploitabilityScore" : "2.2",
        "impactScore" : "5.9",
        "version" : "3.1"
      },
      "cwes" : [ "CWE-416" ],
      "description" : "Python Cryptographic Authority pyopenssl version prior to version 17.5.0 contains a CWE-416: Use After Free vulnerability in X509 object handling that can result in Use after free can lead to possible denial of service or remote code execution.. This attack appear to be exploitable via Depends on the calling application and if it retains a reference to the memory.. This vulnerability appears to have been fixed in 17.5.0.",
      "notes" : "",
      "references" : [ {
        "source" : "cve@mitre.org",
        "url" : "http://lists.opensuse.org/opensuse-security-announce/2019-04/msg00014.html",
        "name" : "MAILING_LIST,THIRD_PARTY_ADVISORY"
      }, {
        "source" : "cve@mitre.org",
        "url" : "https://access.redhat.com/errata/RHSA-2019:0085",
        "name" : "THIRD_PARTY_ADVISORY"
      }, {
        "source" : "cve@mitre.org",
        "url" : "https://github.com/pyca/pyopenssl/commit/e73818600065821d588af475b024f4eb518c3509"
      }, {
        "source" : "cve@mitre.org",
        "url" : "https://github.com/pyca/pyopenssl/pull/723",
        "name" : "PATCH,THIRD_PARTY_ADVISORY"
      }, {
        "source" : "cve@mitre.org",
        "url" : "https://usn.ubuntu.com/3813-1/",
        "name" : "THIRD_PARTY_ADVISORY"
      } ],
      "vulnerableSoftware" : [ {
        "software" : {
          "id" : "cpe:2.3:a:pyopenssl:pyopenssl:*:*:*:*:*:*:*:*",
          "vulnerabilityIdMatched" : "true",
          "versionEndExcluding" : "17.5.0"
        }
      }, {
        "software" : {
          "id" : "cpe:2.3:a:redhat:openstack:13:*:*:*:*:*:*:*"
        }
      } ]
    }, {
      "source" : "NVD",
      "name" : "CVE-2018-1000808",
      "severity" : "MEDIUM",
      "cvssv2" : {
        "score" : 4.3,
        "accessVector" : "NETWORK",
        "accessComplexity" : "MEDIUM",
        "authenticationr" : "NONE",
        "confidentialityImpact" : "NONE",
        "integrityImpact" : "NONE",
        "availabilityImpact" : "PARTIAL",
        "severity" : "MEDIUM",
        "version" : "2.0",
        "exploitabilityScore" : "8.6",
        "impactScore" : "2.9"
      },
      "cvssv3" : {
        "baseScore" : 5.9,
        "attackVector" : "NETWORK",
        "attackComplexity" : "HIGH",
        "privilegesRequired" : "NONE",
        "userInteraction" : "NONE",
        "scope" : "UNCHANGED",
        "confidentialityImpact" : "NONE",
        "integrityImpact" : "NONE",
        "availabilityImpact" : "HIGH",
        "baseSeverity" : "MEDIUM",
        "exploitabilityScore" : "2.2",
        "impactScore" : "3.6",
        "version" : "3.0"
      },
      "cwes" : [ "CWE-404" ],
      "description" : "Python Cryptographic Authority pyopenssl version Before 17.5.0 contains a CWE - 401 : Failure to Release Memory Before Removing Last Reference vulnerability in PKCS #12 Store that can result in Denial of service if memory runs low or is exhausted. This attack appear to be exploitable via Depends upon calling application, however it could be as simple as initiating a TLS connection. Anything that would cause the calling application to reload certificates from a PKCS #12 store.. This vulnerability appears to have been fixed in 17.5.0.",
      "notes" : "",
      "references" : [ {
        "source" : "cve@mitre.org",
        "url" : "https://access.redhat.com/errata/RHSA-2019:0085",
        "name" : "THIRD_PARTY_ADVISORY"
      }, {
        "source" : "cve@mitre.org",
        "url" : "http://lists.opensuse.org/opensuse-security-announce/2019-04/msg00014.html"
      }, {
        "source" : "cve@mitre.org",
        "url" : "https://github.com/pyca/pyopenssl/pull/723",
        "name" : "PATCH,THIRD_PARTY_ADVISORY"
      }, {
        "source" : "OSSINDEX",
        "url" : "https://ossindex.sonatype.org/vulnerability/CVE-2018-1000808?component-type=pypi&component-name=pyopenssl&utm_source=dependency-check&utm_medium=integration&utm_content=10.0.3",
        "name" : "[CVE-2018-1000808] CWE-404: Improper Resource Shutdown or Release"
      }, {
        "source" : "OSSIndex",
        "url" : "http://web.nvd.nist.gov/view/vuln/detail?vulnId=CVE-2018-1000808",
        "name" : "http://web.nvd.nist.gov/view/vuln/detail?vulnId=CVE-2018-1000808"
      }, {
        "source" : "cve@mitre.org",
        "url" : "https://usn.ubuntu.com/3813-1/",
        "name" : "THIRD_PARTY_ADVISORY"
      }, {
        "source" : "OSSIndex",
        "url" : "https://github.com/pyca/pyopenssl/pull/723",
        "name" : "https://github.com/pyca/pyopenssl/pull/723"
      } ],
      "vulnerableSoftware" : [ {
        "software" : {
          "id" : "cpe:2.3:a:pyopenssl_project:pyopenssl:*:*:*:*:*:*:*:*",
          "vulnerabilityIdMatched" : "true",
          "versionEndExcluding" : "17.5.0"
        }
      }, {
        "software" : {
          "id" : "cpe:2.3:a:redhat:gluster_storage:3.0:*:*:*:*:*:*:*"
        }
      }, {
        "software" : {
          "id" : "cpe:2.3:a:redhat:openstack:13:*:*:*:*:*:*:*"
        }
      } ]
    } ]
  }, {
    "isVirtual" : true,
    "fileName" : "requests>=2,<2.16",
    "filePath" : "D:\\a\\H6060-Python-UrlLib3\\H6060-Python-UrlLib3\\upstream-repository\\dist\\urllib3-1.26.5.tar.gz\\urllib3-1.26.5.tar\\urllib3-1.26.5\\docs\\requirements.txt:requests>=2,<2.16/null",
    "evidenceCollected" : {
      "vendorEvidence" : [ {
        "type" : "vendor",
        "confidence" : "HIGHEST",
        "source" : "requirements.txt",
        "name" : "vendor",
        "value" : "requests>=2,<2.16"
      } ],
      "productEvidence" : [ {
        "type" : "product",
        "confidence" : "HIGHEST",
        "source" : "requirements.txt",
        "name" : "product",
        "value" : "requests>=2,<2.16"
      } ],
      "versionEvidence" : [ {
        "type" : "version",
        "confidence" : "HIGHEST",
        "source" : "requirements.txt",
        "name" : "version",
        "value" : "$enc.json($evidence.getValue().trim())"
      } ]
    },
    "packages" : [ {
      "id" : "pkg:pypi/requests%3E%3D2%2C%3C2.16",
      "confidence" : "HIGHEST"
    } ]
  }, {
    "isVirtual" : true,
    "fileName" : "requests>=2,<2.16",
    "filePath" : "D:\\a\\H6060-Python-UrlLib3\\H6060-Python-UrlLib3\\upstream-repository\\docs\\requirements.txt:requests>=2,<2.16/null",
    "evidenceCollected" : {
      "vendorEvidence" : [ {
        "type" : "vendor",
        "confidence" : "HIGHEST",
        "source" : "requirements.txt",
        "name" : "vendor",
        "value" : "requests>=2,<2.16"
      } ],
      "productEvidence" : [ {
        "type" : "product",
        "confidence" : "HIGHEST",
        "source" : "requirements.txt",
        "name" : "product",
        "value" : "requests>=2,<2.16"
      } ],
      "versionEvidence" : [ {
        "type" : "version",
        "confidence" : "HIGHEST",
        "source" : "requirements.txt",
        "name" : "version",
        "value" : "$enc.json($evidence.getValue().trim())"
      } ]
    },
    "packages" : [ {
      "id" : "pkg:pypi/requests%3E%3D2%2C%3C2.16",
      "confidence" : "HIGHEST"
    } ]
  }, {
    "isVirtual" : true,
    "fileName" : "sphinx>3.0.0",
    "filePath" : "D:\\a\\H6060-Python-UrlLib3\\H6060-Python-UrlLib3\\upstream-repository\\dist\\urllib3-1.26.5.tar.gz\\urllib3-1.26.5.tar\\urllib3-1.26.5\\docs\\requirements.txt:sphinx>3.0.0/null",
    "evidenceCollected" : {
      "vendorEvidence" : [ {
        "type" : "vendor",
        "confidence" : "HIGHEST",
        "source" : "requirements.txt",
        "name" : "vendor",
        "value" : "sphinx>3.0.0"
      } ],
      "productEvidence" : [ {
        "type" : "product",
        "confidence" : "HIGHEST",
        "source" : "requirements.txt",
        "name" : "product",
        "value" : "sphinx>3.0.0"
      } ],
      "versionEvidence" : [ {
        "type" : "version",
        "confidence" : "HIGHEST",
        "source" : "requirements.txt",
        "name" : "version",
        "value" : "$enc.json($evidence.getValue().trim())"
      } ]
    },
    "packages" : [ {
      "id" : "pkg:pypi/sphinx%3E3.0.0",
      "confidence" : "HIGHEST"
    } ]
  }, {
    "isVirtual" : true,
    "fileName" : "sphinx>3.0.0",
    "filePath" : "D:\\a\\H6060-Python-UrlLib3\\H6060-Python-UrlLib3\\upstream-repository\\docs\\requirements.txt:sphinx>3.0.0/null",
    "evidenceCollected" : {
      "vendorEvidence" : [ {
        "type" : "vendor",
        "confidence" : "HIGHEST",
        "source" : "requirements.txt",
        "name" : "vendor",
        "value" : "sphinx>3.0.0"
      } ],
      "productEvidence" : [ {
        "type" : "product",
        "confidence" : "HIGHEST",
        "source" : "requirements.txt",
        "name" : "product",
        "value" : "sphinx>3.0.0"
      } ],
      "versionEvidence" : [ {
        "type" : "version",
        "confidence" : "HIGHEST",
        "source" : "requirements.txt",
        "name" : "version",
        "value" : "$enc.json($evidence.getValue().trim())"
      } ]
    },
    "packages" : [ {
      "id" : "pkg:pypi/sphinx%3E3.0.0",
      "confidence" : "HIGHEST"
    } ]
  }, {
    "isVirtual" : false,
    "fileName" : "ssl_match_hostname:3.5.0.1",
    "filePath" : "D:\\a\\H6060-Python-UrlLib3\\H6060-Python-UrlLib3\\upstream-repository\\src\\urllib3\\packages\\ssl_match_hostname\\__init__.py",
    "md5" : "9abbb59d89be133f0946b96f1173782c",
    "sha1" : "7d304c7aa0f66872c81b99dde8dbe6a56333d9b3",
    "sha256" : "77e4f2c37eea6ef55d72371517858b62233b01768ea48837f3a0b63f6b81e4ab",
    "relatedDependencies" : [ {
      "isVirtual" : false,
      "fileName" : "ssl_match_hostname:3.5.0.1",
      "filePath" : "D:\\a\\H6060-Python-UrlLib3\\H6060-Python-UrlLib3\\upstream-repository\\dist\\urllib3-1.26.5.tar.gz\\urllib3-1.26.5.tar\\urllib3-1.26.5\\src\\urllib3\\packages\\ssl_match_hostname\\__init__.py",
      "sha256" : "77e4f2c37eea6ef55d72371517858b62233b01768ea48837f3a0b63f6b81e4ab",
      "sha1" : "7d304c7aa0f66872c81b99dde8dbe6a56333d9b3",
      "md5" : "9abbb59d89be133f0946b96f1173782c",
      "packageIds" : [ {
        "id" : "pkg:pypi/ssl-match-hostname@3.5.0.1",
        "url" : "https://ossindex.sonatype.org/component/pkg:pypi/ssl-match-hostname@3.5.0.1?utm_source=dependency-check&utm_medium=integration&utm_content=10.0.3"
      } ]
    } ],
    "evidenceCollected" : {
      "vendorEvidence" : [ ],
      "productEvidence" : [ {
        "type" : "product",
        "confidence" : "HIGHEST",
        "source" : "__init__.py",
        "name" : "PackageName",
        "value" : "ssl_match_hostname"
      } ],
      "versionEvidence" : [ {
        "type" : "version",
        "confidence" : "MEDIUM",
        "source" : "_implementation.py",
        "name" : "SourceVersion",
        "value" : "3.5.0.1"
      } ]
    },
    "packages" : [ {
      "id" : "pkg:pypi/ssl-match-hostname@3.5.0.1",
      "confidence" : "HIGHEST",
      "url" : "https://ossindex.sonatype.org/component/pkg:pypi/ssl-match-hostname@3.5.0.1?utm_source=dependency-check&utm_medium=integration&utm_content=10.0.3"
    } ]
  }, {
    "isVirtual" : false,
    "fileName" : "urllib3-1.26.5.tar.gz: urllib3-1.26.5.tar: PKG-INFO",
    "filePath" : "D:\\a\\H6060-Python-UrlLib3\\H6060-Python-UrlLib3\\upstream-repository\\dist\\urllib3-1.26.5.tar.gz\\urllib3-1.26.5.tar\\urllib3-1.26.5\\PKG-INFO",
    "md5" : "d88bb62cbca6e3ed71378469044883ac",
    "sha1" : "8ab97f1f52a3bd6540dba64c6d0a06d7f5a6b90e",
    "sha256" : "06595eb9dc40e303ea81c17367fe4daea67b0591ce2016a15b3b2af715a2f025",
    "relatedDependencies" : [ {
      "isVirtual" : false,
      "fileName" : "urllib3:1.26.5",
      "filePath" : "D:\\a\\H6060-Python-UrlLib3\\H6060-Python-UrlLib3\\upstream-repository\\dist\\urllib3-1.26.5.tar.gz\\urllib3-1.26.5.tar\\urllib3-1.26.5\\src\\urllib3.egg-info\\PKG-INFO",
      "sha256" : "06595eb9dc40e303ea81c17367fe4daea67b0591ce2016a15b3b2af715a2f025",
      "sha1" : "8ab97f1f52a3bd6540dba64c6d0a06d7f5a6b90e",
      "md5" : "d88bb62cbca6e3ed71378469044883ac",
      "packageIds" : [ {
        "id" : "pkg:pypi/urllib3@1.26.5",
        "url" : "https://ossindex.sonatype.org/component/pkg:pypi/urllib3@1.26.5?utm_source=dependency-check&utm_medium=integration&utm_content=10.0.3"
      } ]
    } ],
    "evidenceCollected" : {
      "vendorEvidence" : [ ],
      "productEvidence" : [ ],
      "versionEvidence" : [ ]
    }
  }, {
    "isVirtual" : false,
    "fileName" : "urllib3-1.26.5.tar.gz: urllib3-1.26.5.tar: requirements.txt",
    "filePath" : "D:\\a\\H6060-Python-UrlLib3\\H6060-Python-UrlLib3\\upstream-repository\\dist\\urllib3-1.26.5.tar.gz\\urllib3-1.26.5.tar\\urllib3-1.26.5\\docs\\requirements.txt",
    "md5" : "9763d8130cc9ce22a942bc7846ddf94a",
    "sha1" : "47bf098f66f64e37a575f10f4e309fa7ce908e4b",
    "sha256" : "a8dad6a86d59e8ce9f8583a59fd0f37cbdb1ba01bd73dab04759f98f5ac88590",
    "evidenceCollected" : {
      "vendorEvidence" : [ {
        "type" : "vendor",
        "confidence" : "HIGH",
        "source" : "file",
        "name" : "name",
        "value" : "requirements"
      } ],
      "productEvidence" : [ {
        "type" : "product",
        "confidence" : "HIGH",
        "source" : "file",
        "name" : "name",
        "value" : "requirements"
      } ],
      "versionEvidence" : [ ]
    }
  }, {
    "isVirtual" : false,
    "fileName" : "urllib3:1.26.5",
    "filePath" : "D:\\a\\H6060-Python-UrlLib3\\H6060-Python-UrlLib3\\upstream-repository\\dist\\urllib3-1.26.5-py2.py3-none-any.whl",
    "md5" : "3db29d48325250dde58d1b635c8d28ac",
    "sha1" : "b09d9f475acf3219f8721ed63cae52034f5c9e33",
    "sha256" : "b9a40d9eb4529a05ca16bf9b8994599150c62b4f118617f1f2cd39001e130018",
    "description" : "HTTP library with thread-safe connection pooling, file post, and more.",
    "evidenceCollected" : {
      "vendorEvidence" : [ {
        "type" : "vendor",
        "confidence" : "HIGH",
        "source" : "file",
        "name" : "name",
        "value" : "urllib3"
      }, {
        "type" : "vendor",
        "confidence" : "LOW",
        "source" : "METADATA",
        "name" : "Author",
        "value" : "Andrey Petrov"
      }, {
        "type" : "vendor",
        "confidence" : "HIGHEST",
        "source" : "METADATA",
        "name" : "Name",
        "value" : "urllib3"
      }, {
        "type" : "vendor",
        "confidence" : "MEDIUM",
        "source" : "METADATA",
        "name" : "vendor",
        "value" : "https://urllib3.readthedocs.io/"
      } ],
      "productEvidence" : [ {
        "type" : "product",
        "confidence" : "HIGH",
        "source" : "file",
        "name" : "name",
        "value" : "urllib3"
      }, {
        "type" : "product",
        "confidence" : "HIGHEST",
        "source" : "METADATA",
        "name" : "Name",
        "value" : "urllib3"
      } ],
      "versionEvidence" : [ {
        "type" : "version",
        "confidence" : "HIGH",
        "source" : "file",
        "name" : "version",
        "value" : "1.26.5"
      }, {
        "type" : "version",
        "confidence" : "HIGHEST",
        "source" : "METADATA",
        "name" : "Version",
        "value" : "1.26.5"
      } ]
    },
    "packages" : [ {
      "id" : "pkg:pypi/urllib3@1.26.5",
      "confidence" : "HIGHEST",
      "url" : "https://ossindex.sonatype.org/component/pkg:pypi/urllib3@1.26.5?utm_source=dependency-check&utm_medium=integration&utm_content=10.0.3"
    } ],
    "vulnerabilities" : [ {
      "source" : "OSSINDEX",
      "name" : "CVE-2023-43804",
      "severity" : "HIGH",
      "cvssv3" : {
        "baseScore" : 8.100000381469727,
        "attackVector" : "NETWORK",
        "attackComplexity" : "LOW",
        "privilegesRequired" : "LOW",
        "userInteraction" : "NONE",
        "scope" : "UNCHANGED",
        "confidentialityImpact" : "HIGH",
        "integrityImpact" : "HIGH",
        "availabilityImpact" : "NONE",
        "baseSeverity" : "HIGH",
        "version" : "3.1"
      },
      "cwes" : [ "CWE-200" ],
      "description" : "urllib3 is a user-friendly HTTP client library for Python. urllib3 doesn't treat the `Cookie` HTTP header special or provide any helpers for managing cookies over HTTP, that is the responsibility of the user. However, it is possible for a user to specify a `Cookie` header and unknowingly leak information via HTTP redirects to a different origin if that user doesn't disable redirects explicitly. This issue has been patched in urllib3 version 1.26.17 or 2.0.5.",
      "notes" : "",
      "references" : [ {
        "source" : "OSSIndex",
        "url" : "http://web.nvd.nist.gov/view/vuln/detail?vulnId=CVE-2023-43804",
        "name" : "http://web.nvd.nist.gov/view/vuln/detail?vulnId=CVE-2023-43804"
      }, {
        "source" : "OSSINDEX",
        "url" : "https://ossindex.sonatype.org/vulnerability/CVE-2023-43804?component-type=pypi&component-name=urllib3&utm_source=dependency-check&utm_medium=integration&utm_content=10.0.3",
        "name" : "[CVE-2023-43804] CWE-200: Information Exposure"
      }, {
        "source" : "OSSIndex",
        "url" : "https://github.com/advisories/GHSA-v845-jxx5-vc9f",
        "name" : "https://github.com/advisories/GHSA-v845-jxx5-vc9f"
      } ],
      "vulnerableSoftware" : [ {
        "software" : {
          "id" : "cpe:2.3:a:*:urllib3:1.26.5:*:*:*:*:*:*:*",
          "vulnerabilityIdMatched" : "true"
        }
      } ]
    }, {
      "source" : "OSSINDEX",
      "name" : "CVE-2023-45803",
      "severity" : "MEDIUM",
      "cvssv3" : {
        "baseScore" : 4.199999809265137,
        "attackVector" : "ADJACENT_NETWORK",
        "attackComplexity" : "HIGH",
        "privilegesRequired" : "HIGH",
        "userInteraction" : "NONE",
        "scope" : "UNCHANGED",
        "confidentialityImpact" : "HIGH",
        "integrityImpact" : "NONE",
        "availabilityImpact" : "NONE",
        "baseSeverity" : "MEDIUM",
        "version" : "3.1"
      },
      "cwes" : [ "CWE-200" ],
      "description" : "urllib3 is a user-friendly HTTP client library for Python. urllib3 previously wouldn't remove the HTTP request body when an HTTP redirect response using status 301, 302, or 303 after the request had its method changed from one that could accept a request body (like `POST`) to `GET` as is required by HTTP RFCs. Although this behavior is not specified in the section for redirects, it can be inferred by piecing together information from different sections and we have observed the behavior in other major HTTP client implementations like curl and web browsers. Because the vulnerability requires a previously trusted service to become compromised in order to have an impact on confidentiality we believe the exploitability of this vulnerability is low. Additionally, many users aren't putting sensitive data in HTTP request bodies, if this is the case then this vulnerability isn't exploitable. Both of the following conditions must be true to be affected by this vulnerability: 1. Using urllib3 and submitting sensitive information in the HTTP request body (such as form data or JSON) and 2. The origin service is compromised and starts redirecting using 301, 302, or 303 to a malicious peer or the redirected-to service becomes compromised. This issue has been addressed in versions 1.26.18 and 2.0.7 and users are advised to update to resolve this issue. Users unable to update should disable redirects for services that aren't expecting to respond with redirects with `redirects=False` and disable automatic redirects with `redirects=False` and handle 301, 302, and 303 redirects manually by stripping the HTTP request body.\n\n\nSonatype's research suggests that this CVE's details differ from those defined at NVD. See https://ossindex.sonatype.org/vulnerability/CVE-2023-45803 for details",
      "notes" : "",
      "references" : [ {
        "source" : "OSSIndex",
        "url" : "https://github.com/advisories/GHSA-g4mx-q9vg-27p4",
        "name" : "https://github.com/advisories/GHSA-g4mx-q9vg-27p4"
      }, {
        "source" : "OSSINDEX",
        "url" : "https://ossindex.sonatype.org/vulnerability/CVE-2023-45803?component-type=pypi&component-name=urllib3&utm_source=dependency-check&utm_medium=integration&utm_content=10.0.3",
        "name" : "[CVE-2023-45803] CWE-200: Information Exposure"
      }, {
        "source" : "OSSIndex",
        "url" : "http://web.nvd.nist.gov/view/vuln/detail?vulnId=CVE-2023-45803",
        "name" : "http://web.nvd.nist.gov/view/vuln/detail?vulnId=CVE-2023-45803"
      } ],
      "vulnerableSoftware" : [ {
        "software" : {
          "id" : "cpe:2.3:a:*:urllib3:1.26.5:*:*:*:*:*:*:*",
          "vulnerabilityIdMatched" : "true"
        }
      } ]
    } ]
  }, {
    "isVirtual" : false,
    "fileName" : "urllib3:1.26.5",
    "filePath" : "D:\\a\\H6060-Python-UrlLib3\\H6060-Python-UrlLib3\\upstream-repository\\src\\urllib3\\__init__.py",
    "md5" : "60736af58dc765e30982184d5875b0e7",
    "sha1" : "d128795f59be545f86ebe00c3512d359316b3bc4",
    "sha256" : "1732eac9c74a842cd2c6360e3d35f9d03dea7f495309ee9481f65dc13f8b8bba",
    "description" : "\r\nPython HTTP library with thread-safe connection pooling, file post support, user friendly, and more\r\n",
    "relatedDependencies" : [ {
      "isVirtual" : false,
      "fileName" : "urllib3:1.26.5",
      "filePath" : "D:\\a\\H6060-Python-UrlLib3\\H6060-Python-UrlLib3\\upstream-repository\\dist\\urllib3-1.26.5.tar.gz\\urllib3-1.26.5.tar\\urllib3-1.26.5\\src\\urllib3\\__init__.py",
      "sha256" : "1732eac9c74a842cd2c6360e3d35f9d03dea7f495309ee9481f65dc13f8b8bba",
      "sha1" : "d128795f59be545f86ebe00c3512d359316b3bc4",
      "md5" : "60736af58dc765e30982184d5875b0e7",
      "packageIds" : [ {
        "id" : "pkg:pypi/urllib3"
      }, {
        "id" : "pkg:pypi/urllib3@1.26.5",
        "url" : "https://ossindex.sonatype.org/component/pkg:pypi/urllib3@1.26.5?utm_source=dependency-check&utm_medium=integration&utm_content=10.0.3"
      } ]
    } ],
    "evidenceCollected" : {
      "vendorEvidence" : [ {
        "type" : "vendor",
        "confidence" : "MEDIUM",
        "source" : "__init__.py",
        "name" : "SourceAuthor",
        "value" : "Andrey Petrov (andrey.petrov@shazow.net)"
      } ],
      "productEvidence" : [ {
        "type" : "product",
        "confidence" : "HIGHEST",
        "source" : "__init__.py",
        "name" : "PackageName",
        "value" : "urllib3"
      } ],
      "versionEvidence" : [ {
        "type" : "version",
        "confidence" : "MEDIUM",
        "source" : "_version.py",
        "name" : "SourceVersion",
        "value" : "1.26.5"
      } ]
    },
    "packages" : [ {
      "id" : "pkg:pypi/urllib3",
      "confidence" : "HIGHEST"
    }, {
      "id" : "pkg:pypi/urllib3@1.26.5",
      "confidence" : "HIGHEST",
      "url" : "https://ossindex.sonatype.org/component/pkg:pypi/urllib3@1.26.5?utm_source=dependency-check&utm_medium=integration&utm_content=10.0.3"
    } ],
    "vulnerabilities" : [ {
      "source" : "OSSINDEX",
      "name" : "CVE-2023-43804",
      "severity" : "HIGH",
      "cvssv3" : {
        "baseScore" : 8.100000381469727,
        "attackVector" : "NETWORK",
        "attackComplexity" : "LOW",
        "privilegesRequired" : "LOW",
        "userInteraction" : "NONE",
        "scope" : "UNCHANGED",
        "confidentialityImpact" : "HIGH",
        "integrityImpact" : "HIGH",
        "availabilityImpact" : "NONE",
        "baseSeverity" : "HIGH",
        "version" : "3.1"
      },
      "cwes" : [ "CWE-200" ],
      "description" : "urllib3 is a user-friendly HTTP client library for Python. urllib3 doesn't treat the `Cookie` HTTP header special or provide any helpers for managing cookies over HTTP, that is the responsibility of the user. However, it is possible for a user to specify a `Cookie` header and unknowingly leak information via HTTP redirects to a different origin if that user doesn't disable redirects explicitly. This issue has been patched in urllib3 version 1.26.17 or 2.0.5.",
      "notes" : "",
      "references" : [ {
        "source" : "OSSIndex",
        "url" : "http://web.nvd.nist.gov/view/vuln/detail?vulnId=CVE-2023-43804",
        "name" : "http://web.nvd.nist.gov/view/vuln/detail?vulnId=CVE-2023-43804"
      }, {
        "source" : "OSSINDEX",
        "url" : "https://ossindex.sonatype.org/vulnerability/CVE-2023-43804?component-type=pypi&component-name=urllib3&utm_source=dependency-check&utm_medium=integration&utm_content=10.0.3",
        "name" : "[CVE-2023-43804] CWE-200: Information Exposure"
      }, {
        "source" : "OSSIndex",
        "url" : "https://github.com/advisories/GHSA-v845-jxx5-vc9f",
        "name" : "https://github.com/advisories/GHSA-v845-jxx5-vc9f"
      } ],
      "vulnerableSoftware" : [ {
        "software" : {
          "id" : "cpe:2.3:a:*:urllib3:1.26.5:*:*:*:*:*:*:*",
          "vulnerabilityIdMatched" : "true"
        }
      } ]
    }, {
      "source" : "OSSINDEX",
      "name" : "CVE-2023-45803",
      "severity" : "MEDIUM",
      "cvssv3" : {
        "baseScore" : 4.199999809265137,
        "attackVector" : "ADJACENT_NETWORK",
        "attackComplexity" : "HIGH",
        "privilegesRequired" : "HIGH",
        "userInteraction" : "NONE",
        "scope" : "UNCHANGED",
        "confidentialityImpact" : "HIGH",
        "integrityImpact" : "NONE",
        "availabilityImpact" : "NONE",
        "baseSeverity" : "MEDIUM",
        "version" : "3.1"
      },
      "cwes" : [ "CWE-200" ],
      "description" : "urllib3 is a user-friendly HTTP client library for Python. urllib3 previously wouldn't remove the HTTP request body when an HTTP redirect response using status 301, 302, or 303 after the request had its method changed from one that could accept a request body (like `POST`) to `GET` as is required by HTTP RFCs. Although this behavior is not specified in the section for redirects, it can be inferred by piecing together information from different sections and we have observed the behavior in other major HTTP client implementations like curl and web browsers. Because the vulnerability requires a previously trusted service to become compromised in order to have an impact on confidentiality we believe the exploitability of this vulnerability is low. Additionally, many users aren't putting sensitive data in HTTP request bodies, if this is the case then this vulnerability isn't exploitable. Both of the following conditions must be true to be affected by this vulnerability: 1. Using urllib3 and submitting sensitive information in the HTTP request body (such as form data or JSON) and 2. The origin service is compromised and starts redirecting using 301, 302, or 303 to a malicious peer or the redirected-to service becomes compromised. This issue has been addressed in versions 1.26.18 and 2.0.7 and users are advised to update to resolve this issue. Users unable to update should disable redirects for services that aren't expecting to respond with redirects with `redirects=False` and disable automatic redirects with `redirects=False` and handle 301, 302, and 303 redirects manually by stripping the HTTP request body.\n\n\nSonatype's research suggests that this CVE's details differ from those defined at NVD. See https://ossindex.sonatype.org/vulnerability/CVE-2023-45803 for details",
      "notes" : "",
      "references" : [ {
        "source" : "OSSIndex",
        "url" : "https://github.com/advisories/GHSA-g4mx-q9vg-27p4",
        "name" : "https://github.com/advisories/GHSA-g4mx-q9vg-27p4"
      }, {
        "source" : "OSSINDEX",
        "url" : "https://ossindex.sonatype.org/vulnerability/CVE-2023-45803?component-type=pypi&component-name=urllib3&utm_source=dependency-check&utm_medium=integration&utm_content=10.0.3",
        "name" : "[CVE-2023-45803] CWE-200: Information Exposure"
      }, {
        "source" : "OSSIndex",
        "url" : "http://web.nvd.nist.gov/view/vuln/detail?vulnId=CVE-2023-45803",
        "name" : "http://web.nvd.nist.gov/view/vuln/detail?vulnId=CVE-2023-45803"
      } ],
      "vulnerableSoftware" : [ {
        "software" : {
          "id" : "cpe:2.3:a:*:urllib3:1.26.5:*:*:*:*:*:*:*",
          "vulnerabilityIdMatched" : "true"
        }
      } ]
    } ]
  } ]
}