<?xml version="1.0" encoding="UTF-8"?><analysis xmlns="https://jeremylong.github.io/DependencyCheck/dependency-check.4.0.xsd">
  <scanInfo>
    <engineVersion>10.0.3</engineVersion>
    <dataSource>
      <name>NVD API Last Checked</name>
      <timestamp>2024-08-11T16:01:43Z</timestamp>
    </dataSource>
    <dataSource>
      <name>NVD API Last Modified</name>
      <timestamp>2024-08-10T16:35:04Z</timestamp>
    </dataSource>
  </scanInfo>
  <projectInfo>
    <name>H6060-Java-WebDriverManager</name>
    <reportDate>2024-08-11T16:01:50.022396Z</reportDate>
    <credits>This product uses the NVD API but is not endorsed or certified by the NVD. This report contains data retrieved from the National Vulnerability Database: https://nvd.nist.gov, Github Advisory Database (via NPM Audit API): https://github.com/advisories/, and the RetireJS community.</credits>
  </projectInfo>
  <dependencies>
    <dependency isVirtual="false">
      <fileName>jquery-3.6.1.min.js</fileName>
      <filePath>/Users/runner/work/H6060-Java-WebDriverManager/H6060-Java-WebDriverManager/upstream-repository/target/target/apidocs/script-dir/jquery-3.6.1.min.js</filePath>
      <md5>00727d1d5d9c90f7de826f1a4a9cc632</md5>
      <sha1>ea61688671d0c3044f2c5b2f2c4af0a6620ac6c2</sha1>
      <sha256>a3cf00c109d907e543bc4f6dbc85eb31068f94515251347e9e57509b52ee3d74</sha256>
      <relatedDependencies>
        <relatedDependency>
          <fileName>webdrivermanager-5.8.0-javadoc.jar: jquery-3.6.1.min.js</fileName>
          <filePath>/Users/runner/work/H6060-Java-WebDriverManager/H6060-Java-WebDriverManager/upstream-repository/target/target/webdrivermanager-5.8.0-javadoc.jar/script-dir/jquery-3.6.1.min.js</filePath>
          <sha256>a3cf00c109d907e543bc4f6dbc85eb31068f94515251347e9e57509b52ee3d74</sha256>
          <sha1>ea61688671d0c3044f2c5b2f2c4af0a6620ac6c2</sha1>
          <md5>00727d1d5d9c90f7de826f1a4a9cc632</md5>
        </relatedDependency>
      </relatedDependencies>
      <evidenceCollected/>
    </dependency>
    <dependency isVirtual="false">
      <fileName>jquery-ui.min.js</fileName>
      <filePath>/Users/runner/work/H6060-Java-WebDriverManager/H6060-Java-WebDriverManager/upstream-repository/target/target/apidocs/script-dir/jquery-ui.min.js</filePath>
      <md5>a443ef25e4d347d30d3222a401f9ae54</md5>
      <sha1>47c18aebea0d1116f19b279134e50c9f0d381405</sha1>
      <sha256>a6c0904499f1efeef05641bd28fd7c73785e60f69ce9c699daf65af8b3720703</sha256>
      <relatedDependencies>
        <relatedDependency>
          <fileName>webdrivermanager-5.8.0-javadoc.jar: jquery-ui.min.js</fileName>
          <filePath>/Users/runner/work/H6060-Java-WebDriverManager/H6060-Java-WebDriverManager/upstream-repository/target/target/webdrivermanager-5.8.0-javadoc.jar/script-dir/jquery-ui.min.js</filePath>
          <sha256>a6c0904499f1efeef05641bd28fd7c73785e60f69ce9c699daf65af8b3720703</sha256>
          <sha1>47c18aebea0d1116f19b279134e50c9f0d381405</sha1>
          <md5>a443ef25e4d347d30d3222a401f9ae54</md5>
        </relatedDependency>
      </relatedDependencies>
      <evidenceCollected/>
    </dependency>
    <dependency isVirtual="false">
      <fileName>member-search-index.js</fileName>
      <filePath>/Users/runner/work/H6060-Java-WebDriverManager/H6060-Java-WebDriverManager/upstream-repository/target/target/apidocs/member-search-index.js</filePath>
      <md5>4569d28f41d50a015183707fc05b45dd</md5>
      <sha1>5f3727f7efc15b69ac0d6fe3fb5ecaa81901e708</sha1>
      <sha256>8c7fc4a73dd126dd7fbd909b44d072f6d1ec0778c27dd50bc368d6d19c27b20c</sha256>
      <relatedDependencies>
        <relatedDependency>
          <fileName>webdrivermanager-5.8.0-javadoc.jar: member-search-index.js</fileName>
          <filePath>/Users/runner/work/H6060-Java-WebDriverManager/H6060-Java-WebDriverManager/upstream-repository/target/target/webdrivermanager-5.8.0-javadoc.jar/member-search-index.js</filePath>
          <sha256>8c7fc4a73dd126dd7fbd909b44d072f6d1ec0778c27dd50bc368d6d19c27b20c</sha256>
          <sha1>5f3727f7efc15b69ac0d6fe3fb5ecaa81901e708</sha1>
          <md5>4569d28f41d50a015183707fc05b45dd</md5>
        </relatedDependency>
      </relatedDependencies>
      <evidenceCollected/>
    </dependency>
    <dependency isVirtual="false">
      <fileName>module-search-index.js</fileName>
      <filePath>/Users/runner/work/H6060-Java-WebDriverManager/H6060-Java-WebDriverManager/upstream-repository/target/target/apidocs/module-search-index.js</filePath>
      <md5>a33da0f469acbd03f77bf407bac505f5</md5>
      <sha1>1e996ce630c6e1ada3ea86d7b71dabca0180f8e8</sha1>
      <sha256>814a05983e3267d591c7e62b314eb8eb0504eee844c8a70d494f6edbaa0f4f18</sha256>
      <relatedDependencies>
        <relatedDependency>
          <fileName>webdrivermanager-5.8.0-javadoc.jar: module-search-index.js</fileName>
          <filePath>/Users/runner/work/H6060-Java-WebDriverManager/H6060-Java-WebDriverManager/upstream-repository/target/target/webdrivermanager-5.8.0-javadoc.jar/module-search-index.js</filePath>
          <sha256>814a05983e3267d591c7e62b314eb8eb0504eee844c8a70d494f6edbaa0f4f18</sha256>
          <sha1>1e996ce630c6e1ada3ea86d7b71dabca0180f8e8</sha1>
          <md5>a33da0f469acbd03f77bf407bac505f5</md5>
        </relatedDependency>
      </relatedDependencies>
      <evidenceCollected/>
    </dependency>
    <dependency isVirtual="false">
      <fileName>package-search-index.js</fileName>
      <filePath>/Users/runner/work/H6060-Java-WebDriverManager/H6060-Java-WebDriverManager/upstream-repository/target/target/apidocs/package-search-index.js</filePath>
      <md5>b11b0e5650dd134f2303badbede08908</md5>
      <sha1>641276a69237e80ad5d8e721fd7410bb667849d6</sha1>
      <sha256>f0218885c8a365098888cefb95a9de192c7d98cc03d8839979dc6e31b4f347a5</sha256>
      <relatedDependencies>
        <relatedDependency>
          <fileName>webdrivermanager-5.8.0-javadoc.jar: package-search-index.js</fileName>
          <filePath>/Users/runner/work/H6060-Java-WebDriverManager/H6060-Java-WebDriverManager/upstream-repository/target/target/webdrivermanager-5.8.0-javadoc.jar/package-search-index.js</filePath>
          <sha256>f0218885c8a365098888cefb95a9de192c7d98cc03d8839979dc6e31b4f347a5</sha256>
          <sha1>641276a69237e80ad5d8e721fd7410bb667849d6</sha1>
          <md5>b11b0e5650dd134f2303badbede08908</md5>
        </relatedDependency>
      </relatedDependencies>
      <evidenceCollected/>
    </dependency>
    <dependency isVirtual="false">
      <fileName>script.js</fileName>
      <filePath>/Users/runner/work/H6060-Java-WebDriverManager/H6060-Java-WebDriverManager/upstream-repository/target/target/apidocs/script.js</filePath>
      <md5>33752b38a1be87b6104cf5bdd7ffc6a9</md5>
      <sha1>e3aa5200cbabd88c6e041e081e31c037127197b6</sha1>
      <sha256>cbcc9c6530d4b8243436efb89516537f3d6b3a4eceaa0e6256c57bdb8ddb544d</sha256>
      <relatedDependencies>
        <relatedDependency>
          <fileName>webdrivermanager-5.8.0-javadoc.jar: script.js</fileName>
          <filePath>/Users/runner/work/H6060-Java-WebDriverManager/H6060-Java-WebDriverManager/upstream-repository/target/target/webdrivermanager-5.8.0-javadoc.jar/script.js</filePath>
          <sha256>cbcc9c6530d4b8243436efb89516537f3d6b3a4eceaa0e6256c57bdb8ddb544d</sha256>
          <sha1>e3aa5200cbabd88c6e041e081e31c037127197b6</sha1>
          <md5>33752b38a1be87b6104cf5bdd7ffc6a9</md5>
        </relatedDependency>
      </relatedDependencies>
      <evidenceCollected/>
    </dependency>
    <dependency isVirtual="false">
      <fileName>search.js</fileName>
      <filePath>/Users/runner/work/H6060-Java-WebDriverManager/H6060-Java-WebDriverManager/upstream-repository/target/target/apidocs/search.js</filePath>
      <md5>91a5f088fd617ad152fc4860da3e8625</md5>
      <sha1>085ae4e58d05af22130ba305b7032358ef914db2</sha1>
      <sha256>55e9450d122439bbe671da18ea8addaac50c44af9b80bd168288b3da76c6da22</sha256>
      <relatedDependencies>
        <relatedDependency>
          <fileName>webdrivermanager-5.8.0-javadoc.jar: search.js</fileName>
          <filePath>/Users/runner/work/H6060-Java-WebDriverManager/H6060-Java-WebDriverManager/upstream-repository/target/target/webdrivermanager-5.8.0-javadoc.jar/search.js</filePath>
          <sha256>55e9450d122439bbe671da18ea8addaac50c44af9b80bd168288b3da76c6da22</sha256>
          <sha1>085ae4e58d05af22130ba305b7032358ef914db2</sha1>
          <md5>91a5f088fd617ad152fc4860da3e8625</md5>
        </relatedDependency>
      </relatedDependencies>
      <evidenceCollected/>
    </dependency>
    <dependency isVirtual="false">
      <fileName>tag-search-index.js</fileName>
      <filePath>/Users/runner/work/H6060-Java-WebDriverManager/H6060-Java-WebDriverManager/upstream-repository/target/target/apidocs/tag-search-index.js</filePath>
      <md5>95810a7878ddd3f49d938eb6b5c0f1b2</md5>
      <sha1>4d0358e131242bfb1a29d1db368e9e24381ad979</sha1>
      <sha256>e31bd7c6847cd8b49a884fe01244f740ad184cdb7aa6449830be21985158f0d9</sha256>
      <relatedDependencies>
        <relatedDependency>
          <fileName>webdrivermanager-5.8.0-javadoc.jar: tag-search-index.js</fileName>
          <filePath>/Users/runner/work/H6060-Java-WebDriverManager/H6060-Java-WebDriverManager/upstream-repository/target/target/webdrivermanager-5.8.0-javadoc.jar/tag-search-index.js</filePath>
          <sha256>e31bd7c6847cd8b49a884fe01244f740ad184cdb7aa6449830be21985158f0d9</sha256>
          <sha1>4d0358e131242bfb1a29d1db368e9e24381ad979</sha1>
          <md5>95810a7878ddd3f49d938eb6b5c0f1b2</md5>
        </relatedDependency>
      </relatedDependencies>
      <evidenceCollected/>
    </dependency>
    <dependency isVirtual="false">
      <fileName>type-search-index.js</fileName>
      <filePath>/Users/runner/work/H6060-Java-WebDriverManager/H6060-Java-WebDriverManager/upstream-repository/target/target/apidocs/type-search-index.js</filePath>
      <md5>3a1d92f26a6703d9588c78db9d17d3c4</md5>
      <sha1>d8fe65e6db594a04bad42a2a26978e8e4ce7bb15</sha1>
      <sha256>0e6a640107acd0f6e5cda02a8c4bcf7768710370edae3b6e9807047e81e76f47</sha256>
      <relatedDependencies>
        <relatedDependency>
          <fileName>webdrivermanager-5.8.0-javadoc.jar: type-search-index.js</fileName>
          <filePath>/Users/runner/work/H6060-Java-WebDriverManager/H6060-Java-WebDriverManager/upstream-repository/target/target/webdrivermanager-5.8.0-javadoc.jar/type-search-index.js</filePath>
          <sha256>0e6a640107acd0f6e5cda02a8c4bcf7768710370edae3b6e9807047e81e76f47</sha256>
          <sha1>d8fe65e6db594a04bad42a2a26978e8e4ce7bb15</sha1>
          <md5>3a1d92f26a6703d9588c78db9d17d3c4</md5>
        </relatedDependency>
      </relatedDependencies>
      <evidenceCollected/>
    </dependency>
    <dependency isVirtual="false">
      <fileName>webdrivermanager-5.8.0-javadoc.jar</fileName>
      <filePath>/Users/runner/work/H6060-Java-WebDriverManager/H6060-Java-WebDriverManager/upstream-repository/target/target/webdrivermanager-5.8.0-javadoc.jar</filePath>
      <md5>01ed3ef3880f208ca762ececffbda505</md5>
      <sha1>49743398c5b95fe6c51626dff5c882546454f86b</sha1>
      <sha256>40a7abfaf2889cf25104e937eb18eb6abc5980de2e0ab6b447e04fbcd2ff49aa</sha256>
      <evidenceCollected>
        <evidence type="vendor" confidence="HIGH">
          <source>file</source>
          <name>name</name>
          <value>webdrivermanager</value>
        </evidence>
        <evidence type="product" confidence="HIGH">
          <source>file</source>
          <name>name</name>
          <value>webdrivermanager</value>
        </evidence>
        <evidence type="version" confidence="MEDIUM">
          <source>file</source>
          <name>name</name>
          <value>webdrivermanager</value>
        </evidence>
        <evidence type="version" confidence="HIGH">
          <source>file</source>
          <name>version</name>
          <value>5.8.0</value>
        </evidence>
      </evidenceCollected>
    </dependency>
    <dependency isVirtual="false">
      <fileName>webdrivermanager-5.8.0.jar</fileName>
      <filePath>/Users/runner/work/H6060-Java-WebDriverManager/H6060-Java-WebDriverManager/upstream-repository/target/target/webdrivermanager-5.8.0.jar</filePath>
      <md5>c3e303d78c856ce8867ebcbef1abae62</md5>
      <sha1>68b7715550d5eee24268ced55e9a8438dcca88b3</sha1>
      <sha256>9d04d60eab4189a8bb7bdd4fc4a50e1694344782f23e08fcf5df39449ce7bdbe</sha256>
      <description>
		Automated driver management and other helper features for Selenium WebDriver in Java
	</description>
      <license>Apache 2.0: https://www.apache.org/licenses/LICENSE-2.0</license>
      <evidenceCollected>
        <evidence type="vendor" confidence="HIGH">
          <source>file</source>
          <name>name</name>
          <value>webdrivermanager</value>
        </evidence>
        <evidence type="vendor" confidence="HIGHEST">
          <source>jar</source>
          <name>package name</name>
          <value>bonigarcia</value>
        </evidence>
        <evidence type="vendor" confidence="HIGHEST">
          <source>jar</source>
          <name>package name</name>
          <value>github</value>
        </evidence>
        <evidence type="vendor" confidence="HIGHEST">
          <source>jar</source>
          <name>package name</name>
          <value>io</value>
        </evidence>
        <evidence type="vendor" confidence="MEDIUM">
          <source>Manifest</source>
          <name>automatic-module-name</name>
          <value>io.github.bonigarcia.webdrivermanager</value>
        </evidence>
        <evidence type="vendor" confidence="LOW">
          <source>Manifest</source>
          <name>build-jdk-spec</name>
          <value>17</value>
        </evidence>
        <evidence type="vendor" confidence="LOW">
          <source>Manifest</source>
          <name>can-redefine-classes</name>
          <value>true</value>
        </evidence>
        <evidence type="vendor" confidence="LOW">
          <source>Manifest</source>
          <name>can-retransform-classes</name>
          <value>true</value>
        </evidence>
        <evidence type="vendor" confidence="LOW">
          <source>pom</source>
          <name>artifactid</name>
          <value>webdrivermanager</value>
        </evidence>
        <evidence type="vendor" confidence="MEDIUM">
          <source>pom</source>
          <name>developer id</name>
          <value>bonigarcia</value>
        </evidence>
        <evidence type="vendor" confidence="MEDIUM">
          <source>pom</source>
          <name>developer name</name>
          <value>Boni Garcia</value>
        </evidence>
        <evidence type="vendor" confidence="HIGHEST">
          <source>pom</source>
          <name>groupid</name>
          <value>io.github.bonigarcia</value>
        </evidence>
        <evidence type="vendor" confidence="HIGH">
          <source>pom</source>
          <name>name</name>
          <value>WebDriverManager</value>
        </evidence>
        <evidence type="vendor" confidence="HIGHEST">
          <source>pom</source>
          <name>url</name>
          <value>https://bonigarcia.dev/webdrivermanager/</value>
        </evidence>
        <evidence type="product" confidence="HIGH">
          <source>file</source>
          <name>name</name>
          <value>webdrivermanager</value>
        </evidence>
        <evidence type="product" confidence="HIGHEST">
          <source>jar</source>
          <name>package name</name>
          <value>bonigarcia</value>
        </evidence>
        <evidence type="product" confidence="HIGHEST">
          <source>jar</source>
          <name>package name</name>
          <value>github</value>
        </evidence>
        <evidence type="product" confidence="HIGHEST">
          <source>jar</source>
          <name>package name</name>
          <value>io</value>
        </evidence>
        <evidence type="product" confidence="MEDIUM">
          <source>Manifest</source>
          <name>automatic-module-name</name>
          <value>io.github.bonigarcia.webdrivermanager</value>
        </evidence>
        <evidence type="product" confidence="LOW">
          <source>Manifest</source>
          <name>build-jdk-spec</name>
          <value>17</value>
        </evidence>
        <evidence type="product" confidence="LOW">
          <source>Manifest</source>
          <name>can-redefine-classes</name>
          <value>true</value>
        </evidence>
        <evidence type="product" confidence="LOW">
          <source>Manifest</source>
          <name>can-retransform-classes</name>
          <value>true</value>
        </evidence>
        <evidence type="product" confidence="HIGHEST">
          <source>pom</source>
          <name>artifactid</name>
          <value>webdrivermanager</value>
        </evidence>
        <evidence type="product" confidence="LOW">
          <source>pom</source>
          <name>developer id</name>
          <value>bonigarcia</value>
        </evidence>
        <evidence type="product" confidence="LOW">
          <source>pom</source>
          <name>developer name</name>
          <value>Boni Garcia</value>
        </evidence>
        <evidence type="product" confidence="HIGHEST">
          <source>pom</source>
          <name>groupid</name>
          <value>io.github.bonigarcia</value>
        </evidence>
        <evidence type="product" confidence="HIGH">
          <source>pom</source>
          <name>name</name>
          <value>WebDriverManager</value>
        </evidence>
        <evidence type="product" confidence="MEDIUM">
          <source>pom</source>
          <name>url</name>
          <value>https://bonigarcia.dev/webdrivermanager/</value>
        </evidence>
        <evidence type="version" confidence="HIGH">
          <source>file</source>
          <name>version</name>
          <value>5.8.0</value>
        </evidence>
        <evidence type="version" confidence="HIGHEST">
          <source>pom</source>
          <name>version</name>
          <value>5.8.0</value>
        </evidence>
      </evidenceCollected>
      <identifiers>
        <package confidence="HIGH">
          <id>pkg:maven/io.github.bonigarcia/webdrivermanager@5.8.0</id>
          <url>https://ossindex.sonatype.org/component/pkg:maven/io.github.bonigarcia/webdrivermanager@5.8.0?utm_source=dependency-check&amp;utm_medium=integration&amp;utm_content=10.0.3</url>
        </package>
        <vulnerabilityIds confidence="HIGH">
          <id>cpe:2.3:a:web_project:web:5.8.0:*:*:*:*:*:*:*</id>
          <url>https://nvd.nist.gov/vuln/search/results?form_type=Advanced&amp;results_type=overview&amp;search_type=all&amp;cpe_vendor=cpe%3A%2F%3Aweb_project&amp;cpe_product=cpe%3A%2F%3Aweb_project%3Aweb&amp;cpe_version=cpe%3A%2F%3Aweb_project%3Aweb%3A5.8.0</url>
        </vulnerabilityIds>
      </identifiers>
    </dependency>
  </dependencies>
</analysis>
