{
  "version": "v2.8.0",
  "id": "21194e50-9ca4-4184-8f10-d46aa20ab421",
  "repositoryID": "00000000-0000-0000-0000-000000000000",
  "repositoryName": "",
  "workspaceID": "00000000-0000-0000-0000-000000000000",
  "workspaceName": "",
  "status": "success",
  "errors": "",
  "createdAt": "2024-08-14T14:10:27.0339862Z",
  "finishedAt": "2024-08-14T14:10:53.3724963Z",
  "analysisVulnerabilities": [
    {
      "vulnerabilityID": "00000000-0000-0000-0000-000000000000",
      "analysisID": "21194e50-9ca4-4184-8f10-d46aa20ab421",
      "createdAt": "2024-08-14T14:10:53.3724963Z",
      "vulnerabilities": {
        "vulnerabilityID": "505c8fbf-1b12-4f49-9a6d-7e16baabf0a8",
        "line": "19",
        "column": "34",
        "confidence": "MEDIUM",
        "file": "docs\\releases\\1.8.7.txt",
        "code": "instead of a date format. e.g. ``\"SECRET_KEY\"`` instead of ``\"j/m/Y\"``.",
        "details": "(1/1) * Possible vulnerability detected: Potential Hard-coded credential\nThe software contains hard-coded credentials, such as a password or cryptographic key, which it uses for its own inbound authentication, outbound communication to external components, or encryption of internal data. For more information checkout the CWE-798 (https://cwe.mitre.org/data/definitions/798.html) advisory.",
        "securityTool": "HorusecEngine",
        "language": "Leaks",
        "severity": "CRITICAL",
        "type": "Vulnerability",
        "commitAuthor": "-",
        "commitEmail": "-",
        "commitHash": "-",
        "commitMessage": "-",
        "commitDate": "-",
        "rule_id": "HS-LEAKS-25",
        "vulnHash": "84a5fff42c73c807dabb7c37cdd9c77a0a15320d509cf543ec097c44e4293c85",
        "deprecatedHashes": [
          "0c63b537225a56fd48bfb456532ea5931829e6371151360845cf0268e88ce555",
          "c5fcfa564b95560608b476d9c70b685d86d9acf9577e68642aa411a7e0ab09d2"
        ],
        "securityToolVersion": "",
        "securityToolInfoUri": ""
      }
    },
    {
      "vulnerabilityID": "00000000-0000-0000-0000-000000000000",
      "analysisID": "21194e50-9ca4-4184-8f10-d46aa20ab421",
      "createdAt": "2024-08-14T14:10:53.3724963Z",
      "vulnerabilities": {
        "vulnerabilityID": "3d93b725-3a81-4460-b9b7-e56cf0e6c89b",
        "line": "150",
        "column": "14",
        "confidence": "MEDIUM",
        "file": "docs\\topics\\auth\\customizing.txt",
        "code": "ADMIN_PASSWORD = 'pbkdf2_sha256$30000$Vo0VlMnkR4Bk$qEvtdyZRWTcOsCnI/oQ7fVOu1XAURIZYoOZ3iq8Dr4M='",
        "details": "(1/1) * Possible vulnerability detected: Hard-coded password\nThe software contains hard-coded credentials, such as a password or cryptographic key, which it uses for its own inbound authentication, outbound communication to external components, or encryption of internal data. For more information checkout the CWE-798 (https://cwe.mitre.org/data/definitions/798.html) advisory.",
        "securityTool": "HorusecEngine",
        "language": "Leaks",
        "severity": "CRITICAL",
        "type": "Vulnerability",
        "commitAuthor": "-",
        "commitEmail": "-",
        "commitHash": "-",
        "commitMessage": "-",
        "commitDate": "-",
        "rule_id": "HS-LEAKS-26",
        "vulnHash": "a3d5de01fce28900ff74db38fe7e0c72a4395e572bf0ffe168f51c02da309fb8",
        "deprecatedHashes": [
          "07aa42256879a34b5810016453b759b879c5d2f9216242571a6a306e97546a22",
          "f553a937f00c03ea7c20508b5af0c203784f4d328ced3474e98e5b515f3457c2"
        ],
        "securityToolVersion": "",
        "securityToolInfoUri": ""
      }
    },
    {
      "vulnerabilityID": "00000000-0000-0000-0000-000000000000",
      "analysisID": "21194e50-9ca4-4184-8f10-d46aa20ab421",
      "createdAt": "2024-08-14T14:10:53.3724963Z",
      "vulnerabilities": {
        "vulnerabilityID": "8cd94941-632e-4c24-97f7-d915b193885c",
        "line": "55",
        "column": "4",
        "confidence": "MEDIUM",
        "file": "docs\\howto\\deployment\\checklist.txt",
        "code": "SECRET_KEY = os.environ['SECRET_KEY']",
        "details": "(1/1) * Possible vulnerability detected: Potential Hard-coded credential\nThe software contains hard-coded credentials, such as a password or cryptographic key, which it uses for its own inbound authentication, outbound communication to external components, or encryption of internal data. For more information checkout the CWE-798 (https://cwe.mitre.org/data/definitions/798.html) advisory.",
        "securityTool": "HorusecEngine",
        "language": "Leaks",
        "severity": "CRITICAL",
        "type": "Vulnerability",
        "commitAuthor": "-",
        "commitEmail": "-",
        "commitHash": "-",
        "commitMessage": "-",
        "commitDate": "-",
        "rule_id": "HS-LEAKS-25",
        "vulnHash": "412427b814f56b1c6bd70dacba739868b8f5b025a5ca877951777024de612718",
        "deprecatedHashes": [
          "209a7e0c9ec132a4b77164c71b470169b79ad41765c85feeeccbcb174d9e0c92",
          "c3ce0be9c62026d71d7f0e0bf1580a8729e81e1ee378f3c83d62f3fb2333f9fe"
        ],
        "securityToolVersion": "",
        "securityToolInfoUri": ""
      }
    },
    {
      "vulnerabilityID": "00000000-0000-0000-0000-000000000000",
      "analysisID": "21194e50-9ca4-4184-8f10-d46aa20ab421",
      "createdAt": "2024-08-14T14:10:53.3724963Z",
      "vulnerabilities": {
        "vulnerabilityID": "5628ae62-f95e-42d6-b843-d1877e7d1a90",
        "line": "189",
        "column": "41",
        "confidence": "MEDIUM",
        "file": "django\\db\\backends\\oracle\\creation.py",
        "code": "self.log('_create_test_db(): dbname = %s' % parameters['user'])",
        "details": "(1/1) * Possible vulnerability detected: Potential Hard-coded credential\nThe software contains hard-coded credentials, such as a password or cryptographic key, which it uses for its own inbound authentication, outbound communication to external components, or encryption of internal data. For more information checkout the CWE-798 (https://cwe.mitre.org/data/definitions/798.html) advisory.",
        "securityTool": "HorusecEngine",
        "language": "Leaks",
        "severity": "CRITICAL",
        "type": "Vulnerability",
        "commitAuthor": "-",
        "commitEmail": "-",
        "commitHash": "-",
        "commitMessage": "-",
        "commitDate": "-",
        "rule_id": "HS-LEAKS-25",
        "vulnHash": "4ec2f55ab5255bc92c3d404dd474eb49d5e1df87f8215d5f70bdad9e33fdd953",
        "deprecatedHashes": [
          "542cabab0fd489bcb0fdace9e83062a1c243946593bd4e56abd92b261b3fd14b",
          "f12a919ec36f427ed1dc77ba1b0fca96d33d43d7e78c414f35f63c7eb4faf2d9"
        ],
        "securityToolVersion": "",
        "securityToolInfoUri": ""
      }
    },
    {
      "vulnerabilityID": "00000000-0000-0000-0000-000000000000",
      "analysisID": "21194e50-9ca4-4184-8f10-d46aa20ab421",
      "createdAt": "2024-08-14T14:10:53.3724963Z",
      "vulnerabilities": {
        "vulnerabilityID": "e51a3467-27ba-4bdd-b018-3e1b22f5d77c",
        "line": "255",
        "column": "54",
        "confidence": "MEDIUM",
        "file": "django\\db\\backends\\oracle\\creation.py",
        "code": "self.log('_execute_test_db_destruction(): dbname=%s' % parameters['user'])",
        "details": "(1/1) * Possible vulnerability detected: Potential Hard-coded credential\nThe software contains hard-coded credentials, such as a password or cryptographic key, which it uses for its own inbound authentication, outbound communication to external components, or encryption of internal data. For more information checkout the CWE-798 (https://cwe.mitre.org/data/definitions/798.html) advisory.",
        "securityTool": "HorusecEngine",
        "language": "Leaks",
        "severity": "CRITICAL",
        "type": "Vulnerability",
        "commitAuthor": "-",
        "commitEmail": "-",
        "commitHash": "-",
        "commitMessage": "-",
        "commitDate": "-",
        "rule_id": "HS-LEAKS-25",
        "vulnHash": "91151371f468c4d49024ef167f6502a0524310b8f1d35f524abb453254d8fbf2",
        "deprecatedHashes": [
          "73276255224526a37aac22b0216f750fdf03f776f11c558e117b1cd08db0b1bb",
          "1d3f0fea777c44ffe040e5369e0f520411f0a2ddb9cd5927b32d3fbf46d876a7"
        ],
        "securityToolVersion": "",
        "securityToolInfoUri": ""
      }
    },
    {
      "vulnerabilityID": "00000000-0000-0000-0000-000000000000",
      "analysisID": "21194e50-9ca4-4184-8f10-d46aa20ab421",
      "createdAt": "2024-08-14T14:10:53.3724963Z",
      "vulnerabilities": {
        "vulnerabilityID": "2d53d933-3afa-4106-9b5e-62945c7040ac",
        "line": "242",
        "column": "16",
        "confidence": "MEDIUM",
        "file": "django\\db\\backends\\oracle\\creation.py",
        "code": "set_password = 'ALTER USER %(user)s IDENTIFIED BY \"%(password)s\"'",
        "details": "(1/1) * Possible vulnerability detected: Hard-coded password\nThe software contains hard-coded credentials, such as a password or cryptographic key, which it uses for its own inbound authentication, outbound communication to external components, or encryption of internal data. For more information checkout the CWE-798 (https://cwe.mitre.org/data/definitions/798.html) advisory.",
        "securityTool": "HorusecEngine",
        "language": "Leaks",
        "severity": "CRITICAL",
        "type": "Vulnerability",
        "commitAuthor": "-",
        "commitEmail": "-",
        "commitHash": "-",
        "commitMessage": "-",
        "commitDate": "-",
        "rule_id": "HS-LEAKS-26",
        "vulnHash": "6637b8302a8af02a17af635a84e495299ca2625c6a039442aab404c02b8a386d",
        "deprecatedHashes": [
          "4bdb271adc6e8cc1a1b1daa1227b4d63fbdd38a1786b29634dce5e88b1335f7a",
          "983581131d9832911d4b9f019edfc82a1573da58b831a0c7f4a1e13f95c871b4"
        ],
        "securityToolVersion": "",
        "securityToolInfoUri": ""
      }
    },
    {
      "vulnerabilityID": "00000000-0000-0000-0000-000000000000",
      "analysisID": "21194e50-9ca4-4184-8f10-d46aa20ab421",
      "createdAt": "2024-08-14T14:10:53.3724963Z",
      "vulnerabilities": {
        "vulnerabilityID": "dc4ab5b6-a418-40fb-b62b-c396b190f1fe",
        "line": "107",
        "column": "25",
        "confidence": "MEDIUM",
        "file": "docs\\howto\\windows.txt",
        "code": "...\\\u003e set http_proxy=http://username:password@proxyserver:proxyport",
        "details": "(1/1) * Possible vulnerability detected: Password found in a hardcoded URL\nA password was found in a hardcoded URL, this can lead to not only the leak of this password but also a failure point to some more sophisticated CSRF and SSRF attacks. Check CWE-352 (https://cwe.mitre.org/data/definitions/352.html) and CWE-918 (https://cwe.mitre.org/data/definitions/918.html) for more details.",
        "securityTool": "HorusecEngine",
        "language": "Leaks",
        "severity": "CRITICAL",
        "type": "Vulnerability",
        "commitAuthor": "-",
        "commitEmail": "-",
        "commitHash": "-",
        "commitMessage": "-",
        "commitDate": "-",
        "rule_id": "HS-LEAKS-27",
        "vulnHash": "b1b21b85e6c661396f505451f66c2dd87ba59e09ed8f76775afefdf2f2643037",
        "deprecatedHashes": [
          "b657664607cbad421be00f5c9bfd70ea684edfff5d388d2e8bfb456ec6488002",
          "95e2744fbbbf9d802c4cdfdce21f4b575106519be77104564daf17a4c6701ff6"
        ],
        "securityToolVersion": "",
        "securityToolInfoUri": ""
      }
    },
    {
      "vulnerabilityID": "00000000-0000-0000-0000-000000000000",
      "analysisID": "21194e50-9ca4-4184-8f10-d46aa20ab421",
      "createdAt": "2024-08-14T14:10:53.3724963Z",
      "vulnerabilities": {
        "vulnerabilityID": "ad4d7f50-f4e4-4bb3-bcab-45fd87cf113e",
        "line": "108",
        "column": "26",
        "confidence": "MEDIUM",
        "file": "docs\\howto\\windows.txt",
        "code": "...\\\u003e set https_proxy=https://username:password@proxyserver:proxyport",
        "details": "(1/1) * Possible vulnerability detected: Password found in a hardcoded URL\nA password was found in a hardcoded URL, this can lead to not only the leak of this password but also a failure point to some more sophisticated CSRF and SSRF attacks. Check CWE-352 (https://cwe.mitre.org/data/definitions/352.html) and CWE-918 (https://cwe.mitre.org/data/definitions/918.html) for more details.",
        "securityTool": "HorusecEngine",
        "language": "Leaks",
        "severity": "CRITICAL",
        "type": "Vulnerability",
        "commitAuthor": "-",
        "commitEmail": "-",
        "commitHash": "-",
        "commitMessage": "-",
        "commitDate": "-",
        "rule_id": "HS-LEAKS-27",
        "vulnHash": "0040676aa2a3db91fe9066502a0de97bb9b1de9c7094befee98aa8ba246b62e8",
        "deprecatedHashes": [
          "c614d5ad83bf7295455145e6205031ea4f3b1e298f889e2fb1b9c72670e2d974",
          "af66943fae71c5af5419c938f1900ff1dc9e2109e559d48ea204c6f85be9de5f"
        ],
        "securityToolVersion": "",
        "securityToolInfoUri": ""
      }
    },
    {
      "vulnerabilityID": "00000000-0000-0000-0000-000000000000",
      "analysisID": "21194e50-9ca4-4184-8f10-d46aa20ab421",
      "createdAt": "2024-08-14T14:10:53.3724963Z",
      "vulnerabilities": {
        "vulnerabilityID": "5d2d6d7c-f2c1-4c67-88ab-f24936f7412d",
        "line": "870",
        "column": "13",
        "confidence": "MEDIUM",
        "file": "docs\\ref\\databases.txt",
        "code": "'PASSWORD': 'a_password',",
        "details": "(1/1) * Possible vulnerability detected: Hard-coded password\nThe software contains hard-coded credentials, such as a password or cryptographic key, which it uses for its own inbound authentication, outbound communication to external components, or encryption of internal data. For more information checkout the CWE-798 (https://cwe.mitre.org/data/definitions/798.html) advisory.",
        "securityTool": "HorusecEngine",
        "language": "Leaks",
        "severity": "CRITICAL",
        "type": "Vulnerability",
        "commitAuthor": "-",
        "commitEmail": "-",
        "commitHash": "-",
        "commitMessage": "-",
        "commitDate": "-",
        "rule_id": "HS-LEAKS-26",
        "vulnHash": "9456d2815c1b5bf11980c56f70f4617c1f6d0d38f2c537becbe5b09d3bd458d7",
        "deprecatedHashes": [
          "66a8671ccc719c708f121579ff225f6bbcdd00a7c755d72930b81291458c58d5",
          "6c6a38db65ab747dc9342b00d1eb05ad2385ea0f99810b8dd3fb2abf629c9bf9"
        ],
        "securityToolVersion": "",
        "securityToolInfoUri": ""
      }
    },
    {
      "vulnerabilityID": "00000000-0000-0000-0000-000000000000",
      "analysisID": "21194e50-9ca4-4184-8f10-d46aa20ab421",
      "createdAt": "2024-08-14T14:10:53.3724963Z",
      "vulnerabilities": {
        "vulnerabilityID": "7aeb128b-7172-4891-b000-7e0a4a43fe05",
        "line": "887",
        "column": "13",
        "confidence": "MEDIUM",
        "file": "docs\\ref\\databases.txt",
        "code": "'PASSWORD': 'a_password',",
        "details": "(1/1) * Possible vulnerability detected: Hard-coded password\nThe software contains hard-coded credentials, such as a password or cryptographic key, which it uses for its own inbound authentication, outbound communication to external components, or encryption of internal data. For more information checkout the CWE-798 (https://cwe.mitre.org/data/definitions/798.html) advisory.",
        "securityTool": "HorusecEngine",
        "language": "Leaks",
        "severity": "CRITICAL",
        "type": "Vulnerability",
        "commitAuthor": "-",
        "commitEmail": "-",
        "commitHash": "-",
        "commitMessage": "-",
        "commitDate": "-",
        "rule_id": "HS-LEAKS-26",
        "vulnHash": "e0429ddfb7ea7de313576529f3a5fef42b3baafb5889b3edc1a402513e972642",
        "deprecatedHashes": [
          "7119fd9a1768b7d718d3613b6eafa11785a8c550f40ec95deda5c1b8f8350be3",
          "df531a358352d90c934b1b07c55b497d06cc78511e30ba9c065b01f9bb59e3a4"
        ],
        "securityToolVersion": "",
        "securityToolInfoUri": ""
      }
    },
    {
      "vulnerabilityID": "00000000-0000-0000-0000-000000000000",
      "analysisID": "21194e50-9ca4-4184-8f10-d46aa20ab421",
      "createdAt": "2024-08-14T14:10:53.3724963Z",
      "vulnerabilities": {
        "vulnerabilityID": "b6b616d3-a862-424b-b415-bc4811fb75f8",
        "line": "16",
        "column": "34",
        "confidence": "MEDIUM",
        "file": "docs\\releases\\1.7.11.txt",
        "code": "instead of a date format. e.g. ``\"SECRET_KEY\"`` instead of ``\"j/m/Y\"``.",
        "details": "(1/1) * Possible vulnerability detected: Potential Hard-coded credential\nThe software contains hard-coded credentials, such as a password or cryptographic key, which it uses for its own inbound authentication, outbound communication to external components, or encryption of internal data. For more information checkout the CWE-798 (https://cwe.mitre.org/data/definitions/798.html) advisory.",
        "securityTool": "HorusecEngine",
        "language": "Leaks",
        "severity": "CRITICAL",
        "type": "Vulnerability",
        "commitAuthor": "-",
        "commitEmail": "-",
        "commitHash": "-",
        "commitMessage": "-",
        "commitDate": "-",
        "rule_id": "HS-LEAKS-25",
        "vulnHash": "ce6b1141ada1e545e1bb0bf1dce838f21e18b083f0c035d53305d1db106f5521",
        "deprecatedHashes": [
          "c15f28714170feab1f97bc0be1173a8b74eed2fc0ce662734507395cd344b974",
          "3476cb1237342562f73092e453b5a46a5c58f3db36d0be68e4271ef297e14a95"
        ],
        "securityToolVersion": "",
        "securityToolInfoUri": ""
      }
    },
    {
      "vulnerabilityID": "00000000-0000-0000-0000-000000000000",
      "analysisID": "21194e50-9ca4-4184-8f10-d46aa20ab421",
      "createdAt": "2024-08-14T14:10:53.3724963Z",
      "vulnerabilities": {
        "vulnerabilityID": "7f340718-bf20-49c2-b696-26e55529f508",
        "line": "792",
        "column": "13",
        "confidence": "MEDIUM",
        "file": "docs\\releases\\1.2.txt",
        "code": "DATABASE_PASSWORD = 's3krit'",
        "details": "(1/1) * Possible vulnerability detected: Hard-coded password\nThe software contains hard-coded credentials, such as a password or cryptographic key, which it uses for its own inbound authentication, outbound communication to external components, or encryption of internal data. For more information checkout the CWE-798 (https://cwe.mitre.org/data/definitions/798.html) advisory.",
        "securityTool": "HorusecEngine",
        "language": "Leaks",
        "severity": "CRITICAL",
        "type": "Vulnerability",
        "commitAuthor": "-",
        "commitEmail": "-",
        "commitHash": "-",
        "commitMessage": "-",
        "commitDate": "-",
        "rule_id": "HS-LEAKS-26",
        "vulnHash": "87eea1dee6975f110db6d9d40b735c6579dc1f9aede83cfa5e02f0cf144f8b89",
        "deprecatedHashes": [
          "d09de9a6736ec79cb27b898838e1e13ea8bc337556bb98fcf13e269abdcf031d",
          "afd882c2c3d23d75e82c9fe8fb5dfa954e8f62eba7af82c68e2aa669fab3672a"
        ],
        "securityToolVersion": "",
        "securityToolInfoUri": ""
      }
    },
    {
      "vulnerabilityID": "00000000-0000-0000-0000-000000000000",
      "analysisID": "21194e50-9ca4-4184-8f10-d46aa20ab421",
      "createdAt": "2024-08-14T14:10:53.3724963Z",
      "vulnerabilities": {
        "vulnerabilityID": "ae817e3e-bd5a-4a3d-a6b4-44e45ccb399f",
        "line": "805",
        "column": "13",
        "confidence": "MEDIUM",
        "file": "docs\\releases\\1.2.txt",
        "code": "'PASSWORD': 's3krit',",
        "details": "(1/1) * Possible vulnerability detected: Hard-coded password\nThe software contains hard-coded credentials, such as a password or cryptographic key, which it uses for its own inbound authentication, outbound communication to external components, or encryption of internal data. For more information checkout the CWE-798 (https://cwe.mitre.org/data/definitions/798.html) advisory.",
        "securityTool": "HorusecEngine",
        "language": "Leaks",
        "severity": "CRITICAL",
        "type": "Vulnerability",
        "commitAuthor": "-",
        "commitEmail": "-",
        "commitHash": "-",
        "commitMessage": "-",
        "commitDate": "-",
        "rule_id": "HS-LEAKS-26",
        "vulnHash": "28a01acbd21155fdf284c17d2049c68789370f67da83a1649b6a45cc2b35351f",
        "deprecatedHashes": [
          "90d40eda1766330ed38b1a36d5d8898eb5018d386886e97d7ddda93eeb4057f0",
          "4a4ede8c87ad1a3b76bbca2fb6da7a206f1d108dce1bd114b5fc6196de109214"
        ],
        "securityToolVersion": "",
        "securityToolInfoUri": ""
      }
    },
    {
      "vulnerabilityID": "00000000-0000-0000-0000-000000000000",
      "analysisID": "21194e50-9ca4-4184-8f10-d46aa20ab421",
      "createdAt": "2024-08-14T14:10:53.3724963Z",
      "vulnerabilities": {
        "vulnerabilityID": "4e13a6ca-ce1a-4fc9-b569-66baacd8ff03",
        "line": "55",
        "column": "27",
        "confidence": "MEDIUM",
        "file": "django\\contrib\\auth\\management\\commands\\changepassword.py",
        "code": "p2 = self._get_pass(\"Password (again): \")",
        "details": "(1/1) * Possible vulnerability detected: Hard-coded password\nThe software contains hard-coded credentials, such as a password or cryptographic key, which it uses for its own inbound authentication, outbound communication to external components, or encryption of internal data. For more information checkout the CWE-798 (https://cwe.mitre.org/data/definitions/798.html) advisory.",
        "securityTool": "HorusecEngine",
        "language": "Leaks",
        "severity": "CRITICAL",
        "type": "Vulnerability",
        "commitAuthor": "-",
        "commitEmail": "-",
        "commitHash": "-",
        "commitMessage": "-",
        "commitDate": "-",
        "rule_id": "HS-LEAKS-26",
        "vulnHash": "facb8a5e203580ecf57f71cf21466a0666355195fef1167e25ecaf7e6f9046b5",
        "deprecatedHashes": [
          "abd7c6f763000f35a126e038bfce0a608565d23902a5c7f902753a0cce2dbd79",
          "e296b24d750e8bc6ade3f26d5f2c8efe2eb6287fd547b7bc53259c90b8081b90"
        ],
        "securityToolVersion": "",
        "securityToolInfoUri": ""
      }
    },
    {
      "vulnerabilityID": "00000000-0000-0000-0000-000000000000",
      "analysisID": "21194e50-9ca4-4184-8f10-d46aa20ab421",
      "createdAt": "2024-08-14T14:10:53.3724963Z",
      "vulnerabilities": {
        "vulnerabilityID": "4b5a7dfd-fdf8-4208-9835-76536d513bfe",
        "line": "17",
        "column": "8",
        "confidence": "MEDIUM",
        "file": "django\\db\\backends\\postgresql\\client.py",
        "code": "dbname = conn_params.get('database', '')",
        "details": "(1/1) * Possible vulnerability detected: Potential Hard-coded credential\nThe software contains hard-coded credentials, such as a password or cryptographic key, which it uses for its own inbound authentication, outbound communication to external components, or encryption of internal data. For more information checkout the CWE-798 (https://cwe.mitre.org/data/definitions/798.html) advisory.",
        "securityTool": "HorusecEngine",
        "language": "Leaks",
        "severity": "CRITICAL",
        "type": "Vulnerability",
        "commitAuthor": "-",
        "commitEmail": "-",
        "commitHash": "-",
        "commitMessage": "-",
        "commitDate": "-",
        "rule_id": "HS-LEAKS-25",
        "vulnHash": "53cab0082a9b9bbe6c86e2f0bd04d3f45497e909bdad49deae2be143062a41bd",
        "deprecatedHashes": [
          "324dec9ebc5ec5b31895e542656163ff05a111e36d28d768fd18e079c1b7ddc5",
          "6fe54bfbf64a9543febca6759f1bf2edab66e8c5c47d19d9221b0ad179300434"
        ],
        "securityToolVersion": "",
        "securityToolInfoUri": ""
      }
    },
    {
      "vulnerabilityID": "00000000-0000-0000-0000-000000000000",
      "analysisID": "21194e50-9ca4-4184-8f10-d46aa20ab421",
      "createdAt": "2024-08-14T14:10:53.3724963Z",
      "vulnerabilities": {
        "vulnerabilityID": "aaf8c874-e720-4aad-80ab-c955d0d9dc2a",
        "line": "113",
        "column": "4",
        "confidence": "MEDIUM",
        "file": "docs\\ref\\contrib\\gis\\testing.txt",
        "code": "SECRET_KEY = 'django_tests_secret_key'",
        "details": "(1/1) * Possible vulnerability detected: Potential Hard-coded credential\nThe software contains hard-coded credentials, such as a password or cryptographic key, which it uses for its own inbound authentication, outbound communication to external components, or encryption of internal data. For more information checkout the CWE-798 (https://cwe.mitre.org/data/definitions/798.html) advisory.",
        "securityTool": "HorusecEngine",
        "language": "Leaks",
        "severity": "CRITICAL",
        "type": "Vulnerability",
        "commitAuthor": "-",
        "commitEmail": "-",
        "commitHash": "-",
        "commitMessage": "-",
        "commitDate": "-",
        "rule_id": "HS-LEAKS-25",
        "vulnHash": "36107dd8234cc547cff0491dfa5ce94e27c12e32eb0e2e392cb23e0824899151",
        "deprecatedHashes": [
          "d20e45ddbcece1dda345ef84a956afdb4a4c9119d62045d8699e2217ead5f456",
          "f2fdc4876d5e791250ac5f4471be178b8bf0ecb34c8e7777b2fe9e6ea5f4c577"
        ],
        "securityToolVersion": "",
        "securityToolInfoUri": ""
      }
    },
    {
      "vulnerabilityID": "00000000-0000-0000-0000-000000000000",
      "analysisID": "21194e50-9ca4-4184-8f10-d46aa20ab421",
      "createdAt": "2024-08-14T14:10:53.3724963Z",
      "vulnerabilities": {
        "vulnerabilityID": "8eb8f132-2191-48be-9145-697cf161f121",
        "line": "658",
        "column": "31",
        "confidence": "MEDIUM",
        "file": "docs\\releases\\1.0-porting-guide.txt",
        "code": "c.login(username='myuser', password='mypassword')",
        "details": "(1/1) * Possible vulnerability detected: Hard-coded password\nThe software contains hard-coded credentials, such as a password or cryptographic key, which it uses for its own inbound authentication, outbound communication to external components, or encryption of internal data. For more information checkout the CWE-798 (https://cwe.mitre.org/data/definitions/798.html) advisory.",
        "securityTool": "HorusecEngine",
        "language": "Leaks",
        "severity": "CRITICAL",
        "type": "Vulnerability",
        "commitAuthor": "-",
        "commitEmail": "-",
        "commitHash": "-",
        "commitMessage": "-",
        "commitDate": "-",
        "rule_id": "HS-LEAKS-26",
        "vulnHash": "6d70a7118a0ba2c2e0de6e73eb44a5c61d209a816d811201bafc102d40a1c532",
        "deprecatedHashes": [
          "0f23928e508b115b1f31162dc73584fbee9277db632171ea765174672c41a469",
          "ed3d322770f5172c08aaa9b247f333efdf8e7e2f7a0b2381d66fe3a6cb362c87"
        ],
        "securityToolVersion": "",
        "securityToolInfoUri": ""
      }
    },
    {
      "vulnerabilityID": "00000000-0000-0000-0000-000000000000",
      "analysisID": "21194e50-9ca4-4184-8f10-d46aa20ab421",
      "createdAt": "2024-08-14T14:10:53.3724963Z",
      "vulnerabilities": {
        "vulnerabilityID": "c62a99ca-8bac-42a1-b46d-5fc9405dba66",
        "line": "509",
        "column": "13",
        "confidence": "MEDIUM",
        "file": "docs\\ref\\settings.txt",
        "code": "'PASSWORD': 'mypassword',",
        "details": "(1/1) * Possible vulnerability detected: Hard-coded password\nThe software contains hard-coded credentials, such as a password or cryptographic key, which it uses for its own inbound authentication, outbound communication to external components, or encryption of internal data. For more information checkout the CWE-798 (https://cwe.mitre.org/data/definitions/798.html) advisory.",
        "securityTool": "HorusecEngine",
        "language": "Leaks",
        "severity": "CRITICAL",
        "type": "Vulnerability",
        "commitAuthor": "-",
        "commitEmail": "-",
        "commitHash": "-",
        "commitMessage": "-",
        "commitDate": "-",
        "rule_id": "HS-LEAKS-26",
        "vulnHash": "49949774f4490763f25e5dd954baab8abf3708c071c6b98df6bb81758a9d464b",
        "deprecatedHashes": [
          "ad63910ac049157d6b7f6912852ecd3211716356c7682e71494825219ae08f8f",
          "155a7e797540a03ceb05f86a0d5fdbd665868a175cf13604d0535d6bdd2ee654"
        ],
        "securityToolVersion": "",
        "securityToolInfoUri": ""
      }
    },
    {
      "vulnerabilityID": "00000000-0000-0000-0000-000000000000",
      "analysisID": "21194e50-9ca4-4184-8f10-d46aa20ab421",
      "createdAt": "2024-08-14T14:10:53.3724963Z",
      "vulnerabilities": {
        "vulnerabilityID": "3838a2e5-6e8e-4f43-93ea-29af1f4a2062",
        "line": "39",
        "column": "13",
        "confidence": "MEDIUM",
        "file": "docs\\topics\\db\\multi-db.txt",
        "code": "'PASSWORD': 's3krit'",
        "details": "(1/1) * Possible vulnerability detected: Hard-coded password\nThe software contains hard-coded credentials, such as a password or cryptographic key, which it uses for its own inbound authentication, outbound communication to external components, or encryption of internal data. For more information checkout the CWE-798 (https://cwe.mitre.org/data/definitions/798.html) advisory.",
        "securityTool": "HorusecEngine",
        "language": "Leaks",
        "severity": "CRITICAL",
        "type": "Vulnerability",
        "commitAuthor": "-",
        "commitEmail": "-",
        "commitHash": "-",
        "commitMessage": "-",
        "commitDate": "-",
        "rule_id": "HS-LEAKS-26",
        "vulnHash": "e62d943626c4ef3a1c786da66b1e7bdeba3415475a6191f18532d09283cb07cf",
        "deprecatedHashes": [
          "020ac32fc0029a16387ee09453c801d63bb9ecacd6837143e2ab1761af095830",
          "2f917890ea0c73fa20bc756e81a592925f51f15aabc3ab6a37fb78431817abee"
        ],
        "securityToolVersion": "",
        "securityToolInfoUri": ""
      }
    },
    {
      "vulnerabilityID": "00000000-0000-0000-0000-000000000000",
      "analysisID": "21194e50-9ca4-4184-8f10-d46aa20ab421",
      "createdAt": "2024-08-14T14:10:53.3724963Z",
      "vulnerabilities": {
        "vulnerabilityID": "52b14df7-a3ba-41a8-8628-333678bc4450",
        "line": "45",
        "column": "13",
        "confidence": "MEDIUM",
        "file": "docs\\topics\\db\\multi-db.txt",
        "code": "'PASSWORD': 'priv4te'",
        "details": "(1/1) * Possible vulnerability detected: Hard-coded password\nThe software contains hard-coded credentials, such as a password or cryptographic key, which it uses for its own inbound authentication, outbound communication to external components, or encryption of internal data. For more information checkout the CWE-798 (https://cwe.mitre.org/data/definitions/798.html) advisory.",
        "securityTool": "HorusecEngine",
        "language": "Leaks",
        "severity": "CRITICAL",
        "type": "Vulnerability",
        "commitAuthor": "-",
        "commitEmail": "-",
        "commitHash": "-",
        "commitMessage": "-",
        "commitDate": "-",
        "rule_id": "HS-LEAKS-26",
        "vulnHash": "b56ec327bf6dcf00e8cce1eb0d913390b55172837282ef8f42db8a1fa88e2bdf",
        "deprecatedHashes": [
          "13f3f79557506860694b7a1c3bb6c2a291e874c698431657a3c455a62c0edc15",
          "33cc09b81f467eae0b76669f73ca8bf74b37c761e873a30fbfe2c579298e9963"
        ],
        "securityToolVersion": "",
        "securityToolInfoUri": ""
      }
    },
    {
      "vulnerabilityID": "00000000-0000-0000-0000-000000000000",
      "analysisID": "21194e50-9ca4-4184-8f10-d46aa20ab421",
      "createdAt": "2024-08-14T14:10:53.3724963Z",
      "vulnerabilities": {
        "vulnerabilityID": "da574544-e265-47b3-8a5b-3e78953c5c63",
        "line": "65",
        "column": "13",
        "confidence": "MEDIUM",
        "file": "docs\\topics\\db\\multi-db.txt",
        "code": "'PASSWORD': 'superS3cret'",
        "details": "(1/1) * Possible vulnerability detected: Hard-coded password\nThe software contains hard-coded credentials, such as a password or cryptographic key, which it uses for its own inbound authentication, outbound communication to external components, or encryption of internal data. For more information checkout the CWE-798 (https://cwe.mitre.org/data/definitions/798.html) advisory.",
        "securityTool": "HorusecEngine",
        "language": "Leaks",
        "severity": "CRITICAL",
        "type": "Vulnerability",
        "commitAuthor": "-",
        "commitEmail": "-",
        "commitHash": "-",
        "commitMessage": "-",
        "commitDate": "-",
        "rule_id": "HS-LEAKS-26",
        "vulnHash": "1c69c66052854f7e8838710c39b33ad11ff192a67c6f32aae54642b0046966bc",
        "deprecatedHashes": [
          "2c4666754da06924db6cd4ebde55fcd7008a361bcd9abdf67416bf652fe84dcb",
          "0890ca3512d2d4c21de87f261998403faab9b6f309983d1f44c4ddc84610e759"
        ],
        "securityToolVersion": "",
        "securityToolInfoUri": ""
      }
    },
    {
      "vulnerabilityID": "00000000-0000-0000-0000-000000000000",
      "analysisID": "21194e50-9ca4-4184-8f10-d46aa20ab421",
      "createdAt": "2024-08-14T14:10:53.3724963Z",
      "vulnerabilities": {
        "vulnerabilityID": "c8e9f06b-e1da-43de-9352-864e826e82f8",
        "line": "71",
        "column": "13",
        "confidence": "MEDIUM",
        "file": "docs\\topics\\db\\multi-db.txt",
        "code": "'PASSWORD': 'veryPriv@ate'",
        "details": "(1/1) * Possible vulnerability detected: Hard-coded password\nThe software contains hard-coded credentials, such as a password or cryptographic key, which it uses for its own inbound authentication, outbound communication to external components, or encryption of internal data. For more information checkout the CWE-798 (https://cwe.mitre.org/data/definitions/798.html) advisory.",
        "securityTool": "HorusecEngine",
        "language": "Leaks",
        "severity": "CRITICAL",
        "type": "Vulnerability",
        "commitAuthor": "-",
        "commitEmail": "-",
        "commitHash": "-",
        "commitMessage": "-",
        "commitDate": "-",
        "rule_id": "HS-LEAKS-26",
        "vulnHash": "df705294e42df1d720f099b76508a70c9b0a9a55b9d48d76f96e8052a89bdf72",
        "deprecatedHashes": [
          "d0fab96e17eb897d479305b47bbf6159f400ab591be9a519aaab7fb3348e2093",
          "0101aea63ac85f5ad2024698c3aeb92ab2969c50cdc953d541aed04312846cea"
        ],
        "securityToolVersion": "",
        "securityToolInfoUri": ""
      }
    },
    {
      "vulnerabilityID": "00000000-0000-0000-0000-000000000000",
      "analysisID": "21194e50-9ca4-4184-8f10-d46aa20ab421",
      "createdAt": "2024-08-14T14:10:53.3724963Z",
      "vulnerabilities": {
        "vulnerabilityID": "85516d18-5290-4f8f-90e5-759c548e3031",
        "line": "282",
        "column": "13",
        "confidence": "MEDIUM",
        "file": "docs\\topics\\db\\multi-db.txt",
        "code": "'PASSWORD': 'swordfish',",
        "details": "(1/1) * Possible vulnerability detected: Hard-coded password\nThe software contains hard-coded credentials, such as a password or cryptographic key, which it uses for its own inbound authentication, outbound communication to external components, or encryption of internal data. For more information checkout the CWE-798 (https://cwe.mitre.org/data/definitions/798.html) advisory.",
        "securityTool": "HorusecEngine",
        "language": "Leaks",
        "severity": "CRITICAL",
        "type": "Vulnerability",
        "commitAuthor": "-",
        "commitEmail": "-",
        "commitHash": "-",
        "commitMessage": "-",
        "commitDate": "-",
        "rule_id": "HS-LEAKS-26",
        "vulnHash": "e37339aa860fc066190af26bc0c37f57a1fa89c8b498af0287a56e30d2fd382e",
        "deprecatedHashes": [
          "017dd0ccdcb6748597e46c72965d481fc10a7b3c84677bb32e2049c8cc5456d1",
          "801488f10b35a92bec65c1fdd262a9748f74897105361fe8245f4759c89c5e41"
        ],
        "securityToolVersion": "",
        "securityToolInfoUri": ""
      }
    },
    {
      "vulnerabilityID": "00000000-0000-0000-0000-000000000000",
      "analysisID": "21194e50-9ca4-4184-8f10-d46aa20ab421",
      "createdAt": "2024-08-14T14:10:53.3724963Z",
      "vulnerabilities": {
        "vulnerabilityID": "9a2ff881-b0f1-4027-a969-4a368f652b5d",
        "line": "288",
        "column": "13",
        "confidence": "MEDIUM",
        "file": "docs\\topics\\db\\multi-db.txt",
        "code": "'PASSWORD': 'spam',",
        "details": "(1/1) * Possible vulnerability detected: Hard-coded password\nThe software contains hard-coded credentials, such as a password or cryptographic key, which it uses for its own inbound authentication, outbound communication to external components, or encryption of internal data. For more information checkout the CWE-798 (https://cwe.mitre.org/data/definitions/798.html) advisory.",
        "securityTool": "HorusecEngine",
        "language": "Leaks",
        "severity": "CRITICAL",
        "type": "Vulnerability",
        "commitAuthor": "-",
        "commitEmail": "-",
        "commitHash": "-",
        "commitMessage": "-",
        "commitDate": "-",
        "rule_id": "HS-LEAKS-26",
        "vulnHash": "561299f282452ecb0465d34364875f1899e7417aeeebd95a28a33569eb009f6b",
        "deprecatedHashes": [
          "47acd8d2039fc6f67a117f17ead3fda9a2c648a67b84f922de06580b7752065f",
          "377efd9004aeb02fd80e405af735ab00828b7896f1ec2819d9ae83386376e717"
        ],
        "securityToolVersion": "",
        "securityToolInfoUri": ""
      }
    },
    {
      "vulnerabilityID": "00000000-0000-0000-0000-000000000000",
      "analysisID": "21194e50-9ca4-4184-8f10-d46aa20ab421",
      "createdAt": "2024-08-14T14:10:53.3724963Z",
      "vulnerabilities": {
        "vulnerabilityID": "6c3f1d7f-f0e1-49fd-ba98-105f96d40b2a",
        "line": "294",
        "column": "13",
        "confidence": "MEDIUM",
        "file": "docs\\topics\\db\\multi-db.txt",
        "code": "'PASSWORD': 'eggs',",
        "details": "(1/1) * Possible vulnerability detected: Hard-coded password\nThe software contains hard-coded credentials, such as a password or cryptographic key, which it uses for its own inbound authentication, outbound communication to external components, or encryption of internal data. For more information checkout the CWE-798 (https://cwe.mitre.org/data/definitions/798.html) advisory.",
        "securityTool": "HorusecEngine",
        "language": "Leaks",
        "severity": "CRITICAL",
        "type": "Vulnerability",
        "commitAuthor": "-",
        "commitEmail": "-",
        "commitHash": "-",
        "commitMessage": "-",
        "commitDate": "-",
        "rule_id": "HS-LEAKS-26",
        "vulnHash": "65fe3fa03e721c03aaa1d014aa74764b9d1a84ce6d66b2c0dc2cf686548e88d1",
        "deprecatedHashes": [
          "c6d209bbe4d481fdedf5368520748aedf0494d982ba0ec80b997a7c100292efb",
          "0d0067f7a9de3da3b6a256049ca627170cac609cdd5f77be36ecf13934992f57"
        ],
        "securityToolVersion": "",
        "securityToolInfoUri": ""
      }
    },
    {
      "vulnerabilityID": "00000000-0000-0000-0000-000000000000",
      "analysisID": "21194e50-9ca4-4184-8f10-d46aa20ab421",
      "createdAt": "2024-08-14T14:10:53.3724963Z",
      "vulnerabilities": {
        "vulnerabilityID": "afa0a6b1-c94f-4828-bb7d-0367f850ba47",
        "line": "300",
        "column": "13",
        "confidence": "MEDIUM",
        "file": "docs\\topics\\db\\multi-db.txt",
        "code": "'PASSWORD': 'bacon',",
        "details": "(1/1) * Possible vulnerability detected: Hard-coded password\nThe software contains hard-coded credentials, such as a password or cryptographic key, which it uses for its own inbound authentication, outbound communication to external components, or encryption of internal data. For more information checkout the CWE-798 (https://cwe.mitre.org/data/definitions/798.html) advisory.",
        "securityTool": "HorusecEngine",
        "language": "Leaks",
        "severity": "CRITICAL",
        "type": "Vulnerability",
        "commitAuthor": "-",
        "commitEmail": "-",
        "commitHash": "-",
        "commitMessage": "-",
        "commitDate": "-",
        "rule_id": "HS-LEAKS-26",
        "vulnHash": "051c56c33be830d5823ca76fb70fd1ba02ef3ad1dbe2efca6371066d35cffe22",
        "deprecatedHashes": [
          "3ee6cdc7f3af571bdcdbf6df2528f6128691baff0d62ceb0d3fd600f6a1ec159",
          "298654944b423e52f3d8459fe6ac1c51ba7dbf1855fb52faed8e314195f4b4ad"
        ],
        "securityToolVersion": "",
        "securityToolInfoUri": ""
      }
    },
    {
      "vulnerabilityID": "00000000-0000-0000-0000-000000000000",
      "analysisID": "21194e50-9ca4-4184-8f10-d46aa20ab421",
      "createdAt": "2024-08-14T14:10:53.3724963Z",
      "vulnerabilities": {
        "vulnerabilityID": "17e8a524-302e-45b0-81d5-1e72fe0dea8b",
        "line": "470",
        "column": "17",
        "confidence": "MEDIUM",
        "file": "docs\\topics\\cache.txt",
        "code": "'password': 'pass',",
        "details": "(1/1) * Possible vulnerability detected: Hard-coded password\nThe software contains hard-coded credentials, such as a password or cryptographic key, which it uses for its own inbound authentication, outbound communication to external components, or encryption of internal data. For more information checkout the CWE-798 (https://cwe.mitre.org/data/definitions/798.html) advisory.",
        "securityTool": "HorusecEngine",
        "language": "Leaks",
        "severity": "CRITICAL",
        "type": "Vulnerability",
        "commitAuthor": "-",
        "commitEmail": "-",
        "commitHash": "-",
        "commitMessage": "-",
        "commitDate": "-",
        "rule_id": "HS-LEAKS-26",
        "vulnHash": "924ce3cbdf81e687f238e80cbd04ef924906ad27f7a8f2bb1f250b0b73fcc323",
        "deprecatedHashes": [
          "d619e39b63aa604b9969b3043723b519d9b771db4711ca1d2690363b2bb9114d",
          "79fd0154a619c73185f2327bb9e08d2662d358a8b2c099817696b0e118a12360"
        ],
        "securityToolVersion": "",
        "securityToolInfoUri": ""
      }
    },
    {
      "vulnerabilityID": "00000000-0000-0000-0000-000000000000",
      "analysisID": "21194e50-9ca4-4184-8f10-d46aa20ab421",
      "createdAt": "2024-08-14T14:10:53.3724963Z",
      "vulnerabilities": {
        "vulnerabilityID": "a1cdf6b6-b6d9-4e31-8c03-95f209cda11b",
        "line": "52",
        "column": "59",
        "confidence": "MEDIUM",
        "file": "docs\\topics\\testing\\tools.txt",
        "code": "\u003e\u003e\u003e response = c.post('/login/', {'username': 'john', 'password': 'smith'})",
        "details": "(1/1) * Possible vulnerability detected: Hard-coded password\nThe software contains hard-coded credentials, such as a password or cryptographic key, which it uses for its own inbound authentication, outbound communication to external components, or encryption of internal data. For more information checkout the CWE-798 (https://cwe.mitre.org/data/definitions/798.html) advisory.",
        "securityTool": "HorusecEngine",
        "language": "Leaks",
        "severity": "CRITICAL",
        "type": "Vulnerability",
        "commitAuthor": "-",
        "commitEmail": "-",
        "commitHash": "-",
        "commitMessage": "-",
        "commitDate": "-",
        "rule_id": "HS-LEAKS-26",
        "vulnHash": "9783c537a3a4179667e54ae0028480bc25f5469bb8bac4397cf0747ddd57149f",
        "deprecatedHashes": [
          "d3c41039fe677562901bbca82e5494624eb7413791f788bc7b8665a052b7616a",
          "61293f41a2734cacd757844202ac76eb4ed494c02a3d770f5c663639ed9c4ebb"
        ],
        "securityToolVersion": "",
        "securityToolInfoUri": ""
      }
    },
    {
      "vulnerabilityID": "00000000-0000-0000-0000-000000000000",
      "analysisID": "21194e50-9ca4-4184-8f10-d46aa20ab421",
      "createdAt": "2024-08-14T14:10:53.3724963Z",
      "vulnerabilities": {
        "vulnerabilityID": "a692ad70-a8a0-4a06-a17d-b7a9cad8bd08",
        "line": "377",
        "column": "41",
        "confidence": "MEDIUM",
        "file": "docs\\topics\\testing\\tools.txt",
        "code": "\u003e\u003e\u003e c.login(username='fred', password='secret')",
        "details": "(1/1) * Possible vulnerability detected: Hard-coded password\nThe software contains hard-coded credentials, such as a password or cryptographic key, which it uses for its own inbound authentication, outbound communication to external components, or encryption of internal data. For more information checkout the CWE-798 (https://cwe.mitre.org/data/definitions/798.html) advisory.",
        "securityTool": "HorusecEngine",
        "language": "Leaks",
        "severity": "CRITICAL",
        "type": "Vulnerability",
        "commitAuthor": "-",
        "commitEmail": "-",
        "commitHash": "-",
        "commitMessage": "-",
        "commitDate": "-",
        "rule_id": "HS-LEAKS-26",
        "vulnHash": "45fc68a092346ea90ee85c45bb34c331aef884059e02c2c2dad499a4a1758240",
        "deprecatedHashes": [
          "4565d5cad5d635ad2e8800bb5f8238ede69b14ca6e00daf81c5e4850a1944d27",
          "0712bfb823b3b34d499d2d92f694d85915e6122a99b40ec235c24c09bece8caa"
        ],
        "securityToolVersion": "",
        "securityToolInfoUri": ""
      }
    },
    {
      "vulnerabilityID": "00000000-0000-0000-0000-000000000000",
      "analysisID": "21194e50-9ca4-4184-8f10-d46aa20ab421",
      "createdAt": "2024-08-14T14:10:53.3724963Z",
      "vulnerabilities": {
        "vulnerabilityID": "f1effc61-3891-4283-86b0-8d3406caa16b",
        "line": "210",
        "column": "52",
        "confidence": "MEDIUM",
        "file": "docs\\topics\\testing\\tools.txt",
        "code": "\u003e\u003e\u003e c.post('/login/', {'name': 'fred', 'passwd': 'secret'})",
        "details": "(1/1) * Possible vulnerability detected: Hard-coded password\nThe software contains hard-coded credentials, such as a password or cryptographic key, which it uses for its own inbound authentication, outbound communication to external components, or encryption of internal data. For more information checkout the CWE-798 (https://cwe.mitre.org/data/definitions/798.html) advisory.",
        "securityTool": "HorusecEngine",
        "language": "Leaks",
        "severity": "CRITICAL",
        "type": "Vulnerability",
        "commitAuthor": "-",
        "commitEmail": "-",
        "commitHash": "-",
        "commitMessage": "-",
        "commitDate": "-",
        "rule_id": "HS-LEAKS-26",
        "vulnHash": "948346ed14060b07a45627eb847ab8fb0ebad6ef23302598f80f304c898ccdd0",
        "deprecatedHashes": [
          "a695d06d343fa7b32359962884534418705efe93450787444939559578cfc053",
          "aa4b94e27b738d8a15297b9c7cf53a4122ce8f331f03d0096f06b3ee6b588e86"
        ],
        "securityToolVersion": "",
        "securityToolInfoUri": ""
      }
    },
    {
      "vulnerabilityID": "00000000-0000-0000-0000-000000000000",
      "analysisID": "21194e50-9ca4-4184-8f10-d46aa20ab421",
      "createdAt": "2024-08-14T14:10:53.3724963Z",
      "vulnerabilities": {
        "vulnerabilityID": "992b5096-338b-427a-bcbf-646b0526e4ae",
        "line": "285",
        "column": "61",
        "confidence": "MEDIUM",
        "file": "docs\\topics\\testing\\tools.txt",
        "code": "\u003e\u003e\u003e c.post('/login/?visitor=true', {'name': 'fred', 'passwd': 'secret'})",
        "details": "(1/1) * Possible vulnerability detected: Hard-coded password\nThe software contains hard-coded credentials, such as a password or cryptographic key, which it uses for its own inbound authentication, outbound communication to external components, or encryption of internal data. For more information checkout the CWE-798 (https://cwe.mitre.org/data/definitions/798.html) advisory.",
        "securityTool": "HorusecEngine",
        "language": "Leaks",
        "severity": "CRITICAL",
        "type": "Vulnerability",
        "commitAuthor": "-",
        "commitEmail": "-",
        "commitHash": "-",
        "commitMessage": "-",
        "commitDate": "-",
        "rule_id": "HS-LEAKS-26",
        "vulnHash": "64d10153c7832c4be7206ef6e99d72070455a0bb575ab677abed363ec5bb41f3",
        "deprecatedHashes": [
          "739f44e728814d0df2e5495bf889f13ff8b2096c3cce8c3d325d42be7a4d3d8d",
          "fe790516877d72dc3de6930aef1851a769fba709dbb1f4208861efd3f9ad2d44"
        ],
        "securityToolVersion": "",
        "securityToolInfoUri": ""
      }
    },
    {
      "vulnerabilityID": "00000000-0000-0000-0000-000000000000",
      "analysisID": "21194e50-9ca4-4184-8f10-d46aa20ab421",
      "createdAt": "2024-08-14T14:10:53.3724963Z",
      "vulnerabilities": {
        "vulnerabilityID": "885032e4-6478-4427-b43a-e79476420986",
        "line": "445",
        "column": "4",
        "confidence": "MEDIUM",
        "file": "docs\\topics\\testing\\advanced.txt",
        "code": "SECRET_KEY = 'fake-key'",
        "details": "(1/1) * Possible vulnerability detected: Potential Hard-coded credential\nThe software contains hard-coded credentials, such as a password or cryptographic key, which it uses for its own inbound authentication, outbound communication to external components, or encryption of internal data. For more information checkout the CWE-798 (https://cwe.mitre.org/data/definitions/798.html) advisory.",
        "securityTool": "HorusecEngine",
        "language": "Leaks",
        "severity": "CRITICAL",
        "type": "Vulnerability",
        "commitAuthor": "-",
        "commitEmail": "-",
        "commitHash": "-",
        "commitMessage": "-",
        "commitDate": "-",
        "rule_id": "HS-LEAKS-25",
        "vulnHash": "b9132de231987a4b2dedabd988c4dc7efc6816a65f684ec633997626997b3555",
        "deprecatedHashes": [
          "6f79b31530d2c58630739c19c52fb193a87b59d870e56ef6b89386fad3a76c0a",
          "2ed8b364c50203010b4aa5565d2d18ff7afd84b51162aa1ce6b64d6efac2ed7b"
        ],
        "securityToolVersion": "",
        "securityToolInfoUri": ""
      }
    },
    {
      "vulnerabilityID": "00000000-0000-0000-0000-000000000000",
      "analysisID": "21194e50-9ca4-4184-8f10-d46aa20ab421",
      "createdAt": "2024-08-14T14:10:53.3724963Z",
      "vulnerabilities": {
        "vulnerabilityID": "4ac9bea2-8463-4f68-89e1-fd609633c831",
        "line": "50",
        "column": "53",
        "confidence": "MEDIUM",
        "file": "docs\\topics\\testing\\advanced.txt",
        "code": "username='jacob', email='jacob@…', password='top_secret')",
        "details": "(1/1) * Possible vulnerability detected: Hard-coded password\nThe software contains hard-coded credentials, such as a password or cryptographic key, which it uses for its own inbound authentication, outbound communication to external components, or encryption of internal data. For more information checkout the CWE-798 (https://cwe.mitre.org/data/definitions/798.html) advisory.",
        "securityTool": "HorusecEngine",
        "language": "Leaks",
        "severity": "CRITICAL",
        "type": "Vulnerability",
        "commitAuthor": "-",
        "commitEmail": "-",
        "commitHash": "-",
        "commitMessage": "-",
        "commitDate": "-",
        "rule_id": "HS-LEAKS-26",
        "vulnHash": "a757f1b035412e257be0d444b45c37487230ad797a3f405ce7df06cab852a75d",
        "deprecatedHashes": [
          "630354578e758e03dcfb5612498239813fe6256bc07c98e4e3662a44a06cf323",
          "a1593d493a367baa04f866e747873df5ad5b4213e3868dc2e73484ab375f3edb"
        ],
        "securityToolVersion": "",
        "securityToolInfoUri": ""
      }
    },
    {
      "vulnerabilityID": "00000000-0000-0000-0000-000000000000",
      "analysisID": "21194e50-9ca4-4184-8f10-d46aa20ab421",
      "createdAt": "2024-08-14T14:10:53.3724963Z",
      "vulnerabilities": {
        "vulnerabilityID": "a9140e1e-97b1-42c9-8771-4fedcb27b1a5",
        "line": "147",
        "column": "43",
        "confidence": "MEDIUM",
        "file": "django\\contrib\\auth\\management\\commands\\createsuperuser.py",
        "code": "password2 = getpass.getpass('Password (again): ')",
        "details": "(1/1) * Possible vulnerability detected: Hard-coded password\nThe software contains hard-coded credentials, such as a password or cryptographic key, which it uses for its own inbound authentication, outbound communication to external components, or encryption of internal data. For more information checkout the CWE-798 (https://cwe.mitre.org/data/definitions/798.html) advisory.",
        "securityTool": "HorusecEngine",
        "language": "Leaks",
        "severity": "CRITICAL",
        "type": "Vulnerability",
        "commitAuthor": "-",
        "commitEmail": "-",
        "commitHash": "-",
        "commitMessage": "-",
        "commitDate": "-",
        "rule_id": "HS-LEAKS-26",
        "vulnHash": "2a91cc846200f80564c0f4ec6a28c6baef8eb03ab2d501188ba72fdc3cb826c7",
        "deprecatedHashes": [
          "971137b53767116fb6d8abbaf81065374528501e1739e47806382f17d61d4434",
          "27a19aca2f89f819d2eb808fdd1530605ab903d03c59e5d67ea73fe25970b3f1"
        ],
        "securityToolVersion": "",
        "securityToolInfoUri": ""
      }
    },
    {
      "vulnerabilityID": "00000000-0000-0000-0000-000000000000",
      "analysisID": "21194e50-9ca4-4184-8f10-d46aa20ab421",
      "createdAt": "2024-08-14T14:10:53.3724963Z",
      "vulnerabilities": {
        "vulnerabilityID": "224cafa8-1fa3-41d1-9c04-2aaf670ebc1e",
        "line": "102",
        "column": "14",
        "confidence": "MEDIUM",
        "file": "docs\\topics\\auth\\default.txt",
        "code": "\u003e\u003e\u003e u.set_password('new password')",
        "details": "(1/1) * Possible vulnerability detected: Hard-coded password\nThe software contains hard-coded credentials, such as a password or cryptographic key, which it uses for its own inbound authentication, outbound communication to external components, or encryption of internal data. For more information checkout the CWE-798 (https://cwe.mitre.org/data/definitions/798.html) advisory.",
        "securityTool": "HorusecEngine",
        "language": "Leaks",
        "severity": "CRITICAL",
        "type": "Vulnerability",
        "commitAuthor": "-",
        "commitEmail": "-",
        "commitHash": "-",
        "commitMessage": "-",
        "commitDate": "-",
        "rule_id": "HS-LEAKS-26",
        "vulnHash": "53b78e4c2ce278122789c147248e9693fde68c61b5c4d095d41f0f6f55c14ba8",
        "deprecatedHashes": [
          "050975cc825713fd46645ce9579df5063bff9eb72be8810df372c9dea973f22e",
          "086686cc12ef1aec7d26ad471a089493a1d85353f003019b250bc21d352e51b5"
        ],
        "securityToolVersion": "",
        "securityToolInfoUri": ""
      }
    },
    {
      "vulnerabilityID": "00000000-0000-0000-0000-000000000000",
      "analysisID": "21194e50-9ca4-4184-8f10-d46aa20ab421",
      "createdAt": "2024-08-14T14:10:53.3724963Z",
      "vulnerabilities": {
        "vulnerabilityID": "4e89541f-5300-4b3c-962d-bfe30bd30875",
        "line": "130",
        "column": "45",
        "confidence": "MEDIUM",
        "file": "docs\\topics\\auth\\default.txt",
        "code": "user = authenticate(username='john', password='secret')",
        "details": "(1/1) * Possible vulnerability detected: Hard-coded password\nThe software contains hard-coded credentials, such as a password or cryptographic key, which it uses for its own inbound authentication, outbound communication to external components, or encryption of internal data. For more information checkout the CWE-798 (https://cwe.mitre.org/data/definitions/798.html) advisory.",
        "securityTool": "HorusecEngine",
        "language": "Leaks",
        "severity": "CRITICAL",
        "type": "Vulnerability",
        "commitAuthor": "-",
        "commitEmail": "-",
        "commitHash": "-",
        "commitMessage": "-",
        "commitDate": "-",
        "rule_id": "HS-LEAKS-26",
        "vulnHash": "3659072925cb268c0100f0d41b13f6034dcaa3f369958690c0310a7337ed8ce6",
        "deprecatedHashes": [
          "27e6e590b66116fec91d68d7bcf4b8aa9f2e7680b98a3fa3d7c139d1a0da0c95",
          "2d88b56243c73e21c342f7d10860139455c642a247e3c86198164842cd606fca"
        ],
        "securityToolVersion": "",
        "securityToolInfoUri": ""
      }
    },
    {
      "vulnerabilityID": "00000000-0000-0000-0000-000000000000",
      "analysisID": "21194e50-9ca4-4184-8f10-d46aa20ab421",
      "createdAt": "2024-08-14T14:10:53.3724963Z",
      "vulnerabilities": {
        "vulnerabilityID": "1be0dd5b-09d9-4456-8ecb-099aab7e00f0",
        "line": "5",
        "column": "100",
        "confidence": "HIGH",
        "file": "django\\contrib\\admin\\static\\admin\\js\\actions.min.js",
        "code": "confirm(gettext(\"You have unsaved changes on individual editable fields. If you run an action, your ",
        "details": "(1/1) * Possible vulnerability detected: Alert statements should not be used\nalert(...) as well as confirm(...) and prompt(...) can be useful for debugging during development, but in production mode this kind of pop-up could expose sensitive information to attackers, and should never be displayed. For more information checkout the CWE-489 (https://cwe.mitre.org/data/definitions/489.html) advisory.",
        "securityTool": "HorusecEngine",
        "language": "JavaScript",
        "severity": "HIGH",
        "type": "Vulnerability",
        "commitAuthor": "-",
        "commitEmail": "-",
        "commitHash": "-",
        "commitMessage": "-",
        "commitDate": "-",
        "rule_id": "HS-JAVASCRIPT-16",
        "vulnHash": "cbed2eb0e9f211d00fd76e7b6bf80df2117a9750d1c54c3abdca948bda279e78",
        "deprecatedHashes": [
          "1635ef70fa60c99a48f3214c0a8b27abeb2af070c2b8bf45fe419573951a41c2",
          "23b27700844984c0559e2f9d0f434d815e66ed681de13b2c87c071263b41f3c3"
        ],
        "securityToolVersion": "",
        "securityToolInfoUri": ""
      }
    },
    {
      "vulnerabilityID": "00000000-0000-0000-0000-000000000000",
      "analysisID": "21194e50-9ca4-4184-8f10-d46aa20ab421",
      "createdAt": "2024-08-14T14:10:53.3724963Z",
      "vulnerabilities": {
        "vulnerabilityID": "b74e38f6-26ab-4f47-8dae-c8fc28b6bafa",
        "line": "6",
        "column": "0",
        "confidence": "HIGH",
        "file": "django\\contrib\\admin\\static\\admin\\js\\actions.min.js",
        "code": "confirm(gettext(\"You have selected an action, and you haven\\u2019t made any changes on individual fi",
        "details": "(1/1) * Possible vulnerability detected: Alert statements should not be used\nalert(...) as well as confirm(...) and prompt(...) can be useful for debugging during development, but in production mode this kind of pop-up could expose sensitive information to attackers, and should never be displayed. For more information checkout the CWE-489 (https://cwe.mitre.org/data/definitions/489.html) advisory.",
        "securityTool": "HorusecEngine",
        "language": "JavaScript",
        "severity": "HIGH",
        "type": "Vulnerability",
        "commitAuthor": "-",
        "commitEmail": "-",
        "commitHash": "-",
        "commitMessage": "-",
        "commitDate": "-",
        "rule_id": "HS-JAVASCRIPT-16",
        "vulnHash": "303b8e358af0d98119d6aacd7f265412b45d20ea3a3c7f067c3957ca75ea7a68",
        "deprecatedHashes": [
          "5b7c136055ba20ba9343f404ea4204b361e1f7f420364b057f5e219bc1bbd670",
          "5a2e3e4edd3eaa55030f3df1ce9c6ed74c644b1e534fcdff1c800fba16f80152"
        ],
        "securityToolVersion": "",
        "securityToolInfoUri": ""
      }
    },
    {
      "vulnerabilityID": "00000000-0000-0000-0000-000000000000",
      "analysisID": "21194e50-9ca4-4184-8f10-d46aa20ab421",
      "createdAt": "2024-08-14T14:10:53.3724963Z",
      "vulnerabilities": {
        "vulnerabilityID": "194f09bf-463e-40fc-a6b4-eeb8f41ec943",
        "line": "4",
        "column": "10",
        "confidence": "MEDIUM",
        "file": "django\\contrib\\admin\\static\\admin\\js\\collapse.js",
        "code": "window.addEventListener('load', function() {",
        "details": "(1/1) * Possible vulnerability detected: Origins should be verified during cross-origin communications\nBrowsers allow message exchanges between Window objects of different origins. Because any window can send / receive messages from other window it is important to verify the sender's / receiver's identity: When sending message with postMessage method, the identity's receiver should be defined (the wildcard keyword (*) should not be used).\nWhen receiving message with message event, the sender's identity should be verified using the origin and possibly source properties. For more information checkout the OWASP A2:2017 (https://owasp.org/www-project-top-ten/2017/A2_2017-Broken_Authentication) and (https://developer.mozilla.org/en-US/docs/Web/API/Window/postMessage) advisory.",
        "securityTool": "HorusecEngine",
        "language": "JavaScript",
        "severity": "HIGH",
        "type": "Vulnerability",
        "commitAuthor": "-",
        "commitEmail": "-",
        "commitHash": "-",
        "commitMessage": "-",
        "commitDate": "-",
        "rule_id": "HS-JAVASCRIPT-11",
        "vulnHash": "8c839f25b84e8fadcb433cd1c43788601032f318a4d32a2008fd34bf744c555a",
        "deprecatedHashes": [
          "eca8273179ec3e03e98fd0cea7c7561570b231dd71463b609bbeaadb4051c9f3",
          "3f44b8d929a16901e614c3cd360820ea674dbc59e23a7943da8f63df85ef15ef"
        ],
        "securityToolVersion": "",
        "securityToolInfoUri": ""
      }
    },
    {
      "vulnerabilityID": "00000000-0000-0000-0000-000000000000",
      "analysisID": "21194e50-9ca4-4184-8f10-d46aa20ab421",
      "createdAt": "2024-08-14T14:10:53.3724963Z",
      "vulnerabilities": {
        "vulnerabilityID": "871a8d47-96e9-4892-aed0-cd4050b0033e",
        "line": "1",
        "column": "19",
        "confidence": "MEDIUM",
        "file": "django\\contrib\\admin\\static\\admin\\js\\collapse.min.js",
        "code": ".addEventListener(\"load\",function(){var c=document.querySelectorAll(\"fieldset.collapse\");for(const [",
        "details": "(1/1) * Possible vulnerability detected: Origins should be verified during cross-origin communications\nBrowsers allow message exchanges between Window objects of different origins. Because any window can send / receive messages from other window it is important to verify the sender's / receiver's identity: When sending message with postMessage method, the identity's receiver should be defined (the wildcard keyword (*) should not be used).\nWhen receiving message with message event, the sender's identity should be verified using the origin and possibly source properties. For more information checkout the OWASP A2:2017 (https://owasp.org/www-project-top-ten/2017/A2_2017-Broken_Authentication) and (https://developer.mozilla.org/en-US/docs/Web/API/Window/postMessage) advisory.",
        "securityTool": "HorusecEngine",
        "language": "JavaScript",
        "severity": "HIGH",
        "type": "Vulnerability",
        "commitAuthor": "-",
        "commitEmail": "-",
        "commitHash": "-",
        "commitMessage": "-",
        "commitDate": "-",
        "rule_id": "HS-JAVASCRIPT-11",
        "vulnHash": "7859c4ce636510517494176ad727af70c1672938dbad4dfd701f86ce357d6df6",
        "deprecatedHashes": [
          "7da0258760f3eed1951dd8546bb6cdbc6253df986c6d62868ab12a298716dd11",
          "bdd6615adad7b09785c074930d9c6dffc915229020726d09414acdff1103794c"
        ],
        "securityToolVersion": "",
        "securityToolInfoUri": ""
      }
    },
    {
      "vulnerabilityID": "00000000-0000-0000-0000-000000000000",
      "analysisID": "21194e50-9ca4-4184-8f10-d46aa20ab421",
      "createdAt": "2024-08-14T14:10:53.3724963Z",
      "vulnerabilities": {
        "vulnerabilityID": "f3eae7aa-5ecd-40ed-895c-700cba2fd9eb",
        "line": "118",
        "column": "23",
        "confidence": "HIGH",
        "file": "django\\contrib\\admin\\static\\admin\\js\\actions.js",
        "code": "\"You have unsaved changes on individual editable fields. If you run an action, your unsaved changes ",
        "details": "(1/1) * Possible vulnerability detected: Alert statements should not be used\nalert(...) as well as confirm(...) and prompt(...) can be useful for debugging during development, but in production mode this kind of pop-up could expose sensitive information to attackers, and should never be displayed. For more information checkout the CWE-489 (https://cwe.mitre.org/data/definitions/489.html) advisory.",
        "securityTool": "HorusecEngine",
        "language": "JavaScript",
        "severity": "HIGH",
        "type": "Vulnerability",
        "commitAuthor": "-",
        "commitEmail": "-",
        "commitHash": "-",
        "commitMessage": "-",
        "commitDate": "-",
        "rule_id": "HS-JAVASCRIPT-16",
        "vulnHash": "e4706bd8c0a67a9a16f44afc84af5a19a45c41b346568bf8b7293f78cf189103",
        "deprecatedHashes": [
          "50c4724a26ea6d79bbd96c68d188e5bccf94a6957c5b9ec6839509caaefc85e7",
          "8d713ca62d252a441bb917798eebd8731ab4f7e0b49b6048904f7206e1c77cfd"
        ],
        "securityToolVersion": "",
        "securityToolInfoUri": ""
      }
    },
    {
      "vulnerabilityID": "00000000-0000-0000-0000-000000000000",
      "analysisID": "21194e50-9ca4-4184-8f10-d46aa20ab421",
      "createdAt": "2024-08-14T14:10:53.3724963Z",
      "vulnerabilities": {
        "vulnerabilityID": "d0d1e253-7d0e-4745-b03e-3072d18aa202",
        "line": "130",
        "column": "27",
        "confidence": "HIGH",
        "file": "django\\contrib\\admin\\static\\admin\\js\\actions.js",
        "code": " have selected an action, but you haven’t saved your changes to individual fields yet. Please clic",
        "details": "(1/1) * Possible vulnerability detected: Alert statements should not be used\nalert(...) as well as confirm(...) and prompt(...) can be useful for debugging during development, but in production mode this kind of pop-up could expose sensitive information to attackers, and should never be displayed. For more information checkout the CWE-489 (https://cwe.mitre.org/data/definitions/489.html) advisory.",
        "securityTool": "HorusecEngine",
        "language": "JavaScript",
        "severity": "HIGH",
        "type": "Vulnerability",
        "commitAuthor": "-",
        "commitEmail": "-",
        "commitHash": "-",
        "commitMessage": "-",
        "commitDate": "-",
        "rule_id": "HS-JAVASCRIPT-16",
        "vulnHash": "373bf14b0c48b27bc2bbb3e9b4ec92dae380f62b92a26363828d6cd4ecb11e78",
        "deprecatedHashes": [
          "ff241426662c3e3956de533bf162cc9f14904f1993566aec92e99b73257094a3",
          "3421a1479ab6c85a137ab5230e047e9e8280eddffac0081f0ccafb5cf26aa21a"
        ],
        "securityToolVersion": "",
        "securityToolInfoUri": ""
      }
    },
    {
      "vulnerabilityID": "00000000-0000-0000-0000-000000000000",
      "analysisID": "21194e50-9ca4-4184-8f10-d46aa20ab421",
      "createdAt": "2024-08-14T14:10:53.3724963Z",
      "vulnerabilities": {
        "vulnerabilityID": "1cf0ad52-1966-4387-afcf-c143d45be8bd",
        "line": "132",
        "column": "27",
        "confidence": "HIGH",
        "file": "django\\contrib\\admin\\static\\admin\\js\\actions.js",
        "code": " have selected an action, and you haven’t made any changes on individual fields. You’re probably",
        "details": "(1/1) * Possible vulnerability detected: Alert statements should not be used\nalert(...) as well as confirm(...) and prompt(...) can be useful for debugging during development, but in production mode this kind of pop-up could expose sensitive information to attackers, and should never be displayed. For more information checkout the CWE-489 (https://cwe.mitre.org/data/definitions/489.html) advisory.",
        "securityTool": "HorusecEngine",
        "language": "JavaScript",
        "severity": "HIGH",
        "type": "Vulnerability",
        "commitAuthor": "-",
        "commitEmail": "-",
        "commitHash": "-",
        "commitMessage": "-",
        "commitDate": "-",
        "rule_id": "HS-JAVASCRIPT-16",
        "vulnHash": "89f7179880e39ffc0932ea0a0100c0dbf073d87b2f9baef4659a53638d0b997a",
        "deprecatedHashes": [
          "a8f530839ad668ab40583ecd349e033a3afcdae4dcc102138a85404f1e9977ca",
          "f15eedd10b8e7faebb830e41bd7dc81ed06f385dc83b5d77af987ac617454978"
        ],
        "securityToolVersion": "",
        "securityToolInfoUri": ""
      }
    },
    {
      "vulnerabilityID": "00000000-0000-0000-0000-000000000000",
      "analysisID": "21194e50-9ca4-4184-8f10-d46aa20ab421",
      "createdAt": "2024-08-14T14:10:53.3724963Z",
      "vulnerabilities": {
        "vulnerabilityID": "ff78acc2-cab9-4c1a-873b-65000f884d5b",
        "line": "27",
        "column": "24",
        "confidence": "MEDIUM",
        "file": "django\\contrib\\admin\\static\\admin\\js\\nav_sidebar.js",
        "code": "toggleNavSidebar.addEventListener('click', function() {",
        "details": "(1/1) * Possible vulnerability detected: Origins should be verified during cross-origin communications\nBrowsers allow message exchanges between Window objects of different origins. Because any window can send / receive messages from other window it is important to verify the sender's / receiver's identity: When sending message with postMessage method, the identity's receiver should be defined (the wildcard keyword (*) should not be used).\nWhen receiving message with message event, the sender's identity should be verified using the origin and possibly source properties. For more information checkout the OWASP A2:2017 (https://owasp.org/www-project-top-ten/2017/A2_2017-Broken_Authentication) and (https://developer.mozilla.org/en-US/docs/Web/API/Window/postMessage) advisory.",
        "securityTool": "HorusecEngine",
        "language": "JavaScript",
        "severity": "HIGH",
        "type": "Vulnerability",
        "commitAuthor": "-",
        "commitEmail": "-",
        "commitHash": "-",
        "commitMessage": "-",
        "commitDate": "-",
        "rule_id": "HS-JAVASCRIPT-11",
        "vulnHash": "b9b215dfe0dc31d4c8e446cc1a209169198de9832bf0113daf33ff1d926f2fef",
        "deprecatedHashes": [
          "00852e9bacdc1027584a9d2964ecd7df27b7fc87fd9ee10ef12b3a1a3522910b",
          "9600cb11a2fc619810ad7836ce584707e36ab053b2c1645c47e73eae018fc6f0"
        ],
        "securityToolVersion": "",
        "securityToolInfoUri": ""
      }
    },
    {
      "vulnerabilityID": "00000000-0000-0000-0000-000000000000",
      "analysisID": "21194e50-9ca4-4184-8f10-d46aa20ab421",
      "createdAt": "2024-08-14T14:10:53.3724963Z",
      "vulnerabilities": {
        "vulnerabilityID": "55db245e-ab9e-46aa-b20a-6db20205fbfe",
        "line": "112",
        "column": "22",
        "confidence": "MEDIUM",
        "file": "django\\contrib\\admin\\static\\admin\\js\\SelectFilter2.js",
        "code": "choose_all.addEventListener('click', function(e) {",
        "details": "(1/1) * Possible vulnerability detected: Origins should be verified during cross-origin communications\nBrowsers allow message exchanges between Window objects of different origins. Because any window can send / receive messages from other window it is important to verify the sender's / receiver's identity: When sending message with postMessage method, the identity's receiver should be defined (the wildcard keyword (*) should not be used).\nWhen receiving message with message event, the sender's identity should be verified using the origin and possibly source properties. For more information checkout the OWASP A2:2017 (https://owasp.org/www-project-top-ten/2017/A2_2017-Broken_Authentication) and (https://developer.mozilla.org/en-US/docs/Web/API/Window/postMessage) advisory.",
        "securityTool": "HorusecEngine",
        "language": "JavaScript",
        "severity": "HIGH",
        "type": "Vulnerability",
        "commitAuthor": "-",
        "commitEmail": "-",
        "commitHash": "-",
        "commitMessage": "-",
        "commitDate": "-",
        "rule_id": "HS-JAVASCRIPT-11",
        "vulnHash": "1b247f4b92eea29d5f2e5ef003b639a78a425f3379066d00020f5c3df89b7967",
        "deprecatedHashes": [
          "d56cac8c8b1e5350f2e190b330145fdaa0bf3536510b311d0e6feca99b5627f9",
          "0d4f0ec2d0fb4c2421d5677efaa9b36fe87a873addc1a8a10f978fde941586cc"
        ],
        "securityToolVersion": "",
        "securityToolInfoUri": ""
      }
    },
    {
      "vulnerabilityID": "00000000-0000-0000-0000-000000000000",
      "analysisID": "21194e50-9ca4-4184-8f10-d46aa20ab421",
      "createdAt": "2024-08-14T14:10:53.3724963Z",
      "vulnerabilities": {
        "vulnerabilityID": "2ba3e7cb-6f0b-49ec-afe3-48aee542a581",
        "line": "114",
        "column": "20",
        "confidence": "MEDIUM",
        "file": "django\\contrib\\admin\\static\\admin\\js\\admin\\DateTimeShortcuts.js",
        "code": "now_link.addEventListener('click', function(e) {",
        "details": "(1/1) * Possible vulnerability detected: Origins should be verified during cross-origin communications\nBrowsers allow message exchanges between Window objects of different origins. Because any window can send / receive messages from other window it is important to verify the sender's / receiver's identity: When sending message with postMessage method, the identity's receiver should be defined (the wildcard keyword (*) should not be used).\nWhen receiving message with message event, the sender's identity should be verified using the origin and possibly source properties. For more information checkout the OWASP A2:2017 (https://owasp.org/www-project-top-ten/2017/A2_2017-Broken_Authentication) and (https://developer.mozilla.org/en-US/docs/Web/API/Window/postMessage) advisory.",
        "securityTool": "HorusecEngine",
        "language": "JavaScript",
        "severity": "HIGH",
        "type": "Vulnerability",
        "commitAuthor": "-",
        "commitEmail": "-",
        "commitHash": "-",
        "commitMessage": "-",
        "commitDate": "-",
        "rule_id": "HS-JAVASCRIPT-11",
        "vulnHash": "b71e28d287f6f69ad936f28fba0e3963e7fcaad892807a29c9e96b7b92d4e8ec",
        "deprecatedHashes": [
          "775864a6fc5d731ce7cabf46b5116161df3abc4a7a422c99fc70e30b5fb273a6",
          "e4ad78e33eff04c94b223422dc04e7c3e8fdc9d334444c8f9c55a3252bd95453"
        ],
        "securityToolVersion": "",
        "securityToolInfoUri": ""
      }
    }
  ]
}