{
  "components": [
    {
      "bom-ref": "requirements-L25",
      "description": "requirements line 25: Jinja2==3.1.4",
      "externalReferences": [
        {
          "comment": "implicit dist url",
          "type": "distribution",
          "url": "https://pypi.org/simple/Jinja2/"
        }
      ],
      "name": "Jinja2",
      "purl": "pkg:pypi/jinja2@3.1.4",
      "type": "library",
      "version": "3.1.4"
    },
    {
      "bom-ref": "requirements-L28",
      "description": "requirements line 28: MarkupSafe==2.1.5",
      "externalReferences": [
        {
          "comment": "implicit dist url",
          "type": "distribution",
          "url": "https://pypi.org/simple/MarkupSafe/"
        }
      ],
      "name": "MarkupSafe",
      "purl": "pkg:pypi/markupsafe@2.1.5",
      "type": "library",
      "version": "2.1.5"
    },
    {
      "bom-ref": "requirements-L42",
      "description": "requirements line 42: Pygments==2.18.0",
      "externalReferences": [
        {
          "comment": "implicit dist url",
          "type": "distribution",
          "url": "https://pypi.org/simple/Pygments/"
        }
      ],
      "name": "Pygments",
      "purl": "pkg:pypi/pygments@2.18.0",
      "type": "library",
      "version": "2.18.0"
    },
    {
      "bom-ref": "requirements-L59",
      "description": "requirements line 59: Sphinx==7.1.2",
      "externalReferences": [
        {
          "comment": "implicit dist url",
          "type": "distribution",
          "url": "https://pypi.org/simple/Sphinx/"
        }
      ],
      "name": "Sphinx",
      "purl": "pkg:pypi/sphinx@7.1.2",
      "type": "library",
      "version": "7.1.2"
    },
    {
      "bom-ref": "requirements-L1",
      "description": "requirements line 1: alabaster==0.7.13",
      "externalReferences": [
        {
          "comment": "implicit dist url",
          "type": "distribution",
          "url": "https://pypi.org/simple/alabaster/"
        }
      ],
      "name": "alabaster",
      "purl": "pkg:pypi/alabaster@0.7.13",
      "type": "library",
      "version": "0.7.13"
    },
    {
      "bom-ref": "requirements-L2",
      "description": "requirements line 2: attrs==24.2.0",
      "externalReferences": [
        {
          "comment": "implicit dist url",
          "type": "distribution",
          "url": "https://pypi.org/simple/attrs/"
        }
      ],
      "name": "attrs",
      "purl": "pkg:pypi/attrs@24.2.0",
      "type": "library",
      "version": "24.2.0"
    },
    {
      "bom-ref": "requirements-L3",
      "description": "requirements line 3: babel==2.16.0",
      "externalReferences": [
        {
          "comment": "implicit dist url",
          "type": "distribution",
          "url": "https://pypi.org/simple/babel/"
        }
      ],
      "name": "babel",
      "purl": "pkg:pypi/babel@2.16.0",
      "type": "library",
      "version": "2.16.0"
    },
    {
      "bom-ref": "requirements-L4",
      "description": "requirements line 4: backports.tarfile==1.2.0",
      "externalReferences": [
        {
          "comment": "implicit dist url",
          "type": "distribution",
          "url": "https://pypi.org/simple/backports.tarfile/"
        }
      ],
      "name": "backports.tarfile",
      "purl": "pkg:pypi/backports.tarfile@1.2.0",
      "type": "library",
      "version": "1.2.0"
    },
    {
      "bom-ref": "requirements-L5",
      "description": "requirements line 5: bcrypt==4.2.0",
      "externalReferences": [
        {
          "comment": "implicit dist url",
          "type": "distribution",
          "url": "https://pypi.org/simple/bcrypt/"
        }
      ],
      "name": "bcrypt",
      "purl": "pkg:pypi/bcrypt@4.2.0",
      "type": "library",
      "version": "4.2.0"
    },
    {
      "bom-ref": "requirements-L6",
      "description": "requirements line 6: black==24.8.0",
      "externalReferences": [
        {
          "comment": "implicit dist url",
          "type": "distribution",
          "url": "https://pypi.org/simple/black/"
        }
      ],
      "name": "black",
      "purl": "pkg:pypi/black@24.8.0",
      "type": "library",
      "version": "24.8.0"
    },
    {
      "bom-ref": "requirements-L7",
      "description": "requirements line 7: certifi==2024.7.4",
      "externalReferences": [
        {
          "comment": "implicit dist url",
          "type": "distribution",
          "url": "https://pypi.org/simple/certifi/"
        }
      ],
      "name": "certifi",
      "purl": "pkg:pypi/certifi@2024.7.4",
      "type": "library",
      "version": "2024.7.4"
    },
    {
      "bom-ref": "requirements-L8",
      "description": "requirements line 8: cffi==1.17.0",
      "externalReferences": [
        {
          "comment": "implicit dist url",
          "type": "distribution",
          "url": "https://pypi.org/simple/cffi/"
        }
      ],
      "name": "cffi",
      "purl": "pkg:pypi/cffi@1.17.0",
      "type": "library",
      "version": "1.17.0"
    },
    {
      "bom-ref": "requirements-L9",
      "description": "requirements line 9: charset-normalizer==3.3.2",
      "externalReferences": [
        {
          "comment": "implicit dist url",
          "type": "distribution",
          "url": "https://pypi.org/simple/charset-normalizer/"
        }
      ],
      "name": "charset-normalizer",
      "purl": "pkg:pypi/charset-normalizer@3.3.2",
      "type": "library",
      "version": "3.3.2"
    },
    {
      "bom-ref": "requirements-L10",
      "description": "requirements line 10: click==8.1.7",
      "externalReferences": [
        {
          "comment": "implicit dist url",
          "type": "distribution",
          "url": "https://pypi.org/simple/click/"
        }
      ],
      "name": "click",
      "purl": "pkg:pypi/click@8.1.7",
      "type": "library",
      "version": "8.1.7"
    },
    {
      "bom-ref": "requirements-L11",
      "description": "requirements line 11: coverage==7.6.1",
      "externalReferences": [
        {
          "comment": "implicit dist url",
          "type": "distribution",
          "url": "https://pypi.org/simple/coverage/"
        }
      ],
      "name": "coverage",
      "purl": "pkg:pypi/coverage@7.6.1",
      "type": "library",
      "version": "7.6.1"
    },
    {
      "bom-ref": "requirements-L12",
      "description": "requirements line 12: docutils==0.20.1",
      "externalReferences": [
        {
          "comment": "implicit dist url",
          "type": "distribution",
          "url": "https://pypi.org/simple/docutils/"
        }
      ],
      "name": "docutils",
      "purl": "pkg:pypi/docutils@0.20.1",
      "type": "library",
      "version": "0.20.1"
    },
    {
      "bom-ref": "requirements-L13",
      "description": "requirements line 13: exceptiongroup==1.2.2",
      "externalReferences": [
        {
          "comment": "implicit dist url",
          "type": "distribution",
          "url": "https://pypi.org/simple/exceptiongroup/"
        }
      ],
      "name": "exceptiongroup",
      "purl": "pkg:pypi/exceptiongroup@1.2.2",
      "type": "library",
      "version": "1.2.2"
    },
    {
      "bom-ref": "requirements-L14",
      "description": "requirements line 14: execnet==2.1.1",
      "externalReferences": [
        {
          "comment": "implicit dist url",
          "type": "distribution",
          "url": "https://pypi.org/simple/execnet/"
        }
      ],
      "name": "execnet",
      "purl": "pkg:pypi/execnet@2.1.1",
      "type": "library",
      "version": "2.1.1"
    },
    {
      "bom-ref": "requirements-L15",
      "description": "requirements line 15: hypothesis==6.111.0",
      "externalReferences": [
        {
          "comment": "implicit dist url",
          "type": "distribution",
          "url": "https://pypi.org/simple/hypothesis/"
        }
      ],
      "name": "hypothesis",
      "purl": "pkg:pypi/hypothesis@6.111.0",
      "type": "library",
      "version": "6.111.0"
    },
    {
      "bom-ref": "requirements-L16",
      "description": "requirements line 16: idna==3.7",
      "externalReferences": [
        {
          "comment": "implicit dist url",
          "type": "distribution",
          "url": "https://pypi.org/simple/idna/"
        }
      ],
      "name": "idna",
      "purl": "pkg:pypi/idna@3.7",
      "type": "library",
      "version": "3.7"
    },
    {
      "bom-ref": "requirements-L17",
      "description": "requirements line 17: imagesize==1.4.1",
      "externalReferences": [
        {
          "comment": "implicit dist url",
          "type": "distribution",
          "url": "https://pypi.org/simple/imagesize/"
        }
      ],
      "name": "imagesize",
      "purl": "pkg:pypi/imagesize@1.4.1",
      "type": "library",
      "version": "1.4.1"
    },
    {
      "bom-ref": "requirements-L18",
      "description": "requirements line 18: importlib_metadata==8.2.0",
      "externalReferences": [
        {
          "comment": "implicit dist url",
          "type": "distribution",
          "url": "https://pypi.org/simple/importlib_metadata/"
        }
      ],
      "name": "importlib_metadata",
      "purl": "pkg:pypi/importlib-metadata@8.2.0",
      "type": "library",
      "version": "8.2.0"
    },
    {
      "bom-ref": "requirements-L19",
      "description": "requirements line 19: importlib_resources==6.4.2",
      "externalReferences": [
        {
          "comment": "implicit dist url",
          "type": "distribution",
          "url": "https://pypi.org/simple/importlib_resources/"
        }
      ],
      "name": "importlib_resources",
      "purl": "pkg:pypi/importlib-resources@6.4.2",
      "type": "library",
      "version": "6.4.2"
    },
    {
      "bom-ref": "requirements-L20",
      "description": "requirements line 20: iniconfig==2.0.0",
      "externalReferences": [
        {
          "comment": "implicit dist url",
          "type": "distribution",
          "url": "https://pypi.org/simple/iniconfig/"
        }
      ],
      "name": "iniconfig",
      "purl": "pkg:pypi/iniconfig@2.0.0",
      "type": "library",
      "version": "2.0.0"
    },
    {
      "bom-ref": "requirements-L21",
      "description": "requirements line 21: iso8601==2.1.0",
      "externalReferences": [
        {
          "comment": "implicit dist url",
          "type": "distribution",
          "url": "https://pypi.org/simple/iso8601/"
        }
      ],
      "name": "iso8601",
      "purl": "pkg:pypi/iso8601@2.1.0",
      "type": "library",
      "version": "2.1.0"
    },
    {
      "bom-ref": "requirements-L22",
      "description": "requirements line 22: jaraco.classes==3.4.0",
      "externalReferences": [
        {
          "comment": "implicit dist url",
          "type": "distribution",
          "url": "https://pypi.org/simple/jaraco.classes/"
        }
      ],
      "name": "jaraco.classes",
      "purl": "pkg:pypi/jaraco.classes@3.4.0",
      "type": "library",
      "version": "3.4.0"
    },
    {
      "bom-ref": "requirements-L23",
      "description": "requirements line 23: jaraco.context==5.3.0",
      "externalReferences": [
        {
          "comment": "implicit dist url",
          "type": "distribution",
          "url": "https://pypi.org/simple/jaraco.context/"
        }
      ],
      "name": "jaraco.context",
      "purl": "pkg:pypi/jaraco.context@5.3.0",
      "type": "library",
      "version": "5.3.0"
    },
    {
      "bom-ref": "requirements-L24",
      "description": "requirements line 24: jaraco.functools==4.0.2",
      "externalReferences": [
        {
          "comment": "implicit dist url",
          "type": "distribution",
          "url": "https://pypi.org/simple/jaraco.functools/"
        }
      ],
      "name": "jaraco.functools",
      "purl": "pkg:pypi/jaraco.functools@4.0.2",
      "type": "library",
      "version": "4.0.2"
    },
    {
      "bom-ref": "requirements-L26",
      "description": "requirements line 26: keyring==25.3.0",
      "externalReferences": [
        {
          "comment": "implicit dist url",
          "type": "distribution",
          "url": "https://pypi.org/simple/keyring/"
        }
      ],
      "name": "keyring",
      "purl": "pkg:pypi/keyring@25.3.0",
      "type": "library",
      "version": "25.3.0"
    },
    {
      "bom-ref": "requirements-L27",
      "description": "requirements line 27: markdown-it-py==3.0.0",
      "externalReferences": [
        {
          "comment": "implicit dist url",
          "type": "distribution",
          "url": "https://pypi.org/simple/markdown-it-py/"
        }
      ],
      "name": "markdown-it-py",
      "purl": "pkg:pypi/markdown-it-py@3.0.0",
      "type": "library",
      "version": "3.0.0"
    },
    {
      "bom-ref": "requirements-L29",
      "description": "requirements line 29: mdurl==0.1.2",
      "externalReferences": [
        {
          "comment": "implicit dist url",
          "type": "distribution",
          "url": "https://pypi.org/simple/mdurl/"
        }
      ],
      "name": "mdurl",
      "purl": "pkg:pypi/mdurl@0.1.2",
      "type": "library",
      "version": "0.1.2"
    },
    {
      "bom-ref": "requirements-L30",
      "description": "requirements line 30: more-itertools==10.4.0",
      "externalReferences": [
        {
          "comment": "implicit dist url",
          "type": "distribution",
          "url": "https://pypi.org/simple/more-itertools/"
        }
      ],
      "name": "more-itertools",
      "purl": "pkg:pypi/more-itertools@10.4.0",
      "type": "library",
      "version": "10.4.0"
    },
    {
      "bom-ref": "requirements-L31",
      "description": "requirements line 31: mypy-extensions==1.0.0",
      "externalReferences": [
        {
          "comment": "implicit dist url",
          "type": "distribution",
          "url": "https://pypi.org/simple/mypy-extensions/"
        }
      ],
      "name": "mypy-extensions",
      "purl": "pkg:pypi/mypy-extensions@1.0.0",
      "type": "library",
      "version": "1.0.0"
    },
    {
      "bom-ref": "requirements-L32",
      "description": "requirements line 32: nh3==0.2.18",
      "externalReferences": [
        {
          "comment": "implicit dist url",
          "type": "distribution",
          "url": "https://pypi.org/simple/nh3/"
        }
      ],
      "name": "nh3",
      "purl": "pkg:pypi/nh3@0.2.18",
      "type": "library",
      "version": "0.2.18"
    },
    {
      "bom-ref": "requirements-L33",
      "description": "requirements line 33: packaging==24.1",
      "externalReferences": [
        {
          "comment": "implicit dist url",
          "type": "distribution",
          "url": "https://pypi.org/simple/packaging/"
        }
      ],
      "name": "packaging",
      "purl": "pkg:pypi/packaging@24.1",
      "type": "library",
      "version": "24.1"
    },
    {
      "bom-ref": "requirements-L34",
      "description": "requirements line 34: pathspec==0.12.1",
      "externalReferences": [
        {
          "comment": "implicit dist url",
          "type": "distribution",
          "url": "https://pypi.org/simple/pathspec/"
        }
      ],
      "name": "pathspec",
      "purl": "pkg:pypi/pathspec@0.12.1",
      "type": "library",
      "version": "0.12.1"
    },
    {
      "bom-ref": "requirements-L35",
      "description": "requirements line 35: pkginfo==1.10.0",
      "externalReferences": [
        {
          "comment": "implicit dist url",
          "type": "distribution",
          "url": "https://pypi.org/simple/pkginfo/"
        }
      ],
      "name": "pkginfo",
      "purl": "pkg:pypi/pkginfo@1.10.0",
      "type": "library",
      "version": "1.10.0"
    },
    {
      "bom-ref": "requirements-L36",
      "description": "requirements line 36: platformdirs==4.2.2",
      "externalReferences": [
        {
          "comment": "implicit dist url",
          "type": "distribution",
          "url": "https://pypi.org/simple/platformdirs/"
        }
      ],
      "name": "platformdirs",
      "purl": "pkg:pypi/platformdirs@4.2.2",
      "type": "library",
      "version": "4.2.2"
    },
    {
      "bom-ref": "requirements-L37",
      "description": "requirements line 37: pluggy==1.5.0",
      "externalReferences": [
        {
          "comment": "implicit dist url",
          "type": "distribution",
          "url": "https://pypi.org/simple/pluggy/"
        }
      ],
      "name": "pluggy",
      "purl": "pkg:pypi/pluggy@1.5.0",
      "type": "library",
      "version": "1.5.0"
    },
    {
      "bom-ref": "requirements-L38",
      "description": "requirements line 38: pretend==1.0.9",
      "externalReferences": [
        {
          "comment": "implicit dist url",
          "type": "distribution",
          "url": "https://pypi.org/simple/pretend/"
        }
      ],
      "name": "pretend",
      "purl": "pkg:pypi/pretend@1.0.9",
      "type": "library",
      "version": "1.0.9"
    },
    {
      "bom-ref": "requirements-L39",
      "description": "requirements line 39: py-cpuinfo==9.0.0",
      "externalReferences": [
        {
          "comment": "implicit dist url",
          "type": "distribution",
          "url": "https://pypi.org/simple/py-cpuinfo/"
        }
      ],
      "name": "py-cpuinfo",
      "purl": "pkg:pypi/py-cpuinfo@9.0.0",
      "type": "library",
      "version": "9.0.0"
    },
    {
      "bom-ref": "requirements-L40",
      "description": "requirements line 40: pycparser==2.22",
      "externalReferences": [
        {
          "comment": "implicit dist url",
          "type": "distribution",
          "url": "https://pypi.org/simple/pycparser/"
        }
      ],
      "name": "pycparser",
      "purl": "pkg:pypi/pycparser@2.22",
      "type": "library",
      "version": "2.22"
    },
    {
      "bom-ref": "requirements-L41",
      "description": "requirements line 41: pyenchant==3.2.2",
      "externalReferences": [
        {
          "comment": "implicit dist url",
          "type": "distribution",
          "url": "https://pypi.org/simple/pyenchant/"
        }
      ],
      "name": "pyenchant",
      "purl": "pkg:pypi/pyenchant@3.2.2",
      "type": "library",
      "version": "3.2.2"
    },
    {
      "bom-ref": "requirements-L43",
      "description": "requirements line 43: pytest==8.3.2",
      "externalReferences": [
        {
          "comment": "implicit dist url",
          "type": "distribution",
          "url": "https://pypi.org/simple/pytest/"
        }
      ],
      "name": "pytest",
      "purl": "pkg:pypi/pytest@8.3.2",
      "type": "library",
      "version": "8.3.2"
    },
    {
      "bom-ref": "requirements-L44",
      "description": "requirements line 44: pytest-benchmark==4.0.0",
      "externalReferences": [
        {
          "comment": "implicit dist url",
          "type": "distribution",
          "url": "https://pypi.org/simple/pytest-benchmark/"
        }
      ],
      "name": "pytest-benchmark",
      "purl": "pkg:pypi/pytest-benchmark@4.0.0",
      "type": "library",
      "version": "4.0.0"
    },
    {
      "bom-ref": "requirements-L45",
      "description": "requirements line 45: pytest-cov==5.0.0",
      "externalReferences": [
        {
          "comment": "implicit dist url",
          "type": "distribution",
          "url": "https://pypi.org/simple/pytest-cov/"
        }
      ],
      "name": "pytest-cov",
      "purl": "pkg:pypi/pytest-cov@5.0.0",
      "type": "library",
      "version": "5.0.0"
    },
    {
      "bom-ref": "requirements-L46",
      "description": "requirements line 46: pytest-subtests==0.13.1",
      "externalReferences": [
        {
          "comment": "implicit dist url",
          "type": "distribution",
          "url": "https://pypi.org/simple/pytest-subtests/"
        }
      ],
      "name": "pytest-subtests",
      "purl": "pkg:pypi/pytest-subtests@0.13.1",
      "type": "library",
      "version": "0.13.1"
    },
    {
      "bom-ref": "requirements-L47",
      "description": "requirements line 47: pytest-xdist==3.6.1",
      "externalReferences": [
        {
          "comment": "implicit dist url",
          "type": "distribution",
          "url": "https://pypi.org/simple/pytest-xdist/"
        }
      ],
      "name": "pytest-xdist",
      "purl": "pkg:pypi/pytest-xdist@3.6.1",
      "type": "library",
      "version": "3.6.1"
    },
    {
      "bom-ref": "requirements-L48",
      "description": "requirements line 48: pytz==2024.1",
      "externalReferences": [
        {
          "comment": "implicit dist url",
          "type": "distribution",
          "url": "https://pypi.org/simple/pytz/"
        }
      ],
      "name": "pytz",
      "purl": "pkg:pypi/pytz@2024.1",
      "type": "library",
      "version": "2024.1"
    },
    {
      "bom-ref": "requirements-L49",
      "description": "requirements line 49: readme_renderer==43.0",
      "externalReferences": [
        {
          "comment": "implicit dist url",
          "type": "distribution",
          "url": "https://pypi.org/simple/readme_renderer/"
        }
      ],
      "name": "readme_renderer",
      "purl": "pkg:pypi/readme-renderer@43.0",
      "type": "library",
      "version": "43.0"
    },
    {
      "bom-ref": "requirements-L50",
      "description": "requirements line 50: requests==2.32.3",
      "externalReferences": [
        {
          "comment": "implicit dist url",
          "type": "distribution",
          "url": "https://pypi.org/simple/requests/"
        }
      ],
      "name": "requests",
      "purl": "pkg:pypi/requests@2.32.3",
      "type": "library",
      "version": "2.32.3"
    },
    {
      "bom-ref": "requirements-L51",
      "description": "requirements line 51: requests-toolbelt==1.0.0",
      "externalReferences": [
        {
          "comment": "implicit dist url",
          "type": "distribution",
          "url": "https://pypi.org/simple/requests-toolbelt/"
        }
      ],
      "name": "requests-toolbelt",
      "purl": "pkg:pypi/requests-toolbelt@1.0.0",
      "type": "library",
      "version": "1.0.0"
    },
    {
      "bom-ref": "requirements-L52",
      "description": "requirements line 52: rfc3986==2.0.0",
      "externalReferences": [
        {
          "comment": "implicit dist url",
          "type": "distribution",
          "url": "https://pypi.org/simple/rfc3986/"
        }
      ],
      "name": "rfc3986",
      "purl": "pkg:pypi/rfc3986@2.0.0",
      "type": "library",
      "version": "2.0.0"
    },
    {
      "bom-ref": "requirements-L53",
      "description": "requirements line 53: rich==13.7.1",
      "externalReferences": [
        {
          "comment": "implicit dist url",
          "type": "distribution",
          "url": "https://pypi.org/simple/rich/"
        }
      ],
      "name": "rich",
      "purl": "pkg:pypi/rich@13.7.1",
      "type": "library",
      "version": "13.7.1"
    },
    {
      "bom-ref": "requirements-L54",
      "description": "requirements line 54: ruff==0.5.7",
      "externalReferences": [
        {
          "comment": "implicit dist url",
          "type": "distribution",
          "url": "https://pypi.org/simple/ruff/"
        }
      ],
      "name": "ruff",
      "purl": "pkg:pypi/ruff@0.5.7",
      "type": "library",
      "version": "0.5.7"
    },
    {
      "bom-ref": "requirements-L55",
      "description": "requirements line 55: semantic-version==2.10.0",
      "externalReferences": [
        {
          "comment": "implicit dist url",
          "type": "distribution",
          "url": "https://pypi.org/simple/semantic-version/"
        }
      ],
      "name": "semantic-version",
      "purl": "pkg:pypi/semantic-version@2.10.0",
      "type": "library",
      "version": "2.10.0"
    },
    {
      "bom-ref": "requirements-L56",
      "description": "requirements line 56: setuptools-rust==1.10.1",
      "externalReferences": [
        {
          "comment": "implicit dist url",
          "type": "distribution",
          "url": "https://pypi.org/simple/setuptools-rust/"
        }
      ],
      "name": "setuptools-rust",
      "purl": "pkg:pypi/setuptools-rust@1.10.1",
      "type": "library",
      "version": "1.10.1"
    },
    {
      "bom-ref": "requirements-L57",
      "description": "requirements line 57: snowballstemmer==2.2.0",
      "externalReferences": [
        {
          "comment": "implicit dist url",
          "type": "distribution",
          "url": "https://pypi.org/simple/snowballstemmer/"
        }
      ],
      "name": "snowballstemmer",
      "purl": "pkg:pypi/snowballstemmer@2.2.0",
      "type": "library",
      "version": "2.2.0"
    },
    {
      "bom-ref": "requirements-L58",
      "description": "requirements line 58: sortedcontainers==2.4.0",
      "externalReferences": [
        {
          "comment": "implicit dist url",
          "type": "distribution",
          "url": "https://pypi.org/simple/sortedcontainers/"
        }
      ],
      "name": "sortedcontainers",
      "purl": "pkg:pypi/sortedcontainers@2.4.0",
      "type": "library",
      "version": "2.4.0"
    },
    {
      "bom-ref": "requirements-L60",
      "description": "requirements line 60: sphinx-rtd-theme==2.0.0",
      "externalReferences": [
        {
          "comment": "implicit dist url",
          "type": "distribution",
          "url": "https://pypi.org/simple/sphinx-rtd-theme/"
        }
      ],
      "name": "sphinx-rtd-theme",
      "purl": "pkg:pypi/sphinx-rtd-theme@2.0.0",
      "type": "library",
      "version": "2.0.0"
    },
    {
      "bom-ref": "requirements-L61",
      "description": "requirements line 61: sphinxcontrib-applehelp==1.0.4",
      "externalReferences": [
        {
          "comment": "implicit dist url",
          "type": "distribution",
          "url": "https://pypi.org/simple/sphinxcontrib-applehelp/"
        }
      ],
      "name": "sphinxcontrib-applehelp",
      "purl": "pkg:pypi/sphinxcontrib-applehelp@1.0.4",
      "type": "library",
      "version": "1.0.4"
    },
    {
      "bom-ref": "requirements-L62",
      "description": "requirements line 62: sphinxcontrib-devhelp==1.0.2",
      "externalReferences": [
        {
          "comment": "implicit dist url",
          "type": "distribution",
          "url": "https://pypi.org/simple/sphinxcontrib-devhelp/"
        }
      ],
      "name": "sphinxcontrib-devhelp",
      "purl": "pkg:pypi/sphinxcontrib-devhelp@1.0.2",
      "type": "library",
      "version": "1.0.2"
    },
    {
      "bom-ref": "requirements-L63",
      "description": "requirements line 63: sphinxcontrib-htmlhelp==2.0.1",
      "externalReferences": [
        {
          "comment": "implicit dist url",
          "type": "distribution",
          "url": "https://pypi.org/simple/sphinxcontrib-htmlhelp/"
        }
      ],
      "name": "sphinxcontrib-htmlhelp",
      "purl": "pkg:pypi/sphinxcontrib-htmlhelp@2.0.1",
      "type": "library",
      "version": "2.0.1"
    },
    {
      "bom-ref": "requirements-L64",
      "description": "requirements line 64: sphinxcontrib-jquery==4.1",
      "externalReferences": [
        {
          "comment": "implicit dist url",
          "type": "distribution",
          "url": "https://pypi.org/simple/sphinxcontrib-jquery/"
        }
      ],
      "name": "sphinxcontrib-jquery",
      "purl": "pkg:pypi/sphinxcontrib-jquery@4.1",
      "type": "library",
      "version": "4.1"
    },
    {
      "bom-ref": "requirements-L65",
      "description": "requirements line 65: sphinxcontrib-jsmath==1.0.1",
      "externalReferences": [
        {
          "comment": "implicit dist url",
          "type": "distribution",
          "url": "https://pypi.org/simple/sphinxcontrib-jsmath/"
        }
      ],
      "name": "sphinxcontrib-jsmath",
      "purl": "pkg:pypi/sphinxcontrib-jsmath@1.0.1",
      "type": "library",
      "version": "1.0.1"
    },
    {
      "bom-ref": "requirements-L66",
      "description": "requirements line 66: sphinxcontrib-qthelp==1.0.3",
      "externalReferences": [
        {
          "comment": "implicit dist url",
          "type": "distribution",
          "url": "https://pypi.org/simple/sphinxcontrib-qthelp/"
        }
      ],
      "name": "sphinxcontrib-qthelp",
      "purl": "pkg:pypi/sphinxcontrib-qthelp@1.0.3",
      "type": "library",
      "version": "1.0.3"
    },
    {
      "bom-ref": "requirements-L67",
      "description": "requirements line 67: sphinxcontrib-serializinghtml==1.1.5",
      "externalReferences": [
        {
          "comment": "implicit dist url",
          "type": "distribution",
          "url": "https://pypi.org/simple/sphinxcontrib-serializinghtml/"
        }
      ],
      "name": "sphinxcontrib-serializinghtml",
      "purl": "pkg:pypi/sphinxcontrib-serializinghtml@1.1.5",
      "type": "library",
      "version": "1.1.5"
    },
    {
      "bom-ref": "requirements-L68",
      "description": "requirements line 68: sphinxcontrib-spelling==8.0.0",
      "externalReferences": [
        {
          "comment": "implicit dist url",
          "type": "distribution",
          "url": "https://pypi.org/simple/sphinxcontrib-spelling/"
        }
      ],
      "name": "sphinxcontrib-spelling",
      "purl": "pkg:pypi/sphinxcontrib-spelling@8.0.0",
      "type": "library",
      "version": "8.0.0"
    },
    {
      "bom-ref": "requirements-L69",
      "description": "requirements line 69: tomli==2.0.1",
      "externalReferences": [
        {
          "comment": "implicit dist url",
          "type": "distribution",
          "url": "https://pypi.org/simple/tomli/"
        }
      ],
      "name": "tomli",
      "purl": "pkg:pypi/tomli@2.0.1",
      "type": "library",
      "version": "2.0.1"
    },
    {
      "bom-ref": "requirements-L70",
      "description": "requirements line 70: twine==5.1.1",
      "externalReferences": [
        {
          "comment": "implicit dist url",
          "type": "distribution",
          "url": "https://pypi.org/simple/twine/"
        }
      ],
      "name": "twine",
      "purl": "pkg:pypi/twine@5.1.1",
      "type": "library",
      "version": "5.1.1"
    },
    {
      "bom-ref": "requirements-L71",
      "description": "requirements line 71: typing_extensions==4.12.2",
      "externalReferences": [
        {
          "comment": "implicit dist url",
          "type": "distribution",
          "url": "https://pypi.org/simple/typing_extensions/"
        }
      ],
      "name": "typing_extensions",
      "purl": "pkg:pypi/typing-extensions@4.12.2",
      "type": "library",
      "version": "4.12.2"
    },
    {
      "bom-ref": "requirements-L72",
      "description": "requirements line 72: urllib3==2.2.2",
      "externalReferences": [
        {
          "comment": "implicit dist url",
          "type": "distribution",
          "url": "https://pypi.org/simple/urllib3/"
        }
      ],
      "name": "urllib3",
      "purl": "pkg:pypi/urllib3@2.2.2",
      "type": "library",
      "version": "2.2.2"
    },
    {
      "bom-ref": "requirements-L73",
      "description": "requirements line 73: zipp==3.20.0",
      "externalReferences": [
        {
          "comment": "implicit dist url",
          "type": "distribution",
          "url": "https://pypi.org/simple/zipp/"
        }
      ],
      "name": "zipp",
      "purl": "pkg:pypi/zipp@3.20.0",
      "type": "library",
      "version": "3.20.0"
    }
  ],
  "dependencies": [
    {
      "ref": "requirements-L1"
    },
    {
      "ref": "requirements-L10"
    },
    {
      "ref": "requirements-L11"
    },
    {
      "ref": "requirements-L12"
    },
    {
      "ref": "requirements-L13"
    },
    {
      "ref": "requirements-L14"
    },
    {
      "ref": "requirements-L15"
    },
    {
      "ref": "requirements-L16"
    },
    {
      "ref": "requirements-L17"
    },
    {
      "ref": "requirements-L18"
    },
    {
      "ref": "requirements-L19"
    },
    {
      "ref": "requirements-L2"
    },
    {
      "ref": "requirements-L20"
    },
    {
      "ref": "requirements-L21"
    },
    {
      "ref": "requirements-L22"
    },
    {
      "ref": "requirements-L23"
    },
    {
      "ref": "requirements-L24"
    },
    {
      "ref": "requirements-L25"
    },
    {
      "ref": "requirements-L26"
    },
    {
      "ref": "requirements-L27"
    },
    {
      "ref": "requirements-L28"
    },
    {
      "ref": "requirements-L29"
    },
    {
      "ref": "requirements-L3"
    },
    {
      "ref": "requirements-L30"
    },
    {
      "ref": "requirements-L31"
    },
    {
      "ref": "requirements-L32"
    },
    {
      "ref": "requirements-L33"
    },
    {
      "ref": "requirements-L34"
    },
    {
      "ref": "requirements-L35"
    },
    {
      "ref": "requirements-L36"
    },
    {
      "ref": "requirements-L37"
    },
    {
      "ref": "requirements-L38"
    },
    {
      "ref": "requirements-L39"
    },
    {
      "ref": "requirements-L4"
    },
    {
      "ref": "requirements-L40"
    },
    {
      "ref": "requirements-L41"
    },
    {
      "ref": "requirements-L42"
    },
    {
      "ref": "requirements-L43"
    },
    {
      "ref": "requirements-L44"
    },
    {
      "ref": "requirements-L45"
    },
    {
      "ref": "requirements-L46"
    },
    {
      "ref": "requirements-L47"
    },
    {
      "ref": "requirements-L48"
    },
    {
      "ref": "requirements-L49"
    },
    {
      "ref": "requirements-L5"
    },
    {
      "ref": "requirements-L50"
    },
    {
      "ref": "requirements-L51"
    },
    {
      "ref": "requirements-L52"
    },
    {
      "ref": "requirements-L53"
    },
    {
      "ref": "requirements-L54"
    },
    {
      "ref": "requirements-L55"
    },
    {
      "ref": "requirements-L56"
    },
    {
      "ref": "requirements-L57"
    },
    {
      "ref": "requirements-L58"
    },
    {
      "ref": "requirements-L59"
    },
    {
      "ref": "requirements-L6"
    },
    {
      "ref": "requirements-L60"
    },
    {
      "ref": "requirements-L61"
    },
    {
      "ref": "requirements-L62"
    },
    {
      "ref": "requirements-L63"
    },
    {
      "ref": "requirements-L64"
    },
    {
      "ref": "requirements-L65"
    },
    {
      "ref": "requirements-L66"
    },
    {
      "ref": "requirements-L67"
    },
    {
      "ref": "requirements-L68"
    },
    {
      "ref": "requirements-L69"
    },
    {
      "ref": "requirements-L7"
    },
    {
      "ref": "requirements-L70"
    },
    {
      "ref": "requirements-L71"
    },
    {
      "ref": "requirements-L72"
    },
    {
      "ref": "requirements-L73"
    },
    {
      "ref": "requirements-L8"
    },
    {
      "ref": "requirements-L9"
    }
  ],
  "metadata": {
    "timestamp": "2024-08-15T10:32:39.706645+00:00",
    "tools": [
      {
        "externalReferences": [
          {
            "type": "build-system",
            "url": "https://github.com/CycloneDX/cyclonedx-python/actions"
          },
          {
            "type": "distribution",
            "url": "https://pypi.org/project/cyclonedx-bom/"
          },
          {
            "type": "documentation",
            "url": "https://cyclonedx-bom-tool.readthedocs.io/"
          },
          {
            "type": "issue-tracker",
            "url": "https://github.com/CycloneDX/cyclonedx-python/issues"
          },
          {
            "type": "license",
            "url": "https://github.com/CycloneDX/cyclonedx-python/blob/main/LICENSE"
          },
          {
            "type": "release-notes",
            "url": "https://github.com/CycloneDX/cyclonedx-python/blob/main/CHANGELOG.md"
          },
          {
            "type": "vcs",
            "url": "https://github.com/CycloneDX/cyclonedx-python/"
          },
          {
            "type": "website",
            "url": "https://github.com/CycloneDX/cyclonedx-python/#readme"
          }
        ],
        "name": "cyclonedx-bom",
        "vendor": "CycloneDX",
        "version": "4.5.0"
      },
      {
        "externalReferences": [
          {
            "type": "build-system",
            "url": "https://github.com/CycloneDX/cyclonedx-python-lib/actions"
          },
          {
            "type": "distribution",
            "url": "https://pypi.org/project/cyclonedx-python-lib/"
          },
          {
            "type": "documentation",
            "url": "https://cyclonedx-python-library.readthedocs.io/"
          },
          {
            "type": "issue-tracker",
            "url": "https://github.com/CycloneDX/cyclonedx-python-lib/issues"
          },
          {
            "type": "license",
            "url": "https://github.com/CycloneDX/cyclonedx-python-lib/blob/main/LICENSE"
          },
          {
            "type": "release-notes",
            "url": "https://github.com/CycloneDX/cyclonedx-python-lib/blob/main/CHANGELOG.md"
          },
          {
            "type": "vcs",
            "url": "https://github.com/CycloneDX/cyclonedx-python-lib"
          },
          {
            "type": "website",
            "url": "https://github.com/CycloneDX/cyclonedx-python-lib/#readme"
          }
        ],
        "name": "cyclonedx-python-lib",
        "vendor": "CycloneDX",
        "version": "7.6.0"
      }
    ]
  },
  "serialNumber": "urn:uuid:07cd643d-d33a-4fb1-930a-6c04456da9fd",
  "version": 1,
  "$schema": "http://cyclonedx.org/schema/bom-1.6.schema.json",
  "bomFormat": "CycloneDX",
  "specVersion": "1.6"
}