{
	"vulasReport": {
		"generatedAt": "14.08.2024 15:11 +0000",
		"generatedFor": {
			"space": "69D63F02CE6788E873467D4FC0921B2F",
			"groupId": "django",
			"artifactId": "django",
			"version": "3.1.2"
		},
		"isAggregated": false,
	
		"aggregatedModules": [],
	
		"configuration": [
			{ "name": "exceptionThreshold",
			  "value": "dependsOn" },
			{ "name": "exemptScopes",
			  "value": "PROVIDED, TEST" },
			{ "name": "exemptBugs",
			  "value": " (*)" }
		],
	
		"vulnerabilities": [
		
		]
	}
}
