{
  "vulnerabilities": [
    {
      "id": "SNYK-JAVA-COMFASTERXMLJACKSONCORE-7569538",
      "title": "Denial of Service (DoS)",
      "CVSSv3": "CVSS:3.1/AV:N/AC:L/PR:N/UI:N/S:U/C:N/I:N/A:H",
      "credit": [
        "Unknown"
      ],
      "semver": {
        "vulnerable": [
          "[2.0.0-RC1,2.15.0-rc1)"
        ]
      },
      "exploit": "Not Defined",
      "fixedIn": [
        "2.15.0-rc1"
      ],
      "patches": [],
      "insights": {
        "triageAdvice": null
      },
      "language": "java",
      "severity": "high",
      "cvssScore": 8.7,
      "functions": [],
      "malicious": false,
      "isDisputed": false,
      "moduleName": "com.fasterxml.jackson.core:jackson-core",
      "references": [
        {
          "url": "https://github.com/FasterXML/jackson-core/commit/3af7e3eda0076ed44414e671501da358c146c549",
          "title": "GitHub Commit"
        },
        {
          "url": "https://github.com/FasterXML/jackson-core/issues/861",
          "title": "GitHub Issue"
        }
      ],
      "cvssDetails": [],
      "cvssSources": [
        {
          "type": "primary",
          "vector": "CVSS:4.0/AV:N/AC:L/AT:N/PR:N/UI:N/VC:N/VI:N/VA:H/SC:N/SI:N/SA:N",
          "assigner": "Snyk",
          "severity": "high",
          "baseScore": 8.7,
          "cvssVersion": "4.0",
          "modificationTime": "2024-07-31T14:45:26.801031Z"
        },
        {
          "type": "secondary",
          "vector": "CVSS:3.1/AV:N/AC:L/PR:N/UI:N/S:U/C:N/I:N/A:H",
          "assigner": "Snyk",
          "severity": "high",
          "baseScore": 7.5,
          "cvssVersion": "3.1",
          "modificationTime": "2024-07-31T14:45:26.801031Z"
        }
      ],
      "description": "## Overview\n[com.fasterxml.jackson.core:jackson-core](https://github.com/FasterXML/jackson-core) is a Core Jackson abstractions, basic JSON streaming API implementation\n\nAffected versions of this package are vulnerable to Denial of Service (DoS) due to missing input size validation when performing numeric type conversions. A remote attacker can exploit this vulnerability by causing the application to deserialize data containing certain numeric types with large values, causing the application to exhaust all available resources.\n\n## Details\n\nDenial of Service (DoS) describes a family of attacks, all aimed at making a system inaccessible to its intended and legitimate users.\n\nUnlike other vulnerabilities, DoS attacks usually do not aim at breaching security. Rather, they are focused on making websites and services unavailable to genuine users resulting in downtime.\n\nOne popular Denial of Service vulnerability is DDoS (a Distributed Denial of Service), an attack that attempts to clog network pipes to the system by generating a large volume of traffic from many machines.\n\nWhen it comes to open source libraries, DoS vulnerabilities allow attackers to trigger such a crash or crippling of the service by using a flaw either in the application code or from the use of open source libraries.\n\nTwo common types of DoS vulnerabilities:\n\n* High CPU/Memory Consumption- An attacker sending crafted requests that could cause the system to take a disproportionate amount of time to process. For example, [commons-fileupload:commons-fileupload](SNYK-JAVA-COMMONSFILEUPLOAD-30082).\n\n* Crash - An attacker sending crafted requests that could cause the system to crash. For Example,  [npm `ws` package](https://snyk.io/vuln/npm:ws:20171108)\n\n## Remediation\nUpgrade `com.fasterxml.jackson.core:jackson-core` to version 2.15.0-rc1 or higher.\n## References\n- [GitHub Commit](https://github.com/FasterXML/jackson-core/commit/3af7e3eda0076ed44414e671501da358c146c549)\n- [GitHub Issue](https://github.com/FasterXML/jackson-core/issues/861)\n",
      "epssDetails": null,
      "identifiers": {
        "CVE": [],
        "CWE": [
          "CWE-400"
        ],
        "Sonatype": [
          "sonatype-2022-6438"
        ]
      },
      "packageName": "com.fasterxml.jackson.core:jackson-core",
      "proprietary": false,
      "creationTime": "2024-07-26T13:54:42.630711Z",
      "functions_new": [],
      "alternativeIds": [],
      "disclosureTime": "2022-12-08T22:24:00Z",
      "exploitDetails": {
        "sources": [],
        "maturityLevels": [
          {
            "type": "secondary",
            "level": "Not Defined",
            "format": "CVSSv3"
          },
          {
            "type": "primary",
            "level": "Not Defined",
            "format": "CVSSv4"
          }
        ]
      },
      "packageManager": "maven",
      "mavenModuleName": {
        "groupId": "com.fasterxml.jackson.core",
        "artifactId": "jackson-core"
      },
      "publicationTime": "2024-07-26T13:54:42.872247Z",
      "severityBasedOn": "CVSS",
      "modificationTime": "2024-07-31T14:45:26.801031Z",
      "socialTrendAlert": false,
      "severityWithCritical": "high",
      "from": [
        "com.fasterxml.jackson.core:jackson-databind@2.9.10.7",
        "com.fasterxml.jackson.core:jackson-core@2.9.10"
      ],
      "upgradePath": [
        false,
        "com.fasterxml.jackson.core:jackson-core@2.15.0"
      ],
      "isUpgradable": true,
      "isPatchable": false,
      "name": "com.fasterxml.jackson.core:jackson-core",
      "version": "2.9.10"
    },
    {
      "id": "SNYK-JAVA-JUNIT-1017047",
      "title": "Information Exposure",
      "CVSSv3": "CVSS:3.1/AV:L/AC:H/PR:N/UI:N/S:U/C:L/I:N/A:N/E:P/RL:O/RC:R",
      "credit": [
        "Jonathan Leitschuh"
      ],
      "semver": {
        "vulnerable": [
          "[4.7,4.13.1)"
        ]
      },
      "exploit": "Proof of Concept",
      "fixedIn": [
        "4.13.1"
      ],
      "patches": [],
      "insights": {
        "triageAdvice": "This vulnerability is only applicable on Linux operating systems"
      },
      "language": "java",
      "severity": "low",
      "cvssScore": 2.9,
      "functions": [
        {
          "version": [
            "[4.7,4.11-beta-1)"
          ],
          "functionId": {
            "filePath": "org/junit/rules/TemporaryFolder.java",
            "className": "TemporaryFolder",
            "functionName": "newFolder"
          }
        },
        {
          "version": [
            "[4.11-beta-1,4.13.1)"
          ],
          "functionId": {
            "filePath": "org/junit/rules/TemporaryFolder.java",
            "className": "TemporaryFolder",
            "functionName": "createTemporaryFolderIn"
          }
        }
      ],
      "malicious": false,
      "isDisputed": false,
      "moduleName": "junit:junit",
      "references": [
        {
          "url": "https://github.com/junit-team/junit4/commit/610155b8c22138329f0723eec22521627dbc52ae",
          "title": "GitHub Commit"
        },
        {
          "url": "https://github.com/junit-team/junit4/security/advisories/GHSA-269g-pwp5-87pp",
          "title": "POC: GitHub Advisory"
        }
      ],
      "cvssDetails": [
        {
          "assigner": "NVD",
          "severity": "medium",
          "cvssV3Vector": "CVSS:3.1/AV:L/AC:L/PR:N/UI:R/S:U/C:H/I:N/A:N",
          "cvssV3BaseScore": 5.5,
          "modificationTime": "2024-03-11T09:49:11.114404Z"
        },
        {
          "assigner": "Red Hat",
          "severity": "medium",
          "cvssV3Vector": "CVSS:3.1/AV:L/AC:L/PR:N/UI:N/S:U/C:L/I:N/A:N",
          "cvssV3BaseScore": 4,
          "modificationTime": "2024-03-11T09:52:05.359911Z"
        }
      ],
      "cvssSources": [
        {
          "type": "primary",
          "vector": "CVSS:3.1/AV:L/AC:H/PR:N/UI:N/S:U/C:L/I:N/A:N/E:P/RL:O/RC:R",
          "assigner": "Snyk",
          "severity": "low",
          "baseScore": 2.9,
          "cvssVersion": "3.1",
          "modificationTime": "2024-03-06T14:02:14.725467Z"
        },
        {
          "type": "secondary",
          "vector": "CVSS:3.1/AV:L/AC:L/PR:N/UI:R/S:U/C:H/I:N/A:N",
          "assigner": "NVD",
          "severity": "medium",
          "baseScore": 5.5,
          "cvssVersion": "3.1",
          "modificationTime": "2024-03-11T09:49:11.114404Z"
        },
        {
          "type": "secondary",
          "vector": "CVSS:3.1/AV:L/AC:L/PR:N/UI:N/S:U/C:L/I:N/A:N",
          "assigner": "Red Hat",
          "severity": "medium",
          "baseScore": 4,
          "cvssVersion": "3.1",
          "modificationTime": "2024-03-11T09:52:05.359911Z"
        }
      ],
      "description": "## Overview\n[junit:junit](https://mvnrepository.com/artifact/junit/junit) is an unit testing framework for Java\n\nAffected versions of this package are vulnerable to Information Exposure. The JUnit4 test rule `TemporaryFolder` contains a local information disclosure vulnerability. On Unix like systems, the system's temporary directory is shared between all users on that system. Because of this, when files and directories are written into this directory they are, by default, readable by other users on that same system.\r\n\r\n*Note:* This vulnerability does not allow other users to overwrite the contents of these directories or files.\r\nThis only affects Unix like systems.\n## Remediation\nUpgrade `junit:junit` to version 4.13.1 or higher.\n## References\n- [GitHub Commit](https://github.com/junit-team/junit4/commit/610155b8c22138329f0723eec22521627dbc52ae)\n- [POC: GitHub Advisory](https://github.com/junit-team/junit4/security/advisories/GHSA-269g-pwp5-87pp)\n",
      "epssDetails": {
        "percentile": "0.29850",
        "probability": "0.00066",
        "modelVersion": "v2023.03.01"
      },
      "identifiers": {
        "CVE": [
          "CVE-2020-15250"
        ],
        "CWE": [
          "CWE-200"
        ],
        "GHSA": [
          "GHSA-269g-pwp5-87pp"
        ]
      },
      "packageName": "junit:junit",
      "proprietary": true,
      "creationTime": "2020-10-12T10:07:32.302340Z",
      "functions_new": [
        {
          "version": [
            "[4.7,4.11-beta-1)"
          ],
          "functionId": {
            "className": "org.junit.rules.TemporaryFolder",
            "functionName": "newFolder"
          }
        },
        {
          "version": [
            "[4.11-beta-1,4.13.1)"
          ],
          "functionId": {
            "className": "org.junit.rules.TemporaryFolder",
            "functionName": "createTemporaryFolderIn"
          }
        }
      ],
      "alternativeIds": [],
      "disclosureTime": "2020-10-12T10:07:30Z",
      "exploitDetails": {
        "sources": [
          "Snyk"
        ],
        "maturityLevels": [
          {
            "type": "secondary",
            "level": "Proof of Concept",
            "format": "CVSSv3"
          },
          {
            "type": "primary",
            "level": "Proof of Concept",
            "format": "CVSSv4"
          }
        ]
      },
      "packageManager": "maven",
      "mavenModuleName": {
        "groupId": "junit",
        "artifactId": "junit"
      },
      "publicationTime": "2020-10-13T14:27:37Z",
      "severityBasedOn": "CVSS",
      "modificationTime": "2024-03-11T09:52:05.359911Z",
      "socialTrendAlert": false,
      "severityWithCritical": "low",
      "from": [
        "com.fasterxml.jackson.core:jackson-databind@2.9.10.7",
        "junit:junit@4.12"
      ],
      "upgradePath": [
        false,
        "junit:junit@4.13.1"
      ],
      "isUpgradable": true,
      "isPatchable": false,
      "name": "junit:junit",
      "version": "4.12"
    }
  ],
  "ok": false,
  "dependencyCount": 15,
  "org": "seansmith39",
  "policy": "# Snyk (https://snyk.io) policy file, patches or ignores known vulnerabilities.\nversion: v1.25.1\nignore: {}\npatch: {}\n",
  "isPrivate": true,
  "licensesPolicy": {
    "severities": {},
    "orgLicenseRules": {
      "AGPL-1.0": {
        "licenseType": "AGPL-1.0",
        "severity": "high",
        "instructions": ""
      },
      "AGPL-3.0": {
        "licenseType": "AGPL-3.0",
        "severity": "high",
        "instructions": ""
      },
      "Artistic-1.0": {
        "licenseType": "Artistic-1.0",
        "severity": "medium",
        "instructions": ""
      },
      "Artistic-2.0": {
        "licenseType": "Artistic-2.0",
        "severity": "medium",
        "instructions": ""
      },
      "CDDL-1.0": {
        "licenseType": "CDDL-1.0",
        "severity": "medium",
        "instructions": ""
      },
      "CPOL-1.02": {
        "licenseType": "CPOL-1.02",
        "severity": "high",
        "instructions": ""
      },
      "EPL-1.0": {
        "licenseType": "EPL-1.0",
        "severity": "medium",
        "instructions": ""
      },
      "GPL-2.0": {
        "licenseType": "GPL-2.0",
        "severity": "high",
        "instructions": ""
      },
      "GPL-3.0": {
        "licenseType": "GPL-3.0",
        "severity": "high",
        "instructions": ""
      },
      "LGPL-2.0": {
        "licenseType": "LGPL-2.0",
        "severity": "medium",
        "instructions": ""
      },
      "LGPL-2.1": {
        "licenseType": "LGPL-2.1",
        "severity": "medium",
        "instructions": ""
      },
      "LGPL-3.0": {
        "licenseType": "LGPL-3.0",
        "severity": "medium",
        "instructions": ""
      },
      "MPL-1.1": {
        "licenseType": "MPL-1.1",
        "severity": "medium",
        "instructions": ""
      },
      "MPL-2.0": {
        "licenseType": "MPL-2.0",
        "severity": "medium",
        "instructions": ""
      },
      "MS-RL": {
        "licenseType": "MS-RL",
        "severity": "medium",
        "instructions": ""
      },
      "SimPL-2.0": {
        "licenseType": "SimPL-2.0",
        "severity": "high",
        "instructions": ""
      }
    }
  },
  "packageManager": "maven",
  "projectId": "c9da4a11-8bfa-4df5-812a-45baca5af10f",
  "ignoreSettings": {
    "adminOnly": false,
    "reasonRequired": false,
    "disregardFilesystemIgnores": false
  },
  "summary": "2 vulnerable dependency paths",
  "remediation": {
    "unresolved": [],
    "upgrade": {
      "com.fasterxml.jackson.core:jackson-core@2.9.10": {
        "upgradeTo": "com.fasterxml.jackson.core:jackson-core@2.15.0",
        "upgrades": [
          "com.fasterxml.jackson.core:jackson-core@2.9.10"
        ],
        "vulns": [
          "SNYK-JAVA-COMFASTERXMLJACKSONCORE-7569538"
        ]
      },
      "junit:junit@4.12": {
        "upgradeTo": "junit:junit@4.13.1",
        "upgrades": [
          "junit:junit@4.12"
        ],
        "vulns": [
          "SNYK-JAVA-JUNIT-1017047"
        ]
      }
    },
    "patch": {},
    "ignore": {},
    "pin": {}
  },
  "filesystemPolicy": false,
  "filtered": {
    "ignore": [],
    "patch": []
  },
  "uniqueCount": 2,
  "projectName": "com.fasterxml.jackson.core:jackson-databind",
  "displayTargetFile": "pom.xml",
  "hasUnknownVersions": false,
  "path": "/home/runner/work/H6060-Java-JacksonDatabind/H6060-Java-JacksonDatabind/upstream-repository"
}
