{
  "version": "v2.8.0",
  "id": "57a3b65a-9d9c-43cf-84ca-a4ef7c369f8e",
  "repositoryID": "00000000-0000-0000-0000-000000000000",
  "repositoryName": "",
  "workspaceID": "00000000-0000-0000-0000-000000000000",
  "workspaceName": "",
  "status": "success",
  "errors": "",
  "createdAt": "2024-08-16T20:07:11.063965Z",
  "finishedAt": "2024-08-16T20:07:12.282898Z",
  "analysisVulnerabilities": [
    {
      "vulnerabilityID": "00000000-0000-0000-0000-000000000000",
      "analysisID": "57a3b65a-9d9c-43cf-84ca-a4ef7c369f8e",
      "createdAt": "2024-08-16T20:07:12.282899Z",
      "vulnerabilities": {
        "vulnerabilityID": "9706b5ae-2bbf-4bb2-a79d-6e004e21b336",
        "line": "25",
        "column": "6",
        "confidence": "MEDIUM",
        "file": "fp/_mapping.js",
        "code": "'allPass': 'overEvery',",
        "details": "(1/1) * Possible vulnerability detected: Hard-coded password\nThe software contains hard-coded credentials, such as a password or cryptographic key, which it uses for its own inbound authentication, outbound communication to external components, or encryption of internal data. For more information checkout the CWE-798 (https://cwe.mitre.org/data/definitions/798.html) advisory.",
        "securityTool": "HorusecEngine",
        "language": "Leaks",
        "severity": "CRITICAL",
        "type": "Vulnerability",
        "commitAuthor": "-",
        "commitEmail": "-",
        "commitHash": "-",
        "commitMessage": "-",
        "commitDate": "-",
        "rule_id": "HS-LEAKS-26",
        "vulnHash": "7843ca840eb03a43119fe959dd65248fadcd10d12822cf8ba09708a5b4b14eb0",
        "deprecatedHashes": [
          "190ba1aac28562821c27a33a5e8d2816b183a50408728afb50b5dba0010ea697",
          "4465cd94935f2bc56ffea54a66b45f8b3cbd1ed835030726210c07b533521d9c"
        ],
        "securityToolVersion": "",
        "securityToolInfoUri": ""
      }
    },
    {
      "vulnerabilityID": "00000000-0000-0000-0000-000000000000",
      "analysisID": "57a3b65a-9d9c-43cf-84ca-a4ef7c369f8e",
      "createdAt": "2024-08-16T20:07:12.282905Z",
      "vulnerabilities": {
        "vulnerabilityID": "fe3c27d7-c4fb-4497-a032-a66e29772567",
        "line": "28",
        "column": "6",
        "confidence": "MEDIUM",
        "file": "fp/_mapping.js",
        "code": "'anyPass': 'overSome',",
        "details": "(1/1) * Possible vulnerability detected: Hard-coded password\nThe software contains hard-coded credentials, such as a password or cryptographic key, which it uses for its own inbound authentication, outbound communication to external components, or encryption of internal data. For more information checkout the CWE-798 (https://cwe.mitre.org/data/definitions/798.html) advisory.",
        "securityTool": "HorusecEngine",
        "language": "Leaks",
        "severity": "CRITICAL",
        "type": "Vulnerability",
        "commitAuthor": "-",
        "commitEmail": "-",
        "commitHash": "-",
        "commitMessage": "-",
        "commitDate": "-",
        "rule_id": "HS-LEAKS-26",
        "vulnHash": "54abbe659c6d13f96cc33eedf4931d54e8b9c1e21980404e98d219aec749cc63",
        "deprecatedHashes": [
          "1503bd576106652906f65ec761c44fa732220d2156d65ce508c607cf10e7f608",
          "f9bbee9b5b1f8da3588aa162e2f09a1c0e7410ba1b942bd7636f0f6a3e713566"
        ],
        "securityToolVersion": "",
        "securityToolInfoUri": ""
      }
    }
  ]
}