{
  "version": "v2.8.0",
  "id": "992805fe-edd3-419b-bf46-c8dfbbcfc12e",
  "repositoryID": "00000000-0000-0000-0000-000000000000",
  "repositoryName": "",
  "workspaceID": "00000000-0000-0000-0000-000000000000",
  "workspaceName": "",
  "status": "success",
  "errors": "",
  "createdAt": "2024-08-14T14:01:21.6237289Z",
  "finishedAt": "2024-08-14T14:01:22.1684054Z",
  "analysisVulnerabilities": [
    {
      "vulnerabilityID": "00000000-0000-0000-0000-000000000000",
      "analysisID": "992805fe-edd3-419b-bf46-c8dfbbcfc12e",
      "createdAt": "2024-08-14T14:01:22.1684054Z",
      "vulnerabilities": {
        "vulnerabilityID": "a1a618ce-f2ea-4137-b132-05f452160550",
        "line": "1",
        "column": "0",
        "confidence": "MEDIUM",
        "file": "dummyserver\\certs\\cacert.key",
        "code": "-----BEGIN RSA PRIVATE KEY-----",
        "details": "(1/1) * Possible vulnerability detected: Asymmetric Private Key\nFound SSH and/or x.509 Cerficates among the files of your project, make sure you want this kind of information inside your Git repo, since it can be missused by someone with access to any kind of copy.  For more information checkout the CWE-312 (https://cwe.mitre.org/data/definitions/312.html) advisory.",
        "securityTool": "HorusecEngine",
        "language": "Leaks",
        "severity": "CRITICAL",
        "type": "Vulnerability",
        "commitAuthor": "-",
        "commitEmail": "-",
        "commitHash": "-",
        "commitMessage": "-",
        "commitDate": "-",
        "rule_id": "HS-LEAKS-12",
        "vulnHash": "623ffcad599c6c26b10ba74030be2a799278f37f2746679fbb081686d07fbba5",
        "deprecatedHashes": [
          "823624470b0c285b9596a46901959a8f6840325acc4f8929e9042199c90ff31b",
          "a38ba8f9a1250df6957879cc6da549bdf71c92031be254e483f944ac4e8ec542"
        ],
        "securityToolVersion": "",
        "securityToolInfoUri": ""
      }
    },
    {
      "vulnerabilityID": "00000000-0000-0000-0000-000000000000",
      "analysisID": "992805fe-edd3-419b-bf46-c8dfbbcfc12e",
      "createdAt": "2024-08-14T14:01:22.1684054Z",
      "vulnerabilities": {
        "vulnerabilityID": "cc9bbbdf-456c-40d5-9d6b-867442d02a6b",
        "line": "1",
        "column": "0",
        "confidence": "MEDIUM",
        "file": "dummyserver\\certs\\cacert.pem",
        "code": "-----BEGIN CERTIFICATE-----",
        "details": "(1/1) * Possible vulnerability detected: Asymmetric Private Key\nFound SSH and/or x.509 Cerficates among the files of your project, make sure you want this kind of information inside your Git repo, since it can be missused by someone with access to any kind of copy.  For more information checkout the CWE-312 (https://cwe.mitre.org/data/definitions/312.html) advisory.",
        "securityTool": "HorusecEngine",
        "language": "Leaks",
        "severity": "CRITICAL",
        "type": "Vulnerability",
        "commitAuthor": "-",
        "commitEmail": "-",
        "commitHash": "-",
        "commitMessage": "-",
        "commitDate": "-",
        "rule_id": "HS-LEAKS-12",
        "vulnHash": "e37dd5ca2d418e5ff913f8ec0bda35cca60cd0663c3b0ca2e7c7dccc45ae0d7d",
        "deprecatedHashes": [
          "e31fa1b22779d02bd77a73fe785d982da879002cc2ff8d6f0d3f473f5c450ee8",
          "4de45b4e1d57ee12c4a53063c8165c98cf54d94809aad46269b1a7dcb9f49da2"
        ],
        "securityToolVersion": "",
        "securityToolInfoUri": ""
      }
    },
    {
      "vulnerabilityID": "00000000-0000-0000-0000-000000000000",
      "analysisID": "992805fe-edd3-419b-bf46-c8dfbbcfc12e",
      "createdAt": "2024-08-14T14:01:22.1684054Z",
      "vulnerabilities": {
        "vulnerabilityID": "431e0ec2-6aff-4d57-8299-b02085ce6b20",
        "line": "277",
        "column": "16",
        "confidence": "MEDIUM",
        "file": "docs\\advanced-usage.rst",
        "code": "...     key_password='keyfile_password')",
        "details": "(1/1) * Possible vulnerability detected: Hard-coded password\nThe software contains hard-coded credentials, such as a password or cryptographic key, which it uses for its own inbound authentication, outbound communication to external components, or encryption of internal data. For more information checkout the CWE-798 (https://cwe.mitre.org/data/definitions/798.html) advisory.",
        "securityTool": "HorusecEngine",
        "language": "Leaks",
        "severity": "CRITICAL",
        "type": "Vulnerability",
        "commitAuthor": "-",
        "commitEmail": "-",
        "commitHash": "-",
        "commitMessage": "-",
        "commitDate": "-",
        "rule_id": "HS-LEAKS-26",
        "vulnHash": "e826e7d72955cdca7525672b29d5dd6886e7ccc6ca7bc1906da8f797c7130399",
        "deprecatedHashes": [
          "5b12ee8d9fd560affafa2e830bbc721748b7d0ef4b3d8640d5ca26aeb1c467d7",
          "a0904ee35226d14ae315defc14206c3c471d556af54f99b285092ff017b5c7c8"
        ],
        "securityToolVersion": "",
        "securityToolInfoUri": ""
      }
    },
    {
      "vulnerabilityID": "00000000-0000-0000-0000-000000000000",
      "analysisID": "992805fe-edd3-419b-bf46-c8dfbbcfc12e",
      "createdAt": "2024-08-14T14:01:22.1684054Z",
      "vulnerabilities": {
        "vulnerabilityID": "906c8bf1-d300-4e8f-b7cb-7c861a218fc4",
        "line": "1",
        "column": "0",
        "confidence": "MEDIUM",
        "file": "dummyserver\\certs\\server.crt",
        "code": "-----BEGIN CERTIFICATE-----",
        "details": "(1/1) * Possible vulnerability detected: Asymmetric Private Key\nFound SSH and/or x.509 Cerficates among the files of your project, make sure you want this kind of information inside your Git repo, since it can be missused by someone with access to any kind of copy.  For more information checkout the CWE-312 (https://cwe.mitre.org/data/definitions/312.html) advisory.",
        "securityTool": "HorusecEngine",
        "language": "Leaks",
        "severity": "CRITICAL",
        "type": "Vulnerability",
        "commitAuthor": "-",
        "commitEmail": "-",
        "commitHash": "-",
        "commitMessage": "-",
        "commitDate": "-",
        "rule_id": "HS-LEAKS-12",
        "vulnHash": "39f564df1890dc907994418d197bafd21dd200f1c859e2fd70f4217b1fa9cfc9",
        "deprecatedHashes": [
          "0c63e0e8d1916e9b6a046102b6a082e69a7684d999a77fcca2ef91570d24603d",
          "14dbdb9244f5ebbc8423b9d49e691060884e772216ef7afc7ebf8f8ce08a6f93"
        ],
        "securityToolVersion": "",
        "securityToolInfoUri": ""
      }
    },
    {
      "vulnerabilityID": "00000000-0000-0000-0000-000000000000",
      "analysisID": "992805fe-edd3-419b-bf46-c8dfbbcfc12e",
      "createdAt": "2024-08-14T14:01:22.1684054Z",
      "vulnerabilities": {
        "vulnerabilityID": "279aed5d-e322-41ae-aa70-2059f93b9737",
        "line": "1",
        "column": "0",
        "confidence": "MEDIUM",
        "file": "dummyserver\\certs\\server.key",
        "code": "-----BEGIN RSA PRIVATE KEY-----",
        "details": "(1/1) * Possible vulnerability detected: Asymmetric Private Key\nFound SSH and/or x.509 Cerficates among the files of your project, make sure you want this kind of information inside your Git repo, since it can be missused by someone with access to any kind of copy.  For more information checkout the CWE-312 (https://cwe.mitre.org/data/definitions/312.html) advisory.",
        "securityTool": "HorusecEngine",
        "language": "Leaks",
        "severity": "CRITICAL",
        "type": "Vulnerability",
        "commitAuthor": "-",
        "commitEmail": "-",
        "commitHash": "-",
        "commitMessage": "-",
        "commitDate": "-",
        "rule_id": "HS-LEAKS-12",
        "vulnHash": "3d4bd994c94e6d59389c9da6b248ac79ca27990e1aa4aa93984ddec46eccd41b",
        "deprecatedHashes": [
          "5c943e65a519f35fe8704351ffb735a1405021238c09ed2fc824a6b9c6f93b63",
          "8577ffe881e3025ae7dc5f6c29ef85b03be146334fb60c7097bfd9478ca2b316"
        ],
        "securityToolVersion": "",
        "securityToolInfoUri": ""
      }
    },
    {
      "vulnerabilityID": "00000000-0000-0000-0000-000000000000",
      "analysisID": "992805fe-edd3-419b-bf46-c8dfbbcfc12e",
      "createdAt": "2024-08-14T14:01:22.1684054Z",
      "vulnerabilities": {
        "vulnerabilityID": "bd15476b-5cbe-49e0-9067-03e13902b626",
        "line": "23",
        "column": "6",
        "confidence": "MEDIUM",
        "file": "src\\urllib3\\contrib\\_securetransport\\low_level.py",
        "code": "b\"-----BEGIN CERTIFICATE-----\\n(.*?)\\n-----END CERTIFICATE-----\", re.DOTALL",
        "details": "(1/1) * Possible vulnerability detected: Asymmetric Private Key\nFound SSH and/or x.509 Cerficates among the files of your project, make sure you want this kind of information inside your Git repo, since it can be missused by someone with access to any kind of copy.  For more information checkout the CWE-312 (https://cwe.mitre.org/data/definitions/312.html) advisory.",
        "securityTool": "HorusecEngine",
        "language": "Leaks",
        "severity": "CRITICAL",
        "type": "Vulnerability",
        "commitAuthor": "-",
        "commitEmail": "-",
        "commitHash": "-",
        "commitMessage": "-",
        "commitDate": "-",
        "rule_id": "HS-LEAKS-12",
        "vulnHash": "976cd6d9eaf46499f4b64eb5375bcc11f27ad8b694d1b470c9576b38cfd35952",
        "deprecatedHashes": [
          "c1f0a53f42bd9cd21b99f8e43c9486724c3cf934e1434a572caaec1dc33d091d",
          "e605842d8785614bc6004d7284c5727e04417aa8d4a4c9a69017d2b24392eefc"
        ],
        "securityToolVersion": "",
        "securityToolInfoUri": ""
      }
    },
    {
      "vulnerabilityID": "00000000-0000-0000-0000-000000000000",
      "analysisID": "992805fe-edd3-419b-bf46-c8dfbbcfc12e",
      "createdAt": "2024-08-14T14:01:22.1684054Z",
      "vulnerabilities": {
        "vulnerabilityID": "c1260e91-cf7d-4981-bdb5-50a00eef1fb9",
        "line": "148",
        "column": "13",
        "confidence": "MEDIUM",
        "file": "src\\urllib3\\util\\url.py",
        "code": "'http://username:password@host.com:80/path?query#fragment'",
        "details": "(1/1) * Possible vulnerability detected: Password found in a hardcoded URL\nA password was found in a hardcoded URL, this can lead to not only the leak of this password but also a failure point to some more sophisticated CSRF and SSRF attacks. Check CWE-352 (https://cwe.mitre.org/data/definitions/352.html) and CWE-918 (https://cwe.mitre.org/data/definitions/918.html) for more details.",
        "securityTool": "HorusecEngine",
        "language": "Leaks",
        "severity": "CRITICAL",
        "type": "Vulnerability",
        "commitAuthor": "-",
        "commitEmail": "-",
        "commitHash": "-",
        "commitMessage": "-",
        "commitDate": "-",
        "rule_id": "HS-LEAKS-27",
        "vulnHash": "6cc52a9e59b3f455576c0913360545b28ba8c382efa658dc85e545b5a5398ebd",
        "deprecatedHashes": [
          "5a9ebf190bb4ffe5b1765f853de61b3de830e4ccf5bf3f40fd892f248d4e4834",
          "dd4d155b7442b04c9b3f87eec3d7835797ede25e735ae6cee70cd856696708cb"
        ],
        "securityToolVersion": "",
        "securityToolInfoUri": ""
      }
    }
  ]
}