Experiment ID,Experiment Date,Experiment Runner Environment,Experiment Runner Operating System,Experiment Runner Architecture,Experiment Project Name,Experiment Package Manager,GitHub Repository URL,GitHub Organisation,GitHub Repository Name,GitHub Repository Tag Name,GitHub Repository Tag Commit,GitHub Repository Tag Date,GitHub Repository Tag Author,GitHub Repository Tag Verified,GitHub Repository Tag Reason
3,2024-08-16,Github-Hosted,macOS,ARM64,H6060-Javascript-Lodash,Npm,https://github.com/lodash/lodash,lodash,lodash,1.0.2,2e55aa3f7ca1b5c2ef6c9a2689bbb937e42fa007,2013-02-18T10:13:40Z,john.david.dalton@gmail.com,False,unsigned
3,2024-08-16,Github-Hosted,macOS,ARM64,H6060-Javascript-Lodash,Npm,https://github.com/lodash/lodash,lodash,lodash,1.1.1,21e699cbd79da19ad6548639f9ed1bc31a6a753c,2013-03-27T15:03:09Z,demoneaux@gmail.com,False,unsigned
3,2024-08-16,Github-Hosted,macOS,ARM64,H6060-Javascript-Lodash,Npm,https://github.com/lodash/lodash,lodash,lodash,1.2.0,48a423aac6710d5939346a54fb7af40ceca463f6,2013-04-16T16:00:33Z,demoneaux@gmail.com,False,unsigned
3,2024-08-16,Github-Hosted,macOS,ARM64,H6060-Javascript-Lodash,Npm,https://github.com/lodash/lodash,lodash,lodash,1.2.1,91d552ca29f530c916def0e4a8c68f54b2815e5a,2013-04-29T16:10:51Z,demoneaux@gmail.com,False,unsigned
3,2024-08-16,Github-Hosted,macOS,ARM64,H6060-Javascript-Lodash,Npm,https://github.com/lodash/lodash,lodash,lodash,1.3.0,18075ff5bd3be4acaa0768346ca12fa79134fd3a,2013-06-11T15:33:35Z,demoneaux@gmail.com,False,unsigned
3,2024-08-16,Github-Hosted,macOS,ARM64,H6060-Javascript-Lodash,Npm,https://github.com/lodash/lodash,lodash,lodash,1.3.1,f1d049bbb37e9091d89e38a882cd3749f93fd189,2013-06-12T07:48:46Z,demoneaux@gmail.com,False,unsigned
3,2024-08-16,Github-Hosted,macOS,ARM64,H6060-Javascript-Lodash,Npm,https://github.com/lodash/lodash,lodash,lodash,2.0.0,d5339c7eec796bba8b2fb9b1427f369bd5f93899,2013-09-14T04:18:41Z,demoneaux@gmail.com,False,unsigned
3,2024-08-16,Github-Hosted,macOS,ARM64,H6060-Javascript-Lodash,Npm,https://github.com/lodash/lodash,lodash,lodash,2.1.0,e0b49a2c0ced4045efa355d654648712ae4477f8,2013-09-22T21:32:13Z,demoneaux@gmail.com,False,unsigned
3,2024-08-16,Github-Hosted,macOS,ARM64,H6060-Javascript-Lodash,Npm,https://github.com/lodash/lodash,lodash,lodash,2.2.0,578f2c410eeff28cbd1308001052682e55e760b6,2013-09-29T21:46:52Z,demoneaux@gmail.com,False,unsigned
3,2024-08-16,Github-Hosted,macOS,ARM64,H6060-Javascript-Lodash,Npm,https://github.com/lodash/lodash,lodash,lodash,2.2.1,6c5313977214d33503e96fdb761afc61011341d1,2013-10-03T16:42:32Z,demoneaux@gmail.com,False,unsigned
3,2024-08-16,Github-Hosted,macOS,ARM64,H6060-Javascript-Lodash,Npm,https://github.com/lodash/lodash,lodash,lodash,2.3.0,bb4e8c05f5f9223b2323d1cf0f1f1507c5206888,2013-11-11T17:27:49Z,demoneaux@gmail.com,False,unsigned
3,2024-08-16,Github-Hosted,macOS,ARM64,H6060-Javascript-Lodash,Npm,https://github.com/lodash/lodash,lodash,lodash,2.4.0,740756524ad188eba94f6ba371a6512f393ac0cb,2013-11-26T05:14:32Z,demoneaux@gmail.com,False,unsigned
3,2024-08-16,Github-Hosted,macOS,ARM64,H6060-Javascript-Lodash,Npm,https://github.com/lodash/lodash,lodash,lodash,2.4.1,e231b6c48811b0bfc2ace842dea636b2ede7f337,2013-12-01T17:37:28Z,demoneaux@gmail.com,False,unsigned
3,2024-08-16,Github-Hosted,macOS,ARM64,H6060-Javascript-Lodash,Npm,https://github.com/lodash/lodash,lodash,lodash,2.4.2,47289d89e0155462ea6888e6bb2e258dc4daa9d0,2013-12-01T17:37:29Z,john.david.dalton@gmail.com,False,unsigned
3,2024-08-16,Github-Hosted,macOS,ARM64,H6060-Javascript-Lodash,Npm,https://github.com/lodash/lodash,lodash,lodash,3.0.0,c8a122bb9ca6276bf187355dbfdf360194d822b6,2015-02-05T06:15:03Z,john.david.dalton@gmail.com,False,unsigned
3,2024-08-16,Github-Hosted,macOS,ARM64,H6060-Javascript-Lodash,Npm,https://github.com/lodash/lodash,lodash,lodash,3.0.0-amd,a93ccafbf611db27271213b5b5d8ba386e6c9d76,2018-02-04T03:18:30Z,john.david.dalton@gmail.com,False,unsigned
3,2024-08-16,Github-Hosted,macOS,ARM64,H6060-Javascript-Lodash,Npm,https://github.com/lodash/lodash,lodash,lodash,3.0.0-es,83429b242916b927d6f2fa0071c0dbcd4c8f92de,2018-02-04T03:23:52Z,john.david.dalton@gmail.com,False,unsigned
3,2024-08-16,Github-Hosted,macOS,ARM64,H6060-Javascript-Lodash,Npm,https://github.com/lodash/lodash,lodash,lodash,3.0.0-npm,e6dbcaab24cba9a17dc082a5523547964d16d450,2018-02-04T03:29:18Z,john.david.dalton@gmail.com,False,unsigned
3,2024-08-16,Github-Hosted,macOS,ARM64,H6060-Javascript-Lodash,Npm,https://github.com/lodash/lodash,lodash,lodash,3.0.0-npm-packages,1fa2e0e36565235c2854b60a731bf77bf3bbd91a,2019-07-10T04:57:12Z,john.david.dalton@gmail.com,False,unsigned
3,2024-08-16,Github-Hosted,macOS,ARM64,H6060-Javascript-Lodash,Npm,https://github.com/lodash/lodash,lodash,lodash,3.0.1,eae852a3ac90148f82961585fe24d126b703450b,2015-02-05T06:15:24Z,john.david.dalton@gmail.com,False,unsigned
3,2024-08-16,Github-Hosted,macOS,ARM64,H6060-Javascript-Lodash,Npm,https://github.com/lodash/lodash,lodash,lodash,3.0.1-amd,cf67830516176e1b26af8068b4fd6ac642b80f1f,2018-02-04T03:18:35Z,john.david.dalton@gmail.com,False,unsigned
3,2024-08-16,Github-Hosted,macOS,ARM64,H6060-Javascript-Lodash,Npm,https://github.com/lodash/lodash,lodash,lodash,3.0.1-es,71739e6ef4004e98a8e2e094a3fb267c62749569,2018-02-04T03:23:57Z,john.david.dalton@gmail.com,False,unsigned
3,2024-08-16,Github-Hosted,macOS,ARM64,H6060-Javascript-Lodash,Npm,https://github.com/lodash/lodash,lodash,lodash,3.0.1-npm,553770bd61107910976b91eefeaaf659685a0cc8,2018-02-04T03:29:23Z,john.david.dalton@gmail.com,False,unsigned
3,2024-08-16,Github-Hosted,macOS,ARM64,H6060-Javascript-Lodash,Npm,https://github.com/lodash/lodash,lodash,lodash,3.0.1-npm-packages,231310d9111d1b9c3733a3e8c418e7f669351d86,2019-07-10T04:57:16Z,john.david.dalton@gmail.com,False,unsigned
3,2024-08-16,Github-Hosted,macOS,ARM64,H6060-Javascript-Lodash,Npm,https://github.com/lodash/lodash,lodash,lodash,3.0.2-npm-packages,2a13d1d15eab2f42b0d530a86083a0534acfcec9,2019-07-10T04:57:20Z,john.david.dalton@gmail.com,False,unsigned
3,2024-08-16,Github-Hosted,macOS,ARM64,H6060-Javascript-Lodash,Npm,https://github.com/lodash/lodash,lodash,lodash,3.0.3-npm-packages,528cdec97a94dcf1de428a81b809c7371879f841,2019-07-10T04:57:25Z,john.david.dalton@gmail.com,False,unsigned
3,2024-08-16,Github-Hosted,macOS,ARM64,H6060-Javascript-Lodash,Npm,https://github.com/lodash/lodash,lodash,lodash,3.0.4-npm-packages,3f11b018a96a736aae44c770964c2d063b8c0870,2019-07-10T04:57:29Z,john.david.dalton@gmail.com,False,unsigned
3,2024-08-16,Github-Hosted,macOS,ARM64,H6060-Javascript-Lodash,Npm,https://github.com/lodash/lodash,lodash,lodash,3.0.5-npm-packages,671b9c13d786275f14131012497eb083e6aedd95,2019-07-10T04:57:35Z,john.david.dalton@gmail.com,False,unsigned
3,2024-08-16,Github-Hosted,macOS,ARM64,H6060-Javascript-Lodash,Npm,https://github.com/lodash/lodash,lodash,lodash,3.0.6-npm-packages,9b8faa984e406255e705851f0972ea6ed26dd559,2019-07-10T04:57:40Z,john.david.dalton@gmail.com,False,unsigned
3,2024-08-16,Github-Hosted,macOS,ARM64,H6060-Javascript-Lodash,Npm,https://github.com/lodash/lodash,lodash,lodash,3.0.7-npm-packages,93c0a3c98b7b4aaa96b6350b3a5c4877764beffe,2019-07-10T04:57:46Z,john.david.dalton@gmail.com,False,unsigned
3,2024-08-16,Github-Hosted,macOS,ARM64,H6060-Javascript-Lodash,Npm,https://github.com/lodash/lodash,lodash,lodash,3.0.8-npm-packages,74b33d3d4e3e70ea40990db2daadc884714bfc07,2019-07-10T04:57:52Z,john.david.dalton@gmail.com,False,unsigned
3,2024-08-16,Github-Hosted,macOS,ARM64,H6060-Javascript-Lodash,Npm,https://github.com/lodash/lodash,lodash,lodash,3.0.9-npm-packages,3d45ff3aedabfa0886e98ed85132ba82fb8288bb,2019-07-10T04:57:56Z,john.david.dalton@gmail.com,False,unsigned
3,2024-08-16,Github-Hosted,macOS,ARM64,H6060-Javascript-Lodash,Npm,https://github.com/lodash/lodash,lodash,lodash,3.1.0,38670f1e57d759f2bb7842714bb9610b4fcab906,2015-02-05T06:15:49Z,john.david.dalton@gmail.com,False,unsigned
3,2024-08-16,Github-Hosted,macOS,ARM64,H6060-Javascript-Lodash,Npm,https://github.com/lodash/lodash,lodash,lodash,3.1.0-amd,53fc1a4634c9595a7af8603a74ad4441de3a9db1,2018-02-04T03:18:40Z,john.david.dalton@gmail.com,False,unsigned
3,2024-08-16,Github-Hosted,macOS,ARM64,H6060-Javascript-Lodash,Npm,https://github.com/lodash/lodash,lodash,lodash,3.1.0-es,4c5b9e05d973ca851e0e774ad61a6d795b2a09d2,2018-02-04T03:24:01Z,john.david.dalton@gmail.com,False,unsigned
3,2024-08-16,Github-Hosted,macOS,ARM64,H6060-Javascript-Lodash,Npm,https://github.com/lodash/lodash,lodash,lodash,3.1.0-npm,8f374ab69cab9f81a7e8d4e55ca1d843210c4593,2018-02-04T03:29:28Z,john.david.dalton@gmail.com,False,unsigned
3,2024-08-16,Github-Hosted,macOS,ARM64,H6060-Javascript-Lodash,Npm,https://github.com/lodash/lodash,lodash,lodash,3.1.0-npm-packages,1764ff8aa9322b19a7a714ac9128834f183db8da,2019-07-10T04:58:00Z,john.david.dalton@gmail.com,False,unsigned
3,2024-08-16,Github-Hosted,macOS,ARM64,H6060-Javascript-Lodash,Npm,https://github.com/lodash/lodash,lodash,lodash,3.1.1-npm-packages,32a07b8228d78d68e56611ad67f82030ef8b6117,2019-07-10T04:58:04Z,john.david.dalton@gmail.com,False,unsigned
3,2024-08-16,Github-Hosted,macOS,ARM64,H6060-Javascript-Lodash,Npm,https://github.com/lodash/lodash,lodash,lodash,3.1.2-npm-packages,358cfc69a80b84e855ed61930c57c3843ad3295e,2019-07-10T04:58:09Z,john.david.dalton@gmail.com,False,unsigned
3,2024-08-16,Github-Hosted,macOS,ARM64,H6060-Javascript-Lodash,Npm,https://github.com/lodash/lodash,lodash,lodash,3.1.3-npm-packages,893f4fefa92b33ff6c71aa821328431f4584a98a,2019-07-10T04:58:13Z,john.david.dalton@gmail.com,False,unsigned
3,2024-08-16,Github-Hosted,macOS,ARM64,H6060-Javascript-Lodash,Npm,https://github.com/lodash/lodash,lodash,lodash,3.1.4-npm-packages,27fc83f214286b9ea226bb8a99230722cf573947,2019-07-10T04:58:18Z,john.david.dalton@gmail.com,False,unsigned
3,2024-08-16,Github-Hosted,macOS,ARM64,H6060-Javascript-Lodash,Npm,https://github.com/lodash/lodash,lodash,lodash,3.1.5-npm-packages,5a4628a39e91c403c75c0202d737aed60f22d6a5,2019-07-10T04:58:22Z,john.david.dalton@gmail.com,False,unsigned
3,2024-08-16,Github-Hosted,macOS,ARM64,H6060-Javascript-Lodash,Npm,https://github.com/lodash/lodash,lodash,lodash,3.1.6-npm-packages,ab22b4b1b73f5f5d5c76f36c353a7e3c7866a7cb,2019-07-10T04:58:27Z,john.david.dalton@gmail.com,False,unsigned
3,2024-08-16,Github-Hosted,macOS,ARM64,H6060-Javascript-Lodash,Npm,https://github.com/lodash/lodash,lodash,lodash,3.1.7-npm-packages,57f17b55a432552a690b34d1cb02e2cfc643e478,2019-07-10T04:58:32Z,john.david.dalton@gmail.com,False,unsigned
3,2024-08-16,Github-Hosted,macOS,ARM64,H6060-Javascript-Lodash,Npm,https://github.com/lodash/lodash,lodash,lodash,3.10.0,9d894f90ff020d49bef24aa70c75e513f43049f2,2015-06-30T16:41:20Z,john.david.dalton@gmail.com,False,unsigned
3,2024-08-16,Github-Hosted,macOS,ARM64,H6060-Javascript-Lodash,Npm,https://github.com/lodash/lodash,lodash,lodash,3.10.0-amd,4c69ed4e7103210fb37ff46d8249ed7cb8f86046,2018-02-04T03:19:35Z,john.david.dalton@gmail.com,False,unsigned
3,2024-08-16,Github-Hosted,macOS,ARM64,H6060-Javascript-Lodash,Npm,https://github.com/lodash/lodash,lodash,lodash,3.10.0-es,e488f839134c05bf5172c3025c6741a08eaea657,2018-02-04T03:24:57Z,john.david.dalton@gmail.com,False,unsigned
3,2024-08-16,Github-Hosted,macOS,ARM64,H6060-Javascript-Lodash,Npm,https://github.com/lodash/lodash,lodash,lodash,3.10.0-npm,fdd46b67c333ca0716cc6277cf86cf4cdeb372c2,2018-02-04T03:30:27Z,john.david.dalton@gmail.com,False,unsigned
3,2024-08-16,Github-Hosted,macOS,ARM64,H6060-Javascript-Lodash,Npm,https://github.com/lodash/lodash,lodash,lodash,3.10.0-npm-packages,988cd1ee7e2ac63b6e75812fe459c9d0b33d76b4,2019-07-10T05:01:25Z,john.david.dalton@gmail.com,False,unsigned
3,2024-08-16,Github-Hosted,macOS,ARM64,H6060-Javascript-Lodash,Npm,https://github.com/lodash/lodash,lodash,lodash,3.10.1,ef20b4290cc4fe7551c82a552ea7ffa76548eec8,2015-08-03T15:29:48Z,john.david.dalton@gmail.com,False,unsigned
3,2024-08-16,Github-Hosted,macOS,ARM64,H6060-Javascript-Lodash,Npm,https://github.com/lodash/lodash,lodash,lodash,3.10.1-amd,684ad4edee5c35c9a0e87eb7864d8bebac98573c,2018-02-04T03:19:40Z,john.david.dalton@gmail.com,False,unsigned
3,2024-08-16,Github-Hosted,macOS,ARM64,H6060-Javascript-Lodash,Npm,https://github.com/lodash/lodash,lodash,lodash,3.10.1-es,2742062ee800055f7e269cfe60100634522e1557,2018-02-04T03:25:01Z,john.david.dalton@gmail.com,False,unsigned
3,2024-08-16,Github-Hosted,macOS,ARM64,H6060-Javascript-Lodash,Npm,https://github.com/lodash/lodash,lodash,lodash,3.10.1-npm,bc5ad5dca2c0afa674adcd7ae6d2d1fe1aee43f9,2018-02-04T03:30:32Z,john.david.dalton@gmail.com,False,unsigned
3,2024-08-16,Github-Hosted,macOS,ARM64,H6060-Javascript-Lodash,Npm,https://github.com/lodash/lodash,lodash,lodash,3.10.1-npm-packages,c7dc797d8b34e61555dd46a256d6c6a27cee38b6,2019-07-10T05:01:29Z,john.david.dalton@gmail.com,False,unsigned
3,2024-08-16,Github-Hosted,macOS,ARM64,H6060-Javascript-Lodash,Npm,https://github.com/lodash/lodash,lodash,lodash,3.10.2-npm-packages,23e769e08ecc515e4acb1d47555f197fd8aeb603,2019-07-10T05:01:36Z,john.david.dalton@gmail.com,False,unsigned
3,2024-08-16,Github-Hosted,macOS,ARM64,H6060-Javascript-Lodash,Npm,https://github.com/lodash/lodash,lodash,lodash,3.10.3-npm-packages,722eb2a024525e89b7897ff0436d9f65caf7c98c,2019-07-10T05:01:41Z,john.david.dalton@gmail.com,False,unsigned
3,2024-08-16,Github-Hosted,macOS,ARM64,H6060-Javascript-Lodash,Npm,https://github.com/lodash/lodash,lodash,lodash,3.11.0-npm-packages,c2f51ac35fbe3deca9184b883eca18c4247bc233,2019-07-10T05:01:46Z,john.david.dalton@gmail.com,False,unsigned
3,2024-08-16,Github-Hosted,macOS,ARM64,H6060-Javascript-Lodash,Npm,https://github.com/lodash/lodash,lodash,lodash,3.2.0,560c9893c816894bf2eb9ec8167b3f11f77d39f1,2015-02-13T05:25:04Z,john.david.dalton@gmail.com,False,unsigned
3,2024-08-16,Github-Hosted,macOS,ARM64,H6060-Javascript-Lodash,Npm,https://github.com/lodash/lodash,lodash,lodash,3.2.0-amd,fea4f80dc8e444ca88e05c10bae75c75bd25e13a,2018-02-04T03:18:44Z,john.david.dalton@gmail.com,False,unsigned
3,2024-08-16,Github-Hosted,macOS,ARM64,H6060-Javascript-Lodash,Npm,https://github.com/lodash/lodash,lodash,lodash,3.2.0-es,7343872c31569472c368e8eef09f9953c1e9cf03,2018-02-04T03:24:06Z,john.david.dalton@gmail.com,False,unsigned
3,2024-08-16,Github-Hosted,macOS,ARM64,H6060-Javascript-Lodash,Npm,https://github.com/lodash/lodash,lodash,lodash,3.2.0-npm,c0d7657388aa001be23a5a012afc5695f367cb12,2018-02-04T03:29:33Z,john.david.dalton@gmail.com,False,unsigned
3,2024-08-16,Github-Hosted,macOS,ARM64,H6060-Javascript-Lodash,Npm,https://github.com/lodash/lodash,lodash,lodash,3.2.0-npm-packages,c5ea05a81a8dc0e7099e7a25cf767c317d88282a,2019-07-10T04:58:36Z,john.david.dalton@gmail.com,False,unsigned
3,2024-08-16,Github-Hosted,macOS,ARM64,H6060-Javascript-Lodash,Npm,https://github.com/lodash/lodash,lodash,lodash,3.2.1-npm-packages,f7123d4e77b00a76723d246798c29b8e82f0ce1f,2019-07-10T04:58:40Z,john.david.dalton@gmail.com,False,unsigned
3,2024-08-16,Github-Hosted,macOS,ARM64,H6060-Javascript-Lodash,Npm,https://github.com/lodash/lodash,lodash,lodash,3.2.2-npm-packages,cabfa26097c9a77952e60b0ad9615c4c142f390c,2019-07-10T04:58:48Z,john.david.dalton@gmail.com,False,unsigned
3,2024-08-16,Github-Hosted,macOS,ARM64,H6060-Javascript-Lodash,Npm,https://github.com/lodash/lodash,lodash,lodash,3.2.3-npm-packages,92729e1aaa3dfbc9484fd317c0e6c4f683c1a713,2019-07-10T04:58:53Z,john.david.dalton@gmail.com,False,unsigned
3,2024-08-16,Github-Hosted,macOS,ARM64,H6060-Javascript-Lodash,Npm,https://github.com/lodash/lodash,lodash,lodash,3.3.0,9e0579d08202a528393221e8d95a9c305b3dbf44,2015-02-23T08:36:27Z,john.david.dalton@gmail.com,False,unsigned
3,2024-08-16,Github-Hosted,macOS,ARM64,H6060-Javascript-Lodash,Npm,https://github.com/lodash/lodash,lodash,lodash,3.3.0-amd,21a4bc3294465ffabc62014420e53dda3d81d805,2018-02-04T03:18:49Z,john.david.dalton@gmail.com,False,unsigned
3,2024-08-16,Github-Hosted,macOS,ARM64,H6060-Javascript-Lodash,Npm,https://github.com/lodash/lodash,lodash,lodash,3.3.0-es,5fb5f83d26b6a7ae1c80301d44581cfa7f750ef6,2018-02-04T03:24:10Z,john.david.dalton@gmail.com,False,unsigned
3,2024-08-16,Github-Hosted,macOS,ARM64,H6060-Javascript-Lodash,Npm,https://github.com/lodash/lodash,lodash,lodash,3.3.0-npm,a3fc06b591237f0e9999d68f89a5c0307aec773e,2018-02-04T03:29:37Z,john.david.dalton@gmail.com,False,unsigned
3,2024-08-16,Github-Hosted,macOS,ARM64,H6060-Javascript-Lodash,Npm,https://github.com/lodash/lodash,lodash,lodash,3.3.0-npm-packages,0746aea7bc7d7a57a0c4d400f7c28c3135a03e0d,2019-07-10T04:58:57Z,john.david.dalton@gmail.com,False,unsigned
3,2024-08-16,Github-Hosted,macOS,ARM64,H6060-Javascript-Lodash,Npm,https://github.com/lodash/lodash,lodash,lodash,3.3.1,5b7ca30fe78139f75c99c9a2ddde5a5a426fbba1,2015-02-24T15:58:47Z,john.david.dalton@gmail.com,False,unsigned
3,2024-08-16,Github-Hosted,macOS,ARM64,H6060-Javascript-Lodash,Npm,https://github.com/lodash/lodash,lodash,lodash,3.3.1-amd,f8907595c0b604b5acc9dceae51bce1bc7bad106,2018-02-04T03:18:53Z,john.david.dalton@gmail.com,False,unsigned
3,2024-08-16,Github-Hosted,macOS,ARM64,H6060-Javascript-Lodash,Npm,https://github.com/lodash/lodash,lodash,lodash,3.3.1-es,212b888932451a4c457940a41ef3c83f6206e3d7,2018-02-04T03:24:15Z,john.david.dalton@gmail.com,False,unsigned
3,2024-08-16,Github-Hosted,macOS,ARM64,H6060-Javascript-Lodash,Npm,https://github.com/lodash/lodash,lodash,lodash,3.3.1-npm,f48730cad5322aa58e68fe33bc37a0001eabbfac,2018-02-04T03:29:42Z,john.david.dalton@gmail.com,False,unsigned
3,2024-08-16,Github-Hosted,macOS,ARM64,H6060-Javascript-Lodash,Npm,https://github.com/lodash/lodash,lodash,lodash,3.3.1-npm-packages,e83ce5b6b14c5a7d6c6cffc38162d7cb30e25cdf,2019-07-10T04:59:02Z,john.david.dalton@gmail.com,False,unsigned
3,2024-08-16,Github-Hosted,macOS,ARM64,H6060-Javascript-Lodash,Npm,https://github.com/lodash/lodash,lodash,lodash,3.3.2-npm-packages,461caae1923e47360d22a5e430ce52700eb8b43e,2019-07-10T04:59:06Z,john.david.dalton@gmail.com,False,unsigned
3,2024-08-16,Github-Hosted,macOS,ARM64,H6060-Javascript-Lodash,Npm,https://github.com/lodash/lodash,lodash,lodash,3.3.3-npm-packages,49ac90e7806e308f0a418c117ec963490a7a9bd2,2019-07-10T04:59:11Z,john.david.dalton@gmail.com,False,unsigned
3,2024-08-16,Github-Hosted,macOS,ARM64,H6060-Javascript-Lodash,Npm,https://github.com/lodash/lodash,lodash,lodash,3.3.4-npm-packages,6fa696341ec050c469f1164a86211c553b7fa9af,2019-07-10T04:59:15Z,john.david.dalton@gmail.com,False,unsigned
3,2024-08-16,Github-Hosted,macOS,ARM64,H6060-Javascript-Lodash,Npm,https://github.com/lodash/lodash,lodash,lodash,3.3.5-npm-packages,6f3e0d53eb2994667a136073ea346cab34d21d2d,2019-07-10T04:59:20Z,john.david.dalton@gmail.com,False,unsigned
3,2024-08-16,Github-Hosted,macOS,ARM64,H6060-Javascript-Lodash,Npm,https://github.com/lodash/lodash,lodash,lodash,3.3.6-npm-packages,593d0bf501580e585a01ec2dec4357d31504937d,2019-07-10T04:59:24Z,john.david.dalton@gmail.com,False,unsigned
3,2024-08-16,Github-Hosted,macOS,ARM64,H6060-Javascript-Lodash,Npm,https://github.com/lodash/lodash,lodash,lodash,3.3.7-npm-packages,059f89b8e031560625ff91d80dd2ff57c83c97d7,2019-07-10T04:59:28Z,john.david.dalton@gmail.com,False,unsigned
3,2024-08-16,Github-Hosted,macOS,ARM64,H6060-Javascript-Lodash,Npm,https://github.com/lodash/lodash,lodash,lodash,3.4.0,e9712149a58b2907a386430f3ba86d09a243246f,2015-03-06T08:55:43Z,john.david.dalton@gmail.com,False,unsigned
3,2024-08-16,Github-Hosted,macOS,ARM64,H6060-Javascript-Lodash,Npm,https://github.com/lodash/lodash,lodash,lodash,3.4.0-amd,14748479abc97d0edc1bcea30dea521c06b39266,2018-02-04T03:18:58Z,john.david.dalton@gmail.com,False,unsigned
3,2024-08-16,Github-Hosted,macOS,ARM64,H6060-Javascript-Lodash,Npm,https://github.com/lodash/lodash,lodash,lodash,3.4.0-es,a9effe0df7f319f6a5bd1c7703c7365f5f56aead,2018-02-04T03:24:20Z,john.david.dalton@gmail.com,False,unsigned
3,2024-08-16,Github-Hosted,macOS,ARM64,H6060-Javascript-Lodash,Npm,https://github.com/lodash/lodash,lodash,lodash,3.4.0-npm,5acc0f622143caa2c6bd700dbf084694f549c332,2018-02-04T03:29:46Z,john.david.dalton@gmail.com,False,unsigned
3,2024-08-16,Github-Hosted,macOS,ARM64,H6060-Javascript-Lodash,Npm,https://github.com/lodash/lodash,lodash,lodash,3.4.0-npm-packages,502ddc9e44b56d76b1010142e4ca82d8c2e0fb6c,2019-07-10T04:59:33Z,john.david.dalton@gmail.com,False,unsigned
3,2024-08-16,Github-Hosted,macOS,ARM64,H6060-Javascript-Lodash,Npm,https://github.com/lodash/lodash,lodash,lodash,3.4.1-npm-packages,697857c5e6668cead69a868ee366cda4ded61bb6,2019-07-10T04:59:37Z,john.david.dalton@gmail.com,False,unsigned
3,2024-08-16,Github-Hosted,macOS,ARM64,H6060-Javascript-Lodash,Npm,https://github.com/lodash/lodash,lodash,lodash,3.4.2-npm-packages,d9e0e5944dda56ebdbe7e36afd1be2630a41edaa,2019-07-10T04:59:41Z,john.david.dalton@gmail.com,False,unsigned
3,2024-08-16,Github-Hosted,macOS,ARM64,H6060-Javascript-Lodash,Npm,https://github.com/lodash/lodash,lodash,lodash,3.4.3-npm-packages,6cffddcaf634893dbec34fe34c389e7ff17c291b,2019-07-10T04:59:46Z,john.david.dalton@gmail.com,False,unsigned
3,2024-08-16,Github-Hosted,macOS,ARM64,H6060-Javascript-Lodash,Npm,https://github.com/lodash/lodash,lodash,lodash,3.4.4-npm-packages,3e55e8436169fd0c4f57cd7c4f2791744746776a,2019-07-10T04:59:52Z,john.david.dalton@gmail.com,False,unsigned
3,2024-08-16,Github-Hosted,macOS,ARM64,H6060-Javascript-Lodash,Npm,https://github.com/lodash/lodash,lodash,lodash,3.5.0,a3d504123969a4c783c2ecb6737d55b6da1c83c6,2015-03-09T04:29:51Z,john.david.dalton@gmail.com,False,unsigned
3,2024-08-16,Github-Hosted,macOS,ARM64,H6060-Javascript-Lodash,Npm,https://github.com/lodash/lodash,lodash,lodash,3.5.0-amd,d5e8394946f527a1a66853cf7952ae2c2eb437cf,2018-02-04T03:19:03Z,john.david.dalton@gmail.com,False,unsigned
3,2024-08-16,Github-Hosted,macOS,ARM64,H6060-Javascript-Lodash,Npm,https://github.com/lodash/lodash,lodash,lodash,3.5.0-es,472e73349dc323ad8c592c38839fcad5413c377e,2018-02-04T03:24:24Z,john.david.dalton@gmail.com,False,unsigned
3,2024-08-16,Github-Hosted,macOS,ARM64,H6060-Javascript-Lodash,Npm,https://github.com/lodash/lodash,lodash,lodash,3.5.0-npm,bf5663ec79441059b4a83ef4d4f763f6f8f34098,2018-02-04T03:29:51Z,john.david.dalton@gmail.com,False,unsigned
3,2024-08-16,Github-Hosted,macOS,ARM64,H6060-Javascript-Lodash,Npm,https://github.com/lodash/lodash,lodash,lodash,3.5.0-npm-packages,bffd24e10a43357a3c251ad0c427e4cdc6122d64,2019-07-10T04:59:56Z,john.david.dalton@gmail.com,False,unsigned
3,2024-08-16,Github-Hosted,macOS,ARM64,H6060-Javascript-Lodash,Npm,https://github.com/lodash/lodash,lodash,lodash,3.5.1-npm-packages,37c1c9bdb747abbb14c52e748f35e1a94297eb17,2019-07-10T05:00:01Z,john.david.dalton@gmail.com,False,unsigned
3,2024-08-16,Github-Hosted,macOS,ARM64,H6060-Javascript-Lodash,Npm,https://github.com/lodash/lodash,lodash,lodash,3.5.2-npm-packages,e66c880919e6d0fdc04331b80d4a9f04ef0a052a,2019-07-10T05:00:06Z,john.david.dalton@gmail.com,False,unsigned
3,2024-08-16,Github-Hosted,macOS,ARM64,H6060-Javascript-Lodash,Npm,https://github.com/lodash/lodash,lodash,lodash,3.5.3-npm-packages,bcdd6db2cc0c7e909b8ea500f2625bac1228f519,2019-07-10T05:00:11Z,john.david.dalton@gmail.com,False,unsigned
3,2024-08-16,Github-Hosted,macOS,ARM64,H6060-Javascript-Lodash,Npm,https://github.com/lodash/lodash,lodash,lodash,3.6.0,c9e0518e3565a972ab50f989ca2d2d9753a979e3,2015-03-25T05:42:19Z,john.david.dalton@gmail.com,False,unsigned
3,2024-08-16,Github-Hosted,macOS,ARM64,H6060-Javascript-Lodash,Npm,https://github.com/lodash/lodash,lodash,lodash,3.6.0-amd,7727b7e1253a366ee47d04046f29bc915bec0462,2018-02-04T03:19:07Z,john.david.dalton@gmail.com,False,unsigned
3,2024-08-16,Github-Hosted,macOS,ARM64,H6060-Javascript-Lodash,Npm,https://github.com/lodash/lodash,lodash,lodash,3.6.0-es,e9f788ec262b31a101c043b2914caa3e98407730,2018-02-04T03:24:29Z,john.david.dalton@gmail.com,False,unsigned
3,2024-08-16,Github-Hosted,macOS,ARM64,H6060-Javascript-Lodash,Npm,https://github.com/lodash/lodash,lodash,lodash,3.6.0-npm,a9f893114e9121c246571fa99c9d05df4af9e08b,2018-02-04T03:29:55Z,john.david.dalton@gmail.com,False,unsigned
3,2024-08-16,Github-Hosted,macOS,ARM64,H6060-Javascript-Lodash,Npm,https://github.com/lodash/lodash,lodash,lodash,3.6.0-npm-packages,dd1ac70fb977f8230cf7f536161b21f182065b16,2019-07-10T05:00:15Z,john.david.dalton@gmail.com,False,unsigned
3,2024-08-16,Github-Hosted,macOS,ARM64,H6060-Javascript-Lodash,Npm,https://github.com/lodash/lodash,lodash,lodash,3.6.1-npm-packages,7d1c15e9124862ac6225873bcfbd221ee7ae6213,2019-07-10T05:00:20Z,john.david.dalton@gmail.com,False,unsigned
3,2024-08-16,Github-Hosted,macOS,ARM64,H6060-Javascript-Lodash,Npm,https://github.com/lodash/lodash,lodash,lodash,3.6.2-npm-packages,2bd7b6893da7e07ef408dcb2df7b63be478cac3e,2019-07-10T05:00:24Z,john.david.dalton@gmail.com,False,unsigned
3,2024-08-16,Github-Hosted,macOS,ARM64,H6060-Javascript-Lodash,Npm,https://github.com/lodash/lodash,lodash,lodash,3.7.0,81bd6e500077ef58058928ac339e1524b910aaba,2015-04-17T16:12:33Z,john.david.dalton@gmail.com,False,unsigned
3,2024-08-16,Github-Hosted,macOS,ARM64,H6060-Javascript-Lodash,Npm,https://github.com/lodash/lodash,lodash,lodash,3.7.0-amd,39dbce97af600e64e00b52b836fca93cc5b609b9,2018-02-04T03:19:12Z,john.david.dalton@gmail.com,False,unsigned
3,2024-08-16,Github-Hosted,macOS,ARM64,H6060-Javascript-Lodash,Npm,https://github.com/lodash/lodash,lodash,lodash,3.7.0-es,a92d757c1b2dfb8389b04beeba7e48f091bc253c,2018-02-04T03:24:33Z,john.david.dalton@gmail.com,False,unsigned
3,2024-08-16,Github-Hosted,macOS,ARM64,H6060-Javascript-Lodash,Npm,https://github.com/lodash/lodash,lodash,lodash,3.7.0-npm,0cee39b4596160d9900205b61669c45f25fcbcae,2018-02-04T03:30:00Z,john.david.dalton@gmail.com,False,unsigned
3,2024-08-16,Github-Hosted,macOS,ARM64,H6060-Javascript-Lodash,Npm,https://github.com/lodash/lodash,lodash,lodash,3.7.0-npm-packages,80875e26d2938376e230f6af1e2b89c2736e4875,2019-07-10T05:00:28Z,john.david.dalton@gmail.com,False,unsigned
3,2024-08-16,Github-Hosted,macOS,ARM64,H6060-Javascript-Lodash,Npm,https://github.com/lodash/lodash,lodash,lodash,3.7.1-npm-packages,153cc819b6bcfd52ddb4b70711fac70c38e64e86,2019-07-10T05:00:33Z,john.david.dalton@gmail.com,False,unsigned
3,2024-08-16,Github-Hosted,macOS,ARM64,H6060-Javascript-Lodash,Npm,https://github.com/lodash/lodash,lodash,lodash,3.7.2-npm-packages,fbea6468a20eb7ee11b07b42fea22b8dcafed3f1,2019-07-10T05:00:37Z,john.david.dalton@gmail.com,False,unsigned
3,2024-08-16,Github-Hosted,macOS,ARM64,H6060-Javascript-Lodash,Npm,https://github.com/lodash/lodash,lodash,lodash,3.7.3-npm-packages,b7a67f1613bbb3bba964361f091b2d9ee580cd1a,2019-07-10T05:00:41Z,john.david.dalton@gmail.com,False,unsigned
3,2024-08-16,Github-Hosted,macOS,ARM64,H6060-Javascript-Lodash,Npm,https://github.com/lodash/lodash,lodash,lodash,3.7.4-npm-packages,5ada129881aa252fb64d68e493bcd44292b05a51,2019-07-10T05:00:46Z,john.david.dalton@gmail.com,False,unsigned
3,2024-08-16,Github-Hosted,macOS,ARM64,H6060-Javascript-Lodash,Npm,https://github.com/lodash/lodash,lodash,lodash,3.8.0,5b5b41ff13b8458a33fad8fd14b134079f0850cf,2015-05-01T15:29:01Z,john.david.dalton@gmail.com,False,unsigned
3,2024-08-16,Github-Hosted,macOS,ARM64,H6060-Javascript-Lodash,Npm,https://github.com/lodash/lodash,lodash,lodash,3.8.0-amd,95539b75a3f4b114c17ead4fdf44aa1511ebf8dc,2018-02-04T03:19:17Z,john.david.dalton@gmail.com,False,unsigned
3,2024-08-16,Github-Hosted,macOS,ARM64,H6060-Javascript-Lodash,Npm,https://github.com/lodash/lodash,lodash,lodash,3.8.0-es,8c4bb0a4ceec9db11934499c0c4dda1225a809dc,2018-02-04T03:24:38Z,john.david.dalton@gmail.com,False,unsigned
3,2024-08-16,Github-Hosted,macOS,ARM64,H6060-Javascript-Lodash,Npm,https://github.com/lodash/lodash,lodash,lodash,3.8.0-npm,1af920786e7e95552f38b9f37bdcf8aa720a7a69,2018-02-04T03:30:04Z,john.david.dalton@gmail.com,False,unsigned
3,2024-08-16,Github-Hosted,macOS,ARM64,H6060-Javascript-Lodash,Npm,https://github.com/lodash/lodash,lodash,lodash,3.8.0-npm-packages,d895a7c1b55c5d7ebd29d9240ff4e918fa557c94,2019-07-10T05:00:53Z,john.david.dalton@gmail.com,False,unsigned
3,2024-08-16,Github-Hosted,macOS,ARM64,H6060-Javascript-Lodash,Npm,https://github.com/lodash/lodash,lodash,lodash,3.8.1-npm-packages,963f98c92d4695ccc09fa96259caf68d12d1498e,2019-07-10T05:00:58Z,john.david.dalton@gmail.com,False,unsigned
3,2024-08-16,Github-Hosted,macOS,ARM64,H6060-Javascript-Lodash,Npm,https://github.com/lodash/lodash,lodash,lodash,3.8.2-npm-packages,69026300ef11a8ae109fd791cfc21216cd778615,2019-07-10T05:01:06Z,john.david.dalton@gmail.com,False,unsigned
3,2024-08-16,Github-Hosted,macOS,ARM64,H6060-Javascript-Lodash,Npm,https://github.com/lodash/lodash,lodash,lodash,3.9.0,aa92a48c9894d7f95227d88da0e75f7147e53124,2015-05-19T20:13:32Z,john.david.dalton@gmail.com,False,unsigned
3,2024-08-16,Github-Hosted,macOS,ARM64,H6060-Javascript-Lodash,Npm,https://github.com/lodash/lodash,lodash,lodash,3.9.0-amd,2d2821953834d65005a11d40ae2858c82c2da337,2018-02-04T03:19:22Z,john.david.dalton@gmail.com,False,unsigned
3,2024-08-16,Github-Hosted,macOS,ARM64,H6060-Javascript-Lodash,Npm,https://github.com/lodash/lodash,lodash,lodash,3.9.0-es,a048e3acb6062ac670aa0733f3d41272dc4d5a86,2018-02-04T03:24:42Z,john.david.dalton@gmail.com,False,unsigned
3,2024-08-16,Github-Hosted,macOS,ARM64,H6060-Javascript-Lodash,Npm,https://github.com/lodash/lodash,lodash,lodash,3.9.0-npm,8274a2344629bec955c15a5513942345a267b542,2018-02-04T03:30:09Z,john.david.dalton@gmail.com,False,unsigned
3,2024-08-16,Github-Hosted,macOS,ARM64,H6060-Javascript-Lodash,Npm,https://github.com/lodash/lodash,lodash,lodash,3.9.0-npm-packages,57b23f49077d1c7d461d1d4515a96167c93e7252,2019-07-10T05:01:11Z,john.david.dalton@gmail.com,False,unsigned
3,2024-08-16,Github-Hosted,macOS,ARM64,H6060-Javascript-Lodash,Npm,https://github.com/lodash/lodash,lodash,lodash,3.9.1-npm,b43ee66d713d50f1e6e0d1808bc52e66312653cc,2018-02-04T03:30:13Z,john.david.dalton@gmail.com,False,unsigned
3,2024-08-16,Github-Hosted,macOS,ARM64,H6060-Javascript-Lodash,Npm,https://github.com/lodash/lodash,lodash,lodash,3.9.1-npm-packages,a76af02da217bb30bcbb7c5e314e5d06109eb20c,2019-07-10T05:01:16Z,john.david.dalton@gmail.com,False,unsigned
3,2024-08-16,Github-Hosted,macOS,ARM64,H6060-Javascript-Lodash,Npm,https://github.com/lodash/lodash,lodash,lodash,3.9.2,adf33c1274353fb23b32393b3a8b3001eb7af591,2015-05-24T20:27:55Z,john.david.dalton@gmail.com,False,unsigned
3,2024-08-16,Github-Hosted,macOS,ARM64,H6060-Javascript-Lodash,Npm,https://github.com/lodash/lodash,lodash,lodash,3.9.2-amd,52096edcc3f6178bfc93e4925998717f831793ce,2018-02-04T03:19:27Z,john.david.dalton@gmail.com,False,unsigned
3,2024-08-16,Github-Hosted,macOS,ARM64,H6060-Javascript-Lodash,Npm,https://github.com/lodash/lodash,lodash,lodash,3.9.2-es,7836df04947985443f9a65b7f2db27e10085a172,2018-02-04T03:24:47Z,john.david.dalton@gmail.com,False,unsigned
3,2024-08-16,Github-Hosted,macOS,ARM64,H6060-Javascript-Lodash,Npm,https://github.com/lodash/lodash,lodash,lodash,3.9.2-npm,6a77a1760d5b9e2d971769ad3584252a52b322f6,2018-02-04T03:30:18Z,john.david.dalton@gmail.com,False,unsigned
3,2024-08-16,Github-Hosted,macOS,ARM64,H6060-Javascript-Lodash,Npm,https://github.com/lodash/lodash,lodash,lodash,3.9.2-npm-packages,90740be2c61952df2fdd6a39d4e46ea95595b1b0,2019-07-10T05:01:21Z,john.david.dalton@gmail.com,False,unsigned
3,2024-08-16,Github-Hosted,macOS,ARM64,H6060-Javascript-Lodash,Npm,https://github.com/lodash/lodash,lodash,lodash,3.9.3,6a07c79011bb161ada455cca36e102b2f7991aee,2015-05-26T01:30:09Z,john.david.dalton@gmail.com,False,unsigned
3,2024-08-16,Github-Hosted,macOS,ARM64,H6060-Javascript-Lodash,Npm,https://github.com/lodash/lodash,lodash,lodash,3.9.3-amd,389554f0586848fb985ade97820d6fc9fdbac064,2018-02-04T03:19:31Z,john.david.dalton@gmail.com,False,unsigned
3,2024-08-16,Github-Hosted,macOS,ARM64,H6060-Javascript-Lodash,Npm,https://github.com/lodash/lodash,lodash,lodash,3.9.3-es,fcda46eb2c925139d94a560c78fe7c99e101ef80,2018-02-04T03:24:52Z,john.david.dalton@gmail.com,False,unsigned
3,2024-08-16,Github-Hosted,macOS,ARM64,H6060-Javascript-Lodash,Npm,https://github.com/lodash/lodash,lodash,lodash,3.9.3-npm,46e5d1fec5703a872e0adb46984c8040acd195dd,2018-02-04T03:30:23Z,john.david.dalton@gmail.com,False,unsigned
3,2024-08-16,Github-Hosted,macOS,ARM64,H6060-Javascript-Lodash,Npm,https://github.com/lodash/lodash,lodash,lodash,4.0.0,aef7e3e5e56df240944e2a66a4581b5ce75075a0,2016-01-13T08:12:14Z,john.david.dalton@gmail.com,False,unsigned
3,2024-08-16,Github-Hosted,macOS,ARM64,H6060-Javascript-Lodash,Npm,https://github.com/lodash/lodash,lodash,lodash,4.0.0-amd,80ec4a178982602e52eee2aee02d2c10f2e3c244,2018-02-04T03:19:45Z,john.david.dalton@gmail.com,False,unsigned
3,2024-08-16,Github-Hosted,macOS,ARM64,H6060-Javascript-Lodash,Npm,https://github.com/lodash/lodash,lodash,lodash,4.0.0-es,b49a050488d6c564f535883b282c78a595746b52,2018-02-04T03:25:06Z,john.david.dalton@gmail.com,False,unsigned
3,2024-08-16,Github-Hosted,macOS,ARM64,H6060-Javascript-Lodash,Npm,https://github.com/lodash/lodash,lodash,lodash,4.0.0-npm,f9624ec273bb97b79b343e7d301560f6cca9c0f1,2018-02-04T03:30:36Z,john.david.dalton@gmail.com,False,unsigned
3,2024-08-16,Github-Hosted,macOS,ARM64,H6060-Javascript-Lodash,Npm,https://github.com/lodash/lodash,lodash,lodash,4.0.0-npm-packages,7df2e9de44ed88da430912b58b74dbff5fc7d0cc,2019-07-10T05:01:52Z,john.david.dalton@gmail.com,False,unsigned
3,2024-08-16,Github-Hosted,macOS,ARM64,H6060-Javascript-Lodash,Npm,https://github.com/lodash/lodash,lodash,lodash,4.0.1,ec46303d78460a2f4a6b7d0347a4c330450cc8f3,2016-01-25T08:34:11Z,john.david.dalton@gmail.com,False,unsigned
3,2024-08-16,Github-Hosted,macOS,ARM64,H6060-Javascript-Lodash,Npm,https://github.com/lodash/lodash,lodash,lodash,4.0.1-amd,0ceae27339017555a390a49ae68f9ed5cd8d705b,2018-02-04T03:19:50Z,john.david.dalton@gmail.com,False,unsigned
3,2024-08-16,Github-Hosted,macOS,ARM64,H6060-Javascript-Lodash,Npm,https://github.com/lodash/lodash,lodash,lodash,4.0.1-es,a0bd50a6c9c39462094cd0721dd6f26101d0d741,2018-02-04T03:25:11Z,john.david.dalton@gmail.com,False,unsigned
3,2024-08-16,Github-Hosted,macOS,ARM64,H6060-Javascript-Lodash,Npm,https://github.com/lodash/lodash,lodash,lodash,4.0.1-npm,75dfa10fe588dd297e8fb7af238189f4bdb00cb7,2018-02-04T03:30:41Z,john.david.dalton@gmail.com,False,unsigned
3,2024-08-16,Github-Hosted,macOS,ARM64,H6060-Javascript-Lodash,Npm,https://github.com/lodash/lodash,lodash,lodash,4.0.1-npm-packages,5bade55d048eb0b9f4a826a987351b60cb44d95a,2019-07-10T05:01:57Z,john.david.dalton@gmail.com,False,unsigned
3,2024-08-16,Github-Hosted,macOS,ARM64,H6060-Javascript-Lodash,Npm,https://github.com/lodash/lodash,lodash,lodash,4.0.2-npm-packages,59f84ebd66c803d8b829e1291eb449cd3f260c82,2019-07-10T05:02:01Z,john.david.dalton@gmail.com,False,unsigned
3,2024-08-16,Github-Hosted,macOS,ARM64,H6060-Javascript-Lodash,Npm,https://github.com/lodash/lodash,lodash,lodash,4.0.3-npm-packages,7fad6c16279281a75e2f2553f5403d6c0a0bb399,2019-07-10T05:02:06Z,john.david.dalton@gmail.com,False,unsigned
3,2024-08-16,Github-Hosted,macOS,ARM64,H6060-Javascript-Lodash,Npm,https://github.com/lodash/lodash,lodash,lodash,4.0.4-npm-packages,3203058012222ef6966539e2f85846a2c0aef949,2019-07-10T05:02:10Z,john.david.dalton@gmail.com,False,unsigned
3,2024-08-16,Github-Hosted,macOS,ARM64,H6060-Javascript-Lodash,Npm,https://github.com/lodash/lodash,lodash,lodash,4.0.5-npm-packages,e134039ae6a1266953d202a16091d93b990b41df,2019-07-10T05:02:15Z,john.david.dalton@gmail.com,False,unsigned
3,2024-08-16,Github-Hosted,macOS,ARM64,H6060-Javascript-Lodash,Npm,https://github.com/lodash/lodash,lodash,lodash,4.0.6-npm-packages,84fca93d78f0af5bfe1be470618e530243f29b7b,2019-07-10T05:02:19Z,john.david.dalton@gmail.com,False,unsigned
3,2024-08-16,Github-Hosted,macOS,ARM64,H6060-Javascript-Lodash,Npm,https://github.com/lodash/lodash,lodash,lodash,4.0.7-npm-packages,04e7b66d4253afbff591f36f646a802110286f50,2019-07-10T05:02:24Z,john.david.dalton@gmail.com,False,unsigned
3,2024-08-16,Github-Hosted,macOS,ARM64,H6060-Javascript-Lodash,Npm,https://github.com/lodash/lodash,lodash,lodash,4.0.8-npm-packages,6a979ae537b3f18def1b1ab883df955b5c163e8a,2019-07-10T05:02:29Z,john.david.dalton@gmail.com,False,unsigned
3,2024-08-16,Github-Hosted,macOS,ARM64,H6060-Javascript-Lodash,Npm,https://github.com/lodash/lodash,lodash,lodash,4.0.9-npm-packages,593514fd2a9756cc53870df580bc5f2b81af365f,2019-07-10T05:02:33Z,john.david.dalton@gmail.com,False,unsigned
3,2024-08-16,Github-Hosted,macOS,ARM64,H6060-Javascript-Lodash,Npm,https://github.com/lodash/lodash,lodash,lodash,4.1.0,e3847d636e6cc68eacfcd12d5b3e4b4eebfd43cb,2016-01-29T22:32:07Z,john.david.dalton@gmail.com,False,unsigned
3,2024-08-16,Github-Hosted,macOS,ARM64,H6060-Javascript-Lodash,Npm,https://github.com/lodash/lodash,lodash,lodash,4.1.0-amd,2f0786ae6779c2a5bd13cda86badc2087f9eb725,2018-02-04T03:19:56Z,john.david.dalton@gmail.com,False,unsigned
3,2024-08-16,Github-Hosted,macOS,ARM64,H6060-Javascript-Lodash,Npm,https://github.com/lodash/lodash,lodash,lodash,4.1.0-es,7a46ac9b4eeb7d9a91343e62ab5e0b7e99644e5f,2018-02-04T03:25:16Z,john.david.dalton@gmail.com,False,unsigned
3,2024-08-16,Github-Hosted,macOS,ARM64,H6060-Javascript-Lodash,Npm,https://github.com/lodash/lodash,lodash,lodash,4.1.0-npm,f31d6671cad3189f52cca4ff8815642e5f74f30f,2018-02-04T03:30:45Z,john.david.dalton@gmail.com,False,unsigned
3,2024-08-16,Github-Hosted,macOS,ARM64,H6060-Javascript-Lodash,Npm,https://github.com/lodash/lodash,lodash,lodash,4.1.0-npm-packages,275e35ca39c25bca6a2f643692fd6ff6a1d38aa2,2019-07-10T05:02:38Z,john.david.dalton@gmail.com,False,unsigned
3,2024-08-16,Github-Hosted,macOS,ARM64,H6060-Javascript-Lodash,Npm,https://github.com/lodash/lodash,lodash,lodash,4.1.1-npm-packages,c19f050358b694bb60bf8ca1a18408732a0dc5be,2019-07-10T05:02:43Z,john.david.dalton@gmail.com,False,unsigned
3,2024-08-16,Github-Hosted,macOS,ARM64,H6060-Javascript-Lodash,Npm,https://github.com/lodash/lodash,lodash,lodash,4.1.2-npm-packages,6e5378b835a9cfb28c327ca9c731c3fd11174321,2019-07-10T05:02:48Z,john.david.dalton@gmail.com,False,unsigned
3,2024-08-16,Github-Hosted,macOS,ARM64,H6060-Javascript-Lodash,Npm,https://github.com/lodash/lodash,lodash,lodash,4.1.3-npm-packages,68417cdfcae06d4633e6faf79d43abaeee64205d,2019-07-10T05:02:53Z,john.david.dalton@gmail.com,False,unsigned
3,2024-08-16,Github-Hosted,macOS,ARM64,H6060-Javascript-Lodash,Npm,https://github.com/lodash/lodash,lodash,lodash,4.1.4-npm-packages,28d613c2e88e5efc93302f4b3c1a91bce84c029f,2019-07-10T05:03:00Z,john.david.dalton@gmail.com,False,unsigned
3,2024-08-16,Github-Hosted,macOS,ARM64,H6060-Javascript-Lodash,Npm,https://github.com/lodash/lodash,lodash,lodash,4.1.5-npm-packages,77d3991684ab5d5da20780c99bd5350657281192,2019-07-10T05:03:04Z,john.david.dalton@gmail.com,False,unsigned
3,2024-08-16,Github-Hosted,macOS,ARM64,H6060-Javascript-Lodash,Npm,https://github.com/lodash/lodash,lodash,lodash,4.10.0,2f37e8ca4be0ff07a63b2dc95d8f059eba914700,2016-04-11T14:38:02Z,john.david.dalton@gmail.com,False,unsigned
3,2024-08-16,Github-Hosted,macOS,ARM64,H6060-Javascript-Lodash,Npm,https://github.com/lodash/lodash,lodash,lodash,4.10.0-amd,8024ccb0166b4daa1d3a509816cab3898561da61,2018-02-04T03:20:59Z,john.david.dalton@gmail.com,False,unsigned
3,2024-08-16,Github-Hosted,macOS,ARM64,H6060-Javascript-Lodash,Npm,https://github.com/lodash/lodash,lodash,lodash,4.10.0-es,abd595dbf0099df1a417256f0f2db245a7e13d56,2018-02-04T03:26:26Z,john.david.dalton@gmail.com,False,unsigned
3,2024-08-16,Github-Hosted,macOS,ARM64,H6060-Javascript-Lodash,Npm,https://github.com/lodash/lodash,lodash,lodash,4.10.0-npm,1ae2e79e4558a716ee00ef1dd9598259597a6ed3,2018-02-04T03:31:56Z,john.david.dalton@gmail.com,False,unsigned
3,2024-08-16,Github-Hosted,macOS,ARM64,H6060-Javascript-Lodash,Npm,https://github.com/lodash/lodash,lodash,lodash,4.10.0-npm-packages,67d4456178b2b50c97b89ae47bdeed20b7dc6d26,2019-07-10T05:05:43Z,john.david.dalton@gmail.com,False,unsigned
3,2024-08-16,Github-Hosted,macOS,ARM64,H6060-Javascript-Lodash,Npm,https://github.com/lodash/lodash,lodash,lodash,4.10.1-npm-packages,4c46a445864998e661a0e74587638d1a3681f12b,2019-07-10T05:05:49Z,john.david.dalton@gmail.com,False,unsigned
3,2024-08-16,Github-Hosted,macOS,ARM64,H6060-Javascript-Lodash,Npm,https://github.com/lodash/lodash,lodash,lodash,4.10.2-npm-packages,1467799c733e7360e9a156b12631bd29a9101ed0,2019-07-10T05:05:53Z,john.david.dalton@gmail.com,False,unsigned
3,2024-08-16,Github-Hosted,macOS,ARM64,H6060-Javascript-Lodash,Npm,https://github.com/lodash/lodash,lodash,lodash,4.11.0,d7cc7a4561bf6f7a7951421a471e835ed88d1fe1,2016-04-13T16:57:23Z,john.david.dalton@gmail.com,False,unsigned
3,2024-08-16,Github-Hosted,macOS,ARM64,H6060-Javascript-Lodash,Npm,https://github.com/lodash/lodash,lodash,lodash,4.11.0-amd,c935ad5bba6ee65d1d4d1bfc0d249961732c41d0,2018-02-04T03:21:04Z,john.david.dalton@gmail.com,False,unsigned
3,2024-08-16,Github-Hosted,macOS,ARM64,H6060-Javascript-Lodash,Npm,https://github.com/lodash/lodash,lodash,lodash,4.11.0-es,98701330b6487b2c35ad5bcb036f0524d489b5c5,2018-02-04T03:26:32Z,john.david.dalton@gmail.com,False,unsigned
3,2024-08-16,Github-Hosted,macOS,ARM64,H6060-Javascript-Lodash,Npm,https://github.com/lodash/lodash,lodash,lodash,4.11.0-npm,a3c414ac358df9116976bcefa9c8ded0396e5ff7,2018-02-04T03:32:01Z,john.david.dalton@gmail.com,False,unsigned
3,2024-08-16,Github-Hosted,macOS,ARM64,H6060-Javascript-Lodash,Npm,https://github.com/lodash/lodash,lodash,lodash,4.11.0-npm-packages,1273bf4db3a5266d22b84d8f8e9a1633ebc77b87,2019-07-10T05:05:57Z,john.david.dalton@gmail.com,False,unsigned
3,2024-08-16,Github-Hosted,macOS,ARM64,H6060-Javascript-Lodash,Npm,https://github.com/lodash/lodash,lodash,lodash,4.11.1,7504013e824035ef605eff1dec332022e5fcca9d,2016-04-14T07:43:53Z,john.david.dalton@gmail.com,False,unsigned
3,2024-08-16,Github-Hosted,macOS,ARM64,H6060-Javascript-Lodash,Npm,https://github.com/lodash/lodash,lodash,lodash,4.11.1-amd,0e21d4cf74eb89307801ab333c24af976c06a1f6,2018-02-04T03:21:09Z,john.david.dalton@gmail.com,False,unsigned
3,2024-08-16,Github-Hosted,macOS,ARM64,H6060-Javascript-Lodash,Npm,https://github.com/lodash/lodash,lodash,lodash,4.11.1-es,4523cd0fee85e55f8385f5520370f2d48b48ddba,2018-02-04T03:26:36Z,john.david.dalton@gmail.com,False,unsigned
3,2024-08-16,Github-Hosted,macOS,ARM64,H6060-Javascript-Lodash,Npm,https://github.com/lodash/lodash,lodash,lodash,4.11.1-npm,e6ef6817d56804b95aa59bd3061ec1ef32fcb91e,2018-02-04T03:32:05Z,john.david.dalton@gmail.com,False,unsigned
3,2024-08-16,Github-Hosted,macOS,ARM64,H6060-Javascript-Lodash,Npm,https://github.com/lodash/lodash,lodash,lodash,4.11.1-npm-packages,bbba424ef1b5f669a0be795a33a4b749e7a2b236,2019-07-10T05:06:06Z,john.david.dalton@gmail.com,False,unsigned
3,2024-08-16,Github-Hosted,macOS,ARM64,H6060-Javascript-Lodash,Npm,https://github.com/lodash/lodash,lodash,lodash,4.11.2,74caed12ca9ade7a781f0107707a37f311239d5e,2016-05-08T03:00:16Z,john.david.dalton@gmail.com,False,unsigned
3,2024-08-16,Github-Hosted,macOS,ARM64,H6060-Javascript-Lodash,Npm,https://github.com/lodash/lodash,lodash,lodash,4.11.2-amd,5f9a38f09bc75a40e4ce6c560104940e48284d2e,2018-02-04T03:21:13Z,john.david.dalton@gmail.com,False,unsigned
3,2024-08-16,Github-Hosted,macOS,ARM64,H6060-Javascript-Lodash,Npm,https://github.com/lodash/lodash,lodash,lodash,4.11.2-es,1e90b50bceefb2de1917e0f9e24f029f4ec7b266,2018-02-04T03:26:41Z,john.david.dalton@gmail.com,False,unsigned
3,2024-08-16,Github-Hosted,macOS,ARM64,H6060-Javascript-Lodash,Npm,https://github.com/lodash/lodash,lodash,lodash,4.11.2-npm,bf2ad5f2f9ec3961c826c3408b1e522027158bcc,2018-02-04T03:32:10Z,john.david.dalton@gmail.com,False,unsigned
3,2024-08-16,Github-Hosted,macOS,ARM64,H6060-Javascript-Lodash,Npm,https://github.com/lodash/lodash,lodash,lodash,4.11.2-npm-packages,a4354c2abdf57586662cdf06a55bf81d25197539,2019-07-10T05:06:10Z,john.david.dalton@gmail.com,False,unsigned
3,2024-08-16,Github-Hosted,macOS,ARM64,H6060-Javascript-Lodash,Npm,https://github.com/lodash/lodash,lodash,lodash,4.12.0,2b01132731a534fd4cccdbe8dc989cfb399ccb56,2016-05-08T19:17:19Z,john.david.dalton@gmail.com,False,unsigned
3,2024-08-16,Github-Hosted,macOS,ARM64,H6060-Javascript-Lodash,Npm,https://github.com/lodash/lodash,lodash,lodash,4.12.0-amd,90014d463106d3de21a149038631aaae07e76a96,2018-02-04T03:21:17Z,john.david.dalton@gmail.com,False,unsigned
3,2024-08-16,Github-Hosted,macOS,ARM64,H6060-Javascript-Lodash,Npm,https://github.com/lodash/lodash,lodash,lodash,4.12.0-es,2478f5ca8258539b07d20bf2976a6cf1a337bfd7,2018-02-04T03:26:45Z,john.david.dalton@gmail.com,False,unsigned
3,2024-08-16,Github-Hosted,macOS,ARM64,H6060-Javascript-Lodash,Npm,https://github.com/lodash/lodash,lodash,lodash,4.12.0-npm,55685aa73e7c6c49cf1bef8027bad2af7287ea62,2018-02-04T03:32:15Z,john.david.dalton@gmail.com,False,unsigned
3,2024-08-16,Github-Hosted,macOS,ARM64,H6060-Javascript-Lodash,Npm,https://github.com/lodash/lodash,lodash,lodash,4.12.0-npm-packages,f80ef599c95f947236b48727002d20f71a5881f1,2019-07-10T05:06:15Z,john.david.dalton@gmail.com,False,unsigned
3,2024-08-16,Github-Hosted,macOS,ARM64,H6060-Javascript-Lodash,Npm,https://github.com/lodash/lodash,lodash,lodash,4.12.1-npm-packages,f1a4590a44c2719a863380c70f7c138898526099,2019-07-10T05:06:19Z,john.david.dalton@gmail.com,False,unsigned
3,2024-08-16,Github-Hosted,macOS,ARM64,H6060-Javascript-Lodash,Npm,https://github.com/lodash/lodash,lodash,lodash,4.13.0,eb9461f8b9402e592ffb5ae6c0d28d1166caba2e,2016-05-23T05:15:23Z,john.david.dalton@gmail.com,False,unsigned
3,2024-08-16,Github-Hosted,macOS,ARM64,H6060-Javascript-Lodash,Npm,https://github.com/lodash/lodash,lodash,lodash,4.13.0-amd,396ebd63780a71f103f01cbcc446253617526dd9,2018-02-04T03:21:22Z,john.david.dalton@gmail.com,False,unsigned
3,2024-08-16,Github-Hosted,macOS,ARM64,H6060-Javascript-Lodash,Npm,https://github.com/lodash/lodash,lodash,lodash,4.13.0-es,96081f6f13176fdeace6525e96b47e0277b2f2c9,2018-02-04T03:26:50Z,john.david.dalton@gmail.com,False,unsigned
3,2024-08-16,Github-Hosted,macOS,ARM64,H6060-Javascript-Lodash,Npm,https://github.com/lodash/lodash,lodash,lodash,4.13.0-npm,39df4f6bc343a6f0ae1a3a52f11e702c77065c94,2018-02-04T03:32:19Z,john.david.dalton@gmail.com,False,unsigned
3,2024-08-16,Github-Hosted,macOS,ARM64,H6060-Javascript-Lodash,Npm,https://github.com/lodash/lodash,lodash,lodash,4.13.0-npm-packages,bbee3ce12bcd81e9ba61e050f0013db51fef0ad6,2019-07-10T05:06:24Z,john.david.dalton@gmail.com,False,unsigned
3,2024-08-16,Github-Hosted,macOS,ARM64,H6060-Javascript-Lodash,Npm,https://github.com/lodash/lodash,lodash,lodash,4.13.1,c53b88c37ffbd0f2c3a0a098db6b2556bdcdf52f,2016-05-23T16:49:01Z,john.david.dalton@gmail.com,False,unsigned
3,2024-08-16,Github-Hosted,macOS,ARM64,H6060-Javascript-Lodash,Npm,https://github.com/lodash/lodash,lodash,lodash,4.13.1-amd,a943e33db2c43bae56c10a91cec2b7b4b4173fa6,2018-02-04T03:21:26Z,john.david.dalton@gmail.com,False,unsigned
3,2024-08-16,Github-Hosted,macOS,ARM64,H6060-Javascript-Lodash,Npm,https://github.com/lodash/lodash,lodash,lodash,4.13.1-es,191762899e41b66170ff5eda74138a804aaaa14b,2018-02-04T03:26:55Z,john.david.dalton@gmail.com,False,unsigned
3,2024-08-16,Github-Hosted,macOS,ARM64,H6060-Javascript-Lodash,Npm,https://github.com/lodash/lodash,lodash,lodash,4.13.1-npm,03bf5201d372e5ba6c39b58efdb15520da523ca2,2018-02-04T03:32:24Z,john.david.dalton@gmail.com,False,unsigned
3,2024-08-16,Github-Hosted,macOS,ARM64,H6060-Javascript-Lodash,Npm,https://github.com/lodash/lodash,lodash,lodash,4.14.0,e276a3c1f3307e997107aaebca8261c60a43e024,2016-07-29T07:00:24Z,john.david.dalton@gmail.com,False,unsigned
3,2024-08-16,Github-Hosted,macOS,ARM64,H6060-Javascript-Lodash,Npm,https://github.com/lodash/lodash,lodash,lodash,4.14.0-amd,e4c8c8fb2fdc153ed4142b457c8968c12d752a11,2018-02-04T03:21:30Z,john.david.dalton@gmail.com,False,unsigned
3,2024-08-16,Github-Hosted,macOS,ARM64,H6060-Javascript-Lodash,Npm,https://github.com/lodash/lodash,lodash,lodash,4.14.0-es,f8e263d22d7f56e9056f102306d39d517da98832,2018-02-04T03:26:59Z,john.david.dalton@gmail.com,False,unsigned
3,2024-08-16,Github-Hosted,macOS,ARM64,H6060-Javascript-Lodash,Npm,https://github.com/lodash/lodash,lodash,lodash,4.14.0-npm,60ae9a0b1899e15cb07a670709f50bd34d46d5cb,2018-02-04T03:32:29Z,john.david.dalton@gmail.com,False,unsigned
3,2024-08-16,Github-Hosted,macOS,ARM64,H6060-Javascript-Lodash,Npm,https://github.com/lodash/lodash,lodash,lodash,4.14.0-npm-packages,0f104ed7e6333172ad649c13d62c46ab1dcc9109,2019-07-10T05:06:29Z,john.david.dalton@gmail.com,False,unsigned
3,2024-08-16,Github-Hosted,macOS,ARM64,H6060-Javascript-Lodash,Npm,https://github.com/lodash/lodash,lodash,lodash,4.14.1,a16df1f45f5378ef5a4b3b01b3db7f13aa2a0b52,2016-07-29T07:40:48Z,john.david.dalton@gmail.com,False,unsigned
3,2024-08-16,Github-Hosted,macOS,ARM64,H6060-Javascript-Lodash,Npm,https://github.com/lodash/lodash,lodash,lodash,4.14.1-amd,49b574582f07478741d21ada932e6d76e9639c27,2018-02-04T03:21:35Z,john.david.dalton@gmail.com,False,unsigned
3,2024-08-16,Github-Hosted,macOS,ARM64,H6060-Javascript-Lodash,Npm,https://github.com/lodash/lodash,lodash,lodash,4.14.1-es,9830a18ab27199a7c45cc7d75c1b444e1dd07b24,2018-02-04T03:27:04Z,john.david.dalton@gmail.com,False,unsigned
3,2024-08-16,Github-Hosted,macOS,ARM64,H6060-Javascript-Lodash,Npm,https://github.com/lodash/lodash,lodash,lodash,4.14.1-npm,2a71364533a40b5cd4ecb33cc74ae3856e48419a,2018-02-04T03:32:34Z,john.david.dalton@gmail.com,False,unsigned
3,2024-08-16,Github-Hosted,macOS,ARM64,H6060-Javascript-Lodash,Npm,https://github.com/lodash/lodash,lodash,lodash,4.14.2,c9467f231aecf08f4e86e8bd3f9d46d92b71bafb,2016-08-08T15:15:39Z,john.david.dalton@gmail.com,False,unsigned
3,2024-08-16,Github-Hosted,macOS,ARM64,H6060-Javascript-Lodash,Npm,https://github.com/lodash/lodash,lodash,lodash,4.14.2-amd,f7c477aa9234e6369246479f2086e3e25570cc30,2018-02-04T03:21:40Z,john.david.dalton@gmail.com,False,unsigned
3,2024-08-16,Github-Hosted,macOS,ARM64,H6060-Javascript-Lodash,Npm,https://github.com/lodash/lodash,lodash,lodash,4.14.2-es,82d478caf7b54a7e88a91914c7c941ca58f2fe06,2018-02-04T03:27:09Z,john.david.dalton@gmail.com,False,unsigned
3,2024-08-16,Github-Hosted,macOS,ARM64,H6060-Javascript-Lodash,Npm,https://github.com/lodash/lodash,lodash,lodash,4.14.2-npm,df7193a38b667514271586c41e9ef2b72f0df7b5,2018-02-04T03:32:38Z,john.david.dalton@gmail.com,False,unsigned
3,2024-08-16,Github-Hosted,macOS,ARM64,H6060-Javascript-Lodash,Npm,https://github.com/lodash/lodash,lodash,lodash,4.15.0,e538563f2cf208980f24cda75ba21fabf939a604,2016-08-12T14:21:18Z,john.david.dalton@gmail.com,False,unsigned
3,2024-08-16,Github-Hosted,macOS,ARM64,H6060-Javascript-Lodash,Npm,https://github.com/lodash/lodash,lodash,lodash,4.15.0-amd,a6cb0787afa862b96391f5ae94be11e68f393b26,2018-02-04T03:21:44Z,john.david.dalton@gmail.com,False,unsigned
3,2024-08-16,Github-Hosted,macOS,ARM64,H6060-Javascript-Lodash,Npm,https://github.com/lodash/lodash,lodash,lodash,4.15.0-es,2578dfe77f4e7530b06ac4efdf8abf446a93a1ee,2018-02-04T03:27:14Z,john.david.dalton@gmail.com,False,unsigned
3,2024-08-16,Github-Hosted,macOS,ARM64,H6060-Javascript-Lodash,Npm,https://github.com/lodash/lodash,lodash,lodash,4.15.0-npm,a66a308abf0831538834f10021b39dcb5281c77f,2018-02-04T03:32:43Z,john.david.dalton@gmail.com,False,unsigned
3,2024-08-16,Github-Hosted,macOS,ARM64,H6060-Javascript-Lodash,Npm,https://github.com/lodash/lodash,lodash,lodash,4.15.0-npm-packages,6804b8e67676a1e66664b6b5aef008c186587286,2019-07-10T05:06:33Z,john.david.dalton@gmail.com,False,unsigned
3,2024-08-16,Github-Hosted,macOS,ARM64,H6060-Javascript-Lodash,Npm,https://github.com/lodash/lodash,lodash,lodash,4.16.0,900567d55c173e3ad5fbde2ae984a423a9d3213d,2016-09-19T15:42:02Z,john.david.dalton@gmail.com,False,unsigned
3,2024-08-16,Github-Hosted,macOS,ARM64,H6060-Javascript-Lodash,Npm,https://github.com/lodash/lodash,lodash,lodash,4.16.0-amd,b153892410a518be16ed98c52650eba9e01c0027,2018-02-04T03:21:49Z,john.david.dalton@gmail.com,False,unsigned
3,2024-08-16,Github-Hosted,macOS,ARM64,H6060-Javascript-Lodash,Npm,https://github.com/lodash/lodash,lodash,lodash,4.16.0-es,c2cfce84566fcc5af837d03b56630ee4deb11bdf,2018-02-04T03:27:18Z,john.david.dalton@gmail.com,False,unsigned
3,2024-08-16,Github-Hosted,macOS,ARM64,H6060-Javascript-Lodash,Npm,https://github.com/lodash/lodash,lodash,lodash,4.16.0-npm,adeda4e845f9b4c61e80e7cd4eca28e9e8dfc977,2018-02-04T03:32:47Z,john.david.dalton@gmail.com,False,unsigned
3,2024-08-16,Github-Hosted,macOS,ARM64,H6060-Javascript-Lodash,Npm,https://github.com/lodash/lodash,lodash,lodash,4.16.1,670e6768d1846ed49d7aa82e8c3517f3ffb98154,2016-09-20T16:41:01Z,john.david.dalton@gmail.com,False,unsigned
3,2024-08-16,Github-Hosted,macOS,ARM64,H6060-Javascript-Lodash,Npm,https://github.com/lodash/lodash,lodash,lodash,4.16.1-amd,389bebfdace9df411512101db3d45e94f246e492,2018-02-04T03:21:53Z,john.david.dalton@gmail.com,False,unsigned
3,2024-08-16,Github-Hosted,macOS,ARM64,H6060-Javascript-Lodash,Npm,https://github.com/lodash/lodash,lodash,lodash,4.16.1-es,ec8ab48cb9e258cf9c796d6821ce56635ac6fe49,2018-02-04T03:27:23Z,john.david.dalton@gmail.com,False,unsigned
3,2024-08-16,Github-Hosted,macOS,ARM64,H6060-Javascript-Lodash,Npm,https://github.com/lodash/lodash,lodash,lodash,4.16.1-npm,89eafbada998e07fd26147e6e9d7c983150c6098,2018-02-04T03:32:52Z,john.david.dalton@gmail.com,False,unsigned
3,2024-08-16,Github-Hosted,macOS,ARM64,H6060-Javascript-Lodash,Npm,https://github.com/lodash/lodash,lodash,lodash,4.16.2,afd10488c6878e9f12e365ff0952ae97d407fd4f,2016-09-25T20:48:50Z,john.david.dalton@gmail.com,False,unsigned
3,2024-08-16,Github-Hosted,macOS,ARM64,H6060-Javascript-Lodash,Npm,https://github.com/lodash/lodash,lodash,lodash,4.16.2-amd,674f49bd8d7cfeca88b4174acb882275c2509772,2018-02-04T03:21:58Z,john.david.dalton@gmail.com,False,unsigned
3,2024-08-16,Github-Hosted,macOS,ARM64,H6060-Javascript-Lodash,Npm,https://github.com/lodash/lodash,lodash,lodash,4.16.2-es,ed630ac35ef36a5190fdc871ae74b745a5b63f44,2018-02-04T03:27:28Z,john.david.dalton@gmail.com,False,unsigned
3,2024-08-16,Github-Hosted,macOS,ARM64,H6060-Javascript-Lodash,Npm,https://github.com/lodash/lodash,lodash,lodash,4.16.2-npm,66171771026be0f2428b0729444277a3a7f83562,2018-02-04T03:32:57Z,john.david.dalton@gmail.com,False,unsigned
3,2024-08-16,Github-Hosted,macOS,ARM64,H6060-Javascript-Lodash,Npm,https://github.com/lodash/lodash,lodash,lodash,4.16.3,dbe131087e5dd6da87eeb7bcb7d3fcacda3ff78e,2016-10-03T04:32:10Z,john.david.dalton@gmail.com,False,unsigned
3,2024-08-16,Github-Hosted,macOS,ARM64,H6060-Javascript-Lodash,Npm,https://github.com/lodash/lodash,lodash,lodash,4.16.3-amd,a9dd30fccf27d27e5fdc8899968ea0573c9c5e16,2018-02-04T03:22:03Z,john.david.dalton@gmail.com,False,unsigned
3,2024-08-16,Github-Hosted,macOS,ARM64,H6060-Javascript-Lodash,Npm,https://github.com/lodash/lodash,lodash,lodash,4.16.3-es,fbdac5fddd6fe215492fde5649f9c1c6272fd1d4,2018-02-04T03:27:33Z,john.david.dalton@gmail.com,False,unsigned
3,2024-08-16,Github-Hosted,macOS,ARM64,H6060-Javascript-Lodash,Npm,https://github.com/lodash/lodash,lodash,lodash,4.16.3-npm,ec52fa1fbfa3a38661f2d5d06de8dc90ada3d50d,2018-02-04T03:33:01Z,john.david.dalton@gmail.com,False,unsigned
3,2024-08-16,Github-Hosted,macOS,ARM64,H6060-Javascript-Lodash,Npm,https://github.com/lodash/lodash,lodash,lodash,4.16.4,7e6003603106f581efb0b14f61e2da2a27764ae0,2016-10-06T06:20:33Z,john.david.dalton@gmail.com,False,unsigned
3,2024-08-16,Github-Hosted,macOS,ARM64,H6060-Javascript-Lodash,Npm,https://github.com/lodash/lodash,lodash,lodash,4.16.4-amd,d88b25ecb5a93f9f6f66792cb6dd0eef35eff545,2018-02-04T03:22:07Z,john.david.dalton@gmail.com,False,unsigned
3,2024-08-16,Github-Hosted,macOS,ARM64,H6060-Javascript-Lodash,Npm,https://github.com/lodash/lodash,lodash,lodash,4.16.4-es,80ba5ecd1a12597f04f39f7c112b544a4cdcc4ce,2018-02-04T03:27:41Z,john.david.dalton@gmail.com,False,unsigned
3,2024-08-16,Github-Hosted,macOS,ARM64,H6060-Javascript-Lodash,Npm,https://github.com/lodash/lodash,lodash,lodash,4.16.4-npm,706dc08a058450c8123e725ee50a3c3cfa6f2515,2018-02-04T03:33:06Z,john.david.dalton@gmail.com,False,unsigned
3,2024-08-16,Github-Hosted,macOS,ARM64,H6060-Javascript-Lodash,Npm,https://github.com/lodash/lodash,lodash,lodash,4.16.5,5174080bcf42b0a89012bad7dbc7b36e7d645a47,2016-10-31T05:56:13Z,john.david.dalton@gmail.com,False,unsigned
3,2024-08-16,Github-Hosted,macOS,ARM64,H6060-Javascript-Lodash,Npm,https://github.com/lodash/lodash,lodash,lodash,4.16.5-amd,0fb4afe302544fa16a92eeee772c982d7acc37b0,2018-02-04T03:22:12Z,john.david.dalton@gmail.com,False,unsigned
3,2024-08-16,Github-Hosted,macOS,ARM64,H6060-Javascript-Lodash,Npm,https://github.com/lodash/lodash,lodash,lodash,4.16.5-es,3ddfcf2ccf70bb46a989bf65a3aec2e5f8f6ed18,2018-02-04T03:27:45Z,john.david.dalton@gmail.com,False,unsigned
3,2024-08-16,Github-Hosted,macOS,ARM64,H6060-Javascript-Lodash,Npm,https://github.com/lodash/lodash,lodash,lodash,4.16.5-npm,15e0b102f23b58defba3cfad38ef9b5a727c668f,2018-02-04T03:33:12Z,john.david.dalton@gmail.com,False,unsigned
3,2024-08-16,Github-Hosted,macOS,ARM64,H6060-Javascript-Lodash,Npm,https://github.com/lodash/lodash,lodash,lodash,4.16.6,42d101b3db1a4293fb3a2bc6ee505ebbfde54ccf,2016-11-01T06:08:39Z,john.david.dalton@gmail.com,False,unsigned
3,2024-08-16,Github-Hosted,macOS,ARM64,H6060-Javascript-Lodash,Npm,https://github.com/lodash/lodash,lodash,lodash,4.16.6-amd,a87a8b8dae9e361b27481a86b829cb36ba081073,2018-02-04T03:22:16Z,john.david.dalton@gmail.com,False,unsigned
3,2024-08-16,Github-Hosted,macOS,ARM64,H6060-Javascript-Lodash,Npm,https://github.com/lodash/lodash,lodash,lodash,4.16.6-es,1f590d1bdb29f810eb6d03a58b2f8c962ec1c17b,2018-02-04T03:27:49Z,john.david.dalton@gmail.com,False,unsigned
3,2024-08-16,Github-Hosted,macOS,ARM64,H6060-Javascript-Lodash,Npm,https://github.com/lodash/lodash,lodash,lodash,4.16.6-npm,401b084e7ef5a1ed39d5538b360c645b9c4ef2c0,2018-02-04T03:33:16Z,john.david.dalton@gmail.com,False,unsigned
3,2024-08-16,Github-Hosted,macOS,ARM64,H6060-Javascript-Lodash,Npm,https://github.com/lodash/lodash,lodash,lodash,4.17.0,a6fa3442ba26b33027d2b55fb39a2cf962f8f68c,2016-11-14T06:49:40Z,john.david.dalton@gmail.com,False,unsigned
3,2024-08-16,Github-Hosted,macOS,ARM64,H6060-Javascript-Lodash,Npm,https://github.com/lodash/lodash,lodash,lodash,4.17.0-amd,e00d1216d04da6b34164e8a2324895d38b68cd64,2018-02-04T03:22:20Z,john.david.dalton@gmail.com,False,unsigned
3,2024-08-16,Github-Hosted,macOS,ARM64,H6060-Javascript-Lodash,Npm,https://github.com/lodash/lodash,lodash,lodash,4.17.0-es,df88fea6607e532da7fdd7eb98fc2734b400534e,2018-02-04T03:27:54Z,john.david.dalton@gmail.com,False,unsigned
3,2024-08-16,Github-Hosted,macOS,ARM64,H6060-Javascript-Lodash,Npm,https://github.com/lodash/lodash,lodash,lodash,4.17.0-npm,2be414d61615a31677891812aa479ff2a8fcc997,2018-02-04T03:33:21Z,john.david.dalton@gmail.com,False,unsigned
3,2024-08-16,Github-Hosted,macOS,ARM64,H6060-Javascript-Lodash,Npm,https://github.com/lodash/lodash,lodash,lodash,4.17.1,f42da923d0385c5bd0504aaeb6759f9d811b9e37,2016-11-15T06:16:48Z,john.david.dalton@gmail.com,False,unsigned
3,2024-08-16,Github-Hosted,macOS,ARM64,H6060-Javascript-Lodash,Npm,https://github.com/lodash/lodash,lodash,lodash,4.17.1-amd,57dd29a021a43c362d1d0b91b56ec4c6d7664f81,2018-02-04T03:22:25Z,john.david.dalton@gmail.com,False,unsigned
3,2024-08-16,Github-Hosted,macOS,ARM64,H6060-Javascript-Lodash,Npm,https://github.com/lodash/lodash,lodash,lodash,4.17.1-es,e3bd47b285f66ca0445d571f0fd4f90cf2135d97,2018-02-04T03:27:58Z,john.david.dalton@gmail.com,False,unsigned
3,2024-08-16,Github-Hosted,macOS,ARM64,H6060-Javascript-Lodash,Npm,https://github.com/lodash/lodash,lodash,lodash,4.17.1-npm,ccd1a99977fea51925eec6d2b37238f2b22df06d,2018-02-04T03:33:25Z,john.david.dalton@gmail.com,False,unsigned
3,2024-08-16,Github-Hosted,macOS,ARM64,H6060-Javascript-Lodash,Npm,https://github.com/lodash/lodash,lodash,lodash,4.17.10,d15386185f248c8c5f02425e077e04c31dbac0c2,2018-04-24T22:27:48Z,john.david.dalton@gmail.com,False,unsigned
3,2024-08-16,Github-Hosted,macOS,ARM64,H6060-Javascript-Lodash,Npm,https://github.com/lodash/lodash,lodash,lodash,4.17.10-amd,bd74cba5357ee7b37d871abf24146f4a64aab033,2018-04-24T22:30:51Z,john.david.dalton@gmail.com,False,unsigned
3,2024-08-16,Github-Hosted,macOS,ARM64,H6060-Javascript-Lodash,Npm,https://github.com/lodash/lodash,lodash,lodash,4.17.10-es,c2d020c4fafebb0c1e442ae606ab032b38f7835d,2018-04-24T22:35:12Z,john.david.dalton@gmail.com,False,unsigned
3,2024-08-16,Github-Hosted,macOS,ARM64,H6060-Javascript-Lodash,Npm,https://github.com/lodash/lodash,lodash,lodash,4.17.10-npm,a0bbc518e937aaa7d95bb7c0941e5592bf6b7a25,2018-04-24T18:06:36Z,john.david.dalton@gmail.com,False,unsigned
3,2024-08-16,Github-Hosted,macOS,ARM64,H6060-Javascript-Lodash,Npm,https://github.com/lodash/lodash,lodash,lodash,4.17.11,2e6871cccab8c7a2216ee1ca1d88433991ec8329,2018-09-12T17:44:18Z,john.david.dalton@gmail.com,False,unsigned
3,2024-08-16,Github-Hosted,macOS,ARM64,H6060-Javascript-Lodash,Npm,https://github.com/lodash/lodash,lodash,lodash,4.17.11-amd,413489805fdb995ba88079651eac79d1b005ccc5,2018-09-12T05:29:55Z,john.david.dalton@gmail.com,False,unsigned
3,2024-08-16,Github-Hosted,macOS,ARM64,H6060-Javascript-Lodash,Npm,https://github.com/lodash/lodash,lodash,lodash,4.17.11-es,8c370e1d21a3ac8b0ce088f37f772f205a1d1626,2018-09-12T05:42:16Z,john.david.dalton@gmail.com,False,unsigned
3,2024-08-16,Github-Hosted,macOS,ARM64,H6060-Javascript-Lodash,Npm,https://github.com/lodash/lodash,lodash,lodash,4.17.11-npm,0f7f88f1c45cb4281c94b26ef226464fe40e6198,2018-09-12T05:13:33Z,john.david.dalton@gmail.com,False,unsigned
3,2024-08-16,Github-Hosted,macOS,ARM64,H6060-Javascript-Lodash,Npm,https://github.com/lodash/lodash,lodash,lodash,4.17.12,4584f9b21bc8617f7f2b3303714d0a9b2bd9d740,2019-07-09T20:42:16Z,john.david.dalton@gmail.com,False,unsigned
3,2024-08-16,Github-Hosted,macOS,ARM64,H6060-Javascript-Lodash,Npm,https://github.com/lodash/lodash,lodash,lodash,4.17.12-amd,dc630578a36e80d1f5ceb20d09d87c83953ab779,2019-07-09T20:48:06Z,john.david.dalton@gmail.com,False,unsigned
3,2024-08-16,Github-Hosted,macOS,ARM64,H6060-Javascript-Lodash,Npm,https://github.com/lodash/lodash,lodash,lodash,4.17.12-es,9c68daa1f69b6a85cd3c55f1a823839b9efeebd5,2019-07-09T20:46:30Z,john.david.dalton@gmail.com,False,unsigned
3,2024-08-16,Github-Hosted,macOS,ARM64,H6060-Javascript-Lodash,Npm,https://github.com/lodash/lodash,lodash,lodash,4.17.12-npm,fde0d7331df5f2f9b37cea3c902f965bda7cb6d4,2019-07-09T21:02:04Z,john.david.dalton@gmail.com,False,unsigned
3,2024-08-16,Github-Hosted,macOS,ARM64,H6060-Javascript-Lodash,Npm,https://github.com/lodash/lodash,lodash,lodash,4.17.13,c9471930c57a1da28e295e09eb2ad63273b4ceef,2019-07-09T22:16:39Z,john.david.dalton@gmail.com,False,unsigned
3,2024-08-16,Github-Hosted,macOS,ARM64,H6060-Javascript-Lodash,Npm,https://github.com/lodash/lodash,lodash,lodash,4.17.13-amd,d22801c443f6e11ca43101514d424bc68da7c053,2019-07-09T22:22:05Z,john.david.dalton@gmail.com,False,unsigned
3,2024-08-16,Github-Hosted,macOS,ARM64,H6060-Javascript-Lodash,Npm,https://github.com/lodash/lodash,lodash,lodash,4.17.13-es,18f1a2b5ff546a41909097f591e585704094fcfe,2019-07-09T22:20:52Z,john.david.dalton@gmail.com,False,unsigned
3,2024-08-16,Github-Hosted,macOS,ARM64,H6060-Javascript-Lodash,Npm,https://github.com/lodash/lodash,lodash,lodash,4.17.13-npm,79821ad7f6271ca6ae509bb6c945820218d4a040,2019-07-09T22:19:25Z,john.david.dalton@gmail.com,False,unsigned
3,2024-08-16,Github-Hosted,macOS,ARM64,H6060-Javascript-Lodash,Npm,https://github.com/lodash/lodash,lodash,lodash,4.17.14,b0fe558dee2e07222cb92ff16d08ac1d392a0964,2019-07-10T13:33:23Z,john.david.dalton@gmail.com,False,unsigned
3,2024-08-16,Github-Hosted,macOS,ARM64,H6060-Javascript-Lodash,Npm,https://github.com/lodash/lodash,lodash,lodash,4.17.14-amd,a6f07f4d2d9624bd5cc88ffcbbe78a0b501daa30,2019-07-10T13:36:37Z,john.david.dalton@gmail.com,False,unsigned
3,2024-08-16,Github-Hosted,macOS,ARM64,H6060-Javascript-Lodash,Npm,https://github.com/lodash/lodash,lodash,lodash,4.17.14-es,37e0aeb6e3c64f34fb350ad2705aae1a6fa56cc0,2019-07-10T13:35:29Z,john.david.dalton@gmail.com,False,unsigned
3,2024-08-16,Github-Hosted,macOS,ARM64,H6060-Javascript-Lodash,Npm,https://github.com/lodash/lodash,lodash,lodash,4.17.14-npm,5053bf9396e4774865dcdadf6ceb8da58beaf51f,2019-07-10T13:44:08Z,john.david.dalton@gmail.com,False,unsigned
3,2024-08-16,Github-Hosted,macOS,ARM64,H6060-Javascript-Lodash,Npm,https://github.com/lodash/lodash,lodash,lodash,4.17.15,ee3991de2ce4d050c7f1a5b402ba308db6983a62,2019-07-17T17:06:43Z,john.david.dalton@gmail.com,False,unsigned
3,2024-08-16,Github-Hosted,macOS,ARM64,H6060-Javascript-Lodash,Npm,https://github.com/lodash/lodash,lodash,lodash,4.17.15-amd,9cb69a2024294f434bf807a0ce9459105f0d0087,2019-07-17T17:13:54Z,john.david.dalton@gmail.com,False,unsigned
3,2024-08-16,Github-Hosted,macOS,ARM64,H6060-Javascript-Lodash,Npm,https://github.com/lodash/lodash,lodash,lodash,4.17.15-es,3ba7782d2f2ddbe80b4d85128b1dab2cdb8041b9,2019-07-17T17:12:57Z,john.david.dalton@gmail.com,False,unsigned
3,2024-08-16,Github-Hosted,macOS,ARM64,H6060-Javascript-Lodash,Npm,https://github.com/lodash/lodash,lodash,lodash,4.17.15-npm,fb76680bd64ae43b775a67660553b65f749a1768,2019-07-17T17:11:23Z,john.david.dalton@gmail.com,False,unsigned
3,2024-08-16,Github-Hosted,macOS,ARM64,H6060-Javascript-Lodash,Npm,https://github.com/lodash/lodash,lodash,lodash,4.17.2,e52c0c409716be2a19daa3dfdf441cd326296f2b,2016-11-20T05:40:38Z,john.david.dalton@gmail.com,False,unsigned
3,2024-08-16,Github-Hosted,macOS,ARM64,H6060-Javascript-Lodash,Npm,https://github.com/lodash/lodash,lodash,lodash,4.17.2-amd,5b1fd3d8611e30e7a4f2c599a827170956cb8e50,2018-02-04T03:22:30Z,john.david.dalton@gmail.com,False,unsigned
3,2024-08-16,Github-Hosted,macOS,ARM64,H6060-Javascript-Lodash,Npm,https://github.com/lodash/lodash,lodash,lodash,4.17.2-es,bbe686d0bc19c90468dcbb56b883e17925108a26,2018-02-04T03:28:03Z,john.david.dalton@gmail.com,False,unsigned
3,2024-08-16,Github-Hosted,macOS,ARM64,H6060-Javascript-Lodash,Npm,https://github.com/lodash/lodash,lodash,lodash,4.17.2-npm,5be81fe3983b701e91471f050d9fdac6e1165edc,2018-02-04T03:33:30Z,john.david.dalton@gmail.com,False,unsigned
3,2024-08-16,Github-Hosted,macOS,ARM64,H6060-Javascript-Lodash,Npm,https://github.com/lodash/lodash,lodash,lodash,4.17.3,3b4e09b68a415b3f8f3fe44fdc87f3218d9d17e6,2016-12-26T16:43:44Z,john.david.dalton@gmail.com,False,unsigned
3,2024-08-16,Github-Hosted,macOS,ARM64,H6060-Javascript-Lodash,Npm,https://github.com/lodash/lodash,lodash,lodash,4.17.3-amd,b5d99a2b44e4f0e686713702d24ec9edd5f84d8b,2018-02-04T03:22:34Z,john.david.dalton@gmail.com,False,unsigned
3,2024-08-16,Github-Hosted,macOS,ARM64,H6060-Javascript-Lodash,Npm,https://github.com/lodash/lodash,lodash,lodash,4.17.3-es,7e4b1c45480ba38f7149276cf540994c6470d52c,2018-02-04T03:28:08Z,john.david.dalton@gmail.com,False,unsigned
3,2024-08-16,Github-Hosted,macOS,ARM64,H6060-Javascript-Lodash,Npm,https://github.com/lodash/lodash,lodash,lodash,4.17.3-npm,894a6fdf1e4522db29e84870f3ebeea8cb04e315,2018-02-04T03:33:34Z,john.david.dalton@gmail.com,False,unsigned
3,2024-08-16,Github-Hosted,macOS,ARM64,H6060-Javascript-Lodash,Npm,https://github.com/lodash/lodash,lodash,lodash,4.17.4,e31a059367a827da961ac3324bbfd35b084efb62,2017-01-06T15:53:04Z,john.david.dalton@gmail.com,False,unsigned
3,2024-08-16,Github-Hosted,macOS,ARM64,H6060-Javascript-Lodash,Npm,https://github.com/lodash/lodash,lodash,lodash,4.17.4-amd,0b05b05cf89f0ca304939b63cb68edc8b0f75304,2018-02-04T03:22:39Z,john.david.dalton@gmail.com,False,unsigned
3,2024-08-16,Github-Hosted,macOS,ARM64,H6060-Javascript-Lodash,Npm,https://github.com/lodash/lodash,lodash,lodash,4.17.4-es,b6bcb2868090f2869c31a78ad4c825e1107a8cf9,2018-02-04T03:28:12Z,john.david.dalton@gmail.com,False,unsigned
3,2024-08-16,Github-Hosted,macOS,ARM64,H6060-Javascript-Lodash,Npm,https://github.com/lodash/lodash,lodash,lodash,4.17.4-npm,6d0f0423b70dc69958f1e2c172180e21eee4625a,2018-02-04T03:33:39Z,john.david.dalton@gmail.com,False,unsigned
3,2024-08-16,Github-Hosted,macOS,ARM64,H6060-Javascript-Lodash,Npm,https://github.com/lodash/lodash,lodash,lodash,4.17.5,924bcf60ba6e5a7ed25c2d392447a66d7359313c,2018-02-04T06:35:45Z,john.david.dalton@gmail.com,False,unsigned
3,2024-08-16,Github-Hosted,macOS,ARM64,H6060-Javascript-Lodash,Npm,https://github.com/lodash/lodash,lodash,lodash,4.17.5-amd,11891725a47d3cb4c00b4657ebb34482115727cb,2018-02-04T03:22:43Z,john.david.dalton@gmail.com,False,unsigned
3,2024-08-16,Github-Hosted,macOS,ARM64,H6060-Javascript-Lodash,Npm,https://github.com/lodash/lodash,lodash,lodash,4.17.5-es,a778e768353d42ec3027d9498ddd8da268c23b29,2018-02-04T03:28:16Z,john.david.dalton@gmail.com,False,unsigned
3,2024-08-16,Github-Hosted,macOS,ARM64,H6060-Javascript-Lodash,Npm,https://github.com/lodash/lodash,lodash,lodash,4.17.5-npm,db8b8c2f63a3dfff1f5d762ae480e0da95487962,2018-02-04T03:33:43Z,john.david.dalton@gmail.com,False,unsigned
3,2024-08-16,Github-Hosted,macOS,ARM64,H6060-Javascript-Lodash,Npm,https://github.com/lodash/lodash,lodash,lodash,4.17.6-es,f048cbbb21bbd867a2275d0e416d0405f7409e2a,2018-03-07T21:24:42Z,john.david.dalton@gmail.com,False,unsigned
3,2024-08-16,Github-Hosted,macOS,ARM64,H6060-Javascript-Lodash,Npm,https://github.com/lodash/lodash,lodash,lodash,4.17.7-es,da7f18090ee17f9862a04eedb48f0373c04d6116,2018-03-07T23:13:28Z,john.david.dalton@gmail.com,False,unsigned
3,2024-08-16,Github-Hosted,macOS,ARM64,H6060-Javascript-Lodash,Npm,https://github.com/lodash/lodash,lodash,lodash,4.17.8-es,f681d972136b3bcaa8fac267990980b182ea387c,2018-03-27T18:19:49Z,john.david.dalton@gmail.com,False,unsigned
3,2024-08-16,Github-Hosted,macOS,ARM64,H6060-Javascript-Lodash,Npm,https://github.com/lodash/lodash,lodash,lodash,4.17.9,4673c17cec40ce16a50083c7a55da9cf25cb7917,2018-04-24T17:30:10Z,john.david.dalton@gmail.com,False,unsigned
3,2024-08-16,Github-Hosted,macOS,ARM64,H6060-Javascript-Lodash,Npm,https://github.com/lodash/lodash,lodash,lodash,4.17.9-amd,ae33def6dc08c4742040a0327dc191b7c2aa154f,2018-04-24T17:35:57Z,john.david.dalton@gmail.com,False,unsigned
3,2024-08-16,Github-Hosted,macOS,ARM64,H6060-Javascript-Lodash,Npm,https://github.com/lodash/lodash,lodash,lodash,4.17.9-es,33adec82d5dba844aeab18308df6632f022a951d,2018-04-24T17:37:47Z,john.david.dalton@gmail.com,False,unsigned
3,2024-08-16,Github-Hosted,macOS,ARM64,H6060-Javascript-Lodash,Npm,https://github.com/lodash/lodash,lodash,lodash,4.17.9-npm,7643a12fbfeecf8e070c99682cc6b22b9ea88eb3,2018-04-24T17:42:01Z,john.david.dalton@gmail.com,False,unsigned
3,2024-08-16,Github-Hosted,macOS,ARM64,H6060-Javascript-Lodash,Npm,https://github.com/lodash/lodash,lodash,lodash,4.2.0,5a6340ee0c39ba9bf11082639a2e300471ef0b49,2016-02-02T08:37:30Z,john.david.dalton@gmail.com,False,unsigned
3,2024-08-16,Github-Hosted,macOS,ARM64,H6060-Javascript-Lodash,Npm,https://github.com/lodash/lodash,lodash,lodash,4.2.0-amd,f067c9239f07e447c17decd0a39365d3a55f1ad7,2018-02-04T03:20:01Z,john.david.dalton@gmail.com,False,unsigned
3,2024-08-16,Github-Hosted,macOS,ARM64,H6060-Javascript-Lodash,Npm,https://github.com/lodash/lodash,lodash,lodash,4.2.0-es,8ddadf271d6d1145f25059e8bd996c5c4468a400,2018-02-04T03:25:20Z,john.david.dalton@gmail.com,False,unsigned
3,2024-08-16,Github-Hosted,macOS,ARM64,H6060-Javascript-Lodash,Npm,https://github.com/lodash/lodash,lodash,lodash,4.2.0-npm,4b9a3131dbcc594f70b3311cfd3254e78b4849fb,2018-02-04T03:30:49Z,john.david.dalton@gmail.com,False,unsigned
3,2024-08-16,Github-Hosted,macOS,ARM64,H6060-Javascript-Lodash,Npm,https://github.com/lodash/lodash,lodash,lodash,4.2.0-npm-packages,0d45d6c83c02874e862b81b9adb7a010ad3858db,2019-07-10T05:03:09Z,john.david.dalton@gmail.com,False,unsigned
3,2024-08-16,Github-Hosted,macOS,ARM64,H6060-Javascript-Lodash,Npm,https://github.com/lodash/lodash,lodash,lodash,4.2.1,a27bb501a3859a16a55781db5da9145c3939fe79,2016-02-03T09:32:24Z,john.david.dalton@gmail.com,False,unsigned
3,2024-08-16,Github-Hosted,macOS,ARM64,H6060-Javascript-Lodash,Npm,https://github.com/lodash/lodash,lodash,lodash,4.2.1-amd,f2c70df464f017b83ddf31a8751adc6041316d8f,2018-02-04T03:20:08Z,john.david.dalton@gmail.com,False,unsigned
3,2024-08-16,Github-Hosted,macOS,ARM64,H6060-Javascript-Lodash,Npm,https://github.com/lodash/lodash,lodash,lodash,4.2.1-es,9fd2481f1f18a5d28360705cf3846a84a858a8ae,2018-02-04T03:25:26Z,john.david.dalton@gmail.com,False,unsigned
3,2024-08-16,Github-Hosted,macOS,ARM64,H6060-Javascript-Lodash,Npm,https://github.com/lodash/lodash,lodash,lodash,4.2.1-npm,9f1597b65c384ea0474047239f5cd32d3944e10b,2018-02-04T03:30:54Z,john.david.dalton@gmail.com,False,unsigned
3,2024-08-16,Github-Hosted,macOS,ARM64,H6060-Javascript-Lodash,Npm,https://github.com/lodash/lodash,lodash,lodash,4.2.1-npm-packages,9b48c3cbf084044e651d25e3d64e6a9623403325,2019-07-10T05:03:13Z,john.david.dalton@gmail.com,False,unsigned
3,2024-08-16,Github-Hosted,macOS,ARM64,H6060-Javascript-Lodash,Npm,https://github.com/lodash/lodash,lodash,lodash,4.2.2-npm-packages,8c5e6222215ec82afd879367691c29ffc36420fc,2019-07-10T05:03:17Z,john.david.dalton@gmail.com,False,unsigned
3,2024-08-16,Github-Hosted,macOS,ARM64,H6060-Javascript-Lodash,Npm,https://github.com/lodash/lodash,lodash,lodash,4.2.3-npm-packages,b1f19e320e3a755273bc4dbc51cc752101781e2d,2019-07-10T05:03:22Z,john.david.dalton@gmail.com,False,unsigned
3,2024-08-16,Github-Hosted,macOS,ARM64,H6060-Javascript-Lodash,Npm,https://github.com/lodash/lodash,lodash,lodash,4.2.4-npm-packages,25c5ca9edb878f14b783830cb52e3ad57251cbfd,2019-07-10T05:03:27Z,john.david.dalton@gmail.com,False,unsigned
3,2024-08-16,Github-Hosted,macOS,ARM64,H6060-Javascript-Lodash,Npm,https://github.com/lodash/lodash,lodash,lodash,4.2.5-npm-packages,2dd6a8fc2b571462d9a811fd07bad71533af55b1,2019-07-10T05:03:31Z,john.david.dalton@gmail.com,False,unsigned
3,2024-08-16,Github-Hosted,macOS,ARM64,H6060-Javascript-Lodash,Npm,https://github.com/lodash/lodash,lodash,lodash,4.3.0,120daaacd3355833262a82e9b40930469f73cacb,2016-02-08T08:32:54Z,john.david.dalton@gmail.com,False,unsigned
3,2024-08-16,Github-Hosted,macOS,ARM64,H6060-Javascript-Lodash,Npm,https://github.com/lodash/lodash,lodash,lodash,4.3.0-amd,190cc6f982e7e433b11622027ddce6d3f0c4e789,2018-02-04T03:20:13Z,john.david.dalton@gmail.com,False,unsigned
3,2024-08-16,Github-Hosted,macOS,ARM64,H6060-Javascript-Lodash,Npm,https://github.com/lodash/lodash,lodash,lodash,4.3.0-es,c13ba0d798635a645c5bc486181812e3ad68bde7,2018-02-04T03:25:31Z,john.david.dalton@gmail.com,False,unsigned
3,2024-08-16,Github-Hosted,macOS,ARM64,H6060-Javascript-Lodash,Npm,https://github.com/lodash/lodash,lodash,lodash,4.3.0-npm,4d77359e518e47bfecaaa5e74454e4f72f8434c8,2018-02-04T03:30:59Z,john.david.dalton@gmail.com,False,unsigned
3,2024-08-16,Github-Hosted,macOS,ARM64,H6060-Javascript-Lodash,Npm,https://github.com/lodash/lodash,lodash,lodash,4.3.0-npm-packages,28637aaac7386326bfd2d7cc4a56ef8a1585da3e,2019-07-10T05:03:35Z,john.david.dalton@gmail.com,False,unsigned
3,2024-08-16,Github-Hosted,macOS,ARM64,H6060-Javascript-Lodash,Npm,https://github.com/lodash/lodash,lodash,lodash,4.3.1-npm-packages,3ddae69e1b01f7947a97e1c3997a9e00fb2b3f43,2019-07-10T05:03:39Z,john.david.dalton@gmail.com,False,unsigned
3,2024-08-16,Github-Hosted,macOS,ARM64,H6060-Javascript-Lodash,Npm,https://github.com/lodash/lodash,lodash,lodash,4.3.2-npm-packages,5d53be40cf0e9e170690fc7f9960879de0dab91b,2019-07-10T05:03:44Z,john.david.dalton@gmail.com,False,unsigned
3,2024-08-16,Github-Hosted,macOS,ARM64,H6060-Javascript-Lodash,Npm,https://github.com/lodash/lodash,lodash,lodash,4.3.3-npm-packages,e90c15f55697ddd0f7478e33bf302db2e64a84e2,2019-07-10T05:03:48Z,john.david.dalton@gmail.com,False,unsigned
3,2024-08-16,Github-Hosted,macOS,ARM64,H6060-Javascript-Lodash,Npm,https://github.com/lodash/lodash,lodash,lodash,4.3.4-npm-packages,ccbcafaad0776e22f176437906c7687bfa232cf2,2019-07-10T05:03:52Z,john.david.dalton@gmail.com,False,unsigned
3,2024-08-16,Github-Hosted,macOS,ARM64,H6060-Javascript-Lodash,Npm,https://github.com/lodash/lodash,lodash,lodash,4.3.5-npm-packages,0b235a212b996321d57f8582510a66dba5248a66,2019-07-10T05:04:03Z,john.david.dalton@gmail.com,False,unsigned
3,2024-08-16,Github-Hosted,macOS,ARM64,H6060-Javascript-Lodash,Npm,https://github.com/lodash/lodash,lodash,lodash,4.4.0,d400f8e98c7455d0028397009a0b8809d10dc339,2016-02-16T07:09:29Z,john.david.dalton@gmail.com,False,unsigned
3,2024-08-16,Github-Hosted,macOS,ARM64,H6060-Javascript-Lodash,Npm,https://github.com/lodash/lodash,lodash,lodash,4.4.0-amd,7cf117138463e84dbd9500713f15f034e2ef7241,2018-02-04T03:20:17Z,john.david.dalton@gmail.com,False,unsigned
3,2024-08-16,Github-Hosted,macOS,ARM64,H6060-Javascript-Lodash,Npm,https://github.com/lodash/lodash,lodash,lodash,4.4.0-es,f4278b72b85eb7cb4df4717d76c00b5db39af5c2,2018-02-04T03:25:35Z,john.david.dalton@gmail.com,False,unsigned
3,2024-08-16,Github-Hosted,macOS,ARM64,H6060-Javascript-Lodash,Npm,https://github.com/lodash/lodash,lodash,lodash,4.4.0-npm,7b730a5f06a4cb52d5199ff90f150fd2ab3cd276,2018-02-04T03:31:03Z,john.david.dalton@gmail.com,False,unsigned
3,2024-08-16,Github-Hosted,macOS,ARM64,H6060-Javascript-Lodash,Npm,https://github.com/lodash/lodash,lodash,lodash,4.4.0-npm-packages,ab519e4172a56a7ea2b1d064870fc7629df511e9,2019-07-10T05:04:07Z,john.david.dalton@gmail.com,False,unsigned
3,2024-08-16,Github-Hosted,macOS,ARM64,H6060-Javascript-Lodash,Npm,https://github.com/lodash/lodash,lodash,lodash,4.4.1-npm-packages,bed88d28c533bdc1decde79da631b519fccd3f40,2019-07-10T05:04:11Z,john.david.dalton@gmail.com,False,unsigned
3,2024-08-16,Github-Hosted,macOS,ARM64,H6060-Javascript-Lodash,Npm,https://github.com/lodash/lodash,lodash,lodash,4.4.2-npm-packages,cce74f40f3c6cdb1eabf6747a229531985f6324d,2019-07-10T05:04:16Z,john.david.dalton@gmail.com,False,unsigned
3,2024-08-16,Github-Hosted,macOS,ARM64,H6060-Javascript-Lodash,Npm,https://github.com/lodash/lodash,lodash,lodash,4.4.3-npm-packages,d54c5c66a5f13c03759aa501a5f84ce4bbfa75cb,2019-07-10T05:04:20Z,john.david.dalton@gmail.com,False,unsigned
3,2024-08-16,Github-Hosted,macOS,ARM64,H6060-Javascript-Lodash,Npm,https://github.com/lodash/lodash,lodash,lodash,4.5.0,8ec32e05fba9a8886893ea1d75c9add9fd428a3d,2016-02-18T09:17:50Z,john.david.dalton@gmail.com,False,unsigned
3,2024-08-16,Github-Hosted,macOS,ARM64,H6060-Javascript-Lodash,Npm,https://github.com/lodash/lodash,lodash,lodash,4.5.0-amd,36888ac5eea17e3f7e8647250e8049033b62105f,2018-02-04T03:20:22Z,john.david.dalton@gmail.com,False,unsigned
3,2024-08-16,Github-Hosted,macOS,ARM64,H6060-Javascript-Lodash,Npm,https://github.com/lodash/lodash,lodash,lodash,4.5.0-es,76629f643f4a85cd3300b3f943024e38bd07eee3,2018-02-04T03:25:40Z,john.david.dalton@gmail.com,False,unsigned
3,2024-08-16,Github-Hosted,macOS,ARM64,H6060-Javascript-Lodash,Npm,https://github.com/lodash/lodash,lodash,lodash,4.5.0-npm,46138fc43705da105053cd67397c4748551d96dd,2018-02-04T03:31:08Z,john.david.dalton@gmail.com,False,unsigned
3,2024-08-16,Github-Hosted,macOS,ARM64,H6060-Javascript-Lodash,Npm,https://github.com/lodash/lodash,lodash,lodash,4.5.0-npm-packages,36af314cac66fd841c90733b277ab2b22ab573e8,2019-07-10T05:04:25Z,john.david.dalton@gmail.com,False,unsigned
3,2024-08-16,Github-Hosted,macOS,ARM64,H6060-Javascript-Lodash,Npm,https://github.com/lodash/lodash,lodash,lodash,4.5.1,1c1028b78ced111a320bbfb8ee8c2cf4b3d5265d,2016-02-22T06:59:06Z,john.david.dalton@gmail.com,False,unsigned
3,2024-08-16,Github-Hosted,macOS,ARM64,H6060-Javascript-Lodash,Npm,https://github.com/lodash/lodash,lodash,lodash,4.5.1-amd,e7a47b6f7ea46420ca6608a0b001b28b02908a26,2018-02-04T03:20:26Z,john.david.dalton@gmail.com,False,unsigned
3,2024-08-16,Github-Hosted,macOS,ARM64,H6060-Javascript-Lodash,Npm,https://github.com/lodash/lodash,lodash,lodash,4.5.1-es,73b56cc576a2a140cafc35635f4958cdf3423107,2018-02-04T03:25:45Z,john.david.dalton@gmail.com,False,unsigned
3,2024-08-16,Github-Hosted,macOS,ARM64,H6060-Javascript-Lodash,Npm,https://github.com/lodash/lodash,lodash,lodash,4.5.1-npm,44f201df86c5e9c4fd53f36dadc664bda5566287,2018-02-04T03:31:16Z,john.david.dalton@gmail.com,False,unsigned
3,2024-08-16,Github-Hosted,macOS,ARM64,H6060-Javascript-Lodash,Npm,https://github.com/lodash/lodash,lodash,lodash,4.5.1-npm-packages,0e11138dbba2619ededc9b59e28213c816388807,2019-07-10T05:04:29Z,john.david.dalton@gmail.com,False,unsigned
3,2024-08-16,Github-Hosted,macOS,ARM64,H6060-Javascript-Lodash,Npm,https://github.com/lodash/lodash,lodash,lodash,4.5.2-npm-packages,1a328676c46ae0bcc961dfcb8ec4004f97e53360,2019-07-10T05:04:33Z,john.david.dalton@gmail.com,False,unsigned
3,2024-08-16,Github-Hosted,macOS,ARM64,H6060-Javascript-Lodash,Npm,https://github.com/lodash/lodash,lodash,lodash,4.5.3-npm-packages,085d8ffbe71d96175cdaeb5e3883f8b87cc97141,2019-07-10T05:04:38Z,john.david.dalton@gmail.com,False,unsigned
3,2024-08-16,Github-Hosted,macOS,ARM64,H6060-Javascript-Lodash,Npm,https://github.com/lodash/lodash,lodash,lodash,4.5.4-npm-packages,efebf746565ca7f24091e004113260a587955e03,2019-07-10T05:04:42Z,john.david.dalton@gmail.com,False,unsigned
3,2024-08-16,Github-Hosted,macOS,ARM64,H6060-Javascript-Lodash,Npm,https://github.com/lodash/lodash,lodash,lodash,4.5.5-npm-packages,1f51e233dbd35ab2803d3007b20f7dca6fc72797,2019-07-10T05:04:46Z,john.david.dalton@gmail.com,False,unsigned
3,2024-08-16,Github-Hosted,macOS,ARM64,H6060-Javascript-Lodash,Npm,https://github.com/lodash/lodash,lodash,lodash,4.5.6-npm-packages,3c784e85d99502b70408b84ac2ea90722c10f69f,2019-07-10T05:04:51Z,john.david.dalton@gmail.com,False,unsigned
3,2024-08-16,Github-Hosted,macOS,ARM64,H6060-Javascript-Lodash,Npm,https://github.com/lodash/lodash,lodash,lodash,4.5.7-npm-packages,93a6d2ca05ce1af7a7b7d069fe7b1b039919ab9e,2019-07-10T05:04:55Z,john.david.dalton@gmail.com,False,unsigned
3,2024-08-16,Github-Hosted,macOS,ARM64,H6060-Javascript-Lodash,Npm,https://github.com/lodash/lodash,lodash,lodash,4.6.0,b1acc30e2375a37200adc2d6325973d828868813,2016-03-01T18:58:21Z,john.david.dalton@gmail.com,False,unsigned
3,2024-08-16,Github-Hosted,macOS,ARM64,H6060-Javascript-Lodash,Npm,https://github.com/lodash/lodash,lodash,lodash,4.6.0-amd,4f62a680241b8c039de0f96b381613ecc5317a20,2018-02-04T03:20:31Z,john.david.dalton@gmail.com,False,unsigned
3,2024-08-16,Github-Hosted,macOS,ARM64,H6060-Javascript-Lodash,Npm,https://github.com/lodash/lodash,lodash,lodash,4.6.0-es,9e1e7129bd342311e1000a0c63e1b5c7d9bfda82,2018-02-04T03:25:49Z,john.david.dalton@gmail.com,False,unsigned
3,2024-08-16,Github-Hosted,macOS,ARM64,H6060-Javascript-Lodash,Npm,https://github.com/lodash/lodash,lodash,lodash,4.6.0-npm,0ff78ce22245ec217f06f4128bc6acdcd5936933,2018-02-04T03:31:21Z,john.david.dalton@gmail.com,False,unsigned
3,2024-08-16,Github-Hosted,macOS,ARM64,H6060-Javascript-Lodash,Npm,https://github.com/lodash/lodash,lodash,lodash,4.6.0-npm-packages,8f5e74ca11191e716b78e5b45c311d999d4be382,2019-07-10T05:05:04Z,john.david.dalton@gmail.com,False,unsigned
3,2024-08-16,Github-Hosted,macOS,ARM64,H6060-Javascript-Lodash,Npm,https://github.com/lodash/lodash,lodash,lodash,4.6.1,f5f152d28d26653e808c6bd58807bc6689660b7e,2016-03-02T06:18:41Z,john.david.dalton@gmail.com,False,unsigned
3,2024-08-16,Github-Hosted,macOS,ARM64,H6060-Javascript-Lodash,Npm,https://github.com/lodash/lodash,lodash,lodash,4.6.1-amd,58b1aa670937c9e18ecea6703ff2a19b766a358f,2018-02-04T03:20:35Z,john.david.dalton@gmail.com,False,unsigned
3,2024-08-16,Github-Hosted,macOS,ARM64,H6060-Javascript-Lodash,Npm,https://github.com/lodash/lodash,lodash,lodash,4.6.1-es,f2d016f550933915d4da9ef9441c7ce004a980e7,2018-02-04T03:25:53Z,john.david.dalton@gmail.com,False,unsigned
3,2024-08-16,Github-Hosted,macOS,ARM64,H6060-Javascript-Lodash,Npm,https://github.com/lodash/lodash,lodash,lodash,4.6.1-npm,165a5b72fb681cdff98e63470adba0d179f1250d,2018-02-04T03:31:28Z,john.david.dalton@gmail.com,False,unsigned
3,2024-08-16,Github-Hosted,macOS,ARM64,H6060-Javascript-Lodash,Npm,https://github.com/lodash/lodash,lodash,lodash,4.6.1-npm-packages,2a28b395ed2f197e8d0b135aaaa220e2cdf07892,2019-07-10T05:05:08Z,john.david.dalton@gmail.com,False,unsigned
3,2024-08-16,Github-Hosted,macOS,ARM64,H6060-Javascript-Lodash,Npm,https://github.com/lodash/lodash,lodash,lodash,4.6.2-npm-packages,8d7aae7b3d5b3b711e1f208b20ef3e6681203af8,2019-07-10T05:05:12Z,john.david.dalton@gmail.com,False,unsigned
3,2024-08-16,Github-Hosted,macOS,ARM64,H6060-Javascript-Lodash,Npm,https://github.com/lodash/lodash,lodash,lodash,4.7.0,072521e4e51797c52f3ab8dd64fedde423f3aefb,2016-03-31T07:51:29Z,john.david.dalton@gmail.com,False,unsigned
3,2024-08-16,Github-Hosted,macOS,ARM64,H6060-Javascript-Lodash,Npm,https://github.com/lodash/lodash,lodash,lodash,4.7.0-amd,f1da2a285bd46c0ea49a6fee73dcc8484ba88fbc,2018-02-04T03:20:41Z,john.david.dalton@gmail.com,False,unsigned
3,2024-08-16,Github-Hosted,macOS,ARM64,H6060-Javascript-Lodash,Npm,https://github.com/lodash/lodash,lodash,lodash,4.7.0-es,097671ddbe9450012bfd472d92b66f7039c47e1b,2018-02-04T03:25:58Z,john.david.dalton@gmail.com,False,unsigned
3,2024-08-16,Github-Hosted,macOS,ARM64,H6060-Javascript-Lodash,Npm,https://github.com/lodash/lodash,lodash,lodash,4.7.0-npm,1bc2f5de9b0b16b0289d337b45e469284f1f689d,2018-02-04T03:31:33Z,john.david.dalton@gmail.com,False,unsigned
3,2024-08-16,Github-Hosted,macOS,ARM64,H6060-Javascript-Lodash,Npm,https://github.com/lodash/lodash,lodash,lodash,4.7.0-npm-packages,74da38d7403c667bf6ebee0c4df2b229c21971e4,2019-07-10T05:05:17Z,john.david.dalton@gmail.com,False,unsigned
3,2024-08-16,Github-Hosted,macOS,ARM64,H6060-Javascript-Lodash,Npm,https://github.com/lodash/lodash,lodash,lodash,4.7.1-npm-packages,105d1d04aea4bc9c5339dedc97864086b62157d9,2019-07-10T05:05:21Z,john.david.dalton@gmail.com,False,unsigned
3,2024-08-16,Github-Hosted,macOS,ARM64,H6060-Javascript-Lodash,Npm,https://github.com/lodash/lodash,lodash,lodash,4.8.0,0dcfa453ef57c243e7c4746bd6d7e2c8c976e583,2016-04-04T07:22:32Z,john.david.dalton@gmail.com,False,unsigned
3,2024-08-16,Github-Hosted,macOS,ARM64,H6060-Javascript-Lodash,Npm,https://github.com/lodash/lodash,lodash,lodash,4.8.0-amd,309e5568a3bb7a2ac4c30068e98d973d5d602f4f,2018-02-04T03:20:45Z,john.david.dalton@gmail.com,False,unsigned
3,2024-08-16,Github-Hosted,macOS,ARM64,H6060-Javascript-Lodash,Npm,https://github.com/lodash/lodash,lodash,lodash,4.8.0-es,05842496d989986ee76daf05f1171109cf8e04ac,2018-02-04T03:26:03Z,john.david.dalton@gmail.com,False,unsigned
3,2024-08-16,Github-Hosted,macOS,ARM64,H6060-Javascript-Lodash,Npm,https://github.com/lodash/lodash,lodash,lodash,4.8.0-npm,5d72b58701e7a9aa3e5f6b8910f3ef88e34e490f,2018-02-04T03:31:37Z,john.david.dalton@gmail.com,False,unsigned
3,2024-08-16,Github-Hosted,macOS,ARM64,H6060-Javascript-Lodash,Npm,https://github.com/lodash/lodash,lodash,lodash,4.8.0-npm-packages,bb30aea1589488bc7299f4c98f099334288d9226,2019-07-10T05:05:25Z,john.david.dalton@gmail.com,False,unsigned
3,2024-08-16,Github-Hosted,macOS,ARM64,H6060-Javascript-Lodash,Npm,https://github.com/lodash/lodash,lodash,lodash,4.8.1,ad139ff847ad81c308941139845a59b42f5dceb0,2016-04-04T18:51:52Z,john.david.dalton@gmail.com,False,unsigned
3,2024-08-16,Github-Hosted,macOS,ARM64,H6060-Javascript-Lodash,Npm,https://github.com/lodash/lodash,lodash,lodash,4.8.1-npm,01ba2eda378e055236c0bca225b3d61b77a6178a,2018-02-04T03:31:42Z,john.david.dalton@gmail.com,False,unsigned
3,2024-08-16,Github-Hosted,macOS,ARM64,H6060-Javascript-Lodash,Npm,https://github.com/lodash/lodash,lodash,lodash,4.8.1-npm-packages,43159d9ed3e45304f2fad45d9153fd9e23287980,2019-07-10T05:05:30Z,john.david.dalton@gmail.com,False,unsigned
3,2024-08-16,Github-Hosted,macOS,ARM64,H6060-Javascript-Lodash,Npm,https://github.com/lodash/lodash,lodash,lodash,4.8.2,38d3a99376f0ad2f4a03d29b732d1eb567cb59d2,2016-04-04T22:48:28Z,john.david.dalton@gmail.com,False,unsigned
3,2024-08-16,Github-Hosted,macOS,ARM64,H6060-Javascript-Lodash,Npm,https://github.com/lodash/lodash,lodash,lodash,4.8.2-amd,3addccb989bd6eee6030fca4e3e40929ecd78cd8,2018-02-04T03:20:50Z,john.david.dalton@gmail.com,False,unsigned
3,2024-08-16,Github-Hosted,macOS,ARM64,H6060-Javascript-Lodash,Npm,https://github.com/lodash/lodash,lodash,lodash,4.8.2-es,d076c198421a16ea878fa76524f382c1608d1deb,2018-02-04T03:26:07Z,john.david.dalton@gmail.com,False,unsigned
3,2024-08-16,Github-Hosted,macOS,ARM64,H6060-Javascript-Lodash,Npm,https://github.com/lodash/lodash,lodash,lodash,4.8.2-npm,1096cc6637e2dfb4072c860f72efac91f4e7b289,2018-02-04T03:31:46Z,john.david.dalton@gmail.com,False,unsigned
3,2024-08-16,Github-Hosted,macOS,ARM64,H6060-Javascript-Lodash,Npm,https://github.com/lodash/lodash,lodash,lodash,4.9.0,652a032e02f698730090c4e9b8dd76fc05fc0fe2,2016-04-08T09:07:30Z,john.david.dalton@gmail.com,False,unsigned
3,2024-08-16,Github-Hosted,macOS,ARM64,H6060-Javascript-Lodash,Npm,https://github.com/lodash/lodash,lodash,lodash,4.9.0-amd,738908e8e3f7aa398dddd1cf4627f1ac3b1e9276,2018-02-04T03:20:55Z,john.david.dalton@gmail.com,False,unsigned
3,2024-08-16,Github-Hosted,macOS,ARM64,H6060-Javascript-Lodash,Npm,https://github.com/lodash/lodash,lodash,lodash,4.9.0-es,10786f0f8fc528139bf597064a3ac38a2016b874,2018-02-04T03:26:17Z,john.david.dalton@gmail.com,False,unsigned
3,2024-08-16,Github-Hosted,macOS,ARM64,H6060-Javascript-Lodash,Npm,https://github.com/lodash/lodash,lodash,lodash,4.9.0-npm,4fced5936615e94f8839d58763243bc7d1bb19cd,2018-02-04T03:31:51Z,john.david.dalton@gmail.com,False,unsigned
3,2024-08-16,Github-Hosted,macOS,ARM64,H6060-Javascript-Lodash,Npm,https://github.com/lodash/lodash,lodash,lodash,4.9.0-npm-packages,4210ceea4b4e3470c5b8a6def4c5f04fa5571b3b,2019-07-10T05:05:34Z,john.david.dalton@gmail.com,False,unsigned
3,2024-08-16,Github-Hosted,macOS,ARM64,H6060-Javascript-Lodash,Npm,https://github.com/lodash/lodash,lodash,lodash,4.9.1-npm-packages,a1bf741d3c0d1772c6c4d221d7850061188e60a2,2019-07-10T05:05:39Z,john.david.dalton@gmail.com,False,unsigned
3,2024-08-16,Github-Hosted,macOS,ARM64,H6060-Javascript-Lodash,Npm,https://github.com/lodash/lodash,lodash,lodash,v0.1.0,761a6b026a42f128ecae05cb14861ae783350a0f,2012-05-24T22:17:39Z,john.david.dalton@gmail.com,False,unsigned
3,2024-08-16,Github-Hosted,macOS,ARM64,H6060-Javascript-Lodash,Npm,https://github.com/lodash/lodash,lodash,lodash,v0.10.0,e1a6b30a667d59dfc958d9ee99a9347bf9745510,2012-11-18T21:40:29Z,john.david.dalton@gmail.com,False,unsigned
3,2024-08-16,Github-Hosted,macOS,ARM64,H6060-Javascript-Lodash,Npm,https://github.com/lodash/lodash,lodash,lodash,v0.2.0,cc1e0308159c899b737345f61ca0cf40b5b50f7a,2012-05-24T22:19:54Z,john.david.dalton@gmail.com,False,unsigned
3,2024-08-16,Github-Hosted,macOS,ARM64,H6060-Javascript-Lodash,Npm,https://github.com/lodash/lodash,lodash,lodash,v0.2.1,7ac268039629e2ed5cca0c66f7d9ebcdb2bac265,2012-05-24T22:20:30Z,john.david.dalton@gmail.com,False,unsigned
3,2024-08-16,Github-Hosted,macOS,ARM64,H6060-Javascript-Lodash,Npm,https://github.com/lodash/lodash,lodash,lodash,v0.2.2,9bac46864b61fcf50c9f3b1707c71b0a95f601fd,2012-05-30T07:55:42Z,john.david.dalton@gmail.com,False,unsigned
3,2024-08-16,Github-Hosted,macOS,ARM64,H6060-Javascript-Lodash,Npm,https://github.com/lodash/lodash,lodash,lodash,v0.3.0,283b3d88742c4358fb0bb7a90458217179d9e726,2012-06-06T20:00:44Z,john.david.dalton@gmail.com,False,unsigned
3,2024-08-16,Github-Hosted,macOS,ARM64,H6060-Javascript-Lodash,Npm,https://github.com/lodash/lodash,lodash,lodash,v0.3.1,e9c55933a0fa4ba750c3efbfb51b7c5cfa0bc809,2012-06-11T04:10:06Z,john.david.dalton@gmail.com,False,unsigned
3,2024-08-16,Github-Hosted,macOS,ARM64,H6060-Javascript-Lodash,Npm,https://github.com/lodash/lodash,lodash,lodash,v0.3.2,cadde1a37c6b461f6bbd385b7ecae0e0cd4e35a7,2012-06-14T19:20:29Z,john.david.dalton@gmail.com,False,unsigned
3,2024-08-16,Github-Hosted,macOS,ARM64,H6060-Javascript-Lodash,Npm,https://github.com/lodash/lodash,lodash,lodash,v0.4.0,7a13a8a54c35eda899e4041e43057d243f29526c,2012-07-11T16:48:54Z,john.david.dalton@gmail.com,False,unsigned
3,2024-08-16,Github-Hosted,macOS,ARM64,H6060-Javascript-Lodash,Npm,https://github.com/lodash/lodash,lodash,lodash,v0.4.1,98d989e605f3e600a863039a59a10ae66a2dddc9,2012-07-12T04:47:50Z,john.david.dalton@gmail.com,False,unsigned
3,2024-08-16,Github-Hosted,macOS,ARM64,H6060-Javascript-Lodash,Npm,https://github.com/lodash/lodash,lodash,lodash,v0.4.2,883bb9bcb94d2e264b6614854c3ff97cab0cf6b9,2012-07-16T18:35:25Z,john.david.dalton@gmail.com,False,unsigned
3,2024-08-16,Github-Hosted,macOS,ARM64,H6060-Javascript-Lodash,Npm,https://github.com/lodash/lodash,lodash,lodash,v0.5.0,b5a66408be66c935c63e8d8976e5852090774068,2012-08-18T07:05:27Z,john.david.dalton@gmail.com,False,unsigned
3,2024-08-16,Github-Hosted,macOS,ARM64,H6060-Javascript-Lodash,Npm,https://github.com/lodash/lodash,lodash,lodash,v0.5.1,ff03262c7df9c060e50fbbd19435a909d4520af8,2012-08-18T09:21:06Z,john.david.dalton@gmail.com,False,unsigned
3,2024-08-16,Github-Hosted,macOS,ARM64,H6060-Javascript-Lodash,Npm,https://github.com/lodash/lodash,lodash,lodash,v0.5.2,3d8c8142d9b1a8ab175e22a4a4d1c4f985c1d41f,2012-08-22T04:23:41Z,john.david.dalton@gmail.com,False,unsigned
3,2024-08-16,Github-Hosted,macOS,ARM64,H6060-Javascript-Lodash,Npm,https://github.com/lodash/lodash,lodash,lodash,v0.6.0,ddfc07b0088cc4696e8bb1d6e80815c329e5ba94,2012-08-28T16:00:41Z,john.david.dalton@gmail.com,False,unsigned
3,2024-08-16,Github-Hosted,macOS,ARM64,H6060-Javascript-Lodash,Npm,https://github.com/lodash/lodash,lodash,lodash,v0.6.1,b9d57793e2c294ebcb6f0433da45e6d16106ee7a,2012-08-30T08:01:03Z,john.david.dalton@gmail.com,False,unsigned
3,2024-08-16,Github-Hosted,macOS,ARM64,H6060-Javascript-Lodash,Npm,https://github.com/lodash/lodash,lodash,lodash,v0.7.0,bddceff7e0e627310bd1027230b738ce2be0931a,2012-09-11T16:16:11Z,john.david.dalton@gmail.com,False,unsigned
3,2024-08-16,Github-Hosted,macOS,ARM64,H6060-Javascript-Lodash,Npm,https://github.com/lodash/lodash,lodash,lodash,v0.8.0,ffebf612b11b689f84b220a83528fda891782286,2012-10-02T06:34:18Z,john.david.dalton@gmail.com,False,unsigned
3,2024-08-16,Github-Hosted,macOS,ARM64,H6060-Javascript-Lodash,Npm,https://github.com/lodash/lodash,lodash,lodash,v0.8.1,14681076750eb87410de5cf7a41f0857b3ff52d7,2012-10-04T08:44:00Z,john.david.dalton@gmail.com,False,unsigned
3,2024-08-16,Github-Hosted,macOS,ARM64,H6060-Javascript-Lodash,Npm,https://github.com/lodash/lodash,lodash,lodash,v0.8.2,74867c53ad940d167e9967dfd396e2b7e18cd300,2012-10-10T07:04:05Z,john.david.dalton@gmail.com,False,unsigned
3,2024-08-16,Github-Hosted,macOS,ARM64,H6060-Javascript-Lodash,Npm,https://github.com/lodash/lodash,lodash,lodash,v0.9.0,0d7140f11398481e291468fa8eb3e74a88cb6cc6,2012-10-24T07:04:40Z,john.david.dalton@gmail.com,False,unsigned
3,2024-08-16,Github-Hosted,macOS,ARM64,H6060-Javascript-Lodash,Npm,https://github.com/lodash/lodash,lodash,lodash,v0.9.1,d9ce8d692a8648bcdb2b5e5ab76e5b7470bab040,2012-10-31T07:19:21Z,john.david.dalton@gmail.com,False,unsigned
3,2024-08-16,Github-Hosted,macOS,ARM64,H6060-Javascript-Lodash,Npm,https://github.com/lodash/lodash,lodash,lodash,v0.9.2,a3d283e284ed82a823101f5576a0e9574d74f40b,2012-11-09T13:41:43Z,john.david.dalton@gmail.com,False,unsigned
3,2024-08-16,Github-Hosted,macOS,ARM64,H6060-Javascript-Lodash,Npm,https://github.com/lodash/lodash,lodash,lodash,v1.0.0,996e740d39ddebc3b43829c4fc879f8bb2c0e807,2013-02-14T16:58:41Z,john.david.dalton@gmail.com,False,unsigned
3,2024-08-16,Github-Hosted,macOS,ARM64,H6060-Javascript-Lodash,Npm,https://github.com/lodash/lodash,lodash,lodash,v1.0.0-rc.1,1a12c5d6299f40e85dc4004fbbc2feacf17edef1,2012-12-04T17:16:05Z,john.david.dalton@gmail.com,False,unsigned
3,2024-08-16,Github-Hosted,macOS,ARM64,H6060-Javascript-Lodash,Npm,https://github.com/lodash/lodash,lodash,lodash,v1.0.0-rc.2,5e6883cab04c39a38b82e3e303e64fe5dc9ed603,2012-12-05T10:25:22Z,john.david.dalton@gmail.com,False,unsigned
3,2024-08-16,Github-Hosted,macOS,ARM64,H6060-Javascript-Lodash,Npm,https://github.com/lodash/lodash,lodash,lodash,v1.0.0-rc.3,e5b8af8193596e2de003378536f931e177a7c4e2,2012-12-17T16:36:45Z,john.david.dalton@gmail.com,False,unsigned
3,2024-08-16,Github-Hosted,macOS,ARM64,H6060-Javascript-Lodash,Npm,https://github.com/lodash/lodash,lodash,lodash,v1.0.1,ca4551340adf9ee4c98526620607944f0dd963b8,2013-02-18T10:14:36Z,john.david.dalton@gmail.com,False,unsigned
3,2024-08-16,Github-Hosted,macOS,ARM64,H6060-Javascript-Lodash,Npm,https://github.com/lodash/lodash,lodash,lodash,v1.1.0,290ab646c6474720ea2866a63f8706c5a05c2f01,2013-03-26T07:19:18Z,john.david.dalton@gmail.com,False,unsigned
