{
	"vulasReport": {
		"generatedAt": "15.08.2024 11:33 +0000",
		"generatedFor": {
			"space": "9ACF60A58CC3058DD22BB130FF1D4ADA",
			"groupId": "cryptography",
			"artifactId": "cryptography",
			"version": "39.0.0"
		},
		"isAggregated": false,
	
		"aggregatedModules": [],
	
		"configuration": [
			{ "name": "exceptionThreshold",
			  "value": "dependsOn" },
			{ "name": "exemptScopes",
			  "value": "PROVIDED, TEST" },
			{ "name": "exemptBugs",
			  "value": " (*)" }
		],
	
		"vulnerabilities": [
		
		]
	}
}
