{
  "version": "v2.8.0",
  "id": "b2109caa-8a1c-40ae-960c-df26d763e552",
  "repositoryID": "00000000-0000-0000-0000-000000000000",
  "repositoryName": "",
  "workspaceID": "00000000-0000-0000-0000-000000000000",
  "workspaceName": "",
  "status": "success",
  "errors": "",
  "createdAt": "2024-08-14T14:10:19.575958848Z",
  "finishedAt": "2024-08-14T14:10:41.821956864Z",
  "analysisVulnerabilities": [
    {
      "vulnerabilityID": "00000000-0000-0000-0000-000000000000",
      "analysisID": "b2109caa-8a1c-40ae-960c-df26d763e552",
      "createdAt": "2024-08-14T14:10:41.821969518Z",
      "vulnerabilities": {
        "vulnerabilityID": "dc674199-8f99-4db0-a0d2-5576e2e5a7a4",
        "line": "113",
        "column": "4",
        "confidence": "MEDIUM",
        "file": "docs/ref/contrib/gis/testing.txt",
        "code": "SECRET_KEY = 'django_tests_secret_key'",
        "details": "(1/1) * Possible vulnerability detected: Potential Hard-coded credential\nThe software contains hard-coded credentials, such as a password or cryptographic key, which it uses for its own inbound authentication, outbound communication to external components, or encryption of internal data. For more information checkout the CWE-798 (https://cwe.mitre.org/data/definitions/798.html) advisory.",
        "securityTool": "HorusecEngine",
        "language": "Leaks",
        "severity": "CRITICAL",
        "type": "Vulnerability",
        "commitAuthor": "-",
        "commitEmail": "-",
        "commitHash": "-",
        "commitMessage": "-",
        "commitDate": "-",
        "rule_id": "HS-LEAKS-25",
        "vulnHash": "4b3f3838fd7f5aa857767f60e0c8bdc32a99251466c50d791863687fa7852b00",
        "deprecatedHashes": [
          "402c24da8df853087b226ed804e709a7fe09325e2e6518dd6e3d1f87060a4833",
          "8de9e5887657ae68283707a09ef1942cd4a8dd79fa6f39fdd0f51beb814e6598"
        ],
        "securityToolVersion": "",
        "securityToolInfoUri": ""
      }
    },
    {
      "vulnerabilityID": "00000000-0000-0000-0000-000000000000",
      "analysisID": "b2109caa-8a1c-40ae-960c-df26d763e552",
      "createdAt": "2024-08-14T14:10:41.821970279Z",
      "vulnerabilities": {
        "vulnerabilityID": "668db9cf-a64c-4fbe-841e-a2613cf6eeaf",
        "line": "16",
        "column": "34",
        "confidence": "MEDIUM",
        "file": "docs/releases/1.7.11.txt",
        "code": "instead of a date format. e.g. ``\"SECRET_KEY\"`` instead of ``\"j/m/Y\"``.",
        "details": "(1/1) * Possible vulnerability detected: Potential Hard-coded credential\nThe software contains hard-coded credentials, such as a password or cryptographic key, which it uses for its own inbound authentication, outbound communication to external components, or encryption of internal data. For more information checkout the CWE-798 (https://cwe.mitre.org/data/definitions/798.html) advisory.",
        "securityTool": "HorusecEngine",
        "language": "Leaks",
        "severity": "CRITICAL",
        "type": "Vulnerability",
        "commitAuthor": "-",
        "commitEmail": "-",
        "commitHash": "-",
        "commitMessage": "-",
        "commitDate": "-",
        "rule_id": "HS-LEAKS-25",
        "vulnHash": "4ad9c47ea21f3c68bb52e5c22b0620892830dff8bd3fbb2e57886bf521fa8c26",
        "deprecatedHashes": [
          "11d6e15c359049f5eb4a266a9cefa58e81c46aed2616d625eeb68cd8aa58bd72",
          "7b425b8c6768c8ecf6da728ef825aae492b8bccdcbcc10a37fc3753cd1bbf617"
        ],
        "securityToolVersion": "",
        "securityToolInfoUri": ""
      }
    },
    {
      "vulnerabilityID": "00000000-0000-0000-0000-000000000000",
      "analysisID": "b2109caa-8a1c-40ae-960c-df26d763e552",
      "createdAt": "2024-08-14T14:10:41.821971041Z",
      "vulnerabilities": {
        "vulnerabilityID": "9986f0fe-f2d8-424c-b3f2-62fe5e7e3d14",
        "line": "19",
        "column": "34",
        "confidence": "MEDIUM",
        "file": "docs/releases/1.8.7.txt",
        "code": "instead of a date format. e.g. ``\"SECRET_KEY\"`` instead of ``\"j/m/Y\"``.",
        "details": "(1/1) * Possible vulnerability detected: Potential Hard-coded credential\nThe software contains hard-coded credentials, such as a password or cryptographic key, which it uses for its own inbound authentication, outbound communication to external components, or encryption of internal data. For more information checkout the CWE-798 (https://cwe.mitre.org/data/definitions/798.html) advisory.",
        "securityTool": "HorusecEngine",
        "language": "Leaks",
        "severity": "CRITICAL",
        "type": "Vulnerability",
        "commitAuthor": "-",
        "commitEmail": "-",
        "commitHash": "-",
        "commitMessage": "-",
        "commitDate": "-",
        "rule_id": "HS-LEAKS-25",
        "vulnHash": "9b5781a27af6bd8d136bdca3fc48e6efe9c0b3169b90ebbe620ac71bea802a36",
        "deprecatedHashes": [
          "1576fc538eeed10ffdd49972de8cc70104adcfd316a80f277820e1a11409fe3f",
          "b995fc1be7db993b4f1baf107110e6f71e1ec58a4886d908b1aca82b24db4b41"
        ],
        "securityToolVersion": "",
        "securityToolInfoUri": ""
      }
    },
    {
      "vulnerabilityID": "00000000-0000-0000-0000-000000000000",
      "analysisID": "b2109caa-8a1c-40ae-960c-df26d763e552",
      "createdAt": "2024-08-14T14:10:41.821972002Z",
      "vulnerabilities": {
        "vulnerabilityID": "14640fa0-55eb-4eb6-a0df-84341aeb4ee4",
        "line": "55",
        "column": "27",
        "confidence": "MEDIUM",
        "file": "django/contrib/auth/management/commands/changepassword.py",
        "code": "p2 = self._get_pass(\"Password (again): \")",
        "details": "(1/1) * Possible vulnerability detected: Hard-coded password\nThe software contains hard-coded credentials, such as a password or cryptographic key, which it uses for its own inbound authentication, outbound communication to external components, or encryption of internal data. For more information checkout the CWE-798 (https://cwe.mitre.org/data/definitions/798.html) advisory.",
        "securityTool": "HorusecEngine",
        "language": "Leaks",
        "severity": "CRITICAL",
        "type": "Vulnerability",
        "commitAuthor": "-",
        "commitEmail": "-",
        "commitHash": "-",
        "commitMessage": "-",
        "commitDate": "-",
        "rule_id": "HS-LEAKS-26",
        "vulnHash": "44ef4102156e2b9dbda1de6fa81f24ef3fb44a7fdb04490e2dff1887a776032e",
        "deprecatedHashes": [
          "e9285422779c7387db2ac8f4df0a266c03af5bb8a2ced9a4d306d6910b8f0a41",
          "82d9519f8451f68d101f401ac29af651f55b72d267510bd6da5c6d8c5ec1b581"
        ],
        "securityToolVersion": "",
        "securityToolInfoUri": ""
      }
    },
    {
      "vulnerabilityID": "00000000-0000-0000-0000-000000000000",
      "analysisID": "b2109caa-8a1c-40ae-960c-df26d763e552",
      "createdAt": "2024-08-14T14:10:41.821972744Z",
      "vulnerabilities": {
        "vulnerabilityID": "aa376188-6b5e-4b92-844e-02e932053ffa",
        "line": "792",
        "column": "13",
        "confidence": "MEDIUM",
        "file": "docs/releases/1.2.txt",
        "code": "DATABASE_PASSWORD = 's3krit'",
        "details": "(1/1) * Possible vulnerability detected: Hard-coded password\nThe software contains hard-coded credentials, such as a password or cryptographic key, which it uses for its own inbound authentication, outbound communication to external components, or encryption of internal data. For more information checkout the CWE-798 (https://cwe.mitre.org/data/definitions/798.html) advisory.",
        "securityTool": "HorusecEngine",
        "language": "Leaks",
        "severity": "CRITICAL",
        "type": "Vulnerability",
        "commitAuthor": "-",
        "commitEmail": "-",
        "commitHash": "-",
        "commitMessage": "-",
        "commitDate": "-",
        "rule_id": "HS-LEAKS-26",
        "vulnHash": "1fa274588000122697d4ab455ded48769fa160f8dc2315601ee0f6c3209540ba",
        "deprecatedHashes": [
          "a1b30a1df7bd79ddaa9dbe855da91ed68cb981ee55d1fc11d7adcf4a6aa63db1",
          "9cd785852ab60ff38a4eebcdf0c312451289493f14dafa472a62fb7413436685"
        ],
        "securityToolVersion": "",
        "securityToolInfoUri": ""
      }
    },
    {
      "vulnerabilityID": "00000000-0000-0000-0000-000000000000",
      "analysisID": "b2109caa-8a1c-40ae-960c-df26d763e552",
      "createdAt": "2024-08-14T14:10:41.821973565Z",
      "vulnerabilities": {
        "vulnerabilityID": "98d1ee69-fd23-4341-964b-9190b4bccf1b",
        "line": "805",
        "column": "13",
        "confidence": "MEDIUM",
        "file": "docs/releases/1.2.txt",
        "code": "'PASSWORD': 's3krit',",
        "details": "(1/1) * Possible vulnerability detected: Hard-coded password\nThe software contains hard-coded credentials, such as a password or cryptographic key, which it uses for its own inbound authentication, outbound communication to external components, or encryption of internal data. For more information checkout the CWE-798 (https://cwe.mitre.org/data/definitions/798.html) advisory.",
        "securityTool": "HorusecEngine",
        "language": "Leaks",
        "severity": "CRITICAL",
        "type": "Vulnerability",
        "commitAuthor": "-",
        "commitEmail": "-",
        "commitHash": "-",
        "commitMessage": "-",
        "commitDate": "-",
        "rule_id": "HS-LEAKS-26",
        "vulnHash": "5ff01d56f6e2f8d95376c86ebd843b24a62b651900291595fbe697c1169a8baf",
        "deprecatedHashes": [
          "bdedc497934ba094a9802c8182dc9b16bdf5dc9c7d6ed0dabeac2c047bd46b61",
          "bce0ef7b74d5ad8e95acb2d443a49f27f77eabff9abcb5e32116d1f630d7c90d"
        ],
        "securityToolVersion": "",
        "securityToolInfoUri": ""
      }
    },
    {
      "vulnerabilityID": "00000000-0000-0000-0000-000000000000",
      "analysisID": "b2109caa-8a1c-40ae-960c-df26d763e552",
      "createdAt": "2024-08-14T14:10:41.821974347Z",
      "vulnerabilities": {
        "vulnerabilityID": "fbb5cde0-4f58-4221-9fa2-22b136bf4b70",
        "line": "147",
        "column": "43",
        "confidence": "MEDIUM",
        "file": "django/contrib/auth/management/commands/createsuperuser.py",
        "code": "password2 = getpass.getpass('Password (again): ')",
        "details": "(1/1) * Possible vulnerability detected: Hard-coded password\nThe software contains hard-coded credentials, such as a password or cryptographic key, which it uses for its own inbound authentication, outbound communication to external components, or encryption of internal data. For more information checkout the CWE-798 (https://cwe.mitre.org/data/definitions/798.html) advisory.",
        "securityTool": "HorusecEngine",
        "language": "Leaks",
        "severity": "CRITICAL",
        "type": "Vulnerability",
        "commitAuthor": "-",
        "commitEmail": "-",
        "commitHash": "-",
        "commitMessage": "-",
        "commitDate": "-",
        "rule_id": "HS-LEAKS-26",
        "vulnHash": "befd8156f89c6c91269d03b273608780be1392026edabccdb74712d062b10d79",
        "deprecatedHashes": [
          "1db83f657ce0d1837dc035db99214373f0607b53407fa9b881e319b04cd9ac76",
          "226873e4db9f30e9b9070b0dde0f4142cd3db309759224de8eb174cee0dd60df"
        ],
        "securityToolVersion": "",
        "securityToolInfoUri": ""
      }
    },
    {
      "vulnerabilityID": "00000000-0000-0000-0000-000000000000",
      "analysisID": "b2109caa-8a1c-40ae-960c-df26d763e552",
      "createdAt": "2024-08-14T14:10:41.821975108Z",
      "vulnerabilities": {
        "vulnerabilityID": "d14cda6c-fecd-4ba4-b1a0-de1cc27d5aca",
        "line": "17",
        "column": "8",
        "confidence": "MEDIUM",
        "file": "django/db/backends/postgresql/client.py",
        "code": "dbname = conn_params.get('database', '')",
        "details": "(1/1) * Possible vulnerability detected: Potential Hard-coded credential\nThe software contains hard-coded credentials, such as a password or cryptographic key, which it uses for its own inbound authentication, outbound communication to external components, or encryption of internal data. For more information checkout the CWE-798 (https://cwe.mitre.org/data/definitions/798.html) advisory.",
        "securityTool": "HorusecEngine",
        "language": "Leaks",
        "severity": "CRITICAL",
        "type": "Vulnerability",
        "commitAuthor": "-",
        "commitEmail": "-",
        "commitHash": "-",
        "commitMessage": "-",
        "commitDate": "-",
        "rule_id": "HS-LEAKS-25",
        "vulnHash": "da3a599563ea7a6477c0b2ff13e2eba56f67c0b80fd0d2230df0f58158799914",
        "deprecatedHashes": [
          "3c47fe2716273c7d525356d7890bd38c063e72eef10856616ad950d107f7ab8c",
          "381dee18487c0e3ed577fb9d8cc20a9c68ab83226546ca453247b54580a38b54"
        ],
        "securityToolVersion": "",
        "securityToolInfoUri": ""
      }
    },
    {
      "vulnerabilityID": "00000000-0000-0000-0000-000000000000",
      "analysisID": "b2109caa-8a1c-40ae-960c-df26d763e552",
      "createdAt": "2024-08-14T14:10:41.82197588Z",
      "vulnerabilities": {
        "vulnerabilityID": "4d211b03-fafc-4241-9380-1e60ccefb74f",
        "line": "39",
        "column": "13",
        "confidence": "MEDIUM",
        "file": "docs/topics/db/multi-db.txt",
        "code": "'PASSWORD': 's3krit'",
        "details": "(1/1) * Possible vulnerability detected: Hard-coded password\nThe software contains hard-coded credentials, such as a password or cryptographic key, which it uses for its own inbound authentication, outbound communication to external components, or encryption of internal data. For more information checkout the CWE-798 (https://cwe.mitre.org/data/definitions/798.html) advisory.",
        "securityTool": "HorusecEngine",
        "language": "Leaks",
        "severity": "CRITICAL",
        "type": "Vulnerability",
        "commitAuthor": "-",
        "commitEmail": "-",
        "commitHash": "-",
        "commitMessage": "-",
        "commitDate": "-",
        "rule_id": "HS-LEAKS-26",
        "vulnHash": "9bcee084010d5ffa20edd5a5a64dd9d36719239bb57d67fcf1877b8bf8390a6b",
        "deprecatedHashes": [
          "6c6df1715e45c1bd83c52eaf7f6f1f381795299d589b73c17cef40aa32139300",
          "649469b0858e04b52272bc342bcb1a237b9439637fd991441a0d1bef499aa620"
        ],
        "securityToolVersion": "",
        "securityToolInfoUri": ""
      }
    },
    {
      "vulnerabilityID": "00000000-0000-0000-0000-000000000000",
      "analysisID": "b2109caa-8a1c-40ae-960c-df26d763e552",
      "createdAt": "2024-08-14T14:10:41.821976631Z",
      "vulnerabilities": {
        "vulnerabilityID": "5a702625-1102-48ca-a433-8ab6060190c1",
        "line": "45",
        "column": "13",
        "confidence": "MEDIUM",
        "file": "docs/topics/db/multi-db.txt",
        "code": "'PASSWORD': 'priv4te'",
        "details": "(1/1) * Possible vulnerability detected: Hard-coded password\nThe software contains hard-coded credentials, such as a password or cryptographic key, which it uses for its own inbound authentication, outbound communication to external components, or encryption of internal data. For more information checkout the CWE-798 (https://cwe.mitre.org/data/definitions/798.html) advisory.",
        "securityTool": "HorusecEngine",
        "language": "Leaks",
        "severity": "CRITICAL",
        "type": "Vulnerability",
        "commitAuthor": "-",
        "commitEmail": "-",
        "commitHash": "-",
        "commitMessage": "-",
        "commitDate": "-",
        "rule_id": "HS-LEAKS-26",
        "vulnHash": "72e0496e3a7eb785419badbc97bd289ba46255744c054c9ff1027ec5ad8f3b6c",
        "deprecatedHashes": [
          "51086bb0a666d16b75d0feec4d72feb4e7a79e2a791d47e8028dcfb6a208bc44",
          "fa3fec154c073841ed2a8459e40d6186fdfa502e4db5f8830302d8fc0bb38c80"
        ],
        "securityToolVersion": "",
        "securityToolInfoUri": ""
      }
    },
    {
      "vulnerabilityID": "00000000-0000-0000-0000-000000000000",
      "analysisID": "b2109caa-8a1c-40ae-960c-df26d763e552",
      "createdAt": "2024-08-14T14:10:41.821977392Z",
      "vulnerabilities": {
        "vulnerabilityID": "b38e2e3b-e086-4e4b-b4dc-b7879c653b2c",
        "line": "65",
        "column": "13",
        "confidence": "MEDIUM",
        "file": "docs/topics/db/multi-db.txt",
        "code": "'PASSWORD': 'superS3cret'",
        "details": "(1/1) * Possible vulnerability detected: Hard-coded password\nThe software contains hard-coded credentials, such as a password or cryptographic key, which it uses for its own inbound authentication, outbound communication to external components, or encryption of internal data. For more information checkout the CWE-798 (https://cwe.mitre.org/data/definitions/798.html) advisory.",
        "securityTool": "HorusecEngine",
        "language": "Leaks",
        "severity": "CRITICAL",
        "type": "Vulnerability",
        "commitAuthor": "-",
        "commitEmail": "-",
        "commitHash": "-",
        "commitMessage": "-",
        "commitDate": "-",
        "rule_id": "HS-LEAKS-26",
        "vulnHash": "bdad1da22511f8dd90e8948af3dc89697108c878a0fbe32d5513d87b8a5ade93",
        "deprecatedHashes": [
          "3ac8af6acb8b53942f0e0e0ac683be3eea4d9ebaeb41b79a5967d556abfbc1de",
          "7b2342672274e83ea04e518d5e67f6e83769a52cfe96f8c2d41db1e71e9a807a"
        ],
        "securityToolVersion": "",
        "securityToolInfoUri": ""
      }
    },
    {
      "vulnerabilityID": "00000000-0000-0000-0000-000000000000",
      "analysisID": "b2109caa-8a1c-40ae-960c-df26d763e552",
      "createdAt": "2024-08-14T14:10:41.821978144Z",
      "vulnerabilities": {
        "vulnerabilityID": "c8c59945-41f7-4275-9f28-5422ecc37149",
        "line": "71",
        "column": "13",
        "confidence": "MEDIUM",
        "file": "docs/topics/db/multi-db.txt",
        "code": "'PASSWORD': 'veryPriv@ate'",
        "details": "(1/1) * Possible vulnerability detected: Hard-coded password\nThe software contains hard-coded credentials, such as a password or cryptographic key, which it uses for its own inbound authentication, outbound communication to external components, or encryption of internal data. For more information checkout the CWE-798 (https://cwe.mitre.org/data/definitions/798.html) advisory.",
        "securityTool": "HorusecEngine",
        "language": "Leaks",
        "severity": "CRITICAL",
        "type": "Vulnerability",
        "commitAuthor": "-",
        "commitEmail": "-",
        "commitHash": "-",
        "commitMessage": "-",
        "commitDate": "-",
        "rule_id": "HS-LEAKS-26",
        "vulnHash": "bd74ac98a5e69c4d5fffdf29345342443d986117a7c2b2ff904be3bef2cd4be6",
        "deprecatedHashes": [
          "b4c839bcbc4e4ae6dbd1a575ea9aef405a5504924819682d123c443c3fbdf47e",
          "6ca45ea2d31696026700356194f636af097b0a952659de6f92eb8bd99a9f6a5c"
        ],
        "securityToolVersion": "",
        "securityToolInfoUri": ""
      }
    },
    {
      "vulnerabilityID": "00000000-0000-0000-0000-000000000000",
      "analysisID": "b2109caa-8a1c-40ae-960c-df26d763e552",
      "createdAt": "2024-08-14T14:10:41.821978885Z",
      "vulnerabilities": {
        "vulnerabilityID": "31bce86d-c265-4e4c-876f-b643cb481608",
        "line": "282",
        "column": "13",
        "confidence": "MEDIUM",
        "file": "docs/topics/db/multi-db.txt",
        "code": "'PASSWORD': 'swordfish',",
        "details": "(1/1) * Possible vulnerability detected: Hard-coded password\nThe software contains hard-coded credentials, such as a password or cryptographic key, which it uses for its own inbound authentication, outbound communication to external components, or encryption of internal data. For more information checkout the CWE-798 (https://cwe.mitre.org/data/definitions/798.html) advisory.",
        "securityTool": "HorusecEngine",
        "language": "Leaks",
        "severity": "CRITICAL",
        "type": "Vulnerability",
        "commitAuthor": "-",
        "commitEmail": "-",
        "commitHash": "-",
        "commitMessage": "-",
        "commitDate": "-",
        "rule_id": "HS-LEAKS-26",
        "vulnHash": "9fb18610cf9eebdcbb58f458bfb75b91298ab51f64e197dd821c29aca402a97a",
        "deprecatedHashes": [
          "d89021bb9acaaf789f8ec4ad0fd0461f5d142fb14781329936ea55ef76f7556d",
          "5d379b47c77dfe2c6d335f9c0ba299f312639322e77de181ea3da284bf05389d"
        ],
        "securityToolVersion": "",
        "securityToolInfoUri": ""
      }
    },
    {
      "vulnerabilityID": "00000000-0000-0000-0000-000000000000",
      "analysisID": "b2109caa-8a1c-40ae-960c-df26d763e552",
      "createdAt": "2024-08-14T14:10:41.821979867Z",
      "vulnerabilities": {
        "vulnerabilityID": "2d24c032-868a-4024-83ae-1b5ce56448b1",
        "line": "288",
        "column": "13",
        "confidence": "MEDIUM",
        "file": "docs/topics/db/multi-db.txt",
        "code": "'PASSWORD': 'spam',",
        "details": "(1/1) * Possible vulnerability detected: Hard-coded password\nThe software contains hard-coded credentials, such as a password or cryptographic key, which it uses for its own inbound authentication, outbound communication to external components, or encryption of internal data. For more information checkout the CWE-798 (https://cwe.mitre.org/data/definitions/798.html) advisory.",
        "securityTool": "HorusecEngine",
        "language": "Leaks",
        "severity": "CRITICAL",
        "type": "Vulnerability",
        "commitAuthor": "-",
        "commitEmail": "-",
        "commitHash": "-",
        "commitMessage": "-",
        "commitDate": "-",
        "rule_id": "HS-LEAKS-26",
        "vulnHash": "915d2b017dd7d422526d8acac405f3466a2f759d98b130da7c158414b2377c1e",
        "deprecatedHashes": [
          "6bf4249ce7f678133388a594f1828b778447c2a715281b1d051294b4c74fa3b9",
          "5fe935a7fa134dc247a3e3bae93ee3ffed0fabb29b5b2081e1cb19affb2237e9"
        ],
        "securityToolVersion": "",
        "securityToolInfoUri": ""
      }
    },
    {
      "vulnerabilityID": "00000000-0000-0000-0000-000000000000",
      "analysisID": "b2109caa-8a1c-40ae-960c-df26d763e552",
      "createdAt": "2024-08-14T14:10:41.821980638Z",
      "vulnerabilities": {
        "vulnerabilityID": "4ae2bf3f-1018-47a4-8d2d-1903d5374e8f",
        "line": "294",
        "column": "13",
        "confidence": "MEDIUM",
        "file": "docs/topics/db/multi-db.txt",
        "code": "'PASSWORD': 'eggs',",
        "details": "(1/1) * Possible vulnerability detected: Hard-coded password\nThe software contains hard-coded credentials, such as a password or cryptographic key, which it uses for its own inbound authentication, outbound communication to external components, or encryption of internal data. For more information checkout the CWE-798 (https://cwe.mitre.org/data/definitions/798.html) advisory.",
        "securityTool": "HorusecEngine",
        "language": "Leaks",
        "severity": "CRITICAL",
        "type": "Vulnerability",
        "commitAuthor": "-",
        "commitEmail": "-",
        "commitHash": "-",
        "commitMessage": "-",
        "commitDate": "-",
        "rule_id": "HS-LEAKS-26",
        "vulnHash": "2d1bfde1a9879bb8e7d4695c23ea43464b440b32a80b6a90aa9ad2163c6ae912",
        "deprecatedHashes": [
          "a61e220e6b82f874364fa0d30470c2fff9a058e81beef643e92cb6c7ff6cf13a",
          "e8edb84ad2ed06d2bd7071ad709060c13480e6bfe137b7de8b75b86ecb06948b"
        ],
        "securityToolVersion": "",
        "securityToolInfoUri": ""
      }
    },
    {
      "vulnerabilityID": "00000000-0000-0000-0000-000000000000",
      "analysisID": "b2109caa-8a1c-40ae-960c-df26d763e552",
      "createdAt": "2024-08-14T14:10:41.82198139Z",
      "vulnerabilities": {
        "vulnerabilityID": "acb54d61-de36-45bd-aeed-ddfe87533d05",
        "line": "300",
        "column": "13",
        "confidence": "MEDIUM",
        "file": "docs/topics/db/multi-db.txt",
        "code": "'PASSWORD': 'bacon',",
        "details": "(1/1) * Possible vulnerability detected: Hard-coded password\nThe software contains hard-coded credentials, such as a password or cryptographic key, which it uses for its own inbound authentication, outbound communication to external components, or encryption of internal data. For more information checkout the CWE-798 (https://cwe.mitre.org/data/definitions/798.html) advisory.",
        "securityTool": "HorusecEngine",
        "language": "Leaks",
        "severity": "CRITICAL",
        "type": "Vulnerability",
        "commitAuthor": "-",
        "commitEmail": "-",
        "commitHash": "-",
        "commitMessage": "-",
        "commitDate": "-",
        "rule_id": "HS-LEAKS-26",
        "vulnHash": "c6e41d64295bec79edb406c2f5eb33867816c3d869438330e91720b44c1623fc",
        "deprecatedHashes": [
          "08d65de34590a49ad9b0384a81c7bd792169883a1a79947757179cd7800cf86b",
          "beedc59c71d4fc7d35534035d4f9bc462e65e9c2090084ab8eb52e6fdf56a2f2"
        ],
        "securityToolVersion": "",
        "securityToolInfoUri": ""
      }
    },
    {
      "vulnerabilityID": "00000000-0000-0000-0000-000000000000",
      "analysisID": "b2109caa-8a1c-40ae-960c-df26d763e552",
      "createdAt": "2024-08-14T14:10:41.821982151Z",
      "vulnerabilities": {
        "vulnerabilityID": "b7b64c10-88e6-47a3-a5da-200503ee78c4",
        "line": "470",
        "column": "17",
        "confidence": "MEDIUM",
        "file": "docs/topics/cache.txt",
        "code": "'password': 'pass',",
        "details": "(1/1) * Possible vulnerability detected: Hard-coded password\nThe software contains hard-coded credentials, such as a password or cryptographic key, which it uses for its own inbound authentication, outbound communication to external components, or encryption of internal data. For more information checkout the CWE-798 (https://cwe.mitre.org/data/definitions/798.html) advisory.",
        "securityTool": "HorusecEngine",
        "language": "Leaks",
        "severity": "CRITICAL",
        "type": "Vulnerability",
        "commitAuthor": "-",
        "commitEmail": "-",
        "commitHash": "-",
        "commitMessage": "-",
        "commitDate": "-",
        "rule_id": "HS-LEAKS-26",
        "vulnHash": "2b4193639ece37e9123564948bc99a5b8065603d752a94e91351179378e770f7",
        "deprecatedHashes": [
          "816775ffb460ba435e26088526f67f6a30b1fa3d2bd6f9cde0bc21814a74763a",
          "83e30492e9e5401f730b66a5e88070391534e6cbb7aae8ee58db3121fba7996a"
        ],
        "securityToolVersion": "",
        "securityToolInfoUri": ""
      }
    },
    {
      "vulnerabilityID": "00000000-0000-0000-0000-000000000000",
      "analysisID": "b2109caa-8a1c-40ae-960c-df26d763e552",
      "createdAt": "2024-08-14T14:10:41.821982893Z",
      "vulnerabilities": {
        "vulnerabilityID": "d187ee5d-310c-4fab-a74b-fe5679c30713",
        "line": "107",
        "column": "25",
        "confidence": "MEDIUM",
        "file": "docs/howto/windows.txt",
        "code": "...\\\u003e set http_proxy=http://username:password@proxyserver:proxyport",
        "details": "(1/1) * Possible vulnerability detected: Password found in a hardcoded URL\nA password was found in a hardcoded URL, this can lead to not only the leak of this password but also a failure point to some more sophisticated CSRF and SSRF attacks. Check CWE-352 (https://cwe.mitre.org/data/definitions/352.html) and CWE-918 (https://cwe.mitre.org/data/definitions/918.html) for more details.",
        "securityTool": "HorusecEngine",
        "language": "Leaks",
        "severity": "CRITICAL",
        "type": "Vulnerability",
        "commitAuthor": "-",
        "commitEmail": "-",
        "commitHash": "-",
        "commitMessage": "-",
        "commitDate": "-",
        "rule_id": "HS-LEAKS-27",
        "vulnHash": "f2dbca52fdb177df2d9d2745bcd9d07114149e189fa65624f13904e188b96142",
        "deprecatedHashes": [
          "ccbac2f69f3f8c90c0b772b5200d3cadf08c68310290a302df4e72939d313d39",
          "ae070e45209e660dccb28d2ff7e84f82c28550d61a6c76e3d92f2fe3f2d1fa51"
        ],
        "securityToolVersion": "",
        "securityToolInfoUri": ""
      }
    },
    {
      "vulnerabilityID": "00000000-0000-0000-0000-000000000000",
      "analysisID": "b2109caa-8a1c-40ae-960c-df26d763e552",
      "createdAt": "2024-08-14T14:10:41.821983644Z",
      "vulnerabilities": {
        "vulnerabilityID": "5ab52e52-c754-406c-96a8-96d5a8e5e2d4",
        "line": "108",
        "column": "26",
        "confidence": "MEDIUM",
        "file": "docs/howto/windows.txt",
        "code": "...\\\u003e set https_proxy=https://username:password@proxyserver:proxyport",
        "details": "(1/1) * Possible vulnerability detected: Password found in a hardcoded URL\nA password was found in a hardcoded URL, this can lead to not only the leak of this password but also a failure point to some more sophisticated CSRF and SSRF attacks. Check CWE-352 (https://cwe.mitre.org/data/definitions/352.html) and CWE-918 (https://cwe.mitre.org/data/definitions/918.html) for more details.",
        "securityTool": "HorusecEngine",
        "language": "Leaks",
        "severity": "CRITICAL",
        "type": "Vulnerability",
        "commitAuthor": "-",
        "commitEmail": "-",
        "commitHash": "-",
        "commitMessage": "-",
        "commitDate": "-",
        "rule_id": "HS-LEAKS-27",
        "vulnHash": "c89a99e76df6d49ffd2eeaf134667a00d7644639faff1a15e7d222eef29b80a8",
        "deprecatedHashes": [
          "e797a138a0bcb9bcbfdb20b0c75e2113ec4923bb9b96d6d07bb85a2ab6a2bd6c",
          "7d11ef55a76092b9023746f35d7d48e9ef1e4345ce6704b672f67567bc410a1c"
        ],
        "securityToolVersion": "",
        "securityToolInfoUri": ""
      }
    },
    {
      "vulnerabilityID": "00000000-0000-0000-0000-000000000000",
      "analysisID": "b2109caa-8a1c-40ae-960c-df26d763e552",
      "createdAt": "2024-08-14T14:10:41.821984385Z",
      "vulnerabilities": {
        "vulnerabilityID": "9880ff22-53e1-4279-87bb-ae0b8301b24b",
        "line": "658",
        "column": "31",
        "confidence": "MEDIUM",
        "file": "docs/releases/1.0-porting-guide.txt",
        "code": "c.login(username='myuser', password='mypassword')",
        "details": "(1/1) * Possible vulnerability detected: Hard-coded password\nThe software contains hard-coded credentials, such as a password or cryptographic key, which it uses for its own inbound authentication, outbound communication to external components, or encryption of internal data. For more information checkout the CWE-798 (https://cwe.mitre.org/data/definitions/798.html) advisory.",
        "securityTool": "HorusecEngine",
        "language": "Leaks",
        "severity": "CRITICAL",
        "type": "Vulnerability",
        "commitAuthor": "-",
        "commitEmail": "-",
        "commitHash": "-",
        "commitMessage": "-",
        "commitDate": "-",
        "rule_id": "HS-LEAKS-26",
        "vulnHash": "96fe5378bb3c5a83ef3fc28f5a21e694da373095cf0ddb0fed4d3678aca63300",
        "deprecatedHashes": [
          "a5e68f09337c1bca9b41a6fc65ce8d7ba9cf5f06b58ed6d34ab9816895b5d6de",
          "33959eea080c5676d9f44017d3dc52f2897a7cd23bcd0c63d4a88d2028e0a338"
        ],
        "securityToolVersion": "",
        "securityToolInfoUri": ""
      }
    },
    {
      "vulnerabilityID": "00000000-0000-0000-0000-000000000000",
      "analysisID": "b2109caa-8a1c-40ae-960c-df26d763e552",
      "createdAt": "2024-08-14T14:10:41.821985177Z",
      "vulnerabilities": {
        "vulnerabilityID": "b9ee03cb-1163-48ad-b3cd-9075ebb79c99",
        "line": "189",
        "column": "41",
        "confidence": "MEDIUM",
        "file": "django/db/backends/oracle/creation.py",
        "code": "self.log('_create_test_db(): dbname = %s' % parameters['user'])",
        "details": "(1/1) * Possible vulnerability detected: Potential Hard-coded credential\nThe software contains hard-coded credentials, such as a password or cryptographic key, which it uses for its own inbound authentication, outbound communication to external components, or encryption of internal data. For more information checkout the CWE-798 (https://cwe.mitre.org/data/definitions/798.html) advisory.",
        "securityTool": "HorusecEngine",
        "language": "Leaks",
        "severity": "CRITICAL",
        "type": "Vulnerability",
        "commitAuthor": "-",
        "commitEmail": "-",
        "commitHash": "-",
        "commitMessage": "-",
        "commitDate": "-",
        "rule_id": "HS-LEAKS-25",
        "vulnHash": "ae3fdf7688e0e314a67c6b32c54d766523713208a1d60c4fa1e4c9e93317f908",
        "deprecatedHashes": [
          "559428807d0d7b96ce40357e806e223d1e261502a7483c37f0d430421c6745e4",
          "190191c60fa4f9ff97792ccf2b3545b6ae518903a7d6aefbc8e2df8d9e010ff9"
        ],
        "securityToolVersion": "",
        "securityToolInfoUri": ""
      }
    },
    {
      "vulnerabilityID": "00000000-0000-0000-0000-000000000000",
      "analysisID": "b2109caa-8a1c-40ae-960c-df26d763e552",
      "createdAt": "2024-08-14T14:10:41.821985988Z",
      "vulnerabilities": {
        "vulnerabilityID": "243b5d53-a7f6-4376-a586-d0faf30ffceb",
        "line": "255",
        "column": "54",
        "confidence": "MEDIUM",
        "file": "django/db/backends/oracle/creation.py",
        "code": "self.log('_execute_test_db_destruction(): dbname=%s' % parameters['user'])",
        "details": "(1/1) * Possible vulnerability detected: Potential Hard-coded credential\nThe software contains hard-coded credentials, such as a password or cryptographic key, which it uses for its own inbound authentication, outbound communication to external components, or encryption of internal data. For more information checkout the CWE-798 (https://cwe.mitre.org/data/definitions/798.html) advisory.",
        "securityTool": "HorusecEngine",
        "language": "Leaks",
        "severity": "CRITICAL",
        "type": "Vulnerability",
        "commitAuthor": "-",
        "commitEmail": "-",
        "commitHash": "-",
        "commitMessage": "-",
        "commitDate": "-",
        "rule_id": "HS-LEAKS-25",
        "vulnHash": "7781925d3f8d77b354f64cdba91527efec23b87e2fb6b327fb5e45abd2d89029",
        "deprecatedHashes": [
          "d8c6f948f5cfb5a373b554c7024ab53f5323eefb5518e6f02966fb676c78f24c",
          "7d693eaa46bf23d539ce4dad28246e21a41670b2cbc0be7dea4769da5538aaa3"
        ],
        "securityToolVersion": "",
        "securityToolInfoUri": ""
      }
    },
    {
      "vulnerabilityID": "00000000-0000-0000-0000-000000000000",
      "analysisID": "b2109caa-8a1c-40ae-960c-df26d763e552",
      "createdAt": "2024-08-14T14:10:41.82198675Z",
      "vulnerabilities": {
        "vulnerabilityID": "ac3dd4b0-dbba-40f7-87d4-ad278aa2a6bf",
        "line": "242",
        "column": "16",
        "confidence": "MEDIUM",
        "file": "django/db/backends/oracle/creation.py",
        "code": "set_password = 'ALTER USER %(user)s IDENTIFIED BY \"%(password)s\"'",
        "details": "(1/1) * Possible vulnerability detected: Hard-coded password\nThe software contains hard-coded credentials, such as a password or cryptographic key, which it uses for its own inbound authentication, outbound communication to external components, or encryption of internal data. For more information checkout the CWE-798 (https://cwe.mitre.org/data/definitions/798.html) advisory.",
        "securityTool": "HorusecEngine",
        "language": "Leaks",
        "severity": "CRITICAL",
        "type": "Vulnerability",
        "commitAuthor": "-",
        "commitEmail": "-",
        "commitHash": "-",
        "commitMessage": "-",
        "commitDate": "-",
        "rule_id": "HS-LEAKS-26",
        "vulnHash": "e2fa4e3065a392a4aa5687cc34c08c6dfb44c2bb03b67b19837752f6cd89ffa5",
        "deprecatedHashes": [
          "d2b3d318572b07691017022c69b628f10fd5bbb469c677a740fa7e05017b6ac9",
          "7a1ab179b8ca8b13b6ab834201a498ec4d31815b116483f75fafbde27a586a3c"
        ],
        "securityToolVersion": "",
        "securityToolInfoUri": ""
      }
    },
    {
      "vulnerabilityID": "00000000-0000-0000-0000-000000000000",
      "analysisID": "b2109caa-8a1c-40ae-960c-df26d763e552",
      "createdAt": "2024-08-14T14:10:41.821987642Z",
      "vulnerabilities": {
        "vulnerabilityID": "16de91c3-9866-4144-ba79-e98a3bb0bf4d",
        "line": "55",
        "column": "4",
        "confidence": "MEDIUM",
        "file": "docs/howto/deployment/checklist.txt",
        "code": "SECRET_KEY = os.environ['SECRET_KEY']",
        "details": "(1/1) * Possible vulnerability detected: Potential Hard-coded credential\nThe software contains hard-coded credentials, such as a password or cryptographic key, which it uses for its own inbound authentication, outbound communication to external components, or encryption of internal data. For more information checkout the CWE-798 (https://cwe.mitre.org/data/definitions/798.html) advisory.",
        "securityTool": "HorusecEngine",
        "language": "Leaks",
        "severity": "CRITICAL",
        "type": "Vulnerability",
        "commitAuthor": "-",
        "commitEmail": "-",
        "commitHash": "-",
        "commitMessage": "-",
        "commitDate": "-",
        "rule_id": "HS-LEAKS-25",
        "vulnHash": "58523b99b40a5c554f231710e18d11840488427baeef90acf7b6d88f165cf9d5",
        "deprecatedHashes": [
          "aa23758c0b5a924462a5f8966d165cd825e2891f3702ffe5a2798e7f88ca95f2",
          "9b04c883030d0afb5e235d5dd103a4a8483ac927e0fefef87406ddd42904141a"
        ],
        "securityToolVersion": "",
        "securityToolInfoUri": ""
      }
    },
    {
      "vulnerabilityID": "00000000-0000-0000-0000-000000000000",
      "analysisID": "b2109caa-8a1c-40ae-960c-df26d763e552",
      "createdAt": "2024-08-14T14:10:41.821988403Z",
      "vulnerabilities": {
        "vulnerabilityID": "456cb854-ed21-4abf-adbd-192fa13e2818",
        "line": "445",
        "column": "4",
        "confidence": "MEDIUM",
        "file": "docs/topics/testing/advanced.txt",
        "code": "SECRET_KEY = 'fake-key'",
        "details": "(1/1) * Possible vulnerability detected: Potential Hard-coded credential\nThe software contains hard-coded credentials, such as a password or cryptographic key, which it uses for its own inbound authentication, outbound communication to external components, or encryption of internal data. For more information checkout the CWE-798 (https://cwe.mitre.org/data/definitions/798.html) advisory.",
        "securityTool": "HorusecEngine",
        "language": "Leaks",
        "severity": "CRITICAL",
        "type": "Vulnerability",
        "commitAuthor": "-",
        "commitEmail": "-",
        "commitHash": "-",
        "commitMessage": "-",
        "commitDate": "-",
        "rule_id": "HS-LEAKS-25",
        "vulnHash": "661f0ed12d1748cb78a622930c9e46fbcc657ce373131f145a89430b6c6c7ee9",
        "deprecatedHashes": [
          "f08cb2367628803bcf01a98f9ee38ee66895d459e77bdcbfb41a91edb2282c03",
          "688404f35e709ba39616d95c9c5dd930c9f7624a0a0fcad09743e12df19302ab"
        ],
        "securityToolVersion": "",
        "securityToolInfoUri": ""
      }
    },
    {
      "vulnerabilityID": "00000000-0000-0000-0000-000000000000",
      "analysisID": "b2109caa-8a1c-40ae-960c-df26d763e552",
      "createdAt": "2024-08-14T14:10:41.821989165Z",
      "vulnerabilities": {
        "vulnerabilityID": "72c010e0-8389-43ab-bcf0-7d3b4a4daaf8",
        "line": "50",
        "column": "53",
        "confidence": "MEDIUM",
        "file": "docs/topics/testing/advanced.txt",
        "code": "username='jacob', email='jacob@…', password='top_secret')",
        "details": "(1/1) * Possible vulnerability detected: Hard-coded password\nThe software contains hard-coded credentials, such as a password or cryptographic key, which it uses for its own inbound authentication, outbound communication to external components, or encryption of internal data. For more information checkout the CWE-798 (https://cwe.mitre.org/data/definitions/798.html) advisory.",
        "securityTool": "HorusecEngine",
        "language": "Leaks",
        "severity": "CRITICAL",
        "type": "Vulnerability",
        "commitAuthor": "-",
        "commitEmail": "-",
        "commitHash": "-",
        "commitMessage": "-",
        "commitDate": "-",
        "rule_id": "HS-LEAKS-26",
        "vulnHash": "fc85e4329ed063c7e146947de3fa96035b99c7f888a77eb53b79d0fc46680163",
        "deprecatedHashes": [
          "00243f86bd07829770ca6c90d5176733004ed690cbcbedfc4f70a6902371ca85",
          "74dd3f9dee9738f1f8a96e3297387ee1ebefc078ce7c8e1f606659dfdc8616b4"
        ],
        "securityToolVersion": "",
        "securityToolInfoUri": ""
      }
    },
    {
      "vulnerabilityID": "00000000-0000-0000-0000-000000000000",
      "analysisID": "b2109caa-8a1c-40ae-960c-df26d763e552",
      "createdAt": "2024-08-14T14:10:41.821989926Z",
      "vulnerabilities": {
        "vulnerabilityID": "9eea1062-dcab-44c0-9d5c-ebc85d3d0f26",
        "line": "870",
        "column": "13",
        "confidence": "MEDIUM",
        "file": "docs/ref/databases.txt",
        "code": "'PASSWORD': 'a_password',",
        "details": "(1/1) * Possible vulnerability detected: Hard-coded password\nThe software contains hard-coded credentials, such as a password or cryptographic key, which it uses for its own inbound authentication, outbound communication to external components, or encryption of internal data. For more information checkout the CWE-798 (https://cwe.mitre.org/data/definitions/798.html) advisory.",
        "securityTool": "HorusecEngine",
        "language": "Leaks",
        "severity": "CRITICAL",
        "type": "Vulnerability",
        "commitAuthor": "-",
        "commitEmail": "-",
        "commitHash": "-",
        "commitMessage": "-",
        "commitDate": "-",
        "rule_id": "HS-LEAKS-26",
        "vulnHash": "d592488e5a4f813831b58be56fe07a76f529ec63cb123bfffd98cbedec7b992e",
        "deprecatedHashes": [
          "b3986d4f47a519b9f07feca99c2edd3e58ee011b488c35c1c0bd8e9048210d80",
          "baccd271d1a1216c8fd99ed52b8303f69267c0ebcbc7a6ac1e9c1872e40b3409"
        ],
        "securityToolVersion": "",
        "securityToolInfoUri": ""
      }
    },
    {
      "vulnerabilityID": "00000000-0000-0000-0000-000000000000",
      "analysisID": "b2109caa-8a1c-40ae-960c-df26d763e552",
      "createdAt": "2024-08-14T14:10:41.821990717Z",
      "vulnerabilities": {
        "vulnerabilityID": "b9a4be34-a399-4669-bcdc-e11e3255be24",
        "line": "887",
        "column": "13",
        "confidence": "MEDIUM",
        "file": "docs/ref/databases.txt",
        "code": "'PASSWORD': 'a_password',",
        "details": "(1/1) * Possible vulnerability detected: Hard-coded password\nThe software contains hard-coded credentials, such as a password or cryptographic key, which it uses for its own inbound authentication, outbound communication to external components, or encryption of internal data. For more information checkout the CWE-798 (https://cwe.mitre.org/data/definitions/798.html) advisory.",
        "securityTool": "HorusecEngine",
        "language": "Leaks",
        "severity": "CRITICAL",
        "type": "Vulnerability",
        "commitAuthor": "-",
        "commitEmail": "-",
        "commitHash": "-",
        "commitMessage": "-",
        "commitDate": "-",
        "rule_id": "HS-LEAKS-26",
        "vulnHash": "e2ee433c55621c4b781ee9eea7d2ef3298daea402ab0c04210d3d7f45ba1d808",
        "deprecatedHashes": [
          "36b567fd124ad68cb77f584cec7888a755de7597e65c20ac6d08363439f9117f",
          "a748d608cec4eca827da5b916833823058600c87ab9e0d7f0f0bc750ff06fefa"
        ],
        "securityToolVersion": "",
        "securityToolInfoUri": ""
      }
    },
    {
      "vulnerabilityID": "00000000-0000-0000-0000-000000000000",
      "analysisID": "b2109caa-8a1c-40ae-960c-df26d763e552",
      "createdAt": "2024-08-14T14:10:41.821991499Z",
      "vulnerabilities": {
        "vulnerabilityID": "2609c0b5-2600-458d-8ee1-ad0f67389fbf",
        "line": "150",
        "column": "14",
        "confidence": "MEDIUM",
        "file": "docs/topics/auth/customizing.txt",
        "code": "ADMIN_PASSWORD = 'pbkdf2_sha256$30000$Vo0VlMnkR4Bk$qEvtdyZRWTcOsCnI/oQ7fVOu1XAURIZYoOZ3iq8Dr4M='",
        "details": "(1/1) * Possible vulnerability detected: Hard-coded password\nThe software contains hard-coded credentials, such as a password or cryptographic key, which it uses for its own inbound authentication, outbound communication to external components, or encryption of internal data. For more information checkout the CWE-798 (https://cwe.mitre.org/data/definitions/798.html) advisory.",
        "securityTool": "HorusecEngine",
        "language": "Leaks",
        "severity": "CRITICAL",
        "type": "Vulnerability",
        "commitAuthor": "-",
        "commitEmail": "-",
        "commitHash": "-",
        "commitMessage": "-",
        "commitDate": "-",
        "rule_id": "HS-LEAKS-26",
        "vulnHash": "72665eb721e65c90defcc3ab7ca435a673133e1042419cc3c3fa778c1bec683f",
        "deprecatedHashes": [
          "f7fc126996e95b0b0e18f7f83ffea6c90d8b566806280d284cc9d4c993f5f9c7",
          "f1aa0d6318db87a0a50fc6922740f87746c1781c71baf793085c29198250b659"
        ],
        "securityToolVersion": "",
        "securityToolInfoUri": ""
      }
    },
    {
      "vulnerabilityID": "00000000-0000-0000-0000-000000000000",
      "analysisID": "b2109caa-8a1c-40ae-960c-df26d763e552",
      "createdAt": "2024-08-14T14:10:41.82199231Z",
      "vulnerabilities": {
        "vulnerabilityID": "57487844-465a-4405-ab87-414644e1f2e8",
        "line": "52",
        "column": "59",
        "confidence": "MEDIUM",
        "file": "docs/topics/testing/tools.txt",
        "code": "\u003e\u003e\u003e response = c.post('/login/', {'username': 'john', 'password': 'smith'})",
        "details": "(1/1) * Possible vulnerability detected: Hard-coded password\nThe software contains hard-coded credentials, such as a password or cryptographic key, which it uses for its own inbound authentication, outbound communication to external components, or encryption of internal data. For more information checkout the CWE-798 (https://cwe.mitre.org/data/definitions/798.html) advisory.",
        "securityTool": "HorusecEngine",
        "language": "Leaks",
        "severity": "CRITICAL",
        "type": "Vulnerability",
        "commitAuthor": "-",
        "commitEmail": "-",
        "commitHash": "-",
        "commitMessage": "-",
        "commitDate": "-",
        "rule_id": "HS-LEAKS-26",
        "vulnHash": "daf476ee75564d5b94c765d9de3eb0d0b1f2869e0e790ebcec5cad37c2376b9f",
        "deprecatedHashes": [
          "3a8e56426f5284f418752252809ea36bff180c98677865bece6c0d6931dcfc07",
          "9d22f204993b87fe7b057f379856ba13d4b736c941469f6f1f23221b955d38d2"
        ],
        "securityToolVersion": "",
        "securityToolInfoUri": ""
      }
    },
    {
      "vulnerabilityID": "00000000-0000-0000-0000-000000000000",
      "analysisID": "b2109caa-8a1c-40ae-960c-df26d763e552",
      "createdAt": "2024-08-14T14:10:41.821993092Z",
      "vulnerabilities": {
        "vulnerabilityID": "1524abf4-aca9-4409-b094-c4def00722d9",
        "line": "377",
        "column": "41",
        "confidence": "MEDIUM",
        "file": "docs/topics/testing/tools.txt",
        "code": "\u003e\u003e\u003e c.login(username='fred', password='secret')",
        "details": "(1/1) * Possible vulnerability detected: Hard-coded password\nThe software contains hard-coded credentials, such as a password or cryptographic key, which it uses for its own inbound authentication, outbound communication to external components, or encryption of internal data. For more information checkout the CWE-798 (https://cwe.mitre.org/data/definitions/798.html) advisory.",
        "securityTool": "HorusecEngine",
        "language": "Leaks",
        "severity": "CRITICAL",
        "type": "Vulnerability",
        "commitAuthor": "-",
        "commitEmail": "-",
        "commitHash": "-",
        "commitMessage": "-",
        "commitDate": "-",
        "rule_id": "HS-LEAKS-26",
        "vulnHash": "fa16e1d363dc80bff795a25238ee2f3558ffbdd19b0b85194515894fa2197d26",
        "deprecatedHashes": [
          "2139904f2d478e79232237824808f121d361ad0608fcee508608c4ad2bcddba7",
          "28dcbee4eb50e536a495b459786035b9487e8c12b6c435fbbd55efa97c4f9a4f"
        ],
        "securityToolVersion": "",
        "securityToolInfoUri": ""
      }
    },
    {
      "vulnerabilityID": "00000000-0000-0000-0000-000000000000",
      "analysisID": "b2109caa-8a1c-40ae-960c-df26d763e552",
      "createdAt": "2024-08-14T14:10:41.821993853Z",
      "vulnerabilities": {
        "vulnerabilityID": "33196c40-4ef3-4f53-b16b-6ae4ed83bdc1",
        "line": "210",
        "column": "52",
        "confidence": "MEDIUM",
        "file": "docs/topics/testing/tools.txt",
        "code": "\u003e\u003e\u003e c.post('/login/', {'name': 'fred', 'passwd': 'secret'})",
        "details": "(1/1) * Possible vulnerability detected: Hard-coded password\nThe software contains hard-coded credentials, such as a password or cryptographic key, which it uses for its own inbound authentication, outbound communication to external components, or encryption of internal data. For more information checkout the CWE-798 (https://cwe.mitre.org/data/definitions/798.html) advisory.",
        "securityTool": "HorusecEngine",
        "language": "Leaks",
        "severity": "CRITICAL",
        "type": "Vulnerability",
        "commitAuthor": "-",
        "commitEmail": "-",
        "commitHash": "-",
        "commitMessage": "-",
        "commitDate": "-",
        "rule_id": "HS-LEAKS-26",
        "vulnHash": "553ed02fcf81ca60a4cc7b1630f0e3b3229aa0e628d50bfaa5615f077377e601",
        "deprecatedHashes": [
          "85ce9ab19d4218bcbe435bb47b4801b17756d4b51ee452b95b38209dd6e9941a",
          "9be75d0dc34bdbaa11a276d3f5797535eeb552a4927ab4608ca36d0d609eae9a"
        ],
        "securityToolVersion": "",
        "securityToolInfoUri": ""
      }
    },
    {
      "vulnerabilityID": "00000000-0000-0000-0000-000000000000",
      "analysisID": "b2109caa-8a1c-40ae-960c-df26d763e552",
      "createdAt": "2024-08-14T14:10:41.821994615Z",
      "vulnerabilities": {
        "vulnerabilityID": "a053058b-2f6c-43f3-a60d-d9f53b9d8f30",
        "line": "285",
        "column": "61",
        "confidence": "MEDIUM",
        "file": "docs/topics/testing/tools.txt",
        "code": "\u003e\u003e\u003e c.post('/login/?visitor=true', {'name': 'fred', 'passwd': 'secret'})",
        "details": "(1/1) * Possible vulnerability detected: Hard-coded password\nThe software contains hard-coded credentials, such as a password or cryptographic key, which it uses for its own inbound authentication, outbound communication to external components, or encryption of internal data. For more information checkout the CWE-798 (https://cwe.mitre.org/data/definitions/798.html) advisory.",
        "securityTool": "HorusecEngine",
        "language": "Leaks",
        "severity": "CRITICAL",
        "type": "Vulnerability",
        "commitAuthor": "-",
        "commitEmail": "-",
        "commitHash": "-",
        "commitMessage": "-",
        "commitDate": "-",
        "rule_id": "HS-LEAKS-26",
        "vulnHash": "e73a10664e1306f54933a16e74d0048cf4f12f3accca81549c7f4025ccd53c39",
        "deprecatedHashes": [
          "2c90a9749b06821c15dbda22706d425bb49d552d4453b2316ce7cd787f31bd83",
          "b61c6988d47c5b6d2c2376355c2227b3706f74a2284d067c5d68e1fd353d5612"
        ],
        "securityToolVersion": "",
        "securityToolInfoUri": ""
      }
    },
    {
      "vulnerabilityID": "00000000-0000-0000-0000-000000000000",
      "analysisID": "b2109caa-8a1c-40ae-960c-df26d763e552",
      "createdAt": "2024-08-14T14:10:41.821995446Z",
      "vulnerabilities": {
        "vulnerabilityID": "957066c6-8e6f-455d-b981-fc49134c6286",
        "line": "102",
        "column": "14",
        "confidence": "MEDIUM",
        "file": "docs/topics/auth/default.txt",
        "code": "\u003e\u003e\u003e u.set_password('new password')",
        "details": "(1/1) * Possible vulnerability detected: Hard-coded password\nThe software contains hard-coded credentials, such as a password or cryptographic key, which it uses for its own inbound authentication, outbound communication to external components, or encryption of internal data. For more information checkout the CWE-798 (https://cwe.mitre.org/data/definitions/798.html) advisory.",
        "securityTool": "HorusecEngine",
        "language": "Leaks",
        "severity": "CRITICAL",
        "type": "Vulnerability",
        "commitAuthor": "-",
        "commitEmail": "-",
        "commitHash": "-",
        "commitMessage": "-",
        "commitDate": "-",
        "rule_id": "HS-LEAKS-26",
        "vulnHash": "40bb5ac7eb0247619da248e2fc8e97bbf3680ba9303f57abc6bfbec3d5ad9327",
        "deprecatedHashes": [
          "eb339f14f5b42ecadc2f90dd172a56ac5fac5138b5d528fdecc5b4b5743bbf4a",
          "29085bb93c11676b247c61dafdcdb3abd3a89dcd365331a8cc9fdba0949aaf84"
        ],
        "securityToolVersion": "",
        "securityToolInfoUri": ""
      }
    },
    {
      "vulnerabilityID": "00000000-0000-0000-0000-000000000000",
      "analysisID": "b2109caa-8a1c-40ae-960c-df26d763e552",
      "createdAt": "2024-08-14T14:10:41.821996207Z",
      "vulnerabilities": {
        "vulnerabilityID": "a15bbdd4-5ec0-4528-8c74-48d93b97889a",
        "line": "130",
        "column": "45",
        "confidence": "MEDIUM",
        "file": "docs/topics/auth/default.txt",
        "code": "user = authenticate(username='john', password='secret')",
        "details": "(1/1) * Possible vulnerability detected: Hard-coded password\nThe software contains hard-coded credentials, such as a password or cryptographic key, which it uses for its own inbound authentication, outbound communication to external components, or encryption of internal data. For more information checkout the CWE-798 (https://cwe.mitre.org/data/definitions/798.html) advisory.",
        "securityTool": "HorusecEngine",
        "language": "Leaks",
        "severity": "CRITICAL",
        "type": "Vulnerability",
        "commitAuthor": "-",
        "commitEmail": "-",
        "commitHash": "-",
        "commitMessage": "-",
        "commitDate": "-",
        "rule_id": "HS-LEAKS-26",
        "vulnHash": "6205e401357fa9aca5fd4f2f9b01d2e3f8fc0580eafd48c9332003910547ccc3",
        "deprecatedHashes": [
          "5daf3f44eedb3c1ecf23a1d63cf906c45934c70992659d499abcee17886010e4",
          "f61ee10c6bc693eb5b6241518b8f355e62c85764c21a6e2a734c0bdd6fdad095"
        ],
        "securityToolVersion": "",
        "securityToolInfoUri": ""
      }
    },
    {
      "vulnerabilityID": "00000000-0000-0000-0000-000000000000",
      "analysisID": "b2109caa-8a1c-40ae-960c-df26d763e552",
      "createdAt": "2024-08-14T14:10:41.821996969Z",
      "vulnerabilities": {
        "vulnerabilityID": "4567a87c-6324-4b7e-835c-2e06853ef7b8",
        "line": "509",
        "column": "13",
        "confidence": "MEDIUM",
        "file": "docs/ref/settings.txt",
        "code": "'PASSWORD': 'mypassword',",
        "details": "(1/1) * Possible vulnerability detected: Hard-coded password\nThe software contains hard-coded credentials, such as a password or cryptographic key, which it uses for its own inbound authentication, outbound communication to external components, or encryption of internal data. For more information checkout the CWE-798 (https://cwe.mitre.org/data/definitions/798.html) advisory.",
        "securityTool": "HorusecEngine",
        "language": "Leaks",
        "severity": "CRITICAL",
        "type": "Vulnerability",
        "commitAuthor": "-",
        "commitEmail": "-",
        "commitHash": "-",
        "commitMessage": "-",
        "commitDate": "-",
        "rule_id": "HS-LEAKS-26",
        "vulnHash": "556cd9ab5ce25637524b56380f073f751b6c6238a3a395d162db600d01901e12",
        "deprecatedHashes": [
          "1968948cabaa8b0c43cc4bdd72fe040498ed78a747ea5c230058fbdf4a7bdb0a",
          "231ba58eccbe983f7efc4d386200cee109199bd088222037d886d199e28222f8"
        ],
        "securityToolVersion": "",
        "securityToolInfoUri": ""
      }
    },
    {
      "vulnerabilityID": "00000000-0000-0000-0000-000000000000",
      "analysisID": "b2109caa-8a1c-40ae-960c-df26d763e552",
      "createdAt": "2024-08-14T14:10:41.821958617Z",
      "vulnerabilities": {
        "vulnerabilityID": "7a4a481e-d44e-4f06-9a53-0f2962778941",
        "line": "5",
        "column": "100",
        "confidence": "HIGH",
        "file": "django/contrib/admin/static/admin/js/actions.min.js",
        "code": "confirm(gettext(\"You have unsaved changes on individual editable fields. If you run an action, your ",
        "details": "(1/1) * Possible vulnerability detected: Alert statements should not be used\nalert(...) as well as confirm(...) and prompt(...) can be useful for debugging during development, but in production mode this kind of pop-up could expose sensitive information to attackers, and should never be displayed. For more information checkout the CWE-489 (https://cwe.mitre.org/data/definitions/489.html) advisory.",
        "securityTool": "HorusecEngine",
        "language": "JavaScript",
        "severity": "HIGH",
        "type": "Vulnerability",
        "commitAuthor": "-",
        "commitEmail": "-",
        "commitHash": "-",
        "commitMessage": "-",
        "commitDate": "-",
        "rule_id": "HS-JAVASCRIPT-16",
        "vulnHash": "c7c8b6856ee42fd2e8083d01bd1072733ae85b7f2dac1358bdd9492fbbdad2e9",
        "deprecatedHashes": [
          "e5fc61f3f38b577410fbb30fe06cbc76d50385d6ab6be30d188a02b02544bae3",
          "ecfa3836147e6496a974b353a44d42c2847272ffea77b3f31ba6ef2be7430d3b"
        ],
        "securityToolVersion": "",
        "securityToolInfoUri": ""
      }
    },
    {
      "vulnerabilityID": "00000000-0000-0000-0000-000000000000",
      "analysisID": "b2109caa-8a1c-40ae-960c-df26d763e552",
      "createdAt": "2024-08-14T14:10:41.821961803Z",
      "vulnerabilities": {
        "vulnerabilityID": "02205d53-8956-42c6-aef8-7c054d5623e1",
        "line": "6",
        "column": "0",
        "confidence": "HIGH",
        "file": "django/contrib/admin/static/admin/js/actions.min.js",
        "code": "confirm(gettext(\"You have selected an action, and you haven\\u2019t made any changes on individual fi",
        "details": "(1/1) * Possible vulnerability detected: Alert statements should not be used\nalert(...) as well as confirm(...) and prompt(...) can be useful for debugging during development, but in production mode this kind of pop-up could expose sensitive information to attackers, and should never be displayed. For more information checkout the CWE-489 (https://cwe.mitre.org/data/definitions/489.html) advisory.",
        "securityTool": "HorusecEngine",
        "language": "JavaScript",
        "severity": "HIGH",
        "type": "Vulnerability",
        "commitAuthor": "-",
        "commitEmail": "-",
        "commitHash": "-",
        "commitMessage": "-",
        "commitDate": "-",
        "rule_id": "HS-JAVASCRIPT-16",
        "vulnHash": "27564ef407807b8ed864ade61720c8b7f29cd669cdbfe6e671a3cf5185e4c03c",
        "deprecatedHashes": [
          "55ba850f2ea21f766a3372959576a60069451b14b4715e90af37faa7862470cd",
          "f7cd8b760add845a05e06f47ff09b474e6c6e29e9760f3b9fddd937bb325d427"
        ],
        "securityToolVersion": "",
        "securityToolInfoUri": ""
      }
    },
    {
      "vulnerabilityID": "00000000-0000-0000-0000-000000000000",
      "analysisID": "b2109caa-8a1c-40ae-960c-df26d763e552",
      "createdAt": "2024-08-14T14:10:41.821962655Z",
      "vulnerabilities": {
        "vulnerabilityID": "51a0c6aa-2fdb-45be-b807-adb686b1ccf0",
        "line": "4",
        "column": "10",
        "confidence": "MEDIUM",
        "file": "django/contrib/admin/static/admin/js/collapse.js",
        "code": "window.addEventListener('load', function() {",
        "details": "(1/1) * Possible vulnerability detected: Origins should be verified during cross-origin communications\nBrowsers allow message exchanges between Window objects of different origins. Because any window can send / receive messages from other window it is important to verify the sender's / receiver's identity: When sending message with postMessage method, the identity's receiver should be defined (the wildcard keyword (*) should not be used).\nWhen receiving message with message event, the sender's identity should be verified using the origin and possibly source properties. For more information checkout the OWASP A2:2017 (https://owasp.org/www-project-top-ten/2017/A2_2017-Broken_Authentication) and (https://developer.mozilla.org/en-US/docs/Web/API/Window/postMessage) advisory.",
        "securityTool": "HorusecEngine",
        "language": "JavaScript",
        "severity": "HIGH",
        "type": "Vulnerability",
        "commitAuthor": "-",
        "commitEmail": "-",
        "commitHash": "-",
        "commitMessage": "-",
        "commitDate": "-",
        "rule_id": "HS-JAVASCRIPT-11",
        "vulnHash": "6a9d14f954edc8239b3bd91cdc2899c5e5d170f0acd349c8fb4096c581ee7030",
        "deprecatedHashes": [
          "bdf877fda25f6bb81d43420415401dafff3e9913d2c78fc64a9887b6ec51381f",
          "2688938f74f7c0c2e377cd98bc78d088edc80d56dc83ada01ff1d6fae3057dd0"
        ],
        "securityToolVersion": "",
        "securityToolInfoUri": ""
      }
    },
    {
      "vulnerabilityID": "00000000-0000-0000-0000-000000000000",
      "analysisID": "b2109caa-8a1c-40ae-960c-df26d763e552",
      "createdAt": "2024-08-14T14:10:41.821963446Z",
      "vulnerabilities": {
        "vulnerabilityID": "f701b3c1-69ae-4304-a581-841e40f2fd88",
        "line": "1",
        "column": "19",
        "confidence": "MEDIUM",
        "file": "django/contrib/admin/static/admin/js/collapse.min.js",
        "code": ".addEventListener(\"load\",function(){var c=document.querySelectorAll(\"fieldset.collapse\");for(const [",
        "details": "(1/1) * Possible vulnerability detected: Origins should be verified during cross-origin communications\nBrowsers allow message exchanges between Window objects of different origins. Because any window can send / receive messages from other window it is important to verify the sender's / receiver's identity: When sending message with postMessage method, the identity's receiver should be defined (the wildcard keyword (*) should not be used).\nWhen receiving message with message event, the sender's identity should be verified using the origin and possibly source properties. For more information checkout the OWASP A2:2017 (https://owasp.org/www-project-top-ten/2017/A2_2017-Broken_Authentication) and (https://developer.mozilla.org/en-US/docs/Web/API/Window/postMessage) advisory.",
        "securityTool": "HorusecEngine",
        "language": "JavaScript",
        "severity": "HIGH",
        "type": "Vulnerability",
        "commitAuthor": "-",
        "commitEmail": "-",
        "commitHash": "-",
        "commitMessage": "-",
        "commitDate": "-",
        "rule_id": "HS-JAVASCRIPT-11",
        "vulnHash": "6d62f286f781cc61e8f3a8ddde218991937360118181d1567dc7f2e108404259",
        "deprecatedHashes": [
          "3d4dd07402896c79e2256b7e587e700611e02d1dc8d95a032aced53091a7f9e7",
          "053d6d40fdbf4c2053109a5bd65f3d75be41addfae3304c0468646c82493951e"
        ],
        "securityToolVersion": "",
        "securityToolInfoUri": ""
      }
    },
    {
      "vulnerabilityID": "00000000-0000-0000-0000-000000000000",
      "analysisID": "b2109caa-8a1c-40ae-960c-df26d763e552",
      "createdAt": "2024-08-14T14:10:41.821964208Z",
      "vulnerabilities": {
        "vulnerabilityID": "dbfbeecb-7775-4a4d-9737-079c91e1cbb4",
        "line": "27",
        "column": "24",
        "confidence": "MEDIUM",
        "file": "django/contrib/admin/static/admin/js/nav_sidebar.js",
        "code": "toggleNavSidebar.addEventListener('click', function() {",
        "details": "(1/1) * Possible vulnerability detected: Origins should be verified during cross-origin communications\nBrowsers allow message exchanges between Window objects of different origins. Because any window can send / receive messages from other window it is important to verify the sender's / receiver's identity: When sending message with postMessage method, the identity's receiver should be defined (the wildcard keyword (*) should not be used).\nWhen receiving message with message event, the sender's identity should be verified using the origin and possibly source properties. For more information checkout the OWASP A2:2017 (https://owasp.org/www-project-top-ten/2017/A2_2017-Broken_Authentication) and (https://developer.mozilla.org/en-US/docs/Web/API/Window/postMessage) advisory.",
        "securityTool": "HorusecEngine",
        "language": "JavaScript",
        "severity": "HIGH",
        "type": "Vulnerability",
        "commitAuthor": "-",
        "commitEmail": "-",
        "commitHash": "-",
        "commitMessage": "-",
        "commitDate": "-",
        "rule_id": "HS-JAVASCRIPT-11",
        "vulnHash": "50df8a905cd6fc5103dca4d65f167f37401ecaa77ce47526a77b8411c09ff790",
        "deprecatedHashes": [
          "b278b9134e0d7439c5192003d157e2450f9512f84c5c0e26b30c553744825def",
          "501e4b3dbba74844badb956349390e52ae250f150d620209bd99d482aef0cd0e"
        ],
        "securityToolVersion": "",
        "securityToolInfoUri": ""
      }
    },
    {
      "vulnerabilityID": "00000000-0000-0000-0000-000000000000",
      "analysisID": "b2109caa-8a1c-40ae-960c-df26d763e552",
      "createdAt": "2024-08-14T14:10:41.821965661Z",
      "vulnerabilities": {
        "vulnerabilityID": "1149c39b-86d4-42e5-a806-bb7296fd3239",
        "line": "118",
        "column": "23",
        "confidence": "HIGH",
        "file": "django/contrib/admin/static/admin/js/actions.js",
        "code": "\"You have unsaved changes on individual editable fields. If you run an action, your unsaved changes ",
        "details": "(1/1) * Possible vulnerability detected: Alert statements should not be used\nalert(...) as well as confirm(...) and prompt(...) can be useful for debugging during development, but in production mode this kind of pop-up could expose sensitive information to attackers, and should never be displayed. For more information checkout the CWE-489 (https://cwe.mitre.org/data/definitions/489.html) advisory.",
        "securityTool": "HorusecEngine",
        "language": "JavaScript",
        "severity": "HIGH",
        "type": "Vulnerability",
        "commitAuthor": "-",
        "commitEmail": "-",
        "commitHash": "-",
        "commitMessage": "-",
        "commitDate": "-",
        "rule_id": "HS-JAVASCRIPT-16",
        "vulnHash": "1097a30de2283d1adc4ad89f0e06cb7fe5ac3449685c3eaadcb3a35f45e66a98",
        "deprecatedHashes": [
          "b542f4463048ce5ab0c349a645d2a459c101b0e9fbf55109b14ecd5c29348f90",
          "f92516dbc29587672a9bb1b4216e495c72ff8a0e2b02b55b0db8b4d49b76598c"
        ],
        "securityToolVersion": "",
        "securityToolInfoUri": ""
      }
    },
    {
      "vulnerabilityID": "00000000-0000-0000-0000-000000000000",
      "analysisID": "b2109caa-8a1c-40ae-960c-df26d763e552",
      "createdAt": "2024-08-14T14:10:41.821966342Z",
      "vulnerabilities": {
        "vulnerabilityID": "e5b96f1d-d9df-4122-bd63-339d21810670",
        "line": "130",
        "column": "27",
        "confidence": "HIGH",
        "file": "django/contrib/admin/static/admin/js/actions.js",
        "code": " have selected an action, but you haven’t saved your changes to individual fields yet. Please clic",
        "details": "(1/1) * Possible vulnerability detected: Alert statements should not be used\nalert(...) as well as confirm(...) and prompt(...) can be useful for debugging during development, but in production mode this kind of pop-up could expose sensitive information to attackers, and should never be displayed. For more information checkout the CWE-489 (https://cwe.mitre.org/data/definitions/489.html) advisory.",
        "securityTool": "HorusecEngine",
        "language": "JavaScript",
        "severity": "HIGH",
        "type": "Vulnerability",
        "commitAuthor": "-",
        "commitEmail": "-",
        "commitHash": "-",
        "commitMessage": "-",
        "commitDate": "-",
        "rule_id": "HS-JAVASCRIPT-16",
        "vulnHash": "f8c77753aac9ec7bed7a0d0aaac931b51514e2d4053457d3976d2f59b0e73253",
        "deprecatedHashes": [
          "2fbdc35fbd03c71c3db65663f3289be87a537821c89ef8e406bfda03688e517b",
          "6de15b782c19ed3421a5942d396ed337a33177dd42095a296eec1bca02fa0528"
        ],
        "securityToolVersion": "",
        "securityToolInfoUri": ""
      }
    },
    {
      "vulnerabilityID": "00000000-0000-0000-0000-000000000000",
      "analysisID": "b2109caa-8a1c-40ae-960c-df26d763e552",
      "createdAt": "2024-08-14T14:10:41.821967164Z",
      "vulnerabilities": {
        "vulnerabilityID": "6b790a27-4e97-4255-99a9-45b51011f050",
        "line": "132",
        "column": "27",
        "confidence": "HIGH",
        "file": "django/contrib/admin/static/admin/js/actions.js",
        "code": " have selected an action, and you haven’t made any changes on individual fields. You’re probably",
        "details": "(1/1) * Possible vulnerability detected: Alert statements should not be used\nalert(...) as well as confirm(...) and prompt(...) can be useful for debugging during development, but in production mode this kind of pop-up could expose sensitive information to attackers, and should never be displayed. For more information checkout the CWE-489 (https://cwe.mitre.org/data/definitions/489.html) advisory.",
        "securityTool": "HorusecEngine",
        "language": "JavaScript",
        "severity": "HIGH",
        "type": "Vulnerability",
        "commitAuthor": "-",
        "commitEmail": "-",
        "commitHash": "-",
        "commitMessage": "-",
        "commitDate": "-",
        "rule_id": "HS-JAVASCRIPT-16",
        "vulnHash": "e78e4e252e917be3d8de3f079ab11fed0111aa84dc85bfce230fe8399de77709",
        "deprecatedHashes": [
          "f1e66f289843b2dc58d2e9dc8a885bcf0daff48504ae2eeed97249f1c89cdd3f",
          "4eb051ff7b341935f5fd9bf127abf08b14ec8947ede6c67f78329f604b0c7c2c"
        ],
        "securityToolVersion": "",
        "securityToolInfoUri": ""
      }
    },
    {
      "vulnerabilityID": "00000000-0000-0000-0000-000000000000",
      "analysisID": "b2109caa-8a1c-40ae-960c-df26d763e552",
      "createdAt": "2024-08-14T14:10:41.821967975Z",
      "vulnerabilities": {
        "vulnerabilityID": "7e54b47c-b0df-4ed6-a542-e86c2f086fe4",
        "line": "112",
        "column": "22",
        "confidence": "MEDIUM",
        "file": "django/contrib/admin/static/admin/js/SelectFilter2.js",
        "code": "choose_all.addEventListener('click', function(e) {",
        "details": "(1/1) * Possible vulnerability detected: Origins should be verified during cross-origin communications\nBrowsers allow message exchanges between Window objects of different origins. Because any window can send / receive messages from other window it is important to verify the sender's / receiver's identity: When sending message with postMessage method, the identity's receiver should be defined (the wildcard keyword (*) should not be used).\nWhen receiving message with message event, the sender's identity should be verified using the origin and possibly source properties. For more information checkout the OWASP A2:2017 (https://owasp.org/www-project-top-ten/2017/A2_2017-Broken_Authentication) and (https://developer.mozilla.org/en-US/docs/Web/API/Window/postMessage) advisory.",
        "securityTool": "HorusecEngine",
        "language": "JavaScript",
        "severity": "HIGH",
        "type": "Vulnerability",
        "commitAuthor": "-",
        "commitEmail": "-",
        "commitHash": "-",
        "commitMessage": "-",
        "commitDate": "-",
        "rule_id": "HS-JAVASCRIPT-11",
        "vulnHash": "6303b09789df692e47f2b38a171eb00a652f6151d97b9f2543b5e4d0688bf7ea",
        "deprecatedHashes": [
          "1ffade6a6f8ad6e340e5b0b3636439b8e4c6b7b81e1952d19f34a5773792bcc3",
          "9b9ba2153cfa2bbcf6ba2f327c6d905f8c32c613057c94a80fab2e278a034baf"
        ],
        "securityToolVersion": "",
        "securityToolInfoUri": ""
      }
    },
    {
      "vulnerabilityID": "00000000-0000-0000-0000-000000000000",
      "analysisID": "b2109caa-8a1c-40ae-960c-df26d763e552",
      "createdAt": "2024-08-14T14:10:41.821968736Z",
      "vulnerabilities": {
        "vulnerabilityID": "0bf9e906-466a-4745-a89f-d1213740b3cc",
        "line": "114",
        "column": "20",
        "confidence": "MEDIUM",
        "file": "django/contrib/admin/static/admin/js/admin/DateTimeShortcuts.js",
        "code": "now_link.addEventListener('click', function(e) {",
        "details": "(1/1) * Possible vulnerability detected: Origins should be verified during cross-origin communications\nBrowsers allow message exchanges between Window objects of different origins. Because any window can send / receive messages from other window it is important to verify the sender's / receiver's identity: When sending message with postMessage method, the identity's receiver should be defined (the wildcard keyword (*) should not be used).\nWhen receiving message with message event, the sender's identity should be verified using the origin and possibly source properties. For more information checkout the OWASP A2:2017 (https://owasp.org/www-project-top-ten/2017/A2_2017-Broken_Authentication) and (https://developer.mozilla.org/en-US/docs/Web/API/Window/postMessage) advisory.",
        "securityTool": "HorusecEngine",
        "language": "JavaScript",
        "severity": "HIGH",
        "type": "Vulnerability",
        "commitAuthor": "-",
        "commitEmail": "-",
        "commitHash": "-",
        "commitMessage": "-",
        "commitDate": "-",
        "rule_id": "HS-JAVASCRIPT-11",
        "vulnHash": "93296a27aecd1f8cce4f653c79d680bcddb8955ca55a5dd3fba0f075249d7ade",
        "deprecatedHashes": [
          "4ba6e660580ac094ac8236668feef267254374d00825c36a9693952757dc1ba6",
          "c2229200ce430e320d6d448cc516d223257f8a068ed0a2d7c379445e25d2dca8"
        ],
        "securityToolVersion": "",
        "securityToolInfoUri": ""
      }
    }
  ]
}