{
	"vulasReport": {
		"generatedAt": "12.08.2024 13:21 +0000",
		"generatedFor": {
			"space": "DCF9C107C393796DCCF0732992552AC9",
			"groupId": "com.thoughtworks.xstream",
			"artifactId": "xstream-parent",
			"version": "1.4.15"
		},
		"isAggregated": false,
	
		"aggregatedModules": [],
	
		"configuration": [
			{ "name": "exceptionThreshold",
			  "value": "noException" },
			{ "name": "exemptScopes",
			  "value": "TEST, PROVIDED" },
			{ "name": "exemptBugs",
			  "value": "" }
		],
	
		"vulnerabilities": [
		
		]
	}
}
