Experiment ID,Experiment Date,Experiment Runner Environment,Experiment Runner Operating System,Experiment Runner Architecture,Experiment Project Name,Experiment Package Manager,GitHub Repository URL,GitHub Organisation,GitHub Repository Name,GitHub Repository Tag Name,GitHub Repository Tag Commit,GitHub Repository Tag Date,GitHub Repository Tag Author,GitHub Repository Tag Verified,GitHub Repository Tag Reason
2,2024-08-14,Github-Hosted,Linux,X64,H6060-Python-Requests,Pypi,https://github.com/psf/requests,psf,requests,v0.2.1,9855f2c0b1e067a11297040aa6e0a2778316ca49,2011-02-14T15:46:40Z,me@kennethreitz.com,False,unsigned
2,2024-08-14,Github-Hosted,Linux,X64,H6060-Python-Requests,Pypi,https://github.com/psf/requests,psf,requests,v0.2.2,8a96739c2ea36950da118f6e03724ea8579cdfb6,2011-02-14T17:59:06Z,me@kennethreitz.com,False,unsigned
2,2024-08-14,Github-Hosted,Linux,X64,H6060-Python-Requests,Pypi,https://github.com/psf/requests,psf,requests,v0.2.3,b1e2ed4aa780b86220c7b59f97ca59b3b43dbb9a,2011-02-15T14:46:55Z,me@kennethreitz.com,False,unsigned
2,2024-08-14,Github-Hosted,Linux,X64,H6060-Python-Requests,Pypi,https://github.com/psf/requests,psf,requests,v0.2.4,28564dded095bd2b13100cb3a62f28712aa1af67,2011-02-19T06:03:39Z,me@kennethreitz.com,False,unsigned
2,2024-08-14,Github-Hosted,Linux,X64,H6060-Python-Requests,Pypi,https://github.com/psf/requests,psf,requests,v0.3.0,793bdfda919f00bb1491c2d36ac854528498f2af,2011-02-25T14:00:23Z,me@kennethreitz.com,False,unsigned
2,2024-08-14,Github-Hosted,Linux,X64,H6060-Python-Requests,Pypi,https://github.com/psf/requests,psf,requests,v0.3.2,7f20e154f9253404ab4259cf3c8e5f40a494bb99,2011-04-15T21:29:30Z,me@kennethreitz.com,False,unsigned
2,2024-08-14,Github-Hosted,Linux,X64,H6060-Python-Requests,Pypi,https://github.com/psf/requests,psf,requests,v0.3.3,bcbbbdad9e1b635006995cda150e30adb1e8992a,2011-05-12T08:02:16Z,me@kennethreitz.com,False,unsigned
2,2024-08-14,Github-Hosted,Linux,X64,H6060-Python-Requests,Pypi,https://github.com/psf/requests,psf,requests,v0.3.4,e7879ee67330b511c3b377b5d58896ea83d2cbca,2011-05-14T18:31:24Z,me@kennethreitz.com,False,unsigned
2,2024-08-14,Github-Hosted,Linux,X64,H6060-Python-Requests,Pypi,https://github.com/psf/requests,psf,requests,v0.4.0,ea116fabfa2c526464760ab1ecdc4f0e3add07d8,2011-05-15T03:58:01Z,me@kennethreitz.com,False,unsigned
2,2024-08-14,Github-Hosted,Linux,X64,H6060-Python-Requests,Pypi,https://github.com/psf/requests,psf,requests,v0.4.1,893fc43efd94d95cf900985a7970247a162dc5bf,2011-05-22T18:16:48Z,me@kennethreitz.com,False,unsigned
2,2024-08-14,Github-Hosted,Linux,X64,H6060-Python-Requests,Pypi,https://github.com/psf/requests,psf,requests,v0.5.0,b6f59048b151553755b3003d7f6e009e132bc29a,2011-06-22T02:44:02Z,me@kennethreitz.com,False,unsigned
2,2024-08-14,Github-Hosted,Linux,X64,H6060-Python-Requests,Pypi,https://github.com/psf/requests,psf,requests,v0.5.1,3bfeca1a989271645e4f43d5efcedf75595993e2,2011-07-24T02:59:16Z,me@kennethreitz.com,False,unsigned
2,2024-08-14,Github-Hosted,Linux,X64,H6060-Python-Requests,Pypi,https://github.com/psf/requests,psf,requests,v0.6.3,a9d64918698bdcf04fc07905c259b92ce3849c9a,2011-10-14T01:33:55Z,me@kennethreitz.com,False,unsigned
2,2024-08-14,Github-Hosted,Linux,X64,H6060-Python-Requests,Pypi,https://github.com/psf/requests,psf,requests,v0.6.4,cb73939870ac334746f6bd4be5c18e97b6340e3d,2011-10-14T02:23:04Z,me@kennethreitz.com,False,unsigned
2,2024-08-14,Github-Hosted,Linux,X64,H6060-Python-Requests,Pypi,https://github.com/psf/requests,psf,requests,v2.13.0,75d5148f6e0a838eac6f1cd9245176afc54dbb07,2017-01-24T12:32:29Z,graffatcolmingov@gmail.com,True,valid
2,2024-08-14,Github-Hosted,Linux,X64,H6060-Python-Requests,Pypi,https://github.com/psf/requests,psf,requests,v2.19.0,08061b3927ee8f02d62761fb0857282f24e1a593,2018-06-12T14:42:44Z,Nate.Prewitt@gmail.com,False,unsigned
2,2024-08-14,Github-Hosted,Linux,X64,H6060-Python-Requests,Pypi,https://github.com/psf/requests,psf,requests,v2.27.0,dfea861c7d34d1ba52b42ce27116b855ec1e1a8e,2022-01-03T15:01:30Z,nate.prewitt@gmail.com,True,valid
2,2024-08-14,Github-Hosted,Linux,X64,H6060-Python-Requests,Pypi,https://github.com/psf/requests,psf,requests,v2.27.1,866d2365f5d83092fd6ecc92f4519b228b662bc5,2022-01-05T15:38:42Z,nate.prewitt@gmail.com,True,valid
2,2024-08-14,Github-Hosted,Linux,X64,H6060-Python-Requests,Pypi,https://github.com/psf/requests,psf,requests,v2.28.2,a5ae13a7fb181f58a80b4931f2fa01969c2cb5d2,2023-01-12T16:25:44Z,nate.prewitt@gmail.com,True,valid
2,2024-08-14,Github-Hosted,Linux,X64,H6060-Python-Requests,Pypi,https://github.com/psf/requests,psf,requests,v2.29.0,e99ad806d639b20de1c442c7a8b6e0d92fe0e44c,2023-04-26T15:20:42Z,nate.prewitt@gmail.com,True,valid
2,2024-08-14,Github-Hosted,Linux,X64,H6060-Python-Requests,Pypi,https://github.com/psf/requests,psf,requests,v2.30.0,4f9229fc13def17c02b6347a29977172b537b8e9,2023-05-03T15:42:03Z,nate.prewitt@gmail.com,True,valid
2,2024-08-14,Github-Hosted,Linux,X64,H6060-Python-Requests,Pypi,https://github.com/psf/requests,psf,requests,v2.31.0,0106aced5faa299e6ede89d1230bd6784f2c3660,2023-05-22T15:24:03Z,nate.prewitt@gmail.com,True,valid
2,2024-08-14,Github-Hosted,Linux,X64,H6060-Python-Requests,Pypi,https://github.com/psf/requests,psf,requests,v2.32.0,c8e3a8047fc9a57a458d459ab75c0fe8f6d4f990,2024-05-20T15:48:32Z,nate.prewitt@gmail.com,False,unsigned
2,2024-08-14,Github-Hosted,Linux,X64,H6060-Python-Requests,Pypi,https://github.com/psf/requests,psf,requests,v2.32.1,31ce0e2752331d9e1437d4e3a5a9d4037235d8eb,2024-05-20T22:09:05Z,nate.prewitt@gmail.com,False,unsigned
2,2024-08-14,Github-Hosted,Linux,X64,H6060-Python-Requests,Pypi,https://github.com/psf/requests,psf,requests,v2.32.2,42fd321bf54290135de00306e4e24b1d6a27b046,2024-05-21T18:49:58Z,nate.prewitt@gmail.com,False,unsigned
2,2024-08-14,Github-Hosted,Linux,X64,H6060-Python-Requests,Pypi,https://github.com/psf/requests,psf,requests,v2.32.3,61e2240f283f15780ac2d0e2cfefb0fd6fdab627,2024-05-29T15:37:57Z,nate.prewitt@gmail.com,False,unsigned
2,2024-08-14,Github-Hosted,Linux,X64,H6060-Python-Requests,Pypi,https://github.com/psf/requests,psf,requests,v2.5.0,522c0f673ecd7cc55d254767e0b4fd7150f29a66,2014-12-01T23:23:14Z,ian.cordasco@rackspace.com,False,unsigned
2,2024-08-14,Github-Hosted,Linux,X64,H6060-Python-Requests,Pypi,https://github.com/psf/requests,psf,requests,v2.5.1,24ef3706f1113bb47dc2fd0fff3c412fe0591456,2014-12-23T17:54:13Z,ian.cordasco@rackspace.com,False,unsigned
2,2024-08-14,Github-Hosted,Linux,X64,H6060-Python-Requests,Pypi,https://github.com/psf/requests,psf,requests,v2.5.2,da4bbd68f309a04fe2b90914a29392186a2dabb8,2015-02-23T22:36:17Z,graffatcolmingov@gmail.com,False,unsigned
2,2024-08-14,Github-Hosted,Linux,X64,H6060-Python-Requests,Pypi,https://github.com/psf/requests,psf,requests,v2.5.3,73d89b4c0c5cfff1f5d0b985eafb8382b9d5d271,2015-02-24T16:30:27Z,ian.cordasco@rackspace.com,False,unsigned
2,2024-08-14,Github-Hosted,Linux,X64,H6060-Python-Requests,Pypi,https://github.com/psf/requests,psf,requests,v2.6.0,5073912dbfc46ef5bebb3f4572a0b7f58cfdd31e,2015-03-14T16:43:57Z,graffatcolmingov@gmail.com,False,unsigned
2,2024-08-14,Github-Hosted,Linux,X64,H6060-Python-Requests,Pypi,https://github.com/psf/requests,psf,requests,v2.6.1,1b6459845543d707ffba7cb3820ea4c0d5e19691,2015-04-23T02:22:50Z,graffatcolmingov@gmail.com,False,unsigned
2,2024-08-14,Github-Hosted,Linux,X64,H6060-Python-Requests,Pypi,https://github.com/psf/requests,psf,requests,v2.6.2,b174061bf9d89ab2fc3bf657f4703473646a1ca4,2015-04-23T16:29:20Z,ian.cordasco@rackspace.com,False,unsigned
