{
  "$schema": "https://raw.githubusercontent.com/oasis-tcs/sarif-spec/master/Schemata/sarif-schema-2.1.0.json",
  "version": "2.1.0",
  "runs": [
    {
      "tool": {
        "driver": {
          "name": "SnykCode",
          "semanticVersion": "1.0.0",
          "version": "1.0.0",
          "rules": [
            {
              "id": "python/InsecureHash",
              "name": "InsecureHash",
              "shortDescription": {
                "text": "Use of Password Hash With Insufficient Computational Effort"
              },
              "defaultConfiguration": {
                "level": "note"
              },
              "help": {
                "markdown": "\n## Details\n\nSensitive information should never be stored in plain text, since this makes it very easy for unauthorized users, whether malicious insiders or outside attackers, to access. Hashing methods are used to make stored passwords and other sensitive data unreadable to users. For example, when a password is defined for the first time, it is hashed and then stored. The next time that user attempts to log on, the password they enter is hashed following the same procedure and compared with the stored value. In this way, the original password never needs to be stored in the system.\n\nHashing is a one-way scheme, meaning a hashed password cannot be reverse engineered. However, if an outdated or custom programmed hashing scheme is used, it becomes simple for an attacker with powerful modern computing power to gain access to the hashes used. This opens up access to all stored password information, leading to breached security. Therefore, it is essential for developers to understand modern, secure password hashing techniques.\n\n## Best practices for prevention\n* Use strong standard algorithms for hashing rather than simpler but outdated methods or DIY hashing schemes, which may have inherent weaknesses.\n* Use modular design for all code dealing with hashing so it can be swapped out as security standards change over time.\n* Use salting in combination with hashing (While this places more demands on resources, it is an essential step for tighter security.).\n* Implement zero-trust architecture to ensure that access to password data is granted only for legitimate business purposes.\n* Increase developer awareness of current standards in data security and cryptography.",
                "text": ""
              },
              "properties": {
                "tags": [
                  "python",
                  "InsecureHash",
                  "Security"
                ],
                "categories": [
                  "Security"
                ],
                "exampleCommitFixes": [
                  {
                    "commitURL": "https://github.com/kiwitcms/Kiwi/commit/e17c071623e055c24a0fdf203991819d446c8f09?diff=split#diff-aa51d9851848643981397fb834fa01bae8fba8ff6f1af7bcd7c711b007a0433aL-1",
                    "lines": [
                      {
                        "line": "md5 = hashlib.md5()\n",
                        "lineNumber": 7,
                        "lineChange": "removed"
                      },
                      {
                        "line": "md5.update(value.encode(\"UTF-8\"))\n",
                        "lineNumber": 8,
                        "lineChange": "removed"
                      },
                      {
                        "line": "return md5.hexdigest()\n",
                        "lineNumber": 9,
                        "lineChange": "removed"
                      },
                      {
                        "line": "_checksum = hashlib.sha256()\n",
                        "lineNumber": 7,
                        "lineChange": "added"
                      },
                      {
                        "line": "_checksum.update(value.encode(\"UTF-8\"))\n",
                        "lineNumber": 8,
                        "lineChange": "added"
                      },
                      {
                        "line": "return _checksum.hexdigest()\n",
                        "lineNumber": 9,
                        "lineChange": "added"
                      }
                    ]
                  },
                  {
                    "commitURL": "https://github.com/mozilla/amo-validator/commit/1557fa06a96966a6fbacd1733383ae83ad3b0614?diff=split#diff-98ef2e4adee9bbea1bbbd8f184af864ebe80f96ee44e6729e6c74b3ff9aa3147L-1",
                    "lines": [
                      {
                        "line": "hash = hashlib.sha1(open(path).read()).hexdigest()\n",
                        "lineNumber": 10,
                        "lineChange": "removed"
                      },
                      {
                        "line": "hash = hashlib.sha256(open(path).read()).hexdigest()\n",
                        "lineNumber": 10,
                        "lineChange": "added"
                      }
                    ]
                  },
                  {
                    "commitURL": "https://github.com/ssfdust/full-stack-flask-smorest/commit/1b364164630cade9a86fc295850c7781fd4a7241?diff=split#diff-c14286914504e87a0adbd9123450ec1bb5484583d1db033876f3df4159371531L-1",
                    "lines": [
                      {
                        "line": "from hashlib import md5\n",
                        "lineNumber": 5,
                        "lineChange": "removed"
                      },
                      {
                        "line": "from app.utils.secure import encrypt_str\n",
                        "lineNumber": 5,
                        "lineChange": "added"
                      },
                      {
                        "line": "\n",
                        "lineNumber": 6,
                        "lineChange": "none"
                      },
                      {
                        "line": "\n",
                        "lineNumber": 7,
                        "lineChange": "none"
                      },
                      {
                        "line": "class TestAuth():\n",
                        "lineNumber": 8,
                        "lineChange": "none"
                      },
                      {
                        "line": "\n",
                        "lineNumber": 9,
                        "lineChange": "none"
                      },
                      {
                        "line": "    def test_auth(self, flask_app, flask_app_client, regular_user):\n",
                        "lineNumber": 10,
                        "lineChange": "none"
                      },
                      {
                        "line": "        user_hash = md5(regular_user.email.encode('utf-8')).hexdigest()\n",
                        "lineNumber": 11,
                        "lineChange": "removed"
                      },
                      {
                        "line": "        user_hash = encrypt_str(regular_user.email)\n",
                        "lineNumber": 11,
                        "lineChange": "added"
                      }
                    ]
                  }
                ],
                "exampleCommitDescriptions": [],
                "precision": "very-high",
                "repoDatasetSize": 144,
                "cwe": [
                  "CWE-916"
                ]
              }
            },
            {
              "id": "python/NoHardcodedPasswords/test",
              "name": "NoHardcodedPasswords/test",
              "shortDescription": {
                "text": "Use of Hardcoded Credentials"
              },
              "defaultConfiguration": {
                "level": "note"
              },
              "help": {
                "markdown": "\n## Details\n\nDevelopers may use hardcoded credentials for convenience when coding in order to simplify their workflow. While they are responsible for removing these before production, occasionally this task may fall through the cracks. This also becomes a maintenance challenge when credentials are re-used across multiple applications.\n\nOnce attackers gain access, they may take advantage of privilege level to remove or alter data, take down a site or app, or hold any of the above for ransom. The risk across multiple similar projects is even greater. If code containing the credentials is reused across multiple projects, they will all be compromised.\n\n## Best practices for prevention\n* Plan software architecture such that keys and passwords are always stored outside the code, wherever possible.\n* Plan encryption into software architecture for all credential information and ensure proper handling of keys, credentials, and passwords.\n* Prompt for a secure password on first login rather than hard-code a default password.\n* If a hardcoded password or credential must be used, limit its use, for example, to system console users rather than via the network.\n* Use strong hashes for inbound password authentication, ideally with randomly assigned salts to increase the difficulty level in case of brute-force attack.",
                "text": ""
              },
              "properties": {
                "tags": [
                  "python",
                  "NoHardcodedPasswords",
                  "Security",
                  "InTest"
                ],
                "categories": [
                  "Security",
                  "InTest"
                ],
                "exampleCommitFixes": [
                  {
                    "commitURL": "https://github.com/badoo/pyexasol/commit/2dd19536a268bc5f0f01ae24fb6a09daa77a1834?diff=split#diff-8cf1c2175341bd9af5c9e80eba3597eac42d73c57fb275edf6ba6687af3061cbL-1",
                    "lines": [
                      {
                        "line": "dsn = 'exasol-dev.mlan:8563'\n",
                        "lineNumber": 0,
                        "lineChange": "removed"
                      },
                      {
                        "line": "user = 'SYS'\n",
                        "lineNumber": 1,
                        "lineChange": "removed"
                      },
                      {
                        "line": "password = 'exasol'\n",
                        "lineNumber": 2,
                        "lineChange": "removed"
                      },
                      {
                        "line": "schema = 'PYEXASOL_TEST'\n",
                        "lineNumber": 3,
                        "lineChange": "removed"
                      },
                      {
                        "line": "import os\n",
                        "lineNumber": 0,
                        "lineChange": "added"
                      },
                      {
                        "line": "\n",
                        "lineNumber": 1,
                        "lineChange": "added"
                      },
                      {
                        "line": "dsn = os.environ.get('EXAHOST', 'exasol-dev.mlan:8563')\n",
                        "lineNumber": 2,
                        "lineChange": "added"
                      },
                      {
                        "line": "user = os.environ.get('EXAUID', 'SYS')\n",
                        "lineNumber": 3,
                        "lineChange": "added"
                      },
                      {
                        "line": "password = os.environ.get('EXAPWD', 'exasol')\n",
                        "lineNumber": 4,
                        "lineChange": "added"
                      },
                      {
                        "line": "schema = os.environ.get('EXASCHEMA', 'PYEXASOL_TEST')\n",
                        "lineNumber": 5,
                        "lineChange": "added"
                      }
                    ]
                  },
                  {
                    "commitURL": "https://github.com/dashpay/sentinel/commit/15cd95d9662b726301c46efcdfe5738cbf22614f?diff=split#diff-64b1ab22a02a67f026631c29469d2eef15f09367f37f6127e29b09c9e0578a45L-1",
                    "lines": [
                      {
                        "line": "db = MySQLDatabase('sentinel', host='127.0.0.1', user='dashdrive', passwd='dashdrive')\n",
                        "lineNumber": 4,
                        "lineChange": "removed"
                      },
                      {
                        "line": "import os\n",
                        "lineNumber": 4,
                        "lineChange": "added"
                      },
                      {
                        "line": "import sys\n",
                        "lineNumber": 5,
                        "lineChange": "added"
                      },
                      {
                        "line": "sys.path.append( os.path.join( os.path.dirname(__file__), '..' ) )\n",
                        "lineNumber": 6,
                        "lineChange": "added"
                      },
                      {
                        "line": "import config\n",
                        "lineNumber": 7,
                        "lineChange": "added"
                      },
                      {
                        "line": "\n",
                        "lineNumber": 8,
                        "lineChange": "added"
                      },
                      {
                        "line": "env = os.environ.get('SENTINEL_ENV') or 'production'\n",
                        "lineNumber": 9,
                        "lineChange": "added"
                      },
                      {
                        "line": "db_cfg = config.db[env]\n",
                        "lineNumber": 10,
                        "lineChange": "added"
                      },
                      {
                        "line": "dbname = db_cfg.pop('database')\n",
                        "lineNumber": 11,
                        "lineChange": "added"
                      },
                      {
                        "line": "\n",
                        "lineNumber": 12,
                        "lineChange": "added"
                      },
                      {
                        "line": "db = MySQLDatabase(dbname, **db_cfg)\n",
                        "lineNumber": 13,
                        "lineChange": "added"
                      }
                    ]
                  },
                  {
                    "commitURL": "https://github.com/ArRosid/network-automation-book/commit/0886b388e65e7d4735d90b2f6c4cc107363f2676?diff=split#diff-8ab08bbd4468a1518f5de92d25a497a3b60b3c8f4a435627251d33ed113b83d7L-1",
                    "lines": [
                      {
                        "line": "import getpass\n",
                        "lineNumber": 2,
                        "lineChange": "added"
                      },
                      {
                        "line": "\n",
                        "lineNumber": 3,
                        "lineChange": "none"
                      },
                      {
                        "line": "ip_address = \"192.168.99.1\"\n",
                        "lineNumber": 3,
                        "lineChange": "removed"
                      },
                      {
                        "line": "username = \"user\"\n",
                        "lineNumber": 4,
                        "lineChange": "removed"
                      },
                      {
                        "line": "password = \"user123\"\n",
                        "lineNumber": 5,
                        "lineChange": "removed"
                      },
                      {
                        "line": "ip_address = raw_input(\"Masukkan IP Address: \")\n",
                        "lineNumber": 4,
                        "lineChange": "added"
                      },
                      {
                        "line": "username = raw_input(\"Masukkann Username: \")\n",
                        "lineNumber": 5,
                        "lineChange": "added"
                      },
                      {
                        "line": "password = getpass.getpass()\n",
                        "lineNumber": 6,
                        "lineChange": "added"
                      }
                    ]
                  }
                ],
                "exampleCommitDescriptions": [],
                "precision": "very-high",
                "repoDatasetSize": 55,
                "cwe": [
                  "CWE-798",
                  "CWE-259"
                ]
              }
            }
          ]
        }
      },
      "results": [
        {
          "ruleId": "python/InsecureHash",
          "ruleIndex": 0,
          "level": "note",
          "message": {
            "text": "hashlib.md5 is insecure. Consider changing it to a secure hashing algorithm.",
            "markdown": "{0} is insecure. Consider changing it to a secure hashing algorithm.",
            "arguments": [
              "[hashlib.md5](0)"
            ]
          },
          "locations": [
            {
              "physicalLocation": {
                "artifactLocation": {
                  "uri": "requests/auth.py",
                  "uriBaseId": "%SRCROOT%"
                },
                "region": {
                  "startLine": 148,
                  "endLine": 148,
                  "startColumn": 24,
                  "endColumn": 48
                }
              }
            }
          ],
          "fingerprints": {
            "0": "fbe220339db7eb36c72616a825f5dcc5650a01dc139d5f2ecda06d7d299a11e9",
            "1": "8a30cfc6.2dd6d7a6.2683ade8.f51d4877.1d07cee4.ba14daf2.0a7337bb.ebed174f.8a30cfc6.12f0268a.f04405c4.f51d4877.1d07cee4.ba14daf2.65068a99.3abdb28f"
          },
          "codeFlows": [
            {
              "threadFlows": [
                {
                  "locations": [
                    {
                      "location": {
                        "id": 0,
                        "physicalLocation": {
                          "artifactLocation": {
                            "uri": "requests/auth.py",
                            "uriBaseId": "%SRCROOT%"
                          },
                          "region": {
                            "startLine": 148,
                            "endLine": 148,
                            "startColumn": 24,
                            "endColumn": 35
                          }
                        }
                      }
                    }
                  ]
                }
              ]
            }
          ],
          "properties": {
            "priorityScore": 475,
            "priorityScoreFactors": [
              {
                "label": true,
                "type": "multipleOccurrence"
              },
              {
                "label": true,
                "type": "hotFileSource"
              },
              {
                "label": true,
                "type": "fixExamples"
              }
            ],
            "isAutofixable": false
          }
        },
        {
          "ruleId": "python/InsecureHash",
          "ruleIndex": 0,
          "level": "note",
          "message": {
            "text": "hashlib.sha1 is insecure. Consider changing it to a secure hashing algorithm.",
            "markdown": "{0} is insecure. Consider changing it to a secure hashing algorithm.",
            "arguments": [
              "[hashlib.sha1](0)"
            ]
          },
          "locations": [
            {
              "physicalLocation": {
                "artifactLocation": {
                  "uri": "requests/auth.py",
                  "uriBaseId": "%SRCROOT%"
                },
                "region": {
                  "startLine": 154,
                  "endLine": 154,
                  "startColumn": 24,
                  "endColumn": 49
                }
              }
            }
          ],
          "fingerprints": {
            "0": "731a0b6c1669f91b08441c2ec27a3e3e89b383bc6d659a2c7b6a65cd6d48b142",
            "1": "9bdc261e.2dd6d7a6.2683ade8.139c59a8.1d07cee4.ba14daf2.7dae79af.ebed174f.9bdc261e.59b34bce.c2b6f7fb.139c59a8.1d07cee4.ba14daf2.4836399a.3abdb28f"
          },
          "codeFlows": [
            {
              "threadFlows": [
                {
                  "locations": [
                    {
                      "location": {
                        "id": 0,
                        "physicalLocation": {
                          "artifactLocation": {
                            "uri": "requests/auth.py",
                            "uriBaseId": "%SRCROOT%"
                          },
                          "region": {
                            "startLine": 154,
                            "endLine": 154,
                            "startColumn": 24,
                            "endColumn": 36
                          }
                        }
                      }
                    }
                  ]
                }
              ]
            }
          ],
          "properties": {
            "priorityScore": 475,
            "priorityScoreFactors": [
              {
                "label": true,
                "type": "multipleOccurrence"
              },
              {
                "label": true,
                "type": "hotFileSource"
              },
              {
                "label": true,
                "type": "fixExamples"
              }
            ],
            "isAutofixable": false
          }
        },
        {
          "ruleId": "python/InsecureHash",
          "ruleIndex": 0,
          "level": "note",
          "message": {
            "text": "hashlib.sha1 is insecure. Consider changing it to a secure hashing algorithm.",
            "markdown": "{0} is insecure. Consider changing it to a secure hashing algorithm.",
            "arguments": [
              "[hashlib.sha1](0)"
            ]
          },
          "locations": [
            {
              "physicalLocation": {
                "artifactLocation": {
                  "uri": "requests/auth.py",
                  "uriBaseId": "%SRCROOT%"
                },
                "region": {
                  "startLine": 198,
                  "endLine": 198,
                  "startColumn": 19,
                  "endColumn": 44
                }
              }
            }
          ],
          "fingerprints": {
            "0": "bfcf815cb3d0c411d3e5842d24ed33c14dba6900780f3e8b2129bdee297a9dfb",
            "1": "4393e57c.2dd6d7a6.59612bde.4de75ba3.bab9de6f.ba14daf2.a2237efa.f46ed94e.4393e57c.59b34bce.c2b6f7fb.4de75ba3.8ef86c74.ba14daf2.a2237efa.f46ed94e"
          },
          "codeFlows": [
            {
              "threadFlows": [
                {
                  "locations": [
                    {
                      "location": {
                        "id": 0,
                        "physicalLocation": {
                          "artifactLocation": {
                            "uri": "requests/auth.py",
                            "uriBaseId": "%SRCROOT%"
                          },
                          "region": {
                            "startLine": 198,
                            "endLine": 198,
                            "startColumn": 19,
                            "endColumn": 31
                          }
                        }
                      }
                    }
                  ]
                }
              ]
            }
          ],
          "properties": {
            "priorityScore": 475,
            "priorityScoreFactors": [
              {
                "label": true,
                "type": "multipleOccurrence"
              },
              {
                "label": true,
                "type": "hotFileSource"
              },
              {
                "label": true,
                "type": "fixExamples"
              }
            ],
            "isAutofixable": false
          }
        },
        {
          "ruleId": "python/NoHardcodedPasswords/test",
          "ruleIndex": 1,
          "level": "note",
          "message": {
            "text": "Do not hardcode passwords in code. Found hardcoded password used in PASSWORD.",
            "markdown": "Do not hardcode passwords in code. Found {0} password used in {1}.",
            "arguments": [
              "[hardcoded](0)",
              "[PASSWORD](1)"
            ]
          },
          "locations": [
            {
              "physicalLocation": {
                "artifactLocation": {
                  "uri": "tests/test_utils.py",
                  "uriBaseId": "%SRCROOT%"
                },
                "region": {
                  "startLine": 345,
                  "endLine": 345,
                  "startColumn": 8,
                  "endColumn": 16
                }
              }
            }
          ],
          "fingerprints": {
            "0": "8549e5bf0cc3eafc8798677e81debfc7d5c4eec7b935ab6a6ac442d5cc072acc",
            "1": "99f6dd16.2158ff7d.79e62dc9.90b1aa7c.0dc70900.ba14daf2.665c0e97.82767585.2d06e3d6.2158ff7d.79e62dc9.90b1aa7c.0dc70900.ba14daf2.665c0e97.82767585"
          },
          "codeFlows": [
            {
              "threadFlows": [
                {
                  "locations": [
                    {
                      "location": {
                        "id": 0,
                        "physicalLocation": {
                          "artifactLocation": {
                            "uri": "tests/test_utils.py",
                            "uriBaseId": "%SRCROOT%"
                          },
                          "region": {
                            "startLine": 345,
                            "endLine": 345,
                            "startColumn": 19,
                            "endColumn": 41
                          }
                        }
                      }
                    },
                    {
                      "location": {
                        "id": 1,
                        "physicalLocation": {
                          "artifactLocation": {
                            "uri": "tests/test_utils.py",
                            "uriBaseId": "%SRCROOT%"
                          },
                          "region": {
                            "startLine": 345,
                            "endLine": 345,
                            "startColumn": 8,
                            "endColumn": 16
                          }
                        }
                      }
                    }
                  ]
                }
              ]
            }
          ],
          "properties": {
            "priorityScore": 375,
            "priorityScoreFactors": [
              {
                "label": true,
                "type": "hotFileCodeFlow"
              },
              {
                "label": true,
                "type": "fixExamples"
              }
            ],
            "isAutofixable": false
          }
        }
      ],
      "properties": {
        "coverage": [
          {
            "isSupported": true,
            "lang": "JavaScript",
            "files": 1,
            "type": "SUPPORTED"
          },
          {
            "isSupported": true,
            "lang": "HTML",
            "files": 3,
            "type": "SUPPORTED"
          },
          {
            "isSupported": true,
            "lang": "Python",
            "files": 34,
            "type": "SUPPORTED"
          }
        ]
      }
    }
  ]
}
