{
  "components": [
    {
      "bom-ref": "requirements-L1",
      "description": "requirements line 1: argon2-cffi==23.1.0",
      "externalReferences": [
        {
          "comment": "implicit dist url",
          "type": "distribution",
          "url": "https://pypi.org/simple/argon2-cffi/"
        }
      ],
      "name": "argon2-cffi",
      "purl": "pkg:pypi/argon2-cffi@23.1.0",
      "type": "library",
      "version": "23.1.0"
    },
    {
      "bom-ref": "requirements-L2",
      "description": "requirements line 2: argon2-cffi-bindings==21.2.0",
      "externalReferences": [
        {
          "comment": "implicit dist url",
          "type": "distribution",
          "url": "https://pypi.org/simple/argon2-cffi-bindings/"
        }
      ],
      "name": "argon2-cffi-bindings",
      "purl": "pkg:pypi/argon2-cffi-bindings@21.2.0",
      "type": "library",
      "version": "21.2.0"
    },
    {
      "bom-ref": "requirements-L3",
      "description": "requirements line 3: asgiref==3.2.10",
      "externalReferences": [
        {
          "comment": "implicit dist url",
          "type": "distribution",
          "url": "https://pypi.org/simple/asgiref/"
        }
      ],
      "name": "asgiref",
      "purl": "pkg:pypi/asgiref@3.2.10",
      "type": "library",
      "version": "3.2.10"
    },
    {
      "bom-ref": "requirements-L4",
      "description": "requirements line 4: bcrypt==4.2.0",
      "externalReferences": [
        {
          "comment": "implicit dist url",
          "type": "distribution",
          "url": "https://pypi.org/simple/bcrypt/"
        }
      ],
      "name": "bcrypt",
      "purl": "pkg:pypi/bcrypt@4.2.0",
      "type": "library",
      "version": "4.2.0"
    },
    {
      "bom-ref": "requirements-L5",
      "description": "requirements line 5: cffi==1.17.0",
      "externalReferences": [
        {
          "comment": "implicit dist url",
          "type": "distribution",
          "url": "https://pypi.org/simple/cffi/"
        }
      ],
      "name": "cffi",
      "purl": "pkg:pypi/cffi@1.17.0",
      "type": "library",
      "version": "1.17.0"
    },
    {
      "bom-ref": "requirements-L6",
      "description": "requirements line 6: pycparser==2.22",
      "externalReferences": [
        {
          "comment": "implicit dist url",
          "type": "distribution",
          "url": "https://pypi.org/simple/pycparser/"
        }
      ],
      "name": "pycparser",
      "purl": "pkg:pypi/pycparser@2.22",
      "type": "library",
      "version": "2.22"
    },
    {
      "bom-ref": "requirements-L7",
      "description": "requirements line 7: pytz==2024.1",
      "externalReferences": [
        {
          "comment": "implicit dist url",
          "type": "distribution",
          "url": "https://pypi.org/simple/pytz/"
        }
      ],
      "name": "pytz",
      "purl": "pkg:pypi/pytz@2024.1",
      "type": "library",
      "version": "2024.1"
    },
    {
      "bom-ref": "requirements-L8",
      "description": "requirements line 8: sqlparse==0.5.1",
      "externalReferences": [
        {
          "comment": "implicit dist url",
          "type": "distribution",
          "url": "https://pypi.org/simple/sqlparse/"
        }
      ],
      "name": "sqlparse",
      "purl": "pkg:pypi/sqlparse@0.5.1",
      "type": "library",
      "version": "0.5.1"
    }
  ],
  "dependencies": [
    {
      "ref": "requirements-L1"
    },
    {
      "ref": "requirements-L2"
    },
    {
      "ref": "requirements-L3"
    },
    {
      "ref": "requirements-L4"
    },
    {
      "ref": "requirements-L5"
    },
    {
      "ref": "requirements-L6"
    },
    {
      "ref": "requirements-L7"
    },
    {
      "ref": "requirements-L8"
    }
  ],
  "metadata": {
    "timestamp": "2024-08-14T14:08:59.605796+00:00",
    "tools": [
      {
        "externalReferences": [
          {
            "type": "build-system",
            "url": "https://github.com/CycloneDX/cyclonedx-python/actions"
          },
          {
            "type": "distribution",
            "url": "https://pypi.org/project/cyclonedx-bom/"
          },
          {
            "type": "documentation",
            "url": "https://cyclonedx-bom-tool.readthedocs.io/"
          },
          {
            "type": "issue-tracker",
            "url": "https://github.com/CycloneDX/cyclonedx-python/issues"
          },
          {
            "type": "license",
            "url": "https://github.com/CycloneDX/cyclonedx-python/blob/main/LICENSE"
          },
          {
            "type": "release-notes",
            "url": "https://github.com/CycloneDX/cyclonedx-python/blob/main/CHANGELOG.md"
          },
          {
            "type": "vcs",
            "url": "https://github.com/CycloneDX/cyclonedx-python/"
          },
          {
            "type": "website",
            "url": "https://github.com/CycloneDX/cyclonedx-python/#readme"
          }
        ],
        "name": "cyclonedx-bom",
        "vendor": "CycloneDX",
        "version": "4.5.0"
      },
      {
        "externalReferences": [
          {
            "type": "build-system",
            "url": "https://github.com/CycloneDX/cyclonedx-python-lib/actions"
          },
          {
            "type": "distribution",
            "url": "https://pypi.org/project/cyclonedx-python-lib/"
          },
          {
            "type": "documentation",
            "url": "https://cyclonedx-python-library.readthedocs.io/"
          },
          {
            "type": "issue-tracker",
            "url": "https://github.com/CycloneDX/cyclonedx-python-lib/issues"
          },
          {
            "type": "license",
            "url": "https://github.com/CycloneDX/cyclonedx-python-lib/blob/main/LICENSE"
          },
          {
            "type": "release-notes",
            "url": "https://github.com/CycloneDX/cyclonedx-python-lib/blob/main/CHANGELOG.md"
          },
          {
            "type": "vcs",
            "url": "https://github.com/CycloneDX/cyclonedx-python-lib"
          },
          {
            "type": "website",
            "url": "https://github.com/CycloneDX/cyclonedx-python-lib/#readme"
          }
        ],
        "name": "cyclonedx-python-lib",
        "vendor": "CycloneDX",
        "version": "7.6.0"
      }
    ]
  },
  "serialNumber": "urn:uuid:ba1184a9-6fb9-4b93-8ddc-5637de40b25b",
  "version": 1,
  "$schema": "http://cyclonedx.org/schema/bom-1.6.schema.json",
  "bomFormat": "CycloneDX",
  "specVersion": "1.6"
}