Experiment ID,Experiment Date,Experiment Runner Environment,Experiment Runner Operating System,Experiment Runner Architecture,Experiment Project Name,Experiment Package Manager,GitHub Repository URL,GitHub Organisation,GitHub Repository Name,GitHub Repository Tag Name,GitHub Repository Tag Commit,GitHub Repository Tag Date,GitHub Repository Tag Author,GitHub Repository Tag Verified,GitHub Repository Tag Reason
1,2024-08-12,Github-Hosted,Windows,X64,H6060-Java-Jacksondatabind,Maven,https://github.com/FasterXML/jackson-databind,FasterXML,jackson-databind,2.2.0c,bbf01e4d140951d9a8b0ad0f704674d780fd3617,2013-04-23T04:02:21Z,tsaloranta@gmail.com,False,unsigned
1,2024-08-12,Github-Hosted,Windows,X64,H6060-Java-Jacksondatabind,Maven,https://github.com/FasterXML/jackson-databind,FasterXML,jackson-databind,2.6.0-rc3b,cabb11e94fdfd817ff1dace8133b1ef0dad2db59,2015-06-25T03:28:54Z,tatu.saloranta@iki.fi,False,unsigned
1,2024-08-12,Github-Hosted,Windows,X64,H6060-Java-Jacksondatabind,Maven,https://github.com/FasterXML/jackson-databind,FasterXML,jackson-databind,jackson-databind-2.0.0,7de5f21f76932c535535dcef15443a70f71a444b,2012-03-25T19:09:14Z,tsaloranta@gmail.com,False,unsigned
1,2024-08-12,Github-Hosted,Windows,X64,H6060-Java-Jacksondatabind,Maven,https://github.com/FasterXML/jackson-databind,FasterXML,jackson-databind,jackson-databind-2.0.0-RC1,8ba14e5e10bf5a63d5320181e1fe9cb94993662d,2012-02-19T08:03:58Z,tsaloranta@gmail.com,False,unsigned
1,2024-08-12,Github-Hosted,Windows,X64,H6060-Java-Jacksondatabind,Maven,https://github.com/FasterXML/jackson-databind,FasterXML,jackson-databind,jackson-databind-2.0.0-RC2,2e7423522a7f268876af67f97ff3ed19d423fa40,2012-03-06T07:00:25Z,tsaloranta@gmail.com,False,unsigned
1,2024-08-12,Github-Hosted,Windows,X64,H6060-Java-Jacksondatabind,Maven,https://github.com/FasterXML/jackson-databind,FasterXML,jackson-databind,jackson-databind-2.0.0-RC3,201eb94e0cd5b313ff158fc0c4e6d257fdbc9b86,2012-03-23T00:15:59Z,tsaloranta@gmail.com,False,unsigned
1,2024-08-12,Github-Hosted,Windows,X64,H6060-Java-Jacksondatabind,Maven,https://github.com/FasterXML/jackson-databind,FasterXML,jackson-databind,jackson-databind-2.0.1,b1a8807b3b41f53939620be4ffdd3a8aaf33d20c,2012-04-24T01:57:11Z,tsaloranta@gmail.com,False,unsigned
1,2024-08-12,Github-Hosted,Windows,X64,H6060-Java-Jacksondatabind,Maven,https://github.com/FasterXML/jackson-databind,FasterXML,jackson-databind,jackson-databind-2.0.2,b85b01b452121ebe497272348b47853c0b47cb61,2012-05-15T02:14:37Z,tsaloranta@gmail.com,False,unsigned
1,2024-08-12,Github-Hosted,Windows,X64,H6060-Java-Jacksondatabind,Maven,https://github.com/FasterXML/jackson-databind,FasterXML,jackson-databind,jackson-databind-2.0.4,ee5fba0ea461dedbb774e5366ac5f2c29a97d746,2012-06-27T05:14:45Z,tsaloranta@gmail.com,False,unsigned
1,2024-08-12,Github-Hosted,Windows,X64,H6060-Java-Jacksondatabind,Maven,https://github.com/FasterXML/jackson-databind,FasterXML,jackson-databind,jackson-databind-2.0.5,d3fec30d35319dfc0c5f6178c4fdfd606a3c6fad,2012-07-27T22:58:16Z,tsaloranta@gmail.com,False,unsigned
1,2024-08-12,Github-Hosted,Windows,X64,H6060-Java-Jacksondatabind,Maven,https://github.com/FasterXML/jackson-databind,FasterXML,jackson-databind,jackson-databind-2.0.6,a9c429b0fe9d33319f147cd68b86956352435d3a,2012-09-06T03:19:05Z,tsaloranta@gmail.com,False,unsigned
1,2024-08-12,Github-Hosted,Windows,X64,H6060-Java-Jacksondatabind,Maven,https://github.com/FasterXML/jackson-databind,FasterXML,jackson-databind,jackson-databind-2.1.0,830ad96d67e5e44e265d7991f793d2a7947945e4,2012-10-10T00:13:39Z,tsaloranta@gmail.com,False,unsigned
1,2024-08-12,Github-Hosted,Windows,X64,H6060-Java-Jacksondatabind,Maven,https://github.com/FasterXML/jackson-databind,FasterXML,jackson-databind,jackson-databind-2.1.1,9f21c0f0c0522aa4abb15f9c49236563623e1abc,2012-11-11T23:51:13Z,tsaloranta@gmail.com,False,unsigned
1,2024-08-12,Github-Hosted,Windows,X64,H6060-Java-Jacksondatabind,Maven,https://github.com/FasterXML/jackson-databind,FasterXML,jackson-databind,jackson-databind-2.1.2,cd47d3211fe26f69ce6afcbbae32a6c641956f0b,2012-12-04T06:05:33Z,tsaloranta@gmail.com,False,unsigned
1,2024-08-12,Github-Hosted,Windows,X64,H6060-Java-Jacksondatabind,Maven,https://github.com/FasterXML/jackson-databind,FasterXML,jackson-databind,jackson-databind-2.1.3,26d6238a3a872306ede48d224a36b86468565131,2013-01-19T21:10:37Z,tsaloranta@gmail.com,False,unsigned
1,2024-08-12,Github-Hosted,Windows,X64,H6060-Java-Jacksondatabind,Maven,https://github.com/FasterXML/jackson-databind,FasterXML,jackson-databind,jackson-databind-2.1.4,aff3d55f0e0d8d023141a4521dee96e93d87953f,2013-02-26T23:13:55Z,tsaloranta@gmail.com,False,unsigned
1,2024-08-12,Github-Hosted,Windows,X64,H6060-Java-Jacksondatabind,Maven,https://github.com/FasterXML/jackson-databind,FasterXML,jackson-databind,jackson-databind-2.1.5,b786abdc907dea4f1bc4b1eeef26333b67dad80a,2013-05-03T03:08:15Z,tsaloranta@gmail.com,False,unsigned
1,2024-08-12,Github-Hosted,Windows,X64,H6060-Java-Jacksondatabind,Maven,https://github.com/FasterXML/jackson-databind,FasterXML,jackson-databind,jackson-databind-2.10.0,d07ad9395972c75d89b864cc3f1f2aed406b57be,2019-09-26T03:19:17Z,tatu.saloranta@iki.fi,False,unsigned
1,2024-08-12,Github-Hosted,Windows,X64,H6060-Java-Jacksondatabind,Maven,https://github.com/FasterXML/jackson-databind,FasterXML,jackson-databind,jackson-databind-2.10.0.pr1,d38cac09d2dc4b9112ae90a12c6c8b8d9867c156,2019-07-19T04:15:20Z,tatu.saloranta@iki.fi,False,unsigned
1,2024-08-12,Github-Hosted,Windows,X64,H6060-Java-Jacksondatabind,Maven,https://github.com/FasterXML/jackson-databind,FasterXML,jackson-databind,jackson-databind-2.10.0.pr2,61c3b2f2bd8456ca9d3aebc7c01697d89e39ceff,2019-08-31T00:29:01Z,tatu.saloranta@iki.fi,False,unsigned
1,2024-08-12,Github-Hosted,Windows,X64,H6060-Java-Jacksondatabind,Maven,https://github.com/FasterXML/jackson-databind,FasterXML,jackson-databind,jackson-databind-2.10.0.pr3,ecfb0e4672c90cd6bfc91038bd7b66fb1bedaecb,2019-09-17T02:44:37Z,tatu.saloranta@iki.fi,False,unsigned
1,2024-08-12,Github-Hosted,Windows,X64,H6060-Java-Jacksondatabind,Maven,https://github.com/FasterXML/jackson-databind,FasterXML,jackson-databind,jackson-databind-2.10.1,2e67f48abf7c6c499c29d2efcbdda70880bcfc06,2019-11-09T23:11:34Z,tatu.saloranta@iki.fi,False,unsigned
1,2024-08-12,Github-Hosted,Windows,X64,H6060-Java-Jacksondatabind,Maven,https://github.com/FasterXML/jackson-databind,FasterXML,jackson-databind,jackson-databind-2.10.2,dea16730a019fb3fcb0c7ee6e784005861dd5b5c,2020-01-05T02:13:25Z,tatu.saloranta@iki.fi,False,unsigned
1,2024-08-12,Github-Hosted,Windows,X64,H6060-Java-Jacksondatabind,Maven,https://github.com/FasterXML/jackson-databind,FasterXML,jackson-databind,jackson-databind-2.10.3,c0f1e21b63c611ddbaf6db40d9027cf27d3293a1,2020-03-03T03:15:01Z,tatu.saloranta@iki.fi,False,unsigned
1,2024-08-12,Github-Hosted,Windows,X64,H6060-Java-Jacksondatabind,Maven,https://github.com/FasterXML/jackson-databind,FasterXML,jackson-databind,jackson-databind-2.10.4,9b80355916df06997bf90487c6aeedefff26ff11,2020-05-02T22:36:24Z,tatu.saloranta@iki.fi,False,unsigned
1,2024-08-12,Github-Hosted,Windows,X64,H6060-Java-Jacksondatabind,Maven,https://github.com/FasterXML/jackson-databind,FasterXML,jackson-databind,jackson-databind-2.10.5,4e4a66529b44a07b2cd9053213fc484c2822cf39,2020-07-21T01:51:47Z,tatu.saloranta@iki.fi,False,unsigned
1,2024-08-12,Github-Hosted,Windows,X64,H6060-Java-Jacksondatabind,Maven,https://github.com/FasterXML/jackson-databind,FasterXML,jackson-databind,jackson-databind-2.10.5.1,50f71535b53a23d887b3d2c63040cd1a124493b0,2020-12-02T03:44:27Z,tatu.saloranta@iki.fi,False,unsigned
1,2024-08-12,Github-Hosted,Windows,X64,H6060-Java-Jacksondatabind,Maven,https://github.com/FasterXML/jackson-databind,FasterXML,jackson-databind,jackson-databind-2.11.0,cbec49d27e0d74bdf5441e4e74fd8042df5b617f,2020-04-26T00:15:07Z,tatu.saloranta@iki.fi,False,unsigned
1,2024-08-12,Github-Hosted,Windows,X64,H6060-Java-Jacksondatabind,Maven,https://github.com/FasterXML/jackson-databind,FasterXML,jackson-databind,jackson-databind-2.11.0.rc1,3538751cdca2ec233f272b7b1b4282a9babcf1c3,2020-03-24T18:44:53Z,tatu.saloranta@iki.fi,False,unsigned
1,2024-08-12,Github-Hosted,Windows,X64,H6060-Java-Jacksondatabind,Maven,https://github.com/FasterXML/jackson-databind,FasterXML,jackson-databind,jackson-databind-2.11.1,6bf7d04033c7928880241274bdeb6e94d04c3479,2020-06-25T02:44:26Z,tatu.saloranta@iki.fi,False,unsigned
1,2024-08-12,Github-Hosted,Windows,X64,H6060-Java-Jacksondatabind,Maven,https://github.com/FasterXML/jackson-databind,FasterXML,jackson-databind,jackson-databind-2.11.2,90440d346fb35e27f5df88fc31a6500c06c50fde,2020-08-02T18:35:47Z,tatu.saloranta@iki.fi,False,unsigned
1,2024-08-12,Github-Hosted,Windows,X64,H6060-Java-Jacksondatabind,Maven,https://github.com/FasterXML/jackson-databind,FasterXML,jackson-databind,jackson-databind-2.11.3,c06c27326931592b37a01e8ed30a3c0ec50c769f,2020-10-01T22:38:23Z,tatu.saloranta@iki.fi,False,unsigned
1,2024-08-12,Github-Hosted,Windows,X64,H6060-Java-Jacksondatabind,Maven,https://github.com/FasterXML/jackson-databind,FasterXML,jackson-databind,jackson-databind-2.11.4,26fab91bb31d85b3d7f8b0aa11c86339ce35aea1,2020-12-12T00:35:55Z,tatu.saloranta@iki.fi,False,unsigned
1,2024-08-12,Github-Hosted,Windows,X64,H6060-Java-Jacksondatabind,Maven,https://github.com/FasterXML/jackson-databind,FasterXML,jackson-databind,jackson-databind-2.12.0,423e957ad38e452d1242c0012a970ebc18bfa895,2020-11-29T01:16:01Z,tatu.saloranta@iki.fi,False,unsigned
1,2024-08-12,Github-Hosted,Windows,X64,H6060-Java-Jacksondatabind,Maven,https://github.com/FasterXML/jackson-databind,FasterXML,jackson-databind,jackson-databind-2.12.0-rc1,3f0afcbbd24a443072bfbfd077ea316e2299f73c,2020-10-12T00:34:42Z,tatu.saloranta@iki.fi,False,unsigned
1,2024-08-12,Github-Hosted,Windows,X64,H6060-Java-Jacksondatabind,Maven,https://github.com/FasterXML/jackson-databind,FasterXML,jackson-databind,jackson-databind-2.12.0-rc2,f445a197df23591aee10a508d501e42c1b1100f0,2020-11-15T03:25:51Z,tatu.saloranta@iki.fi,False,unsigned
1,2024-08-12,Github-Hosted,Windows,X64,H6060-Java-Jacksondatabind,Maven,https://github.com/FasterXML/jackson-databind,FasterXML,jackson-databind,jackson-databind-2.12.1,b9641acc54be45a89504a26a54060f0dbc680412,2021-01-09T01:30:01Z,tatu.saloranta@iki.fi,False,unsigned
1,2024-08-12,Github-Hosted,Windows,X64,H6060-Java-Jacksondatabind,Maven,https://github.com/FasterXML/jackson-databind,FasterXML,jackson-databind,jackson-databind-2.12.2,6702c5a09ed10cbd2d69dbbb72e7aa5977d1647b,2021-03-03T21:20:40Z,tatu.saloranta@iki.fi,False,unsigned
1,2024-08-12,Github-Hosted,Windows,X64,H6060-Java-Jacksondatabind,Maven,https://github.com/FasterXML/jackson-databind,FasterXML,jackson-databind,jackson-databind-2.12.3,59e47454ad6f3294d5041d6f6b178e05657a8b47,2021-04-12T17:48:47Z,tatu.saloranta@iki.fi,False,unsigned
1,2024-08-12,Github-Hosted,Windows,X64,H6060-Java-Jacksondatabind,Maven,https://github.com/FasterXML/jackson-databind,FasterXML,jackson-databind,jackson-databind-2.12.4,8c43e4d51271cd96d4aa1b79a6c4abca0507f862,2021-07-06T20:01:35Z,tatu.saloranta@iki.fi,False,unsigned
1,2024-08-12,Github-Hosted,Windows,X64,H6060-Java-Jacksondatabind,Maven,https://github.com/FasterXML/jackson-databind,FasterXML,jackson-databind,jackson-databind-2.12.5,3e91b96a5c814c63e9b61d69b67394c2820a137b,2021-08-27T00:33:43Z,tatu.saloranta@iki.fi,False,unsigned
1,2024-08-12,Github-Hosted,Windows,X64,H6060-Java-Jacksondatabind,Maven,https://github.com/FasterXML/jackson-databind,FasterXML,jackson-databind,jackson-databind-2.12.6,0874b00227ec15e3298f7113d817c062ae51aef1,2021-12-15T02:32:39Z,tatu.saloranta@iki.fi,False,unsigned
1,2024-08-12,Github-Hosted,Windows,X64,H6060-Java-Jacksondatabind,Maven,https://github.com/FasterXML/jackson-databind,FasterXML,jackson-databind,jackson-databind-2.12.6.1,f6cce319666da6ab82e19d2253bff0a7efea5d74,2022-03-27T02:29:44Z,tatu.saloranta@iki.fi,False,unsigned
1,2024-08-12,Github-Hosted,Windows,X64,H6060-Java-Jacksondatabind,Maven,https://github.com/FasterXML/jackson-databind,FasterXML,jackson-databind,jackson-databind-2.12.7,59f8e76eea4f4d44a2cb596b1ec27a58f60efd69,2022-05-26T17:44:58Z,tatu.saloranta@iki.fi,False,unsigned
1,2024-08-12,Github-Hosted,Windows,X64,H6060-Java-Jacksondatabind,Maven,https://github.com/FasterXML/jackson-databind,FasterXML,jackson-databind,jackson-databind-2.12.7.1,38e65e284d01eba405c45602977e7c3c1f42ec98,2022-10-13T03:36:00Z,tatu.saloranta@iki.fi,False,unsigned
1,2024-08-12,Github-Hosted,Windows,X64,H6060-Java-Jacksondatabind,Maven,https://github.com/FasterXML/jackson-databind,FasterXML,jackson-databind,jackson-databind-2.12.7.2,b8ac9fa305577b636c7e31303eab6342f0d672ea,2024-05-02T20:09:06Z,tatu.saloranta@iki.fi,False,unsigned
1,2024-08-12,Github-Hosted,Windows,X64,H6060-Java-Jacksondatabind,Maven,https://github.com/FasterXML/jackson-databind,FasterXML,jackson-databind,jackson-databind-2.13.0,b588543322d520cefd01e1f60240a2949dd602ef,2021-09-30T20:53:32Z,tatu.saloranta@iki.fi,False,unsigned
1,2024-08-12,Github-Hosted,Windows,X64,H6060-Java-Jacksondatabind,Maven,https://github.com/FasterXML/jackson-databind,FasterXML,jackson-databind,jackson-databind-2.13.0-rc1,74133310ea6cb2d4a21306cacf36534625ba8118,2021-07-14T01:03:32Z,tatu.saloranta@iki.fi,False,unsigned
1,2024-08-12,Github-Hosted,Windows,X64,H6060-Java-Jacksondatabind,Maven,https://github.com/FasterXML/jackson-databind,FasterXML,jackson-databind,jackson-databind-2.13.0-rc2,14bb7ec5479ce9042c2f5aced45869b35f86db13,2021-08-27T03:45:16Z,tatu.saloranta@iki.fi,False,unsigned
1,2024-08-12,Github-Hosted,Windows,X64,H6060-Java-Jacksondatabind,Maven,https://github.com/FasterXML/jackson-databind,FasterXML,jackson-databind,jackson-databind-2.13.1,f8b2616646ceabeac3122c4eccf596391597592f,2021-12-19T00:51:48Z,tatu.saloranta@iki.fi,False,unsigned
1,2024-08-12,Github-Hosted,Windows,X64,H6060-Java-Jacksondatabind,Maven,https://github.com/FasterXML/jackson-databind,FasterXML,jackson-databind,jackson-databind-2.13.2,7acb0d06167d49557bb91598b883901d43c3c5ca,2022-03-06T19:40:29Z,tatu.saloranta@iki.fi,False,unsigned
1,2024-08-12,Github-Hosted,Windows,X64,H6060-Java-Jacksondatabind,Maven,https://github.com/FasterXML/jackson-databind,FasterXML,jackson-databind,jackson-databind-2.13.2.1,cbea83a84dc85db8d092e2e3678bfe2b9ee5c46c,2022-03-25T02:38:10Z,tatu.saloranta@iki.fi,False,unsigned
1,2024-08-12,Github-Hosted,Windows,X64,H6060-Java-Jacksondatabind,Maven,https://github.com/FasterXML/jackson-databind,FasterXML,jackson-databind,jackson-databind-2.13.2.2,78ca47275f8776bb5f41869d0a7dad489706fb72,2022-03-29T01:59:44Z,tatu.saloranta@iki.fi,False,unsigned
1,2024-08-12,Github-Hosted,Windows,X64,H6060-Java-Jacksondatabind,Maven,https://github.com/FasterXML/jackson-databind,FasterXML,jackson-databind,jackson-databind-2.13.3,4afb5aa79166afbc23193561fcb4caf6cc3e57bb,2022-05-14T14:55:56Z,tatu.saloranta@iki.fi,False,unsigned
1,2024-08-12,Github-Hosted,Windows,X64,H6060-Java-Jacksondatabind,Maven,https://github.com/FasterXML/jackson-databind,FasterXML,jackson-databind,jackson-databind-2.13.4,45b217852428797e4b1e480f9fb26f8117d1717a,2022-09-03T22:17:41Z,tatu.saloranta@iki.fi,False,unsigned
1,2024-08-12,Github-Hosted,Windows,X64,H6060-Java-Jacksondatabind,Maven,https://github.com/FasterXML/jackson-databind,FasterXML,jackson-databind,jackson-databind-2.13.4.1,37b7ac17f99a96b8b977b5037e772d549756f68e,2022-10-12T20:01:11Z,tatu.saloranta@iki.fi,False,unsigned
1,2024-08-12,Github-Hosted,Windows,X64,H6060-Java-Jacksondatabind,Maven,https://github.com/FasterXML/jackson-databind,FasterXML,jackson-databind,jackson-databind-2.13.4.2,24afc6e20f7447d9ff2166edcb8a0bbeb51c5e24,2022-10-13T17:32:59Z,tatu.saloranta@iki.fi,False,unsigned
1,2024-08-12,Github-Hosted,Windows,X64,H6060-Java-Jacksondatabind,Maven,https://github.com/FasterXML/jackson-databind,FasterXML,jackson-databind,jackson-databind-2.13.5,cc772b6252bc2e158ffcd85c5db741723e2e88e5,2023-01-23T00:47:31Z,tatu.saloranta@iki.fi,False,unsigned
1,2024-08-12,Github-Hosted,Windows,X64,H6060-Java-Jacksondatabind,Maven,https://github.com/FasterXML/jackson-databind,FasterXML,jackson-databind,jackson-databind-2.14.0,b42fa6e8b8bc671d17a4e0b1a6b1919236309d64,2022-11-05T20:38:46Z,tatu.saloranta@iki.fi,False,unsigned
1,2024-08-12,Github-Hosted,Windows,X64,H6060-Java-Jacksondatabind,Maven,https://github.com/FasterXML/jackson-databind,FasterXML,jackson-databind,jackson-databind-2.14.0-rc1,5ecf0c517ece224f48bebc01f7b7c03ed4106881,2022-09-25T23:03:24Z,tatu.saloranta@iki.fi,False,unsigned
1,2024-08-12,Github-Hosted,Windows,X64,H6060-Java-Jacksondatabind,Maven,https://github.com/FasterXML/jackson-databind,FasterXML,jackson-databind,jackson-databind-2.14.0-rc2,a05dff20dd9ba7b05375b06f40c0e27f05f1f841,2022-10-10T23:45:17Z,tatu.saloranta@iki.fi,False,unsigned
1,2024-08-12,Github-Hosted,Windows,X64,H6060-Java-Jacksondatabind,Maven,https://github.com/FasterXML/jackson-databind,FasterXML,jackson-databind,jackson-databind-2.14.0-rc3,1300991e78db4fa7e0171547cd5d1e0026911985,2022-10-28T21:55:40Z,tatu.saloranta@iki.fi,False,unsigned
1,2024-08-12,Github-Hosted,Windows,X64,H6060-Java-Jacksondatabind,Maven,https://github.com/FasterXML/jackson-databind,FasterXML,jackson-databind,jackson-databind-2.14.1,7e558be802820b6a3c7249d13a2fb555f3036fd4,2022-11-21T23:42:23Z,tatu.saloranta@iki.fi,False,unsigned
1,2024-08-12,Github-Hosted,Windows,X64,H6060-Java-Jacksondatabind,Maven,https://github.com/FasterXML/jackson-databind,FasterXML,jackson-databind,jackson-databind-2.14.2,ef4f74ac1451bbd02628980b041716fbabfd7837,2023-01-29T01:31:02Z,tatu.saloranta@iki.fi,False,unsigned
1,2024-08-12,Github-Hosted,Windows,X64,H6060-Java-Jacksondatabind,Maven,https://github.com/FasterXML/jackson-databind,FasterXML,jackson-databind,jackson-databind-2.14.3,d987780e3f5d5a4f830a363510a4d8ce95c911fe,2023-05-05T16:31:42Z,tatu.saloranta@iki.fi,False,unsigned
1,2024-08-12,Github-Hosted,Windows,X64,H6060-Java-Jacksondatabind,Maven,https://github.com/FasterXML/jackson-databind,FasterXML,jackson-databind,jackson-databind-2.15.0,7e8794d33770b9c589f57575b9f63f87fc998607,2023-04-23T21:43:14Z,tatu.saloranta@iki.fi,False,unsigned
1,2024-08-12,Github-Hosted,Windows,X64,H6060-Java-Jacksondatabind,Maven,https://github.com/FasterXML/jackson-databind,FasterXML,jackson-databind,jackson-databind-2.15.0-rc1,4a25adf5aa8abea03be42b2b18789b78def98542,2023-03-18T20:36:55Z,tatu.saloranta@iki.fi,False,unsigned
1,2024-08-12,Github-Hosted,Windows,X64,H6060-Java-Jacksondatabind,Maven,https://github.com/FasterXML/jackson-databind,FasterXML,jackson-databind,jackson-databind-2.15.0-rc2,4bb64d15dc90e7cdaf2aed37ab362d7da18d6e6a,2023-03-28T22:57:11Z,tatu.saloranta@iki.fi,False,unsigned
1,2024-08-12,Github-Hosted,Windows,X64,H6060-Java-Jacksondatabind,Maven,https://github.com/FasterXML/jackson-databind,FasterXML,jackson-databind,jackson-databind-2.15.0-rc3,64ffa9a879324972b29ff6feab0abc4457da9022,2023-04-14T20:14:10Z,tatu.saloranta@iki.fi,False,unsigned
1,2024-08-12,Github-Hosted,Windows,X64,H6060-Java-Jacksondatabind,Maven,https://github.com/FasterXML/jackson-databind,FasterXML,jackson-databind,jackson-databind-2.15.1,9484adc9c0263fdb04ea1bf0fd0ab37afd0a975b,2023-05-16T21:47:36Z,tatu.saloranta@iki.fi,False,unsigned
1,2024-08-12,Github-Hosted,Windows,X64,H6060-Java-Jacksondatabind,Maven,https://github.com/FasterXML/jackson-databind,FasterXML,jackson-databind,jackson-databind-2.15.2,53db8edd968d824bfbef00adce0415ee8de50060,2023-05-30T23:26:56Z,tatu.saloranta@iki.fi,False,unsigned
1,2024-08-12,Github-Hosted,Windows,X64,H6060-Java-Jacksondatabind,Maven,https://github.com/FasterXML/jackson-databind,FasterXML,jackson-databind,jackson-databind-2.15.3,70aca633082f753b1f2de124f693b1c03e590930,2023-10-13T00:19:42Z,tatu.saloranta@iki.fi,False,unsigned
1,2024-08-12,Github-Hosted,Windows,X64,H6060-Java-Jacksondatabind,Maven,https://github.com/FasterXML/jackson-databind,FasterXML,jackson-databind,jackson-databind-2.15.4,66e3b4f0e70c4920c0638a56b40c670a25969def,2024-02-15T17:34:45Z,tatu.saloranta@iki.fi,False,unsigned
1,2024-08-12,Github-Hosted,Windows,X64,H6060-Java-Jacksondatabind,Maven,https://github.com/FasterXML/jackson-databind,FasterXML,jackson-databind,jackson-databind-2.16.0,b92b690cad7ec69f745da5d0291b1cd3dbaae06f,2023-11-15T22:38:21Z,tatu.saloranta@iki.fi,False,unsigned
1,2024-08-12,Github-Hosted,Windows,X64,H6060-Java-Jacksondatabind,Maven,https://github.com/FasterXML/jackson-databind,FasterXML,jackson-databind,jackson-databind-2.16.0-rc1,6afed1412d644af5850886ce25b7c2ced6d98a97,2023-10-20T22:43:13Z,tatu.saloranta@iki.fi,False,unsigned
1,2024-08-12,Github-Hosted,Windows,X64,H6060-Java-Jacksondatabind,Maven,https://github.com/FasterXML/jackson-databind,FasterXML,jackson-databind,jackson-databind-2.16.1,4e13343bfe84a34619a7fa2dda601e8be7f88aad,2023-12-24T04:29:34Z,tatu.saloranta@iki.fi,False,unsigned
1,2024-08-12,Github-Hosted,Windows,X64,H6060-Java-Jacksondatabind,Maven,https://github.com/FasterXML/jackson-databind,FasterXML,jackson-databind,jackson-databind-2.16.2,6132edf26da6924dc34feac1426b38669cce398a,2024-03-09T18:52:49Z,tatu.saloranta@iki.fi,False,unsigned
1,2024-08-12,Github-Hosted,Windows,X64,H6060-Java-Jacksondatabind,Maven,https://github.com/FasterXML/jackson-databind,FasterXML,jackson-databind,jackson-databind-2.17.0,2b89e138ef9bc5c514900b6a496c1c243400645b,2024-03-12T21:52:42Z,tatu.saloranta@iki.fi,False,unsigned
1,2024-08-12,Github-Hosted,Windows,X64,H6060-Java-Jacksondatabind,Maven,https://github.com/FasterXML/jackson-databind,FasterXML,jackson-databind,jackson-databind-2.17.0-rc1,8c2cdb686f70e8a911508d7af194cf5dc8f33835,2024-02-27T01:47:49Z,tatu.saloranta@iki.fi,False,unsigned
1,2024-08-12,Github-Hosted,Windows,X64,H6060-Java-Jacksondatabind,Maven,https://github.com/FasterXML/jackson-databind,FasterXML,jackson-databind,jackson-databind-2.17.1,93fb102f780e4fb0547fd2b74dfa509cd9a468d3,2024-05-05T02:07:05Z,tatu.saloranta@iki.fi,False,unsigned
1,2024-08-12,Github-Hosted,Windows,X64,H6060-Java-Jacksondatabind,Maven,https://github.com/FasterXML/jackson-databind,FasterXML,jackson-databind,jackson-databind-2.17.2,6705e1acdd1a12ddf30a48d09c88e1ed8978911d,2024-07-05T17:15:04Z,tatu.saloranta@iki.fi,False,unsigned
1,2024-08-12,Github-Hosted,Windows,X64,H6060-Java-Jacksondatabind,Maven,https://github.com/FasterXML/jackson-databind,FasterXML,jackson-databind,jackson-databind-2.2.0,ba33b3936375a1a5329acb7b15235660223636d0,2013-04-23T02:51:20Z,tsaloranta@gmail.com,False,unsigned
1,2024-08-12,Github-Hosted,Windows,X64,H6060-Java-Jacksondatabind,Maven,https://github.com/FasterXML/jackson-databind,FasterXML,jackson-databind,jackson-databind-2.2.0-rc1,73a1395f2767c202a2307b0067be265aaa8ffc2d,2013-04-18T01:55:38Z,tsaloranta@gmail.com,False,unsigned
1,2024-08-12,Github-Hosted,Windows,X64,H6060-Java-Jacksondatabind,Maven,https://github.com/FasterXML/jackson-databind,FasterXML,jackson-databind,jackson-databind-2.2.1,da995481f8c982cf4723b7e29c3a60e3f430c461,2013-05-04T01:16:46Z,tsaloranta@gmail.com,False,unsigned
1,2024-08-12,Github-Hosted,Windows,X64,H6060-Java-Jacksondatabind,Maven,https://github.com/FasterXML/jackson-databind,FasterXML,jackson-databind,jackson-databind-2.2.2,7cf06f757ee1a1cc2a7c2338b49f85196d355df1,2013-05-27T05:22:09Z,tsaloranta@gmail.com,False,unsigned
1,2024-08-12,Github-Hosted,Windows,X64,H6060-Java-Jacksondatabind,Maven,https://github.com/FasterXML/jackson-databind,FasterXML,jackson-databind,jackson-databind-2.2.3,d13b3a9cc6cfe27e7345881908cdf8c16b6acbba,2013-08-23T03:22:41Z,tatu.saloranta@iki.fi,False,unsigned
1,2024-08-12,Github-Hosted,Windows,X64,H6060-Java-Jacksondatabind,Maven,https://github.com/FasterXML/jackson-databind,FasterXML,jackson-databind,jackson-databind-2.2.4,91f2b6ff2d2eb253da22e31d3105fbce43dfdde2,2014-06-11T00:29:12Z,tatu.saloranta@iki.fi,False,unsigned
1,2024-08-12,Github-Hosted,Windows,X64,H6060-Java-Jacksondatabind,Maven,https://github.com/FasterXML/jackson-databind,FasterXML,jackson-databind,jackson-databind-2.3.0,efbb272b07053ad5a224f929cd0a1cbbd70bd114,2013-11-14T05:19:56Z,tatu.saloranta@iki.fi,False,unsigned
1,2024-08-12,Github-Hosted,Windows,X64,H6060-Java-Jacksondatabind,Maven,https://github.com/FasterXML/jackson-databind,FasterXML,jackson-databind,jackson-databind-2.3.0-rc1,77c65b4c909fcd5230eb7a8c4ebcf6f1acd97f91,2013-10-26T02:59:58Z,tatu.saloranta@iki.fi,False,unsigned
1,2024-08-12,Github-Hosted,Windows,X64,H6060-Java-Jacksondatabind,Maven,https://github.com/FasterXML/jackson-databind,FasterXML,jackson-databind,jackson-databind-2.3.1,e137dee539cdda633881450db433450ee4b8e0f2,2013-12-28T02:23:18Z,tatu.saloranta@iki.fi,False,unsigned
1,2024-08-12,Github-Hosted,Windows,X64,H6060-Java-Jacksondatabind,Maven,https://github.com/FasterXML/jackson-databind,FasterXML,jackson-databind,jackson-databind-2.3.2,39f47b75032d1157df9e4fd7034a5596e39127ea,2014-03-02T03:11:26Z,tatu.saloranta@iki.fi,False,unsigned
1,2024-08-12,Github-Hosted,Windows,X64,H6060-Java-Jacksondatabind,Maven,https://github.com/FasterXML/jackson-databind,FasterXML,jackson-databind,jackson-databind-2.3.3,751e1a0c0576503d8c3dbc53dc1051218b1a4201,2014-04-10T16:53:48Z,tatu.saloranta@iki.fi,False,unsigned
1,2024-08-12,Github-Hosted,Windows,X64,H6060-Java-Jacksondatabind,Maven,https://github.com/FasterXML/jackson-databind,FasterXML,jackson-databind,jackson-databind-2.3.4,6e2cb82f0d17625a69febca516197260b835a889,2014-07-17T22:46:41Z,tatu.saloranta@iki.fi,False,unsigned
1,2024-08-12,Github-Hosted,Windows,X64,H6060-Java-Jacksondatabind,Maven,https://github.com/FasterXML/jackson-databind,FasterXML,jackson-databind,jackson-databind-2.3.5,c517cc07777b0a66dc9cbcfc65f4c50e287c12fe,2015-01-14T06:27:42Z,tatu.saloranta@iki.fi,False,unsigned
1,2024-08-12,Github-Hosted,Windows,X64,H6060-Java-Jacksondatabind,Maven,https://github.com/FasterXML/jackson-databind,FasterXML,jackson-databind,jackson-databind-2.4.0,bfafb331c5d9d4324fddc1cfaca39d4a8e5fe6b9,2014-06-03T00:49:06Z,tatu.saloranta@iki.fi,False,unsigned
1,2024-08-12,Github-Hosted,Windows,X64,H6060-Java-Jacksondatabind,Maven,https://github.com/FasterXML/jackson-databind,FasterXML,jackson-databind,jackson-databind-2.4.0-rc1,866e42346045d908e23fe1cc06512aacef4d1f2f,2014-04-26T19:28:20Z,tatu.saloranta@iki.fi,False,unsigned
1,2024-08-12,Github-Hosted,Windows,X64,H6060-Java-Jacksondatabind,Maven,https://github.com/FasterXML/jackson-databind,FasterXML,jackson-databind,jackson-databind-2.4.0-rc2,6202058f8269dc1a9ad71779f9cf9a0d34af879d,2014-04-30T15:31:10Z,tatu.saloranta@iki.fi,False,unsigned
1,2024-08-12,Github-Hosted,Windows,X64,H6060-Java-Jacksondatabind,Maven,https://github.com/FasterXML/jackson-databind,FasterXML,jackson-databind,jackson-databind-2.4.0-rc3,cd85f7449d1af147b58430afd222ecc2e1348fc3,2014-05-08T21:13:28Z,tatu.saloranta@iki.fi,False,unsigned
1,2024-08-12,Github-Hosted,Windows,X64,H6060-Java-Jacksondatabind,Maven,https://github.com/FasterXML/jackson-databind,FasterXML,jackson-databind,jackson-databind-2.4.1,fbeb0fd37093b8e7bb8b2ac1207f9f8ce8b15d71,2014-06-18T02:10:46Z,tatu.saloranta@iki.fi,False,unsigned
1,2024-08-12,Github-Hosted,Windows,X64,H6060-Java-Jacksondatabind,Maven,https://github.com/FasterXML/jackson-databind,FasterXML,jackson-databind,jackson-databind-2.4.1.1,69de7182e72ef94b0eb13e5d06dcb2e976181664,2014-06-18T22:30:11Z,tatu.saloranta@iki.fi,False,unsigned
1,2024-08-12,Github-Hosted,Windows,X64,H6060-Java-Jacksondatabind,Maven,https://github.com/FasterXML/jackson-databind,FasterXML,jackson-databind,jackson-databind-2.4.1.2,303ca397a5e3df6003bcb896843471111afd0a12,2014-07-12T22:26:10Z,tatu.saloranta@iki.fi,False,unsigned
1,2024-08-12,Github-Hosted,Windows,X64,H6060-Java-Jacksondatabind,Maven,https://github.com/FasterXML/jackson-databind,FasterXML,jackson-databind,jackson-databind-2.4.1.3,58c067bdfe1560ccb6487ee3b07fba78252d4723,2014-07-15T05:31:48Z,tatu.saloranta@iki.fi,False,unsigned
1,2024-08-12,Github-Hosted,Windows,X64,H6060-Java-Jacksondatabind,Maven,https://github.com/FasterXML/jackson-databind,FasterXML,jackson-databind,jackson-databind-2.4.2,5bd8b779c3ac80b94c58a77687979af590b1ab92,2014-08-14T04:22:02Z,tatu.saloranta@iki.fi,False,unsigned
1,2024-08-12,Github-Hosted,Windows,X64,H6060-Java-Jacksondatabind,Maven,https://github.com/FasterXML/jackson-databind,FasterXML,jackson-databind,jackson-databind-2.4.3,e8f980896b73c871ab3a482d05fccb44321cced3,2014-10-03T06:23:10Z,tatu.saloranta@iki.fi,False,unsigned
1,2024-08-12,Github-Hosted,Windows,X64,H6060-Java-Jacksondatabind,Maven,https://github.com/FasterXML/jackson-databind,FasterXML,jackson-databind,jackson-databind-2.4.4,0549b6ab55f33be0f8b39fef136f8c0da8fa439d,2014-11-25T02:26:47Z,tatu.saloranta@iki.fi,False,unsigned
1,2024-08-12,Github-Hosted,Windows,X64,H6060-Java-Jacksondatabind,Maven,https://github.com/FasterXML/jackson-databind,FasterXML,jackson-databind,jackson-databind-2.4.5,8102b04e8e69548276a2d6c8f291bbd4745b38b7,2015-01-14T04:24:05Z,tatu.saloranta@iki.fi,False,unsigned
1,2024-08-12,Github-Hosted,Windows,X64,H6060-Java-Jacksondatabind,Maven,https://github.com/FasterXML/jackson-databind,FasterXML,jackson-databind,jackson-databind-2.4.5.1,761beac2e31b0fbdf2e549647f5a3e1b637ae609,2015-03-27T02:57:27Z,tatu.saloranta@iki.fi,False,unsigned
1,2024-08-12,Github-Hosted,Windows,X64,H6060-Java-Jacksondatabind,Maven,https://github.com/FasterXML/jackson-databind,FasterXML,jackson-databind,jackson-databind-2.4.6,1decc347e00f3ba492cefadebb32ca00e600e8b4,2015-04-24T01:40:58Z,tatu.saloranta@iki.fi,False,unsigned
1,2024-08-12,Github-Hosted,Windows,X64,H6060-Java-Jacksondatabind,Maven,https://github.com/FasterXML/jackson-databind,FasterXML,jackson-databind,jackson-databind-2.4.6.1,6bf36a8b0d046281b76037d992555b0590691c7a,2015-06-10T00:38:23Z,tatu.saloranta@iki.fi,False,unsigned
1,2024-08-12,Github-Hosted,Windows,X64,H6060-Java-Jacksondatabind,Maven,https://github.com/FasterXML/jackson-databind,FasterXML,jackson-databind,jackson-databind-2.5.0,3c096c1d7f9e2bcddb9ee9311e237cd7bd5b05a0,2015-01-02T01:44:08Z,tatu.saloranta@iki.fi,False,unsigned
1,2024-08-12,Github-Hosted,Windows,X64,H6060-Java-Jacksondatabind,Maven,https://github.com/FasterXML/jackson-databind,FasterXML,jackson-databind,jackson-databind-2.5.0-rc1,3450a7e926ac449ff85ce1e7236b823710d076d9,2014-12-20T01:50:37Z,tatu.saloranta@iki.fi,False,unsigned
1,2024-08-12,Github-Hosted,Windows,X64,H6060-Java-Jacksondatabind,Maven,https://github.com/FasterXML/jackson-databind,FasterXML,jackson-databind,jackson-databind-2.5.1,9e1074de543d23404190a351c3e5a49a4232286b,2015-02-07T00:09:20Z,tatu.saloranta@iki.fi,False,unsigned
1,2024-08-12,Github-Hosted,Windows,X64,H6060-Java-Jacksondatabind,Maven,https://github.com/FasterXML/jackson-databind,FasterXML,jackson-databind,jackson-databind-2.5.2,74fa0a98d42038afa4aa5331cfaf4b7d23097c93,2015-03-29T23:50:52Z,tatu.saloranta@iki.fi,False,unsigned
1,2024-08-12,Github-Hosted,Windows,X64,H6060-Java-Jacksondatabind,Maven,https://github.com/FasterXML/jackson-databind,FasterXML,jackson-databind,jackson-databind-2.5.3,e7ae7407a933611dfc5fe47a30deb271dbfbda42,2015-04-24T17:23:25Z,tatu.saloranta@iki.fi,False,unsigned
1,2024-08-12,Github-Hosted,Windows,X64,H6060-Java-Jacksondatabind,Maven,https://github.com/FasterXML/jackson-databind,FasterXML,jackson-databind,jackson-databind-2.5.4,9082f48f6b5190c6d08c4071bf424a2d01ce161e,2015-06-10T01:42:29Z,tatu.saloranta@iki.fi,False,unsigned
1,2024-08-12,Github-Hosted,Windows,X64,H6060-Java-Jacksondatabind,Maven,https://github.com/FasterXML/jackson-databind,FasterXML,jackson-databind,jackson-databind-2.5.5,0e9ef0ffb1e6fd414be424b206c481c82226964d,2015-12-08T02:41:49Z,tatu.saloranta@iki.fi,False,unsigned
1,2024-08-12,Github-Hosted,Windows,X64,H6060-Java-Jacksondatabind,Maven,https://github.com/FasterXML/jackson-databind,FasterXML,jackson-databind,jackson-databind-2.6.0,de50f59d67d7ed24760237bc761117c95d12528e,2015-07-19T18:37:46Z,tatu.saloranta@iki.fi,False,unsigned
1,2024-08-12,Github-Hosted,Windows,X64,H6060-Java-Jacksondatabind,Maven,https://github.com/FasterXML/jackson-databind,FasterXML,jackson-databind,jackson-databind-2.6.0-rc1,70090239d6458a03c22300bfb240127ebb9815e4,2015-05-19T03:15:08Z,tatu.saloranta@iki.fi,False,unsigned
1,2024-08-12,Github-Hosted,Windows,X64,H6060-Java-Jacksondatabind,Maven,https://github.com/FasterXML/jackson-databind,FasterXML,jackson-databind,jackson-databind-2.6.0-rc2,3c96e298a11488018157c7a27f1a097046cd17a2,2015-06-09T01:42:49Z,tatu.saloranta@iki.fi,False,unsigned
1,2024-08-12,Github-Hosted,Windows,X64,H6060-Java-Jacksondatabind,Maven,https://github.com/FasterXML/jackson-databind,FasterXML,jackson-databind,jackson-databind-2.6.0-rc4,8315124ce163dba5023e85a22f5a080417dcfd58,2015-07-11T03:42:03Z,tatu.saloranta@iki.fi,False,unsigned
1,2024-08-12,Github-Hosted,Windows,X64,H6060-Java-Jacksondatabind,Maven,https://github.com/FasterXML/jackson-databind,FasterXML,jackson-databind,jackson-databind-2.6.1,dacf99f9289c198067f2b0af4435b10bdfbaad6e,2015-08-10T05:25:49Z,tatu.saloranta@iki.fi,False,unsigned
1,2024-08-12,Github-Hosted,Windows,X64,H6060-Java-Jacksondatabind,Maven,https://github.com/FasterXML/jackson-databind,FasterXML,jackson-databind,jackson-databind-2.6.2,c791af1513826e0f42b8cd2328145da0b5c8311d,2015-09-15T04:59:38Z,tatu.saloranta@iki.fi,False,unsigned
1,2024-08-12,Github-Hosted,Windows,X64,H6060-Java-Jacksondatabind,Maven,https://github.com/FasterXML/jackson-databind,FasterXML,jackson-databind,jackson-databind-2.6.3,2f4e52d967b973a01b5f214880e07ed3d2aac6b5,2015-10-12T18:30:25Z,tatu.saloranta@iki.fi,False,unsigned
1,2024-08-12,Github-Hosted,Windows,X64,H6060-Java-Jacksondatabind,Maven,https://github.com/FasterXML/jackson-databind,FasterXML,jackson-databind,jackson-databind-2.6.4,da65b070f1c1b13b94032920555f53ca2d5596a6,2015-12-08T02:31:20Z,tatu.saloranta@iki.fi,False,unsigned
1,2024-08-12,Github-Hosted,Windows,X64,H6060-Java-Jacksondatabind,Maven,https://github.com/FasterXML/jackson-databind,FasterXML,jackson-databind,jackson-databind-2.6.5,652099c739d6dffc9c0f5c54a4d026ce9324d76d,2016-01-19T04:54:02Z,tatu.saloranta@iki.fi,False,unsigned
1,2024-08-12,Github-Hosted,Windows,X64,H6060-Java-Jacksondatabind,Maven,https://github.com/FasterXML/jackson-databind,FasterXML,jackson-databind,jackson-databind-2.6.6,64841ebfe4e90dced9a4c44e89e3bd01107616c4,2016-04-05T01:22:29Z,tatu.saloranta@iki.fi,False,unsigned
1,2024-08-12,Github-Hosted,Windows,X64,H6060-Java-Jacksondatabind,Maven,https://github.com/FasterXML/jackson-databind,FasterXML,jackson-databind,jackson-databind-2.6.7,639d9bfd447581b780ea60a110c5a3164d8bc09f,2016-06-05T21:08:16Z,tatu.saloranta@iki.fi,False,unsigned
1,2024-08-12,Github-Hosted,Windows,X64,H6060-Java-Jacksondatabind,Maven,https://github.com/FasterXML/jackson-databind,FasterXML,jackson-databind,jackson-databind-2.6.7.1,a7ad3acde8e3965860798305a67fbe6ed0a96fbc,2017-07-11T04:11:01Z,tatu.saloranta@iki.fi,False,unsigned
1,2024-08-12,Github-Hosted,Windows,X64,H6060-Java-Jacksondatabind,Maven,https://github.com/FasterXML/jackson-databind,FasterXML,jackson-databind,jackson-databind-2.6.7.2,6c9b01f6e688283ae43e11ea6248f575ea032f27,2018-11-13T06:47:43Z,tatu.saloranta@iki.fi,False,unsigned
1,2024-08-12,Github-Hosted,Windows,X64,H6060-Java-Jacksondatabind,Maven,https://github.com/FasterXML/jackson-databind,FasterXML,jackson-databind,jackson-databind-2.6.7.3,553385a4750a6d22d52e835a4b9bd6ab26fe224a,2019-10-16T04:13:24Z,tatu.saloranta@iki.fi,False,unsigned
1,2024-08-12,Github-Hosted,Windows,X64,H6060-Java-Jacksondatabind,Maven,https://github.com/FasterXML/jackson-databind,FasterXML,jackson-databind,jackson-databind-2.6.7.4,9b8ff32420f8168f940782e91105ba5f3a8d2896,2020-10-25T02:47:56Z,tatu.saloranta@iki.fi,False,unsigned
1,2024-08-12,Github-Hosted,Windows,X64,H6060-Java-Jacksondatabind,Maven,https://github.com/FasterXML/jackson-databind,FasterXML,jackson-databind,jackson-databind-2.6.7.5,4da6388b703abefa216382c8d696dee76dadf63f,2021-06-22T03:53:28Z,tatu.saloranta@iki.fi,False,unsigned
1,2024-08-12,Github-Hosted,Windows,X64,H6060-Java-Jacksondatabind,Maven,https://github.com/FasterXML/jackson-databind,FasterXML,jackson-databind,jackson-databind-2.7.0,fc80188b37a45e7e587d05ef30e120711f2a5e2a,2016-01-10T06:08:19Z,tatu.saloranta@iki.fi,False,unsigned
1,2024-08-12,Github-Hosted,Windows,X64,H6060-Java-Jacksondatabind,Maven,https://github.com/FasterXML/jackson-databind,FasterXML,jackson-databind,jackson-databind-2.7.0-rc1,f731bb4eac0a4101ed4a667028bab5c870370c14,2015-11-26T21:34:55Z,tatu.saloranta@iki.fi,False,unsigned
1,2024-08-12,Github-Hosted,Windows,X64,H6060-Java-Jacksondatabind,Maven,https://github.com/FasterXML/jackson-databind,FasterXML,jackson-databind,jackson-databind-2.7.0-rc2,77b2d91d877719cf01a8f0850a221d859f0c6b1e,2015-12-12T01:57:49Z,tatu.saloranta@iki.fi,False,unsigned
1,2024-08-12,Github-Hosted,Windows,X64,H6060-Java-Jacksondatabind,Maven,https://github.com/FasterXML/jackson-databind,FasterXML,jackson-databind,jackson-databind-2.7.0-rc3,48990f8c542db0e9bfaf1230088f3ac712c135e3,2016-01-06T06:22:42Z,tatu.saloranta@iki.fi,False,unsigned
1,2024-08-12,Github-Hosted,Windows,X64,H6060-Java-Jacksondatabind,Maven,https://github.com/FasterXML/jackson-databind,FasterXML,jackson-databind,jackson-databind-2.7.1,0384f78cd85d36eb352fc1c8dbaf3c5a413451fc,2016-02-02T06:14:40Z,tatu.saloranta@iki.fi,False,unsigned
1,2024-08-12,Github-Hosted,Windows,X64,H6060-Java-Jacksondatabind,Maven,https://github.com/FasterXML/jackson-databind,FasterXML,jackson-databind,jackson-databind-2.7.1-1,b2a4bf355e85b1b4dc3be951cbe93a663c803774,2016-02-04T00:30:41Z,tatu.saloranta@iki.fi,False,unsigned
1,2024-08-12,Github-Hosted,Windows,X64,H6060-Java-Jacksondatabind,Maven,https://github.com/FasterXML/jackson-databind,FasterXML,jackson-databind,jackson-databind-2.7.2,4ae2bc898adaedefd992cc094a328c6b4027d4ec,2016-02-27T04:35:41Z,tatu.saloranta@iki.fi,False,unsigned
1,2024-08-12,Github-Hosted,Windows,X64,H6060-Java-Jacksondatabind,Maven,https://github.com/FasterXML/jackson-databind,FasterXML,jackson-databind,jackson-databind-2.7.3,7153656437778ddd34b0b073109f7dce3824919f,2016-03-16T01:26:28Z,tatu.saloranta@iki.fi,False,unsigned
1,2024-08-12,Github-Hosted,Windows,X64,H6060-Java-Jacksondatabind,Maven,https://github.com/FasterXML/jackson-databind,FasterXML,jackson-databind,jackson-databind-2.7.4,c6c75899ce50d3d9d28751f7b4f5b1d6d4c98069,2016-04-29T15:45:13Z,tatu.saloranta@iki.fi,False,unsigned
1,2024-08-12,Github-Hosted,Windows,X64,H6060-Java-Jacksondatabind,Maven,https://github.com/FasterXML/jackson-databind,FasterXML,jackson-databind,jackson-databind-2.7.5,e2962077cc8ecb804155025cc8db6f7858f805cd,2016-06-11T02:12:30Z,tatu.saloranta@iki.fi,False,unsigned
1,2024-08-12,Github-Hosted,Windows,X64,H6060-Java-Jacksondatabind,Maven,https://github.com/FasterXML/jackson-databind,FasterXML,jackson-databind,jackson-databind-2.7.6,d33863b89b160631d9a8766ed9969caebe6c02e0,2016-07-23T02:36:54Z,tatu.saloranta@iki.fi,False,unsigned
1,2024-08-12,Github-Hosted,Windows,X64,H6060-Java-Jacksondatabind,Maven,https://github.com/FasterXML/jackson-databind,FasterXML,jackson-databind,jackson-databind-2.7.7,e49987e492f77ce34c33200e3853141daae0b15a,2016-08-26T21:52:59Z,tatu.saloranta@iki.fi,False,unsigned
1,2024-08-12,Github-Hosted,Windows,X64,H6060-Java-Jacksondatabind,Maven,https://github.com/FasterXML/jackson-databind,FasterXML,jackson-databind,jackson-databind-2.7.8,0ebbbfb1cbd45059013a79ef8450f6a1fe049736,2016-09-26T14:50:00Z,tatu.saloranta@iki.fi,False,unsigned
1,2024-08-12,Github-Hosted,Windows,X64,H6060-Java-Jacksondatabind,Maven,https://github.com/FasterXML/jackson-databind,FasterXML,jackson-databind,jackson-databind-2.7.9,cfaf476c805b32d0a7efebed749451c3a762f0df,2017-02-04T19:21:14Z,tatu.saloranta@iki.fi,False,unsigned
1,2024-08-12,Github-Hosted,Windows,X64,H6060-Java-Jacksondatabind,Maven,https://github.com/FasterXML/jackson-databind,FasterXML,jackson-databind,jackson-databind-2.7.9.1,b6a4df8684e839d943ec5562bb674068da8ca271,2017-04-18T05:10:57Z,tatu.saloranta@iki.fi,False,unsigned
1,2024-08-12,Github-Hosted,Windows,X64,H6060-Java-Jacksondatabind,Maven,https://github.com/FasterXML/jackson-databind,FasterXML,jackson-databind,jackson-databind-2.7.9.2,1e68e2382a1770dfa7148405bd1488baf903fab3,2017-12-20T03:24:32Z,tatu.saloranta@iki.fi,False,unsigned
1,2024-08-12,Github-Hosted,Windows,X64,H6060-Java-Jacksondatabind,Maven,https://github.com/FasterXML/jackson-databind,FasterXML,jackson-databind,jackson-databind-2.7.9.3,8f789b9b58f85779f14532ac8eac2809a7f26446,2018-02-11T03:38:30Z,tatu.saloranta@iki.fi,False,unsigned
1,2024-08-12,Github-Hosted,Windows,X64,H6060-Java-Jacksondatabind,Maven,https://github.com/FasterXML/jackson-databind,FasterXML,jackson-databind,jackson-databind-2.7.9.4,8e67354d26800c8405eb0f7b75439c0f131f774f,2018-06-08T05:38:22Z,tatu.saloranta@iki.fi,False,unsigned
1,2024-08-12,Github-Hosted,Windows,X64,H6060-Java-Jacksondatabind,Maven,https://github.com/FasterXML/jackson-databind,FasterXML,jackson-databind,jackson-databind-2.7.9.5,fe0361d8c3d27b67b7c4a2fb218db5979493a6a7,2018-11-23T18:36:25Z,tatu.saloranta@iki.fi,False,unsigned
1,2024-08-12,Github-Hosted,Windows,X64,H6060-Java-Jacksondatabind,Maven,https://github.com/FasterXML/jackson-databind,FasterXML,jackson-databind,jackson-databind-2.7.9.6,cfc66e6cb053eb4efb3558824a91cc0eb5cb586b,2019-07-26T05:00:12Z,tatu.saloranta@iki.fi,False,unsigned
1,2024-08-12,Github-Hosted,Windows,X64,H6060-Java-Jacksondatabind,Maven,https://github.com/FasterXML/jackson-databind,FasterXML,jackson-databind,jackson-databind-2.7.9.7,82a6c1e29c31c222e4019048c84de0edc5683642,2020-03-10T17:42:35Z,tatu.saloranta@iki.fi,False,unsigned
1,2024-08-12,Github-Hosted,Windows,X64,H6060-Java-Jacksondatabind,Maven,https://github.com/FasterXML/jackson-databind,FasterXML,jackson-databind,jackson-databind-2.8.0,39c624124e99d7a74cb90e68e5d2b52042d82e3a,2016-07-04T05:49:20Z,tatu.saloranta@iki.fi,False,unsigned
1,2024-08-12,Github-Hosted,Windows,X64,H6060-Java-Jacksondatabind,Maven,https://github.com/FasterXML/jackson-databind,FasterXML,jackson-databind,jackson-databind-2.8.1,a07ff59218867799b64d3da52b981ad005e4e16b,2016-07-19T23:23:07Z,tatu.saloranta@iki.fi,False,unsigned
1,2024-08-12,Github-Hosted,Windows,X64,H6060-Java-Jacksondatabind,Maven,https://github.com/FasterXML/jackson-databind,FasterXML,jackson-databind,jackson-databind-2.8.10,c668f52e79ba6c94036abf3fc1864a899b12af80,2017-08-24T04:26:49Z,tatu.saloranta@iki.fi,False,unsigned
1,2024-08-12,Github-Hosted,Windows,X64,H6060-Java-Jacksondatabind,Maven,https://github.com/FasterXML/jackson-databind,FasterXML,jackson-databind,jackson-databind-2.8.11,f2996619d5be90dedf08e49f9245e65dd147360e,2017-12-24T02:19:26Z,tatu.saloranta@iki.fi,False,unsigned
1,2024-08-12,Github-Hosted,Windows,X64,H6060-Java-Jacksondatabind,Maven,https://github.com/FasterXML/jackson-databind,FasterXML,jackson-databind,jackson-databind-2.8.11.1,d9402fcde260283e84f49ddc9abfd13656eac31f,2018-02-11T03:45:03Z,tatu.saloranta@iki.fi,False,unsigned
1,2024-08-12,Github-Hosted,Windows,X64,H6060-Java-Jacksondatabind,Maven,https://github.com/FasterXML/jackson-databind,FasterXML,jackson-databind,jackson-databind-2.8.11.2,366d8394929e7b6697b2af285fa10ec5ee78935b,2018-06-08T05:49:19Z,tatu.saloranta@iki.fi,False,unsigned
1,2024-08-12,Github-Hosted,Windows,X64,H6060-Java-Jacksondatabind,Maven,https://github.com/FasterXML/jackson-databind,FasterXML,jackson-databind,jackson-databind-2.8.11.3,ec0bfa41f0f150dbf61b28fe375140e5eca0849c,2018-11-23T18:41:44Z,tatu.saloranta@iki.fi,False,unsigned
1,2024-08-12,Github-Hosted,Windows,X64,H6060-Java-Jacksondatabind,Maven,https://github.com/FasterXML/jackson-databind,FasterXML,jackson-databind,jackson-databind-2.8.11.4,f4498f8bdcfdcf6a6c011fd8e06086f6568d9ced,2019-07-26T05:44:32Z,tatu.saloranta@iki.fi,False,unsigned
1,2024-08-12,Github-Hosted,Windows,X64,H6060-Java-Jacksondatabind,Maven,https://github.com/FasterXML/jackson-databind,FasterXML,jackson-databind,jackson-databind-2.8.11.5,afb5cfe7130cdec520fd83c88f8c3d9f90bcfc15,2020-02-09T23:39:22Z,tatu.saloranta@iki.fi,False,unsigned
1,2024-08-12,Github-Hosted,Windows,X64,H6060-Java-Jacksondatabind,Maven,https://github.com/FasterXML/jackson-databind,FasterXML,jackson-databind,jackson-databind-2.8.11.6,ba929e99446ae51b1e81ac5f9c1ced7b90503279,2020-03-10T17:59:10Z,tatu.saloranta@iki.fi,False,unsigned
1,2024-08-12,Github-Hosted,Windows,X64,H6060-Java-Jacksondatabind,Maven,https://github.com/FasterXML/jackson-databind,FasterXML,jackson-databind,jackson-databind-2.8.2,0c2f56bc0e718c52b12245a8b41a2910102d7f7f,2016-08-30T00:43:14Z,tatu.saloranta@iki.fi,False,unsigned
1,2024-08-12,Github-Hosted,Windows,X64,H6060-Java-Jacksondatabind,Maven,https://github.com/FasterXML/jackson-databind,FasterXML,jackson-databind,jackson-databind-2.8.3,62f9378ba80a94c786cefe230088d599d6b60191,2016-09-18T01:29:37Z,tatu.saloranta@iki.fi,False,unsigned
1,2024-08-12,Github-Hosted,Windows,X64,H6060-Java-Jacksondatabind,Maven,https://github.com/FasterXML/jackson-databind,FasterXML,jackson-databind,jackson-databind-2.8.4,f9bdca814bbb031b4b87a90b3ad03e2c6eac75bc,2016-10-14T03:50:59Z,tatu.saloranta@iki.fi,False,unsigned
1,2024-08-12,Github-Hosted,Windows,X64,H6060-Java-Jacksondatabind,Maven,https://github.com/FasterXML/jackson-databind,FasterXML,jackson-databind,jackson-databind-2.8.5,3160d0cf8ee9b27073de5752cdf6803d82da7ec3,2016-11-14T06:13:03Z,tatu.saloranta@iki.fi,False,unsigned
1,2024-08-12,Github-Hosted,Windows,X64,H6060-Java-Jacksondatabind,Maven,https://github.com/FasterXML/jackson-databind,FasterXML,jackson-databind,jackson-databind-2.8.6,2dec528ae8f85a7f573332c375396b959899234c,2017-01-12T04:39:11Z,tatu.saloranta@iki.fi,False,unsigned
1,2024-08-12,Github-Hosted,Windows,X64,H6060-Java-Jacksondatabind,Maven,https://github.com/FasterXML/jackson-databind,FasterXML,jackson-databind,jackson-databind-2.8.7,818d7f37624642fe46efd616da908039ac5042f9,2017-02-21T01:06:10Z,tatu.saloranta@iki.fi,False,unsigned
1,2024-08-12,Github-Hosted,Windows,X64,H6060-Java-Jacksondatabind,Maven,https://github.com/FasterXML/jackson-databind,FasterXML,jackson-databind,jackson-databind-2.8.8,3b08c942f8e91ec4bd8d3bd76d2b1e0a0204f855,2017-04-05T03:27:53Z,tatu.saloranta@iki.fi,False,unsigned
1,2024-08-12,Github-Hosted,Windows,X64,H6060-Java-Jacksondatabind,Maven,https://github.com/FasterXML/jackson-databind,FasterXML,jackson-databind,jackson-databind-2.8.8.1,33da4bf4ef60f889c6e0420945704b0ded345353,2017-04-19T15:33:39Z,tatu.saloranta@iki.fi,False,unsigned
1,2024-08-12,Github-Hosted,Windows,X64,H6060-Java-Jacksondatabind,Maven,https://github.com/FasterXML/jackson-databind,FasterXML,jackson-databind,jackson-databind-2.8.9,51b86d2d3a18ac98795d5bfcd40594def7c00544,2017-06-12T00:52:44Z,tatu.saloranta@iki.fi,False,unsigned
1,2024-08-12,Github-Hosted,Windows,X64,H6060-Java-Jacksondatabind,Maven,https://github.com/FasterXML/jackson-databind,FasterXML,jackson-databind,jackson-databind-2.9.0,48f8aa7bd8c39a633ebd35a7818261b143a20fc4,2017-07-30T04:21:11Z,tatu.saloranta@iki.fi,False,unsigned
1,2024-08-12,Github-Hosted,Windows,X64,H6060-Java-Jacksondatabind,Maven,https://github.com/FasterXML/jackson-databind,FasterXML,jackson-databind,jackson-databind-2.9.0.pr1,c3a62883e6221c39ca05081001b05fffe45f8a03,2017-03-02T18:44:40Z,tatu.saloranta@iki.fi,False,unsigned
1,2024-08-12,Github-Hosted,Windows,X64,H6060-Java-Jacksondatabind,Maven,https://github.com/FasterXML/jackson-databind,FasterXML,jackson-databind,jackson-databind-2.9.0.pr2,a5a2b44fd58bba6cbdf8b87583e1cdc9b26d1245,2017-03-22T03:27:28Z,tatu.saloranta@iki.fi,False,unsigned
1,2024-08-12,Github-Hosted,Windows,X64,H6060-Java-Jacksondatabind,Maven,https://github.com/FasterXML/jackson-databind,FasterXML,jackson-databind,jackson-databind-2.9.0.pr3,b94eca5ca4bb2fea33618a20137bf1193e22c7db,2017-04-25T05:46:00Z,tatu.saloranta@iki.fi,False,unsigned
1,2024-08-12,Github-Hosted,Windows,X64,H6060-Java-Jacksondatabind,Maven,https://github.com/FasterXML/jackson-databind,FasterXML,jackson-databind,jackson-databind-2.9.0.pr4,c18b2b3cf433534fd493f9853845d3233eba1f55,2017-06-17T01:19:35Z,tatu.saloranta@iki.fi,False,unsigned
1,2024-08-12,Github-Hosted,Windows,X64,H6060-Java-Jacksondatabind,Maven,https://github.com/FasterXML/jackson-databind,FasterXML,jackson-databind,jackson-databind-2.9.1,7e1f7195c3671d35609c554380b3ce77ad8c8c75,2017-09-08T01:09:04Z,tatu.saloranta@iki.fi,False,unsigned
1,2024-08-12,Github-Hosted,Windows,X64,H6060-Java-Jacksondatabind,Maven,https://github.com/FasterXML/jackson-databind,FasterXML,jackson-databind,jackson-databind-2.9.10,714e6bc04244e22b7a2e37293b602832c54c72b7,2019-09-21T17:59:15Z,tatu.saloranta@iki.fi,False,unsigned
1,2024-08-12,Github-Hosted,Windows,X64,H6060-Java-Jacksondatabind,Maven,https://github.com/FasterXML/jackson-databind,FasterXML,jackson-databind,jackson-databind-2.9.10.1,df8669fd042e96875dcda1c3384725566fe4cb18,2019-10-19T23:22:47Z,tatu.saloranta@iki.fi,False,unsigned
1,2024-08-12,Github-Hosted,Windows,X64,H6060-Java-Jacksondatabind,Maven,https://github.com/FasterXML/jackson-databind,FasterXML,jackson-databind,jackson-databind-2.9.10.2,5f31a2454bdb685e65e235df5bd4be3427129c79,2020-01-03T01:07:34Z,tatu.saloranta@iki.fi,False,unsigned
1,2024-08-12,Github-Hosted,Windows,X64,H6060-Java-Jacksondatabind,Maven,https://github.com/FasterXML/jackson-databind,FasterXML,jackson-databind,jackson-databind-2.9.10.3,63a7aa86a571214e838d1e27e02bbe0e289ef263,2020-02-23T03:05:20Z,tatu.saloranta@iki.fi,False,unsigned
1,2024-08-12,Github-Hosted,Windows,X64,H6060-Java-Jacksondatabind,Maven,https://github.com/FasterXML/jackson-databind,FasterXML,jackson-databind,jackson-databind-2.9.10.4,0b5e97b52215991eb9adedd5c28de8beca288561,2020-04-11T19:20:37Z,tatu.saloranta@iki.fi,False,unsigned
1,2024-08-12,Github-Hosted,Windows,X64,H6060-Java-Jacksondatabind,Maven,https://github.com/FasterXML/jackson-databind,FasterXML,jackson-databind,jackson-databind-2.9.10.5,2c7600a8ef75d5e45c342c5f2adbc1d92d627518,2020-06-22T01:37:36Z,tatu.saloranta@iki.fi,False,unsigned
1,2024-08-12,Github-Hosted,Windows,X64,H6060-Java-Jacksondatabind,Maven,https://github.com/FasterXML/jackson-databind,FasterXML,jackson-databind,jackson-databind-2.9.10.6,2445e8d0366c5fd7dcc9ce02c8eff3a1012dd726,2020-08-24T22:20:57Z,tatu.saloranta@iki.fi,False,unsigned
1,2024-08-12,Github-Hosted,Windows,X64,H6060-Java-Jacksondatabind,Maven,https://github.com/FasterXML/jackson-databind,FasterXML,jackson-databind,jackson-databind-2.9.10.7,a6216a1aed549d92e95948d4dccf9520b38091ba,2020-12-02T02:17:15Z,tatu.saloranta@iki.fi,False,unsigned
1,2024-08-12,Github-Hosted,Windows,X64,H6060-Java-Jacksondatabind,Maven,https://github.com/FasterXML/jackson-databind,FasterXML,jackson-databind,jackson-databind-2.9.10.8,e2d425cfd1bc7b55bff63e5370604995a017b23f,2021-01-06T02:20:31Z,tatu.saloranta@iki.fi,False,unsigned
1,2024-08-12,Github-Hosted,Windows,X64,H6060-Java-Jacksondatabind,Maven,https://github.com/FasterXML/jackson-databind,FasterXML,jackson-databind,jackson-databind-2.9.2,2d6f909407a7a2c674775dbcc2c5591bf78d0867,2017-10-14T03:28:24Z,tatu.saloranta@iki.fi,False,unsigned
1,2024-08-12,Github-Hosted,Windows,X64,H6060-Java-Jacksondatabind,Maven,https://github.com/FasterXML/jackson-databind,FasterXML,jackson-databind,jackson-databind-2.9.3,98bb3b73149723e17016432aa47e047d0f4cb01d,2017-12-09T03:04:27Z,tatu.saloranta@iki.fi,False,unsigned
1,2024-08-12,Github-Hosted,Windows,X64,H6060-Java-Jacksondatabind,Maven,https://github.com/FasterXML/jackson-databind,FasterXML,jackson-databind,jackson-databind-2.9.4,f9fa5ea718637a1fbbcc6391d488a48e820d63a2,2018-01-24T04:06:49Z,tatu.saloranta@iki.fi,False,unsigned
1,2024-08-12,Github-Hosted,Windows,X64,H6060-Java-Jacksondatabind,Maven,https://github.com/FasterXML/jackson-databind,FasterXML,jackson-databind,jackson-databind-2.9.5,5bcd22771a69d3753659dea68d324838a5899909,2018-03-26T15:13:18Z,tatu.saloranta@iki.fi,False,unsigned
1,2024-08-12,Github-Hosted,Windows,X64,H6060-Java-Jacksondatabind,Maven,https://github.com/FasterXML/jackson-databind,FasterXML,jackson-databind,jackson-databind-2.9.6,f944620eca715fc29ef89aea25f201c0a7b612f0,2018-06-12T01:13:48Z,tatu.saloranta@iki.fi,False,unsigned
1,2024-08-12,Github-Hosted,Windows,X64,H6060-Java-Jacksondatabind,Maven,https://github.com/FasterXML/jackson-databind,FasterXML,jackson-databind,jackson-databind-2.9.7,4618c2f2bd2bdfbda094b2aed33f71b95278727d,2018-09-19T02:48:20Z,tatu.saloranta@iki.fi,False,unsigned
1,2024-08-12,Github-Hosted,Windows,X64,H6060-Java-Jacksondatabind,Maven,https://github.com/FasterXML/jackson-databind,FasterXML,jackson-databind,jackson-databind-2.9.8,b08b1743e9722733c9b043e8a83c70ded0ba6362,2018-12-15T21:58:33Z,tatu.saloranta@iki.fi,False,unsigned
1,2024-08-12,Github-Hosted,Windows,X64,H6060-Java-Jacksondatabind,Maven,https://github.com/FasterXML/jackson-databind,FasterXML,jackson-databind,jackson-databind-2.9.9,756d22908969164ecb7b886f5216a534640d3406,2019-05-16T03:08:47Z,tatu.saloranta@iki.fi,False,unsigned
1,2024-08-12,Github-Hosted,Windows,X64,H6060-Java-Jacksondatabind,Maven,https://github.com/FasterXML/jackson-databind,FasterXML,jackson-databind,jackson-databind-2.9.9.1,68e037fcf6bbd241d234bc62a7a4c3821a9f3e6c,2019-07-03T00:31:27Z,tatu.saloranta@iki.fi,False,unsigned
1,2024-08-12,Github-Hosted,Windows,X64,H6060-Java-Jacksondatabind,Maven,https://github.com/FasterXML/jackson-databind,FasterXML,jackson-databind,jackson-databind-2.9.9.2,8f83da24fe8876a40f7a86977ea7309fb6a7b2b5,2019-07-27T01:09:17Z,tatu.saloranta@iki.fi,False,unsigned
1,2024-08-12,Github-Hosted,Windows,X64,H6060-Java-Jacksondatabind,Maven,https://github.com/FasterXML/jackson-databind,FasterXML,jackson-databind,jackson-databind-2.9.9.3,66a56993dfc4613de31597c0dc1a0e9fd0544e3a,2019-08-06T01:40:14Z,tatu.saloranta@iki.fi,False,unsigned
