{
  "bomFormat" : "CycloneDX",
  "specVersion" : "1.5",
  "serialNumber" : "urn:uuid:944b303b-f121-3c12-b276-0e9e99460ab5",
  "version" : 1,
  "metadata" : {
    "timestamp" : "2024-08-12T10:42:10Z",
    "lifecycles" : [
      {
        "phase" : "build"
      }
    ],
    "tools" : [
      {
        "vendor" : "OWASP Foundation",
        "name" : "CycloneDX Maven plugin",
        "version" : "2.8.0",
        "hashes" : [
          {
            "alg" : "MD5",
            "content" : "76ffec6a7ddd46b2b24517411874eb99"
          },
          {
            "alg" : "SHA-1",
            "content" : "5b0d5b41975b53be4799b9621b4af0cfc41d44b6"
          },
          {
            "alg" : "SHA-256",
            "content" : "6852aa0f4e42a2db745bab80e384951a6a65b9215d041081d675780999027e81"
          },
          {
            "alg" : "SHA-512",
            "content" : "417de20fcdcb11c9713bacbd57290d8e68037fdb4553fd31b8cb08bd760ad52dc65ea88ad4be15844ad3fd5a4d3e440d2f70326f2fe1e63ec78e059c9a883f8d"
          },
          {
            "alg" : "SHA-384",
            "content" : "5eb755c6492e7a7385fa9a1e1f4517875bcb834b2df437808a37a2d6f5285df428741762305980315a63fcef1406597d"
          },
          {
            "alg" : "SHA3-384",
            "content" : "0fe16a47cf7aab0b22251dafcc39939b68e8f1778093309d8d2060b51a08df445a8b8ed5a9561669faf2e55f907c76d8"
          },
          {
            "alg" : "SHA3-256",
            "content" : "3e5a1eb5ab7d0797498862794709ff8eaaa071fe4cc9ec77f52db7e2f97ef487"
          },
          {
            "alg" : "SHA3-512",
            "content" : "59281a3e29e76270d7f44b40b5b9f05e55f1ae3ec716d80add806f360940809e3813998ac7c5758043b8e248aed73b86e37dc506cdb4cde03c16bb617d8e5a3a"
          }
        ]
      }
    ],
    "component" : {
      "publisher" : "FasterXML",
      "group" : "com.fasterxml.jackson.core",
      "name" : "jackson-databind",
      "version" : "2.9.10.7",
      "description" : "General data-binding functionality for Jackson: works on core streaming API",
      "licenses" : [
        {
          "license" : {
            "id" : "Apache-2.0"
          }
        }
      ],
      "purl" : "pkg:maven/com.fasterxml.jackson.core/jackson-databind@2.9.10.7?type=bundle",
      "externalReferences" : [
        {
          "type" : "website",
          "url" : "http://github.com/FasterXML/jackson"
        },
        {
          "type" : "distribution-intake",
          "url" : "https://oss.sonatype.org/service/local/staging/deploy/maven2/"
        },
        {
          "type" : "issue-tracker",
          "url" : "https://github.com/FasterXML/jackson-databind/issues"
        },
        {
          "type" : "vcs",
          "url" : "http://github.com/FasterXML/jackson-databind"
        }
      ],
      "type" : "library",
      "bom-ref" : "pkg:maven/com.fasterxml.jackson.core/jackson-databind@2.9.10.7?type=bundle"
    },
    "properties" : [
      {
        "name" : "maven.goal",
        "value" : "makeAggregateBom"
      },
      {
        "name" : "maven.scopes",
        "value" : "compile,provided,runtime,system"
      }
    ]
  },
  "components" : [
    {
      "publisher" : "FasterXML",
      "group" : "com.fasterxml.jackson.core",
      "name" : "jackson-annotations",
      "version" : "2.9.10",
      "description" : "Core annotations used for value types, used by Jackson data binding package.",
      "scope" : "required",
      "hashes" : [
        {
          "alg" : "MD5",
          "content" : "26c2b6f7bc704ccadc64c83995e0ff7f"
        },
        {
          "alg" : "SHA-1",
          "content" : "53ab2f0f92e87ea4874c8c6997335c211d81e636"
        },
        {
          "alg" : "SHA-256",
          "content" : "c876f2e85d0f108a34cdd11ccc9d8d7875697367efc75bf10a89c2c26aee994c"
        },
        {
          "alg" : "SHA-512",
          "content" : "6b1ae1d7036ce2fff81bf8fc2a3a55e4ea7eb081de806ad05301d2eb126bed1dda487027f3ccfa618c488e680e2f5ff22bc3f106e7c0af27b34d327d83083b46"
        },
        {
          "alg" : "SHA-384",
          "content" : "558025c95151985777def5221719a2f7db7257db584cef8bc72add4d37ab4b5147c3b529462db2327a885564e0222f3e"
        },
        {
          "alg" : "SHA3-384",
          "content" : "db6b4116cb7bd4aa3aa641a4238c421320620a04a9472b5bb4685050a7f80292bcb3e15d6b263dc409e801a2228e6954"
        },
        {
          "alg" : "SHA3-256",
          "content" : "6ebca301e4a201a89630bd7235d27e48a795c7e6fca7727ac08f3cc87e6a5049"
        },
        {
          "alg" : "SHA3-512",
          "content" : "8d33540c9df56541a0dca99ca51432a8d0d9642813377c62f6df5602af1c8d04c3d62cf24a9cde5c79fcd63b287de19cfc84ea475f8dd0ca037a72baed3d50ee"
        }
      ],
      "licenses" : [
        {
          "license" : {
            "id" : "Apache-2.0"
          }
        }
      ],
      "purl" : "pkg:maven/com.fasterxml.jackson.core/jackson-annotations@2.9.10?type=jar",
      "externalReferences" : [
        {
          "type" : "website",
          "url" : "http://github.com/FasterXML/jackson"
        },
        {
          "type" : "distribution-intake",
          "url" : "https://oss.sonatype.org/service/local/staging/deploy/maven2/"
        },
        {
          "type" : "issue-tracker",
          "url" : "https://github.com/FasterXML/jackson-annotations/issues"
        },
        {
          "type" : "vcs",
          "url" : "http://github.com/FasterXML/jackson-annotations"
        }
      ],
      "type" : "library",
      "bom-ref" : "pkg:maven/com.fasterxml.jackson.core/jackson-annotations@2.9.10?type=jar"
    },
    {
      "publisher" : "FasterXML",
      "group" : "com.fasterxml.jackson.core",
      "name" : "jackson-core",
      "version" : "2.9.10",
      "description" : "Core Jackson processing abstractions (aka Streaming API), implementation for JSON",
      "scope" : "required",
      "hashes" : [
        {
          "alg" : "MD5",
          "content" : "d62d9b1d1d83dd553e678bc8fce8f809"
        },
        {
          "alg" : "SHA-1",
          "content" : "66b715dec9dd8b0f39f3296e67e05913bf422d0c"
        },
        {
          "alg" : "SHA-256",
          "content" : "65fe26d7554a4409652c86ee38f2e94bc42934326d88b3c78c61f66ff2222c53"
        },
        {
          "alg" : "SHA-512",
          "content" : "ea053f07b73b087fe81ef49d949ec812bf03e536a8a608d6b7c7ff9f001e6764e86125c5e99d46ba4002d7aab620f57527e246fe8ca754b47cfd812976a3e337"
        },
        {
          "alg" : "SHA-384",
          "content" : "3e4f0849423934d8f997ea3a0276234775122a6a88b0027d9279c6fdeb2a38ce00f3307091e6792dcaec96e04e7f07d6"
        },
        {
          "alg" : "SHA3-384",
          "content" : "ef05bcccc119426c0067beb5dabcea8b8f6e3dff54240aa3cb232ee4ffe16c63197f71713e3001c96aeda888be6a19c7"
        },
        {
          "alg" : "SHA3-256",
          "content" : "0cd87bff64e1569e1ae1fa6023caf005c17d5feb6f75c2bb587546d9e3e43efa"
        },
        {
          "alg" : "SHA3-512",
          "content" : "936d596d972971e8fc02a6adc7ef11b9d3ac302fbc4134982f3bf128f61741b6bc8c34dd0d16d0ef52a7760a2ad5bcc20b26c4d9c6e8345e826b8b2a83f8fb4d"
        }
      ],
      "licenses" : [
        {
          "license" : {
            "id" : "Apache-2.0"
          }
        }
      ],
      "purl" : "pkg:maven/com.fasterxml.jackson.core/jackson-core@2.9.10?type=jar",
      "externalReferences" : [
        {
          "type" : "website",
          "url" : "https://github.com/FasterXML/jackson-core"
        },
        {
          "type" : "distribution-intake",
          "url" : "https://oss.sonatype.org/service/local/staging/deploy/maven2/"
        },
        {
          "type" : "issue-tracker",
          "url" : "https://github.com/FasterXML/jackson-core/issues"
        },
        {
          "type" : "vcs",
          "url" : "http://github.com/FasterXML/jackson-core"
        }
      ],
      "type" : "library",
      "bom-ref" : "pkg:maven/com.fasterxml.jackson.core/jackson-core@2.9.10?type=jar"
    }
  ],
  "dependencies" : [
    {
      "ref" : "pkg:maven/com.fasterxml.jackson.core/jackson-databind@2.9.10.7?type=bundle",
      "dependsOn" : [
        "pkg:maven/com.fasterxml.jackson.core/jackson-annotations@2.9.10?type=jar",
        "pkg:maven/com.fasterxml.jackson.core/jackson-core@2.9.10?type=jar"
      ]
    },
    {
      "ref" : "pkg:maven/com.fasterxml.jackson.core/jackson-annotations@2.9.10?type=jar",
      "dependsOn" : [ ]
    },
    {
      "ref" : "pkg:maven/com.fasterxml.jackson.core/jackson-core@2.9.10?type=jar",
      "dependsOn" : [ ]
    }
  ]
}